/hy-tmp/realpde-v2-batch-benchmark/tools/colleague_80pt/realpde_h5_feature_adapter_train.py:314: FutureWarning: You are using `torch.load` with `weights_only=False` (the current default value), which uses the default pickle module implicitly. It is possible to construct malicious pickle data which will execute arbitrary code during unpickling (See https://github.com/pytorch/pytorch/blob/main/SECURITY.md#untrusted-models for more details). In a future release, the default value for `weights_only` will be flipped to `True`. This limits the functions that could be executed during unpickling. Arbitrary objects will no longer be allowed to be loaded via this mode unless they are explicitly allowlisted by the user via `torch.serialization.add_safe_globals`. We recommend you start setting `weights_only=True` for any use case where you don't have full control of the loaded file. Please open an issue on GitHub for any issues related to this experimental feature.
  checkpoint = torch.load(checkpoint_path, map_location=device)
/hy-tmp/realpde-v2-batch-benchmark/tools/colleague_80pt/residual_multi.py:77: FutureWarning: You are using `torch.load` with `weights_only=False` (the current default value), which uses the default pickle module implicitly. It is possible to construct malicious pickle data which will execute arbitrary code during unpickling (See https://github.com/pytorch/pytorch/blob/main/SECURITY.md#untrusted-models for more details). In a future release, the default value for `weights_only` will be flipped to `True`. This limits the functions that could be executed during unpickling. Arbitrary objects will no longer be allowed to be loaded via this mode unless they are explicitly allowlisted by the user via `torch.serialization.add_safe_globals`. We recommend you start setting `weights_only=True` for any use case where you don't have full control of the loaded file. Please open an issue on GitHub for any issues related to this experimental feature.
  checkpoint = torch.load(checkpoint_path, map_location=device)
{
  "real_root": "/hy-tmp/realpde_data/train_real",
  "split_manifest": "/hy-tmp/realpde_bootstrap_20260922/env_bundle/code/docs/colleague_screening/results/20260921/colleague_dev16_manifest.json",
  "allow_train_dev_overlap": true,
  "checkpoint": "/hy-tmp/realpde_assets/colleague-80pt/20260921/extracted/handoff_colleague_80pt_archive_20260921/checkpoints/cno_final_all81.pt",
  "resume_checkpoint": "/hy-tmp/realpde_assets/colleague-80pt/20260921/extracted/handoff_colleague_80pt_archive_20260921/checkpoints/residual_model_best.pth",
  "resume_iteration": 34000,
  "optimizer_policy": "reset_identically_for_each_screen_arm",
  "realpdebench_root": "/hy-tmp/realpde-competition/tools/colleague_80pt/submission",
  "device": "cuda:0",
  "train_trajectories": 81,
  "fit_trajectories": 81,
  "val_trajectories": 16,
  "train_windows": 3260,
  "val_windows": 640,
  "train_window_mode": "fixed",
  "angle_augmentation": {
    "kind": "global_uv_component_rotation",
    "max_abs_degrees": 0.0,
    "training_only": true,
    "same_angle_for_past_and_future": true,
    "spatial_grid_rotated": false,
    "physical_exact_aoa_claimed": false
  },
  "aoa_meanfield_augmentation": {
    "kind": "same_re_adjacent_aoa_past20_mean_field_shift",
    "probability": 0.5,
    "lambda_min": 0.2,
    "lambda_max": 0.5,
    "max_neighbor_gap_deg": 5.1,
    "min_eligible_fraction": 0.8,
    "bridge_pair": null,
    "training_only": true,
    "aoa_re_model_inputs": false,
    "future_used_to_construct_input_shift": false,
    "audit": {
      "kind": "adjacent_aoa_mean_field_shift",
      "trajectories": 81,
      "eligible_trajectories": 76,
      "eligible_fraction": 0.9382716049382716,
      "max_neighbor_gap_deg": 5.1,
      "probability": 0.5,
      "lambda_min": 0.2,
      "lambda_max": 0.5,
      "same_re_required": true,
      "bridge_pair": null,
      "metadata_used_at_inference": false,
      "rows": [
        {
          "trajectory": "10125_0.h5",
          "re": 10142.0,
          "aoa": 0.0,
          "neighbor_trajectories": [
            "10125_5.h5"
          ],
          "neighbor_aoa": [
            5.0
          ],
          "eligible": true,
          "coordinate_grid_checked": true
        },
        {
          "trajectory": "10125_10.h5",
          "re": 10142.0,
          "aoa": 10.0,
          "neighbor_trajectories": [
            "10125_15.h5",
            "10125_5.h5"
          ],
          "neighbor_aoa": [
            15.0,
            5.0
          ],
          "eligible": true,
          "coordinate_grid_checked": true
        },
        {
          "trajectory": "10125_15.h5",
          "re": 10142.0,
          "aoa": 15.0,
          "neighbor_trajectories": [
            "10125_10.h5",
            "10125_20.h5"
          ],
          "neighbor_aoa": [
            10.0,
            20.0
          ],
          "eligible": true,
          "coordinate_grid_checked": true
        },
        {
          "trajectory": "10125_20.h5",
          "re": 10142.0,
          "aoa": 20.0,
          "neighbor_trajectories": [
            "10125_15.h5"
          ],
          "neighbor_aoa": [
            15.0
          ],
          "eligible": true,
          "coordinate_grid_checked": true
        },
        {
          "trajectory": "10125_5.h5",
          "re": 10142.0,
          "aoa": 5.0,
          "neighbor_trajectories": [
            "10125_0.h5",
            "10125_10.h5"
          ],
          "neighbor_aoa": [
            0.0,
            10.0
          ],
          "eligible": true,
          "coordinate_grid_checked": true
        },
        {
          "trajectory": "11400_0.h5",
          "re": 11420.0,
          "aoa": 0.0,
          "neighbor_trajectories": [
            "11400_5.h5"
          ],
          "neighbor_aoa": [
            5.0
          ],
          "eligible": true,
          "coordinate_grid_checked": true
        },
        {
          "trajectory": "11400_10.h5",
          "re": 11420.0,
          "aoa": 10.0,
          "neighbor_trajectories": [
            "11400_15.h5",
            "11400_5.h5"
          ],
          "neighbor_aoa": [
            15.0,
            5.0
          ],
          "eligible": true,
          "coordinate_grid_checked": true
        },
        {
          "trajectory": "11400_15.h5",
          "re": 11420.0,
          "aoa": 15.0,
          "neighbor_trajectories": [
            "11400_10.h5",
            "11400_20.h5"
          ],
          "neighbor_aoa": [
            10.0,
            20.0
          ],
          "eligible": true,
          "coordinate_grid_checked": true
        },
        {
          "trajectory": "11400_20.h5",
          "re": 11420.0,
          "aoa": 20.0,
          "neighbor_trajectories": [
            "11400_15.h5"
          ],
          "neighbor_aoa": [
            15.0
          ],
          "eligible": true,
          "coordinate_grid_checked": true
        },
        {
          "trajectory": "11400_5.h5",
          "re": 11420.0,
          "aoa": 5.0,
          "neighbor_trajectories": [
            "11400_0.h5",
            "11400_10.h5"
          ],
          "neighbor_aoa": [
            0.0,
            10.0
          ],
          "eligible": true,
          "coordinate_grid_checked": true
        },
        {
          "trajectory": "12675_0.h5",
          "re": 12698.0,
          "aoa": 0.0,
          "neighbor_trajectories": [
            "12675_5.h5"
          ],
          "neighbor_aoa": [
            5.0
          ],
          "eligible": true,
          "coordinate_grid_checked": true
        },
        {
          "trajectory": "12675_10.h5",
          "re": 12698.0,
          "aoa": 10.0,
          "neighbor_trajectories": [
            "12675_15.h5",
            "12675_5.h5"
          ],
          "neighbor_aoa": [
            15.0,
            5.0
          ],
          "eligible": true,
          "coordinate_grid_checked": true
        },
        {
          "trajectory": "12675_15.h5",
          "re": 12698.0,
          "aoa": 15.0,
          "neighbor_trajectories": [
            "12675_10.h5",
            "12675_20.h5"
          ],
          "neighbor_aoa": [
            10.0,
            20.0
          ],
          "eligible": true,
          "coordinate_grid_checked": true
        },
        {
          "trajectory": "12675_20.h5",
          "re": 12698.0,
          "aoa": 20.0,
          "neighbor_trajectories": [
            "12675_15.h5"
          ],
          "neighbor_aoa": [
            15.0
          ],
          "eligible": true,
          "coordinate_grid_checked": true
        },
        {
          "trajectory": "12675_5.h5",
          "re": 12698.0,
          "aoa": 5.0,
          "neighbor_trajectories": [
            "12675_0.h5",
            "12675_10.h5"
          ],
          "neighbor_aoa": [
            0.0,
            10.0
          ],
          "eligible": true,
          "coordinate_grid_checked": true
        },
        {
          "trajectory": "13950_0.h5",
          "re": 13977.0,
          "aoa": 0.0,
          "neighbor_trajectories": [
            "13950_5.h5"
          ],
          "neighbor_aoa": [
            5.0
          ],
          "eligible": true,
          "coordinate_grid_checked": true
        },
        {
          "trajectory": "13950_10.h5",
          "re": 13977.0,
          "aoa": 10.0,
          "neighbor_trajectories": [
            "13950_15.h5",
            "13950_5.h5"
          ],
          "neighbor_aoa": [
            15.0,
            5.0
          ],
          "eligible": true,
          "coordinate_grid_checked": true
        },
        {
          "trajectory": "13950_15.h5",
          "re": 13977.0,
          "aoa": 15.0,
          "neighbor_trajectories": [
            "13950_10.h5",
            "13950_20.h5"
          ],
          "neighbor_aoa": [
            10.0,
            20.0
          ],
          "eligible": true,
          "coordinate_grid_checked": true
        },
        {
          "trajectory": "13950_20.h5",
          "re": 13977.0,
          "aoa": 20.0,
          "neighbor_trajectories": [
            "13950_15.h5"
          ],
          "neighbor_aoa": [
            15.0
          ],
          "eligible": true,
          "coordinate_grid_checked": true
        },
        {
          "trajectory": "13950_5.h5",
          "re": 13977.0,
          "aoa": 5.0,
          "neighbor_trajectories": [
            "13950_0.h5",
            "13950_10.h5"
          ],
          "neighbor_aoa": [
            0.0,
            10.0
          ],
          "eligible": true,
          "coordinate_grid_checked": true
        },
        {
          "trajectory": "16500_0.h5",
          "re": 16534.0,
          "aoa": 0.0,
          "neighbor_trajectories": [
            "16500_5.h5"
          ],
          "neighbor_aoa": [
            5.0
          ],
          "eligible": true,
          "coordinate_grid_checked": true
        },
        {
          "trajectory": "16500_10.h5",
          "re": 16534.0,
          "aoa": 10.0,
          "neighbor_trajectories": [
            "16500_15.h5",
            "16500_5.h5"
          ],
          "neighbor_aoa": [
            15.0,
            5.0
          ],
          "eligible": true,
          "coordinate_grid_checked": true
        },
        {
          "trajectory": "16500_15.h5",
          "re": 16534.0,
          "aoa": 15.0,
          "neighbor_trajectories": [
            "16500_10.h5",
            "16500_20.h5"
          ],
          "neighbor_aoa": [
            10.0,
            20.0
          ],
          "eligible": true,
          "coordinate_grid_checked": true
        },
        {
          "trajectory": "16500_20.h5",
          "re": 16534.0,
          "aoa": 20.0,
          "neighbor_trajectories": [
            "16500_15.h5"
          ],
          "neighbor_aoa": [
            15.0
          ],
          "eligible": true,
          "coordinate_grid_checked": true
        },
        {
          "trajectory": "16500_5.h5",
          "re": 16534.0,
          "aoa": 5.0,
          "neighbor_trajectories": [
            "16500_0.h5",
            "16500_10.h5"
          ],
          "neighbor_aoa": [
            0.0,
            10.0
          ],
          "eligible": true,
          "coordinate_grid_checked": true
        },
        {
          "trajectory": "17775_10.h5",
          "re": 17812.0,
          "aoa": 10.0,
          "neighbor_trajectories": [
            "17775_15.h5",
            "17775_5.h5"
          ],
          "neighbor_aoa": [
            15.0,
            5.0
          ],
          "eligible": true,
          "coordinate_grid_checked": true
        },
        {
          "trajectory": "17775_15.h5",
          "re": 17812.0,
          "aoa": 15.0,
          "neighbor_trajectories": [
            "17775_10.h5",
            "17775_20.h5"
          ],
          "neighbor_aoa": [
            10.0,
            20.0
          ],
          "eligible": true,
          "coordinate_grid_checked": true
        },
        {
          "trajectory": "17775_20.h5",
          "re": 17812.0,
          "aoa": 20.0,
          "neighbor_trajectories": [
            "17775_15.h5"
          ],
          "neighbor_aoa": [
            15.0
          ],
          "eligible": true,
          "coordinate_grid_checked": true
        },
        {
          "trajectory": "17775_5.h5",
          "re": 17812.0,
          "aoa": 5.0,
          "neighbor_trajectories": [
            "17775_10.h5"
          ],
          "neighbor_aoa": [
            10.0
          ],
          "eligible": true,
          "coordinate_grid_checked": true
        },
        {
          "trajectory": "19050_0.h5",
          "re": 19090.0,
          "aoa": 0.0,
          "neighbor_trajectories": [
            "19050_5.h5"
          ],
          "neighbor_aoa": [
            5.0
          ],
          "eligible": true,
          "coordinate_grid_checked": true
        },
        {
          "trajectory": "19050_10.h5",
          "re": 19090.0,
          "aoa": 10.0,
          "neighbor_trajectories": [
            "19050_15.h5",
            "19050_5.h5"
          ],
          "neighbor_aoa": [
            15.0,
            5.0
          ],
          "eligible": true,
          "coordinate_grid_checked": true
        },
        {
          "trajectory": "19050_15.h5",
          "re": 19090.0,
          "aoa": 15.0,
          "neighbor_trajectories": [
            "19050_10.h5",
            "19050_20.h5"
          ],
          "neighbor_aoa": [
            10.0,
            20.0
          ],
          "eligible": true,
          "coordinate_grid_checked": true
        },
        {
          "trajectory": "19050_20.h5",
          "re": 19090.0,
          "aoa": 20.0,
          "neighbor_trajectories": [
            "19050_15.h5"
          ],
          "neighbor_aoa": [
            15.0
          ],
          "eligible": true,
          "coordinate_grid_checked": true
        },
        {
          "trajectory": "19050_5.h5",
          "re": 19090.0,
          "aoa": 5.0,
          "neighbor_trajectories": [
            "19050_0.h5",
            "19050_10.h5"
          ],
          "neighbor_aoa": [
            0.0,
            10.0
          ],
          "eligible": true,
          "coordinate_grid_checked": true
        },
        {
          "trajectory": "20325_0.h5",
          "re": 20369.0,
          "aoa": 0.0,
          "neighbor_trajectories": [
            "20325_5.h5"
          ],
          "neighbor_aoa": [
            5.0
          ],
          "eligible": true,
          "coordinate_grid_checked": true
        },
        {
          "trajectory": "20325_10.h5",
          "re": 20369.0,
          "aoa": 10.0,
          "neighbor_trajectories": [
            "20325_15.h5",
            "20325_5.h5"
          ],
          "neighbor_aoa": [
            15.0,
            5.0
          ],
          "eligible": true,
          "coordinate_grid_checked": true
        },
        {
          "trajectory": "20325_15.h5",
          "re": 20369.0,
          "aoa": 15.0,
          "neighbor_trajectories": [
            "20325_10.h5",
            "20325_20.h5"
          ],
          "neighbor_aoa": [
            10.0,
            20.0
          ],
          "eligible": true,
          "coordinate_grid_checked": true
        },
        {
          "trajectory": "20325_20.h5",
          "re": 20369.0,
          "aoa": 20.0,
          "neighbor_trajectories": [
            "20325_15.h5"
          ],
          "neighbor_aoa": [
            15.0
          ],
          "eligible": true,
          "coordinate_grid_checked": true
        },
        {
          "trajectory": "20325_5.h5",
          "re": 20369.0,
          "aoa": 5.0,
          "neighbor_trajectories": [
            "20325_0.h5",
            "20325_10.h5"
          ],
          "neighbor_aoa": [
            0.0,
            10.0
          ],
          "eligible": true,
          "coordinate_grid_checked": true
        },
        {
          "trajectory": "21600_0.h5",
          "re": 21647.0,
          "aoa": 0.0,
          "neighbor_trajectories": [
            "21600_5.h5"
          ],
          "neighbor_aoa": [
            5.0
          ],
          "eligible": true,
          "coordinate_grid_checked": true
        },
        {
          "trajectory": "21600_10.h5",
          "re": 21647.0,
          "aoa": 10.0,
          "neighbor_trajectories": [
            "21600_15.h5",
            "21600_5.h5"
          ],
          "neighbor_aoa": [
            15.0,
            5.0
          ],
          "eligible": true,
          "coordinate_grid_checked": true
        },
        {
          "trajectory": "21600_15.h5",
          "re": 21647.0,
          "aoa": 15.0,
          "neighbor_trajectories": [
            "21600_10.h5",
            "21600_20.h5"
          ],
          "neighbor_aoa": [
            10.0,
            20.0
          ],
          "eligible": true,
          "coordinate_grid_checked": true
        },
        {
          "trajectory": "21600_20.h5",
          "re": 21647.0,
          "aoa": 20.0,
          "neighbor_trajectories": [
            "21600_15.h5"
          ],
          "neighbor_aoa": [
            15.0
          ],
          "eligible": true,
          "coordinate_grid_checked": true
        },
        {
          "trajectory": "21600_5.h5",
          "re": 21647.0,
          "aoa": 5.0,
          "neighbor_trajectories": [
            "21600_0.h5",
            "21600_10.h5"
          ],
          "neighbor_aoa": [
            0.0,
            10.0
          ],
          "eligible": true,
          "coordinate_grid_checked": true
        },
        {
          "trajectory": "22875_0.h5",
          "re": 22926.0,
          "aoa": 0.0,
          "neighbor_trajectories": [],
          "neighbor_aoa": [],
          "eligible": false,
          "coordinate_grid_checked": true
        },
        {
          "trajectory": "22875_10.h5",
          "re": 22926.0,
          "aoa": 10.0,
          "neighbor_trajectories": [
            "22875_15.h5"
          ],
          "neighbor_aoa": [
            15.0
          ],
          "eligible": true,
          "coordinate_grid_checked": true
        },
        {
          "trajectory": "22875_15.h5",
          "re": 22926.0,
          "aoa": 15.0,
          "neighbor_trajectories": [
            "22875_10.h5"
          ],
          "neighbor_aoa": [
            10.0
          ],
          "eligible": true,
          "coordinate_grid_checked": true
        },
        {
          "trajectory": "24150_0.h5",
          "re": 24204.0,
          "aoa": 0.0,
          "neighbor_trajectories": [],
          "neighbor_aoa": [],
          "eligible": false,
          "coordinate_grid_checked": true
        },
        {
          "trajectory": "24150_10.h5",
          "re": 24204.0,
          "aoa": 10.0,
          "neighbor_trajectories": [
            "24150_15.h5"
          ],
          "neighbor_aoa": [
            15.0
          ],
          "eligible": true,
          "coordinate_grid_checked": true
        },
        {
          "trajectory": "24150_15.h5",
          "re": 24204.0,
          "aoa": 15.0,
          "neighbor_trajectories": [
            "24150_10.h5",
            "24150_20.h5"
          ],
          "neighbor_aoa": [
            10.0,
            20.0
          ],
          "eligible": true,
          "coordinate_grid_checked": true
        },
        {
          "trajectory": "24150_20.h5",
          "re": 24204.0,
          "aoa": 20.0,
          "neighbor_trajectories": [
            "24150_15.h5"
          ],
          "neighbor_aoa": [
            15.0
          ],
          "eligible": true,
          "coordinate_grid_checked": true
        },
        {
          "trajectory": "25425_0.h5",
          "re": 25482.0,
          "aoa": 0.0,
          "neighbor_trajectories": [],
          "neighbor_aoa": [],
          "eligible": false,
          "coordinate_grid_checked": true
        },
        {
          "trajectory": "25425_10.h5",
          "re": 25482.0,
          "aoa": 10.0,
          "neighbor_trajectories": [
            "25425_15.h5"
          ],
          "neighbor_aoa": [
            15.0
          ],
          "eligible": true,
          "coordinate_grid_checked": true
        },
        {
          "trajectory": "25425_15.h5",
          "re": 25482.0,
          "aoa": 15.0,
          "neighbor_trajectories": [
            "25425_10.h5",
            "25425_20.h5"
          ],
          "neighbor_aoa": [
            10.0,
            20.0
          ],
          "eligible": true,
          "coordinate_grid_checked": true
        },
        {
          "trajectory": "25425_20.h5",
          "re": 25482.0,
          "aoa": 20.0,
          "neighbor_trajectories": [
            "25425_15.h5"
          ],
          "neighbor_aoa": [
            15.0
          ],
          "eligible": true,
          "coordinate_grid_checked": true
        },
        {
          "trajectory": "26700_0.h5",
          "re": 26761.0,
          "aoa": 0.0,
          "neighbor_trajectories": [],
          "neighbor_aoa": [],
          "eligible": false,
          "coordinate_grid_checked": true
        },
        {
          "trajectory": "26700_10.h5",
          "re": 26761.0,
          "aoa": 10.0,
          "neighbor_trajectories": [
            "26700_15.h5"
          ],
          "neighbor_aoa": [
            15.0
          ],
          "eligible": true,
          "coordinate_grid_checked": true
        },
        {
          "trajectory": "26700_15.h5",
          "re": 26761.0,
          "aoa": 15.0,
          "neighbor_trajectories": [
            "26700_10.h5"
          ],
          "neighbor_aoa": [
            10.0
          ],
          "eligible": true,
          "coordinate_grid_checked": true
        },
        {
          "trajectory": "3750_0.h5",
          "re": 3750.0,
          "aoa": 0.0,
          "neighbor_trajectories": [
            "3750_5.h5"
          ],
          "neighbor_aoa": [
            5.0
          ],
          "eligible": true,
          "coordinate_grid_checked": true
        },
        {
          "trajectory": "3750_10.h5",
          "re": 3750.0,
          "aoa": 10.0,
          "neighbor_trajectories": [
            "3750_5.h5"
          ],
          "neighbor_aoa": [
            5.0
          ],
          "eligible": true,
          "coordinate_grid_checked": true
        },
        {
          "trajectory": "3750_20.h5",
          "re": 3750.0,
          "aoa": 20.0,
          "neighbor_trajectories": [],
          "neighbor_aoa": [],
          "eligible": false,
          "coordinate_grid_checked": true
        },
        {
          "trajectory": "3750_5.h5",
          "re": 3750.0,
          "aoa": 5.0,
          "neighbor_trajectories": [
            "3750_0.h5",
            "3750_10.h5"
          ],
          "neighbor_aoa": [
            0.0,
            10.0
          ],
          "eligible": true,
          "coordinate_grid_checked": true
        },
        {
          "trajectory": "5025_0.h5",
          "re": 5028.0,
          "aoa": 0.0,
          "neighbor_trajectories": [
            "5025_5.h5"
          ],
          "neighbor_aoa": [
            5.0
          ],
          "eligible": true,
          "coordinate_grid_checked": true
        },
        {
          "trajectory": "5025_10.h5",
          "re": 5028.0,
          "aoa": 10.0,
          "neighbor_trajectories": [
            "5025_15.h5",
            "5025_5.h5"
          ],
          "neighbor_aoa": [
            15.0,
            5.0
          ],
          "eligible": true,
          "coordinate_grid_checked": true
        },
        {
          "trajectory": "5025_15.h5",
          "re": 5028.0,
          "aoa": 15.0,
          "neighbor_trajectories": [
            "5025_10.h5",
            "5025_20.h5"
          ],
          "neighbor_aoa": [
            10.0,
            20.0
          ],
          "eligible": true,
          "coordinate_grid_checked": true
        },
        {
          "trajectory": "5025_20.h5",
          "re": 5028.0,
          "aoa": 20.0,
          "neighbor_trajectories": [
            "5025_15.h5"
          ],
          "neighbor_aoa": [
            15.0
          ],
          "eligible": true,
          "coordinate_grid_checked": true
        },
        {
          "trajectory": "5025_5.h5",
          "re": 5028.0,
          "aoa": 5.0,
          "neighbor_trajectories": [
            "5025_0.h5",
            "5025_10.h5"
          ],
          "neighbor_aoa": [
            0.0,
            10.0
          ],
          "eligible": true,
          "coordinate_grid_checked": true
        },
        {
          "trajectory": "6300_0.h5",
          "re": 6306.0,
          "aoa": 0.0,
          "neighbor_trajectories": [
            "6300_5.h5"
          ],
          "neighbor_aoa": [
            5.0
          ],
          "eligible": true,
          "coordinate_grid_checked": true
        },
        {
          "trajectory": "6300_10.h5",
          "re": 6306.0,
          "aoa": 10.0,
          "neighbor_trajectories": [
            "6300_15.h5",
            "6300_5.h5"
          ],
          "neighbor_aoa": [
            15.0,
            5.0
          ],
          "eligible": true,
          "coordinate_grid_checked": true
        },
        {
          "trajectory": "6300_15.h5",
          "re": 6306.0,
          "aoa": 15.0,
          "neighbor_trajectories": [
            "6300_10.h5",
            "6300_20.h5"
          ],
          "neighbor_aoa": [
            10.0,
            20.0
          ],
          "eligible": true,
          "coordinate_grid_checked": true
        },
        {
          "trajectory": "6300_20.h5",
          "re": 6306.0,
          "aoa": 20.0,
          "neighbor_trajectories": [
            "6300_15.h5"
          ],
          "neighbor_aoa": [
            15.0
          ],
          "eligible": true,
          "coordinate_grid_checked": true
        },
        {
          "trajectory": "6300_5.h5",
          "re": 6306.0,
          "aoa": 5.0,
          "neighbor_trajectories": [
            "6300_0.h5",
            "6300_10.h5"
          ],
          "neighbor_aoa": [
            0.0,
            10.0
          ],
          "eligible": true,
          "coordinate_grid_checked": true
        },
        {
          "trajectory": "7575_10.h5",
          "re": 7585.0,
          "aoa": 10.0,
          "neighbor_trajectories": [
            "7575_15.h5",
            "7575_5.h5"
          ],
          "neighbor_aoa": [
            15.0,
            5.0
          ],
          "eligible": true,
          "coordinate_grid_checked": true
        },
        {
          "trajectory": "7575_15.h5",
          "re": 7585.0,
          "aoa": 15.0,
          "neighbor_trajectories": [
            "7575_10.h5",
            "7575_20.h5"
          ],
          "neighbor_aoa": [
            10.0,
            20.0
          ],
          "eligible": true,
          "coordinate_grid_checked": true
        },
        {
          "trajectory": "7575_20.h5",
          "re": 7585.0,
          "aoa": 20.0,
          "neighbor_trajectories": [
            "7575_15.h5"
          ],
          "neighbor_aoa": [
            15.0
          ],
          "eligible": true,
          "coordinate_grid_checked": true
        },
        {
          "trajectory": "7575_5.h5",
          "re": 7585.0,
          "aoa": 5.0,
          "neighbor_trajectories": [
            "7575_10.h5"
          ],
          "neighbor_aoa": [
            10.0
          ],
          "eligible": true,
          "coordinate_grid_checked": true
        },
        {
          "trajectory": "8850_0.h5",
          "re": 8863.0,
          "aoa": 0.0,
          "neighbor_trajectories": [
            "8850_5.h5"
          ],
          "neighbor_aoa": [
            5.0
          ],
          "eligible": true,
          "coordinate_grid_checked": true
        },
        {
          "trajectory": "8850_10.h5",
          "re": 8863.0,
          "aoa": 10.0,
          "neighbor_trajectories": [
            "8850_15.h5",
            "8850_5.h5"
          ],
          "neighbor_aoa": [
            15.0,
            5.0
          ],
          "eligible": true,
          "coordinate_grid_checked": true
        },
        {
          "trajectory": "8850_15.h5",
          "re": 8863.0,
          "aoa": 15.0,
          "neighbor_trajectories": [
            "8850_10.h5",
            "8850_20.h5"
          ],
          "neighbor_aoa": [
            10.0,
            20.0
          ],
          "eligible": true,
          "coordinate_grid_checked": true
        },
        {
          "trajectory": "8850_20.h5",
          "re": 8863.0,
          "aoa": 20.0,
          "neighbor_trajectories": [
            "8850_15.h5"
          ],
          "neighbor_aoa": [
            15.0
          ],
          "eligible": true,
          "coordinate_grid_checked": true
        },
        {
          "trajectory": "8850_5.h5",
          "re": 8863.0,
          "aoa": 5.0,
          "neighbor_trajectories": [
            "8850_0.h5",
            "8850_10.h5"
          ],
          "neighbor_aoa": [
            0.0,
            10.0
          ],
          "eligible": true,
          "coordinate_grid_checked": true
        }
      ]
    }
  },
  "phase_counts_equalized": true,
  "updates": 20000,
  "eval_interval": 2500,
  "batch_size": 8,
  "test_batch_size": 32,
  "lr": 0.0002,
  "weight_decay": 1e-05,
  "corrector_config": {
    "hidden": 96,
    "blocks": 2,
    "dropout": 0.0,
    "include_pressure": true,
    "max_delta": 0.04,
    "history_context": false
  },
  "train_alpha": 1.0,
  "eval_alphas": [
    0.0,
    0.025,
    0.05,
    0.075,
    0.1,
    0.15,
    0.2,
    0.3,
    0.5,
    0.75,
    1.0
  ],
  "abs_widths": [
    0.0075
  ],
  "rel_widths": [
    0.0075
  ],
  "loss_weights": {
    "point": 1.0,
    "mse": 0.05,
    "tke": 0.06,
    "temporal": 0.03,
    "grad": 0.015,
    "p_zero": 0.01
  },
  "gradient_mode": "scalar",
  "gradient_projection": "none",
  "residual_mse": 0.25,
  "delta_penalty": 0.02,
  "fixed_time_seconds": 0.01762683533,
  "benchmark_mode": false,
  "trainable_parameters": 1087849,
  "total_parameters": 9048316
}
EVAL_TOP {"alpha": 1.0, "best_bound_abs": 0.0075, "best_bound_rel": 0.0075, "best_bounds": [{"abs": 0.0075, "coverage": 0.8336611938476562, "final_est": 81.87247414303005, "rel": 0.0075, "sps_raw": 0.48458640050888063, "sps_score_linear": 48.458640050888064, "sps_score_used": 48.458640050888064}], "best_final_est": 81.87247414303005, "iteration": 0, "mean_t_neural_s": 0.01762683533, "mvpe": 0.07111712982878089, "mvpe_score": 96.56624298044119, "n": 640, "rel_l2": 0.08042023908346892, "rel_l2_score": 96.13442334521328, "time_score": 86.54248999999716, "tke": 0.44916229918599127, "tke_score": 81.66057433861056}
TRAIN {"angle_aug_abs_deg": 0.0, "aoa_effective_shift_abs_deg_mean": 0.8670979857444763, "aoa_meanfield_aug_fraction": 0.4875, "aoa_meanfield_lambda_mean": 0.1734195973724127, "delta_penalty": 3.6493030438577986e-05, "grad_rel": 0.5174506425857544, "iteration": 20, "loss": 0.14521521404385568, "lr": 0.00019999950652018581, "mse": 0.00014164161129883723, "p_zero": 0.0, "point_rel": 0.08023580946028233, "residual_mse": 0.00014164161166263511, "temporal_rel": 0.8966079592704773, "tke_rel": 0.5046031147241592}
TRAIN {"angle_aug_abs_deg": 0.0, "aoa_effective_shift_abs_deg_mean": 0.7824081897735595, "aoa_meanfield_aug_fraction": 0.4625, "aoa_meanfield_lambda_mean": 0.15648163631558418, "delta_penalty": 3.347537640365772e-05, "grad_rel": 0.5206515595316887, "iteration": 40, "loss": 0.1455456420779228, "lr": 0.00019999802608561365, "mse": 0.000127786309349176, "p_zero": 0.0, "point_rel": 0.07994473539292812, "residual_mse": 0.00012778631007677178, "temporal_rel": 0.9059013575315475, "tke_rel": 0.509584778547287}
TRAIN {"angle_aug_abs_deg": 0.0, "aoa_effective_shift_abs_deg_mean": 0.7907400891184807, "aoa_meanfield_aug_fraction": 0.46875, "aoa_meanfield_lambda_mean": 0.15814801752567292, "delta_penalty": 3.4389296160952654e-05, "grad_rel": 0.5246427282691002, "iteration": 60, "loss": 0.14746366813778877, "lr": 0.0001999955587108949, "mse": 0.00013292134299263124, "p_zero": 0.0, "point_rel": 0.08081081137061119, "residual_mse": 0.00013292134372022701, "temporal_rel": 0.9075754642486572, "tke_rel": 0.5252565547823906}
TRAIN {"angle_aug_abs_deg": 0.0, "aoa_effective_shift_abs_deg_mean": 0.9540794342756271, "aoa_meanfield_aug_fraction": 0.56875, "aoa_meanfield_lambda_mean": 0.19081588238477706, "delta_penalty": 3.35826840455411e-05, "grad_rel": 0.5227838978171349, "iteration": 80, "loss": 0.1465050123631954, "lr": 0.00019999210442038146, "mse": 0.00013451608374452916, "p_zero": 0.0, "point_rel": 0.08125714398920536, "residual_mse": 0.0001345160833807313, "temporal_rel": 0.9009810477495194, "tke_rel": 0.5055942624807358}
TRAIN {"angle_aug_abs_deg": 0.0, "aoa_effective_shift_abs_deg_mean": 0.8491689965128899, "aoa_meanfield_aug_fraction": 0.5125, "aoa_meanfield_lambda_mean": 0.16983379758894443, "delta_penalty": 3.6560803073371063e-05, "grad_rel": 0.5293153673410416, "iteration": 100, "loss": 0.14944051429629326, "lr": 0.00019998766324816586, "mse": 0.00014531306842400227, "p_zero": 0.0, "point_rel": 0.0846114419400692, "residual_mse": 0.00014531306696881076, "temporal_rel": 0.8921666234731674, "tke_rel": 0.5013336822390556}
TRAIN {"angle_aug_abs_deg": 0.0, "aoa_effective_shift_abs_deg_mean": 0.8761236935853958, "aoa_meanfield_aug_fraction": 0.49375, "aoa_meanfield_lambda_mean": 0.17522473819553852, "delta_penalty": 3.4621651502675375e-05, "grad_rel": 0.5149902418255806, "iteration": 120, "loss": 0.14232129082083703, "lr": 0.0001999822352380807, "mse": 0.00013438269397738622, "p_zero": 0.0, "point_rel": 0.07742202039808035, "residual_mse": 0.00013438269761536503, "temporal_rel": 0.897520649433136, "tke_rel": 0.5034632205963134}
TRAIN {"angle_aug_abs_deg": 0.0, "aoa_effective_shift_abs_deg_mean": 0.7106325328350067, "aoa_meanfield_aug_fraction": 0.4125, "aoa_meanfield_lambda_mean": 0.14212650209665298, "delta_penalty": 3.841852994810324e-05, "grad_rel": 0.5274117454886437, "iteration": 140, "loss": 0.14807940125465394, "lr": 0.00019997582044369822, "mse": 0.0001636595628951909, "p_zero": 0.0, "point_rel": 0.08216647282242776, "residual_mse": 0.0001636595650779782, "temporal_rel": 0.8980997800827026, "tke_rel": 0.5168149560689926}
TRAIN {"angle_aug_abs_deg": 0.0, "aoa_effective_shift_abs_deg_mean": 0.6690007723867893, "aoa_meanfield_aug_fraction": 0.3875, "aoa_meanfield_lambda_mean": 0.133800155390054, "delta_penalty": 3.3317301949864485e-05, "grad_rel": 0.5112676188349724, "iteration": 160, "loss": 0.1429594498127699, "lr": 0.00019996841892832982, "mse": 0.00014548592498613288, "p_zero": 0.0, "point_rel": 0.07749838568270206, "residual_mse": 0.00014548592553182972, "temporal_rel": 0.903604581952095, "tke_rel": 0.5106600359082222}
TRAIN {"angle_aug_abs_deg": 0.0, "aoa_effective_shift_abs_deg_mean": 0.7792007610201835, "aoa_meanfield_aug_fraction": 0.45625, "aoa_meanfield_lambda_mean": 0.1558401519432664, "delta_penalty": 3.227117604183149e-05, "grad_rel": 0.5014594435691834, "iteration": 180, "loss": 0.13729127459228038, "lr": 0.0001999600307650254, "mse": 0.0001167129271379963, "p_zero": 0.0, "point_rel": 0.07420629765838385, "residual_mse": 0.00011671292731989525, "temporal_rel": 0.891029155254364, "tke_rel": 0.47994252294301987}
TRAIN {"angle_aug_abs_deg": 0.0, "aoa_effective_shift_abs_deg_mean": 0.8626645617187023, "aoa_meanfield_aug_fraction": 0.49375, "aoa_meanfield_lambda_mean": 0.17253291085362435, "delta_penalty": 3.627307669376023e-05, "grad_rel": 0.5191915348172188, "iteration": 200, "loss": 0.14587824270129204, "lr": 0.00019995065603657295, "mse": 0.00014616699299949688, "p_zero": 0.0, "point_rel": 0.07998093217611313, "residual_mse": 0.000146166992635699, "temporal_rel": 0.9013115644454956, "tke_rel": 0.5170918837189674}
TRAIN {"angle_aug_abs_deg": 0.0, "aoa_effective_shift_abs_deg_mean": 0.7905664756894112, "aoa_meanfield_aug_fraction": 0.44375, "aoa_meanfield_lambda_mean": 0.158113294839859, "delta_penalty": 3.61493229320331e-05, "grad_rel": 0.5181473180651665, "iteration": 220, "loss": 0.14488175511360168, "lr": 0.000199940294835497, "mse": 0.00014340771667775698, "p_zero": 0.0, "point_rel": 0.08019872568547726, "residual_mse": 0.00014340771667775698, "temporal_rel": 0.8919290781021119, "tke_rel": 0.5018200650811195}
TRAIN {"angle_aug_abs_deg": 0.0, "aoa_effective_shift_abs_deg_mean": 0.7878591850399971, "aoa_meanfield_aug_fraction": 0.45625, "aoa_meanfield_lambda_mean": 0.15757183954119683, "delta_penalty": 3.463275379544939e-05, "grad_rel": 0.5155916959047318, "iteration": 240, "loss": 0.14305445030331612, "lr": 0.0001999289472640587, "mse": 0.00013634618808282538, "p_zero": 0.0, "point_rel": 0.07820709310472011, "residual_mse": 0.00013634618699143175, "temporal_rel": 0.8965951859951019, "tke_rel": 0.5029006019234658}
TRAIN {"angle_aug_abs_deg": 0.0, "aoa_effective_shift_abs_deg_mean": 0.7748494505882263, "aoa_meanfield_aug_fraction": 0.45, "aoa_meanfield_lambda_mean": 0.15496988799422978, "delta_penalty": 3.381282376722083e-05, "grad_rel": 0.5255439087748528, "iteration": 260, "loss": 0.14747803583741187, "lr": 0.00019991661343425385, "mse": 0.00013858366692147682, "p_zero": 0.0, "point_rel": 0.08084671869874001, "residual_mse": 0.00013858366564818426, "temporal_rel": 0.9029987156391144, "tke_rel": 0.5269324675202369}
TRAIN {"angle_aug_abs_deg": 0.0, "aoa_effective_shift_abs_deg_mean": 0.8636070623993873, "aoa_meanfield_aug_fraction": 0.48125, "aoa_meanfield_lambda_mean": 0.17272141389548779, "delta_penalty": 3.778886593863717e-05, "grad_rel": 0.5230239510536194, "iteration": 280, "loss": 0.1462144859135151, "lr": 0.00019990329346781236, "mse": 0.000163884963876626, "p_zero": 0.0, "point_rel": 0.08005550056695938, "residual_mse": 0.00016388496314903022, "temporal_rel": 0.899467933177948, "tke_rel": 0.521327891945839}
TRAIN {"angle_aug_abs_deg": 0.0, "aoa_effective_shift_abs_deg_mean": 0.818553077429533, "aoa_meanfield_aug_fraction": 0.49375, "aoa_meanfield_lambda_mean": 0.16371061317622662, "delta_penalty": 3.4151516774727495e-05, "grad_rel": 0.5219432592391968, "iteration": 300, "loss": 0.14634885266423225, "lr": 0.0001998889874961969, "mse": 0.00013290488514030585, "p_zero": 0.0, "point_rel": 0.08079254478216172, "residual_mse": 0.00013290488550410373, "temporal_rel": 0.8955421805381775, "tke_rel": 0.5136723622679711}
TRAIN {"angle_aug_abs_deg": 0.0, "aoa_effective_shift_abs_deg_mean": 0.8642711997032165, "aoa_meanfield_aug_fraction": 0.475, "aoa_meanfield_lambda_mean": 0.17285424023866652, "delta_penalty": 3.422729478188558e-05, "grad_rel": 0.51431934684515, "iteration": 320, "loss": 0.1440606966614723, "lr": 0.00019987369566060165, "mse": 0.00014385815884452314, "p_zero": 0.0, "point_rel": 0.07912193164229393, "residual_mse": 0.00014385815957211888, "temporal_rel": 0.8937975227832794, "tke_rel": 0.5061034977436065}
TRAIN {"angle_aug_abs_deg": 0.0, "aoa_effective_shift_abs_deg_mean": 0.8145380109548569, "aoa_meanfield_aug_fraction": 0.45, "aoa_meanfield_lambda_mean": 0.1629076011478901, "delta_penalty": 3.621161395130912e-05, "grad_rel": 0.5239922925829887, "iteration": 340, "loss": 0.14589811861515045, "lr": 0.00019985741811195089, "mse": 0.00014069046101212735, "p_zero": 0.0, "point_rel": 0.08087432868778706, "residual_mse": 0.0001406904599207337, "temporal_rel": 0.8968079417943955, "tke_rel": 0.5036122426390648}
TRAIN {"angle_aug_abs_deg": 0.0, "aoa_effective_shift_abs_deg_mean": 0.7436625942587852, "aoa_meanfield_aug_fraction": 0.43125, "aoa_meanfield_lambda_mean": 0.1487325184047222, "delta_penalty": 3.502417694107862e-05, "grad_rel": 0.5224028527736664, "iteration": 360, "loss": 0.14585594907402993, "lr": 0.0001998401550108975, "mse": 0.00014049578912818107, "p_zero": 0.0, "point_rel": 0.07964485026896, "residual_mse": 0.00014049578912818107, "temporal_rel": 0.9043521374464035, "tke_rel": 0.5200274437665939}
TRAIN {"angle_aug_abs_deg": 0.0, "aoa_effective_shift_abs_deg_mean": 0.8459000423550606, "aoa_meanfield_aug_fraction": 0.48125, "aoa_meanfield_lambda_mean": 0.16918000914156436, "delta_penalty": 3.090406989940675e-05, "grad_rel": 0.5076414734125138, "iteration": 380, "loss": 0.14160070903599262, "lr": 0.00019982190652782116, "mse": 0.00011860341774081463, "p_zero": 0.0, "point_rel": 0.0767255812883377, "residual_mse": 0.0001186034181046125, "temporal_rel": 0.8949123531579971, "tke_rel": 0.5062822461128235}
TRAIN {"angle_aug_abs_deg": 0.0, "aoa_effective_shift_abs_deg_mean": 0.9055074065923691, "aoa_meanfield_aug_fraction": 0.50625, "aoa_meanfield_lambda_mean": 0.18110148310661317, "delta_penalty": 3.724184625752969e-05, "grad_rel": 0.5120537891983986, "iteration": 400, "loss": 0.1437930315732956, "lr": 0.00019980267284282714, "mse": 0.00015148299680731725, "p_zero": 0.0, "point_rel": 0.07906173299998046, "residual_mse": 0.00015148299426073208, "temporal_rel": 0.8949397414922714, "tke_rel": 0.5026018813252449}
TRAIN {"angle_aug_abs_deg": 0.0, "aoa_effective_shift_abs_deg_mean": 0.7106675073504448, "aoa_meanfield_aug_fraction": 0.43125, "aoa_meanfield_lambda_mean": 0.14213349837809802, "delta_penalty": 3.5622865470941176e-05, "grad_rel": 0.5215927883982658, "iteration": 420, "loss": 0.15018618404865264, "lr": 0.00019978245414574417, "mse": 0.0001550231581859407, "p_zero": 0.0, "point_rel": 0.08409463092684746, "residual_mse": 0.00015502315709454707, "temporal_rel": 0.8995260268449783, "tke_rel": 0.5205777198076248}
TRAIN {"angle_aug_abs_deg": 0.0, "aoa_effective_shift_abs_deg_mean": 0.905336432158947, "aoa_meanfield_aug_fraction": 0.50625, "aoa_meanfield_lambda_mean": 0.18106728456914425, "delta_penalty": 3.339430859341519e-05, "grad_rel": 0.5148458689451217, "iteration": 440, "loss": 0.14295563846826553, "lr": 0.0001997612506361225, "mse": 0.00012638063035410596, "p_zero": 0.0, "point_rel": 0.07793133296072483, "residual_mse": 0.00012638062926271232, "temporal_rel": 0.8969373553991318, "tke_rel": 0.5059152707457543}
TRAIN {"angle_aug_abs_deg": 0.0, "aoa_effective_shift_abs_deg_mean": 0.8349838025867939, "aoa_meanfield_aug_fraction": 0.5, "aoa_meanfield_lambda_mean": 0.16699676113203168, "delta_penalty": 3.2965485570457534e-05, "grad_rel": 0.5124269977211953, "iteration": 460, "loss": 0.1416808269917965, "lr": 0.0001997390625232324, "mse": 0.00012160250225861091, "p_zero": 0.0, "point_rel": 0.07724412120878696, "residual_mse": 0.00012160250262240879, "temporal_rel": 0.8936666399240494, "tke_rel": 0.4983860746026039}
TRAIN {"angle_aug_abs_deg": 0.0, "aoa_effective_shift_abs_deg_mean": 0.888507854938507, "aoa_meanfield_aug_fraction": 0.51875, "aoa_meanfield_lambda_mean": 0.17770156897604467, "delta_penalty": 3.1301191302191e-05, "grad_rel": 0.5177773520350456, "iteration": 480, "loss": 0.14217194989323617, "lr": 0.00019971589002606142, "mse": 0.00011513403842400294, "p_zero": 0.0, "point_rel": 0.07738137878477573, "residual_mse": 0.00011513403842400294, "temporal_rel": 0.8967630565166473, "tke_rel": 0.5014309227466583}
TRAIN {"angle_aug_abs_deg": 0.0, "aoa_effective_shift_abs_deg_mean": 0.8553879581391811, "aoa_meanfield_aug_fraction": 0.46875, "aoa_meanfield_lambda_mean": 0.1710775887593627, "delta_penalty": 3.8536641295650045e-05, "grad_rel": 0.5277420923113822, "iteration": 500, "loss": 0.14846555441617965, "lr": 0.0001996917333733129, "mse": 0.00016326171316904947, "p_zero": 0.0, "point_rel": 0.08340288549661637, "residual_mse": 0.00016326171316904947, "temporal_rel": 0.8900646060705185, "tke_rel": 0.5065808564424514}
TRAIN {"angle_aug_abs_deg": 0.0, "aoa_effective_shift_abs_deg_mean": 0.8007223002612591, "aoa_meanfield_aug_fraction": 0.475, "aoa_meanfield_lambda_mean": 0.16014446336776017, "delta_penalty": 3.797592626142432e-05, "grad_rel": 0.5093193665146828, "iteration": 520, "loss": 0.14267580211162567, "lr": 0.0001996665928034031, "mse": 0.00014912710830685682, "p_zero": 0.0, "point_rel": 0.07784698568284512, "residual_mse": 0.0001491271090344526, "temporal_rel": 0.8939386159181595, "tke_rel": 0.5054228499531745}
TRAIN {"angle_aug_abs_deg": 0.0, "aoa_effective_shift_abs_deg_mean": 0.7555632434785367, "aoa_meanfield_aug_fraction": 0.41875, "aoa_meanfield_lambda_mean": 0.15111264437437058, "delta_penalty": 3.373484451003605e-05, "grad_rel": 0.5146552667021751, "iteration": 540, "loss": 0.1456603068858385, "lr": 0.0001996404685644593, "mse": 0.00013387638373387744, "p_zero": 0.0, "point_rel": 0.07982365638017655, "residual_mse": 0.00013387638409767533, "temporal_rel": 0.9028100788593292, "tke_rel": 0.5165280416607857}
TRAIN {"angle_aug_abs_deg": 0.0, "aoa_effective_shift_abs_deg_mean": 0.7364189371466636, "aoa_meanfield_aug_fraction": 0.44375, "aoa_meanfield_lambda_mean": 0.14728378783911467, "delta_penalty": 3.398147291591158e-05, "grad_rel": 0.513258409500122, "iteration": 560, "loss": 0.14341175481677054, "lr": 0.00019961336091431727, "mse": 0.00014461994887824404, "p_zero": 0.0, "point_rel": 0.07875520493835211, "residual_mse": 0.00014461995142482919, "temporal_rel": 0.8991421282291412, "tke_rel": 0.49898912459611894}
TRAIN {"angle_aug_abs_deg": 0.0, "aoa_effective_shift_abs_deg_mean": 0.7235395990312099, "aoa_meanfield_aug_fraction": 0.4375, "aoa_meanfield_lambda_mean": 0.14470792133361102, "delta_penalty": 3.6301185809861634e-05, "grad_rel": 0.516446228325367, "iteration": 580, "loss": 0.1441922031342983, "lr": 0.0001995852701205186, "mse": 0.00014392918346857187, "p_zero": 0.0, "point_rel": 0.07912794966250658, "residual_mse": 0.0001439291849237634, "temporal_rel": 0.8936566203832627, "tke_rel": 0.5077326893806458}
TRAIN {"angle_aug_abs_deg": 0.0, "aoa_effective_shift_abs_deg_mean": 0.8310479342937469, "aoa_meanfield_aug_fraction": 0.48125, "aoa_meanfield_lambda_mean": 0.16620959155261517, "delta_penalty": 3.746324191524764e-05, "grad_rel": 0.5227488517761231, "iteration": 600, "loss": 0.14488473646342753, "lr": 0.00019955619646030805, "mse": 0.00015785604846314528, "p_zero": 0.0, "point_rel": 0.08065562918782235, "residual_mse": 0.00015785604882694314, "temporal_rel": 0.8912652730941772, "tke_rel": 0.4933635339140892}
TRAIN {"angle_aug_abs_deg": 0.0, "aoa_effective_shift_abs_deg_mean": 0.7990000858902931, "aoa_meanfield_aug_fraction": 0.4625, "aoa_meanfield_lambda_mean": 0.1598000183701515, "delta_penalty": 3.3532876295794266e-05, "grad_rel": 0.528177972137928, "iteration": 620, "loss": 0.14636433720588685, "lr": 0.00019952614022063087, "mse": 0.00013840238516422688, "p_zero": 0.0, "point_rel": 0.08189985528588295, "residual_mse": 0.0001384023866194184, "temporal_rel": 0.8950094819068909, "tke_rel": 0.49415561109781264}
TRAIN {"angle_aug_abs_deg": 0.0, "aoa_effective_shift_abs_deg_mean": 0.7859657227993011, "aoa_meanfield_aug_fraction": 0.4625, "aoa_meanfield_lambda_mean": 0.15719314590096473, "delta_penalty": 3.614342795117409e-05, "grad_rel": 0.5275102242827415, "iteration": 640, "loss": 0.1480095222592354, "lr": 0.00019949510169812998, "mse": 0.00015727164754935074, "p_zero": 0.0, "point_rel": 0.0828149139881134, "residual_mse": 0.00015727164754935074, "temporal_rel": 0.8962812393903732, "tke_rel": 0.5057602465152741}
TRAIN {"angle_aug_abs_deg": 0.0, "aoa_effective_shift_abs_deg_mean": 0.7712249167263507, "aoa_meanfield_aug_fraction": 0.4625, "aoa_meanfield_lambda_mean": 0.1542449821718037, "delta_penalty": 3.355015369379544e-05, "grad_rel": 0.5254548400640487, "iteration": 660, "loss": 0.14524750635027886, "lr": 0.0001994630811991432, "mse": 0.00013250294086901703, "p_zero": 0.0, "point_rel": 0.07994146980345249, "residual_mse": 0.00013250294268800643, "temporal_rel": 0.8974346041679382, "tke_rel": 0.5076793059706688}
TRAIN {"angle_aug_abs_deg": 0.0, "aoa_effective_shift_abs_deg_mean": 0.818658447265625, "aoa_meanfield_aug_fraction": 0.4625, "aoa_meanfield_lambda_mean": 0.16373168751597406, "delta_penalty": 3.661119881144259e-05, "grad_rel": 0.5124220207333565, "iteration": 680, "loss": 0.14361189752817155, "lr": 0.00019943007903969987, "mse": 0.00014126691148703686, "p_zero": 0.0, "point_rel": 0.07717531435191631, "residual_mse": 0.00014126691148703686, "temporal_rel": 0.9087129920721054, "tke_rel": 0.5240958645939827}
TRAIN {"angle_aug_abs_deg": 0.0, "aoa_effective_shift_abs_deg_mean": 0.828576697409153, "aoa_meanfield_aug_fraction": 0.475, "aoa_meanfield_lambda_mean": 0.16571533791720866, "delta_penalty": 3.425311060709646e-05, "grad_rel": 0.520797175168991, "iteration": 700, "loss": 0.1455504097044468, "lr": 0.00019939609554551794, "mse": 0.0001304192292082007, "p_zero": 0.0, "point_rel": 0.08037343136966228, "residual_mse": 0.00013041922884440282, "temporal_rel": 0.9035179585218429, "tke_rel": 0.5036612540483475}
TRAIN {"angle_aug_abs_deg": 0.0, "aoa_effective_shift_abs_deg_mean": 0.7759460389614106, "aoa_meanfield_aug_fraction": 0.45625, "aoa_meanfield_lambda_mean": 0.1551892077550292, "delta_penalty": 3.2025611380959164e-05, "grad_rel": 0.5136292994022369, "iteration": 720, "loss": 0.14288245141506195, "lr": 0.0001993611310520008, "mse": 0.00011858146262966329, "p_zero": 0.0, "point_rel": 0.07714729644358158, "residual_mse": 0.00011858146208396648, "temporal_rel": 0.903505727648735, "tke_rel": 0.5148221462965011}
TRAIN {"angle_aug_abs_deg": 0.0, "aoa_effective_shift_abs_deg_mean": 0.7230093948543072, "aoa_meanfield_aug_fraction": 0.425, "aoa_meanfield_lambda_mean": 0.14460187796503304, "delta_penalty": 3.61501545739884e-05, "grad_rel": 0.5070369794964791, "iteration": 740, "loss": 0.14099536873400212, "lr": 0.0001993251859042339, "mse": 0.00012656602175411535, "p_zero": 0.0, "point_rel": 0.07734159715473651, "residual_mse": 0.00012656602248171112, "temporal_rel": 0.889660918712616, "tke_rel": 0.48866160213947296}
TRAIN {"angle_aug_abs_deg": 0.0, "aoa_effective_shift_abs_deg_mean": 0.9733274281024933, "aoa_meanfield_aug_fraction": 0.5, "aoa_meanfield_lambda_mean": 0.19466548413038254, "delta_penalty": 3.3772934239095774e-05, "grad_rel": 0.5124323666095734, "iteration": 760, "loss": 0.1442944098263979, "lr": 0.00019928826045698136, "mse": 0.00012372077926556813, "p_zero": 0.0, "point_rel": 0.07792971469461918, "residual_mse": 0.00012372078181215328, "temporal_rel": 0.9030013531446457, "tke_rel": 0.5258396118879318}
TRAIN {"angle_aug_abs_deg": 0.0, "aoa_effective_shift_abs_deg_mean": 0.8086412765085698, "aoa_meanfield_aug_fraction": 0.45, "aoa_meanfield_lambda_mean": 0.16172825489193202, "delta_penalty": 3.871567541864351e-05, "grad_rel": 0.5282216817140579, "iteration": 780, "loss": 0.1485372766852379, "lr": 0.0001992503550746824, "mse": 0.00016575379831920145, "p_zero": 0.0, "point_rel": 0.08361378833651542, "residual_mse": 0.00016575379977439296, "temporal_rel": 0.8933019787073135, "tke_rel": 0.5025100663304329}
TRAIN {"angle_aug_abs_deg": 0.0, "aoa_effective_shift_abs_deg_mean": 0.835100032389164, "aoa_meanfield_aug_fraction": 0.5, "aoa_meanfield_lambda_mean": 0.16702000573277473, "delta_penalty": 3.4269853495061396e-05, "grad_rel": 0.5066844567656517, "iteration": 800, "loss": 0.13923515677452086, "lr": 0.00019921147013144788, "mse": 0.00012909524812130258, "p_zero": 0.0, "point_rel": 0.07471688538789749, "residual_mse": 0.00012909524848510047, "temporal_rel": 0.8962127268314362, "tke_rel": 0.4998701423406601}
TRAIN {"angle_aug_abs_deg": 0.0, "aoa_effective_shift_abs_deg_mean": 0.8932280719280243, "aoa_meanfield_aug_fraction": 0.5125, "aoa_meanfield_lambda_mean": 0.1786456111818552, "delta_penalty": 3.3387395978934366e-05, "grad_rel": 0.5213901355862618, "iteration": 820, "loss": 0.14682192504405975, "lr": 0.0001991716060110564, "mse": 0.00014262493532442023, "p_zero": 0.0, "point_rel": 0.08133730962872505, "residual_mse": 0.00014262493696151068, "temporal_rel": 0.8971474409103394, "tke_rel": 0.5117647603154183}
TRAIN {"angle_aug_abs_deg": 0.0, "aoa_effective_shift_abs_deg_mean": 0.8617346540093422, "aoa_meanfield_aug_fraction": 0.49375, "aoa_meanfield_lambda_mean": 0.17234693579375743, "delta_penalty": 3.4846766084228875e-05, "grad_rel": 0.5139251127839088, "iteration": 840, "loss": 0.14237106703221797, "lr": 0.00019913076310695076, "mse": 0.00013800398064631736, "p_zero": 0.0, "point_rel": 0.07675021253526211, "residual_mse": 0.00013800398028251948, "temporal_rel": 0.9018260687589645, "tke_rel": 0.5135849386453628}
TRAIN {"angle_aug_abs_deg": 0.0, "aoa_effective_shift_abs_deg_mean": 0.9545471221208572, "aoa_meanfield_aug_fraction": 0.54375, "aoa_meanfield_lambda_mean": 0.19090942069888114, "delta_penalty": 3.291743914815015e-05, "grad_rel": 0.5136651992797852, "iteration": 860, "loss": 0.1422355215996504, "lr": 0.00019908894182223396, "mse": 0.00012611670772457728, "p_zero": 0.0, "point_rel": 0.07571459114551544, "residual_mse": 0.00012611670535989106, "temporal_rel": 0.9130595356225968, "tke_rel": 0.5230945467948913}
TRAIN {"angle_aug_abs_deg": 0.0, "aoa_effective_shift_abs_deg_mean": 0.8959942907094955, "aoa_meanfield_aug_fraction": 0.51875, "aoa_meanfield_lambda_mean": 0.17919886149466038, "delta_penalty": 3.217749081159127e-05, "grad_rel": 0.5088926196098328, "iteration": 880, "loss": 0.14056641794741154, "lr": 0.0001990461425696652, "mse": 0.00012391873788146767, "p_zero": 0.0, "point_rel": 0.07605234105139971, "residual_mse": 0.0001239187402461539, "temporal_rel": 0.8964858263731003, "tke_rel": 0.4991382211446762}
TRAIN {"angle_aug_abs_deg": 0.0, "aoa_effective_shift_abs_deg_mean": 0.7175295695662498, "aoa_meanfield_aug_fraction": 0.40625, "aoa_meanfield_lambda_mean": 0.14350591450929642, "delta_penalty": 3.500879674902535e-05, "grad_rel": 0.5078487753868103, "iteration": 900, "loss": 0.14116982370615005, "lr": 0.0001990023657716559, "mse": 0.00012858016816608142, "p_zero": 0.0, "point_rel": 0.07757892366498709, "residual_mse": 0.0001285801688936772, "temporal_rel": 0.8850744217634201, "tke_rel": 0.4896943971514702}
TRAIN {"angle_aug_abs_deg": 0.0, "aoa_effective_shift_abs_deg_mean": 0.6661973655223846, "aoa_meanfield_aug_fraction": 0.36875, "aoa_meanfield_lambda_mean": 0.13323947545140982, "delta_penalty": 3.6060892671230246e-05, "grad_rel": 0.5129936203360558, "iteration": 920, "loss": 0.1433146044611931, "lr": 0.0001989576118602652, "mse": 0.00014168130219331941, "p_zero": 0.0, "point_rel": 0.07876511663198471, "residual_mse": 0.00014168130146572367, "temporal_rel": 0.8914318889379501, "tke_rel": 0.5011400192975998}
TRAIN {"angle_aug_abs_deg": 0.0, "aoa_effective_shift_abs_deg_mean": 0.6551022961735725, "aoa_meanfield_aug_fraction": 0.375, "aoa_meanfield_lambda_mean": 0.13102045897394418, "delta_penalty": 3.8012177719792815e-05, "grad_rel": 0.5139623925089836, "iteration": 940, "loss": 0.14469260573387147, "lr": 0.0001989118812771963, "mse": 0.00016005676570785, "p_zero": 0.0, "point_rel": 0.0797164138406515, "residual_mse": 0.00016005676552595106, "temporal_rel": 0.8962706714868546, "tke_rel": 0.505497682094574}
TRAIN {"angle_aug_abs_deg": 0.0, "aoa_effective_shift_abs_deg_mean": 0.7904036663472652, "aoa_meanfield_aug_fraction": 0.45, "aoa_meanfield_lambda_mean": 0.15808072742074727, "delta_penalty": 3.70444696272898e-05, "grad_rel": 0.5146876588463783, "iteration": 960, "loss": 0.14334844350814818, "lr": 0.00019886517447379156, "mse": 0.00013949535950814608, "p_zero": 0.0, "point_rel": 0.07769997678697109, "residual_mse": 0.0001394953569615609, "temporal_rel": 0.907898086309433, "tke_rel": 0.5108103036880494}
TRAIN {"angle_aug_abs_deg": 0.0, "aoa_effective_shift_abs_deg_mean": 0.7580119580030441, "aoa_meanfield_aug_fraction": 0.43125, "aoa_meanfield_lambda_mean": 0.15160238910466434, "delta_penalty": 3.332613896418479e-05, "grad_rel": 0.5212620347738266, "iteration": 980, "loss": 0.14564622044563294, "lr": 0.00019881749191102822, "mse": 0.00013412537482508923, "p_zero": 0.0, "point_rel": 0.08014874309301376, "residual_mse": 0.00013412537482508923, "temporal_rel": 0.9041785210371017, "tke_rel": 0.5085381627082824}
TRAIN {"angle_aug_abs_deg": 0.0, "aoa_effective_shift_abs_deg_mean": 0.8635741859674454, "aoa_meanfield_aug_fraction": 0.50625, "aoa_meanfield_lambda_mean": 0.17271484173834323, "delta_penalty": 3.840225135718356e-05, "grad_rel": 0.5230771631002427, "iteration": 1000, "loss": 0.14586465582251548, "lr": 0.0001987688340595139, "mse": 0.0001594564371771412, "p_zero": 0.0, "point_rel": 0.08100046068429947, "residual_mse": 0.0001594564371771412, "temporal_rel": 0.8902159452438354, "tke_rel": 0.5043825477361679}
TRAIN {"angle_aug_abs_deg": 0.0, "aoa_effective_shift_abs_deg_mean": 0.663651006668806, "aoa_meanfield_aug_fraction": 0.3875, "aoa_meanfield_lambda_mean": 0.13273020274937153, "delta_penalty": 3.067444094995153e-05, "grad_rel": 0.5100485846400261, "iteration": 1020, "loss": 0.1434370093047619, "lr": 0.00019871920139948203, "mse": 0.0001133465810198686, "p_zero": 0.0, "point_rel": 0.07851173914968967, "residual_mse": 0.00011334658065607073, "temporal_rel": 0.9024055778980256, "tke_rel": 0.5027959689497947}
TRAIN {"angle_aug_abs_deg": 0.0, "aoa_effective_shift_abs_deg_mean": 0.8268984645605088, "aoa_meanfield_aug_fraction": 0.4625, "aoa_meanfield_lambda_mean": 0.16537969540804626, "delta_penalty": 3.555811617843574e-05, "grad_rel": 0.527309674024582, "iteration": 1040, "loss": 0.1468971073627472, "lr": 0.00019866859442078691, "mse": 0.00012839371865993598, "p_zero": 0.0, "point_rel": 0.0812933947890997, "residual_mse": 0.00012839371865993598, "temporal_rel": 0.9044639766216278, "tke_rel": 0.5086819469928742}
TRAIN {"angle_aug_abs_deg": 0.0, "aoa_effective_shift_abs_deg_mean": 0.9134767293930054, "aoa_meanfield_aug_fraction": 0.5, "aoa_meanfield_lambda_mean": 0.18269534707069396, "delta_penalty": 3.643789923444274e-05, "grad_rel": 0.5215328618884086, "iteration": 1060, "loss": 0.14739544838666915, "lr": 0.00019861701362289903, "mse": 0.00015956951283442323, "p_zero": 0.0, "point_rel": 0.08169587757438421, "residual_mse": 0.00015956950956024228, "temporal_rel": 0.8991504430770874, "tke_rel": 0.5142244264483452}
TRAIN {"angle_aug_abs_deg": 0.0, "aoa_effective_shift_abs_deg_mean": 0.7193516038358212, "aoa_meanfield_aug_fraction": 0.41875, "aoa_meanfield_lambda_mean": 0.1438703179359436, "delta_penalty": 3.3928426091733854e-05, "grad_rel": 0.5160602077841758, "iteration": 1080, "loss": 0.14500546753406524, "lr": 0.00019856445951489985, "mse": 0.00014022904470039065, "p_zero": 0.0, "point_rel": 0.08013309873640537, "residual_mse": 0.00014022904688317794, "temporal_rel": 0.8956808596849442, "tke_rel": 0.5036382079124451}
TRAIN {"angle_aug_abs_deg": 0.0, "aoa_effective_shift_abs_deg_mean": 0.8205207370221614, "aoa_meanfield_aug_fraction": 0.5, "aoa_meanfield_lambda_mean": 0.16410414967685938, "delta_penalty": 3.468618206170504e-05, "grad_rel": 0.5237056821584701, "iteration": 1100, "loss": 0.14559131488204002, "lr": 0.00019851093261547746, "mse": 0.00013233019890321885, "p_zero": 0.0, "point_rel": 0.08032459169626235, "residual_mse": 0.00013233019926701673, "temporal_rel": 0.8995163589715958, "tke_rel": 0.50642099827528}
TRAIN {"angle_aug_abs_deg": 0.0, "aoa_effective_shift_abs_deg_mean": 0.8838846735656262, "aoa_meanfield_aug_fraction": 0.50625, "aoa_meanfield_lambda_mean": 0.1767769394442439, "delta_penalty": 3.463573630142491e-05, "grad_rel": 0.5242001473903656, "iteration": 1120, "loss": 0.14645483046770097, "lr": 0.0001984564334529206, "mse": 0.0001402818590577226, "p_zero": 0.0, "point_rel": 0.08127526082098484, "residual_mse": 0.00014028186196810566, "temporal_rel": 0.8978552728891372, "tke_rel": 0.5056355342268943}
TRAIN {"angle_aug_abs_deg": 0.0, "aoa_effective_shift_abs_deg_mean": 0.9052039489150048, "aoa_meanfield_aug_fraction": 0.49375, "aoa_meanfield_lambda_mean": 0.1810407891869545, "delta_penalty": 3.473121378192445e-05, "grad_rel": 0.5167651101946831, "iteration": 1140, "loss": 0.14521912932395936, "lr": 0.00019840096256511407, "mse": 0.00013301823710207828, "p_zero": 0.0, "point_rel": 0.08025284875184298, "residual_mse": 0.00013301823782967402, "temporal_rel": 0.8881510913372039, "tke_rel": 0.5088278397917747}
TRAIN {"angle_aug_abs_deg": 0.0, "aoa_effective_shift_abs_deg_mean": 0.7876361161470413, "aoa_meanfield_aug_fraction": 0.425, "aoa_meanfield_lambda_mean": 0.15752722304314376, "delta_penalty": 3.653913618109073e-05, "grad_rel": 0.5197031080722809, "iteration": 1160, "loss": 0.14314181506633758, "lr": 0.00019834452049953305, "mse": 0.00014291309198597447, "p_zero": 0.0, "point_rel": 0.07941311523318291, "residual_mse": 0.00014291309162217658, "temporal_rel": 0.8925422638654709, "tke_rel": 0.4852213814854622}
TRAIN {"angle_aug_abs_deg": 0.0, "aoa_effective_shift_abs_deg_mean": 0.9385582461953164, "aoa_meanfield_aug_fraction": 0.5375, "aoa_meanfield_lambda_mean": 0.18771164640784263, "delta_penalty": 3.621228679548949e-05, "grad_rel": 0.5268986418843269, "iteration": 1180, "loss": 0.14733200147747993, "lr": 0.000198287107813238, "mse": 0.00015835182748560327, "p_zero": 0.0, "point_rel": 0.08187793102115393, "residual_mse": 0.00015835182821319905, "temporal_rel": 0.892754140496254, "tke_rel": 0.5119956836104393}
TRAIN {"angle_aug_abs_deg": 0.0, "aoa_effective_shift_abs_deg_mean": 0.7278787270188332, "aoa_meanfield_aug_fraction": 0.43125, "aoa_meanfield_lambda_mean": 0.14557574456557631, "delta_penalty": 3.508405898173805e-05, "grad_rel": 0.5195435240864754, "iteration": 1200, "loss": 0.14348112009465694, "lr": 0.00019822872507286896, "mse": 0.0001323785098065855, "p_zero": 0.0, "point_rel": 0.07887983117252588, "residual_mse": 0.0001323785098065855, "temporal_rel": 0.8973066717386246, "tke_rel": 0.4974753871560097}
TRAIN {"angle_aug_abs_deg": 0.0, "aoa_effective_shift_abs_deg_mean": 0.8386564150452613, "aoa_meanfield_aug_fraction": 0.48125, "aoa_meanfield_lambda_mean": 0.16773128565400838, "delta_penalty": 3.721443954418646e-05, "grad_rel": 0.517978572845459, "iteration": 1220, "loss": 0.145850720256567, "lr": 0.00019816937285463998, "mse": 0.00015482721391890664, "p_zero": 0.0, "point_rel": 0.08101139664649963, "residual_mse": 0.00015482721246371512, "temporal_rel": 0.8885768949985504, "tke_rel": 0.5060857862234116}
TRAIN {"angle_aug_abs_deg": 0.0, "aoa_effective_shift_abs_deg_mean": 0.843460775911808, "aoa_meanfield_aug_fraction": 0.46875, "aoa_meanfield_lambda_mean": 0.1686921562999487, "delta_penalty": 3.595062189560849e-05, "grad_rel": 0.5150127694010734, "iteration": 1240, "loss": 0.1430332787334919, "lr": 0.00019810905174433342, "mse": 0.00013385069632931845, "p_zero": 0.0, "point_rel": 0.07905300855636596, "residual_mse": 0.00013385069632931845, "temporal_rel": 0.8963625639677048, "tke_rel": 0.4887221619486809}
TRAIN {"angle_aug_abs_deg": 0.0, "aoa_effective_shift_abs_deg_mean": 0.7166450798511506, "aoa_meanfield_aug_fraction": 0.39375, "aoa_meanfield_lambda_mean": 0.14332901667803527, "delta_penalty": 3.4837461862480267e-05, "grad_rel": 0.5207097098231316, "iteration": 1260, "loss": 0.1459973379969597, "lr": 0.0001980477623372945, "mse": 0.00013697035719815177, "p_zero": 0.0, "point_rel": 0.08048287481069565, "residual_mse": 0.0001369703561067581, "temporal_rel": 0.8992573648691178, "tke_rel": 0.511405186355114}
TRAIN {"angle_aug_abs_deg": 0.0, "aoa_effective_shift_abs_deg_mean": 0.8552951246500016, "aoa_meanfield_aug_fraction": 0.4875, "aoa_meanfield_lambda_mean": 0.17105902545154095, "delta_penalty": 3.3068047650886e-05, "grad_rel": 0.514781890809536, "iteration": 1280, "loss": 0.1427854724228382, "lr": 0.00019798550523842477, "mse": 0.00012328536049608375, "p_zero": 0.0, "point_rel": 0.07800541557371617, "residual_mse": 0.00012328536085988163, "temporal_rel": 0.8944519490003586, "tke_rel": 0.5031187415122986}
TRAIN {"angle_aug_abs_deg": 0.0, "aoa_effective_shift_abs_deg_mean": 0.8622894123196602, "aoa_meanfield_aug_fraction": 0.5125, "aoa_meanfield_lambda_mean": 0.172457879409194, "delta_penalty": 3.598347711886163e-05, "grad_rel": 0.5206232860684394, "iteration": 1300, "loss": 0.14436092525720595, "lr": 0.00019792228106217666, "mse": 0.0001531672016426455, "p_zero": 0.0, "point_rel": 0.0807279821485281, "residual_mse": 0.00015316720091504977, "temporal_rel": 0.8860057324171067, "tke_rel": 0.4866125598549843}
TRAIN {"angle_aug_abs_deg": 0.0, "aoa_effective_shift_abs_deg_mean": 0.7755484633147717, "aoa_meanfield_aug_fraction": 0.43125, "aoa_meanfield_lambda_mean": 0.1551096925511956, "delta_penalty": 3.956811233365443e-05, "grad_rel": 0.5185155540704727, "iteration": 1320, "loss": 0.1455713290721178, "lr": 0.0001978580904325472, "mse": 0.0001599419949343428, "p_zero": 0.0, "point_rel": 0.08045295514166355, "residual_mse": 0.00015994199529814068, "temporal_rel": 0.8995893448591232, "tke_rel": 0.5050697714090348}
TRAIN {"angle_aug_abs_deg": 0.0, "aoa_effective_shift_abs_deg_mean": 0.849079804122448, "aoa_meanfield_aug_fraction": 0.49375, "aoa_meanfield_lambda_mean": 0.16981596350669861, "delta_penalty": 3.787234318224364e-05, "grad_rel": 0.5221233993768692, "iteration": 1340, "loss": 0.14482842087745668, "lr": 0.00019779293398307216, "mse": 0.00015178038574958919, "p_zero": 0.0, "point_rel": 0.08024595193564892, "residual_mse": 0.00015178038574958919, "temporal_rel": 0.8959605097770691, "tke_rel": 0.49709186553955076}
TRAIN {"angle_aug_abs_deg": 0.0, "aoa_effective_shift_abs_deg_mean": 0.8368724226951599, "aoa_meanfield_aug_fraction": 0.4625, "aoa_meanfield_lambda_mean": 0.16737448498606683, "delta_penalty": 3.39854139383533e-05, "grad_rel": 0.5155949786305427, "iteration": 1360, "loss": 0.14273902736604213, "lr": 0.00019772681235681936, "mse": 0.00013161420338292373, "p_zero": 0.0, "point_rel": 0.07737411148846149, "residual_mse": 0.0001316142022915301, "temporal_rel": 0.8991617560386658, "tke_rel": 0.5102662786841392}
TRAIN {"angle_aug_abs_deg": 0.0, "aoa_effective_shift_abs_deg_mean": 0.7957118913531304, "aoa_meanfield_aug_fraction": 0.45, "aoa_meanfield_lambda_mean": 0.1591423787176609, "delta_penalty": 3.587904247979168e-05, "grad_rel": 0.5291383162140846, "iteration": 1380, "loss": 0.1465771995484829, "lr": 0.00019765972620638245, "mse": 0.00012411711777531308, "p_zero": 0.0, "point_rel": 0.0815091922879219, "residual_mse": 0.00012411711632012156, "temporal_rel": 0.8994268476963043, "tke_rel": 0.5018362268805504}
TRAIN {"angle_aug_abs_deg": 0.0, "aoa_effective_shift_abs_deg_mean": 0.8938183829188346, "aoa_meanfield_aug_fraction": 0.50625, "aoa_meanfield_lambda_mean": 0.1787636797875166, "delta_penalty": 3.6201993225404294e-05, "grad_rel": 0.5224027737975121, "iteration": 1400, "loss": 0.14566068351268768, "lr": 0.00019759167619387466, "mse": 0.0001525606323411921, "p_zero": 0.0, "point_rel": 0.07974105644971133, "residual_mse": 0.00015256063197739423, "temporal_rel": 0.9000257730484009, "tke_rel": 0.5172720313072204}
TRAIN {"angle_aug_abs_deg": 0.0, "aoa_effective_shift_abs_deg_mean": 0.7836861439049244, "aoa_meanfield_aug_fraction": 0.45, "aoa_meanfield_lambda_mean": 0.15673722764477133, "delta_penalty": 3.225214622943895e-05, "grad_rel": 0.5131221532821655, "iteration": 1420, "loss": 0.1425791136920452, "lr": 0.00019752266299092233, "mse": 0.00011100351021013921, "p_zero": 0.0, "point_rel": 0.07734108939766884, "residual_mse": 0.00011100351021013921, "temporal_rel": 0.9019339591264725, "tke_rel": 0.5074871420860291}
TRAIN {"angle_aug_abs_deg": 0.0, "aoa_effective_shift_abs_deg_mean": 0.8644170865416527, "aoa_meanfield_aug_fraction": 0.5, "aoa_meanfield_lambda_mean": 0.17288342192769052, "delta_penalty": 3.474735631243675e-05, "grad_rel": 0.5280253544449807, "iteration": 1440, "loss": 0.14777131900191307, "lr": 0.00019745268727865766, "mse": 0.00014366588784469058, "p_zero": 0.0, "point_rel": 0.0816230185329914, "residual_mse": 0.00014366588675329695, "temporal_rel": 0.9000149548053742, "tke_rel": 0.5197279766201973}
TRAIN {"angle_aug_abs_deg": 0.0, "aoa_effective_shift_abs_deg_mean": 0.71819768846035, "aoa_meanfield_aug_fraction": 0.4375, "aoa_meanfield_lambda_mean": 0.14363953694701195, "delta_penalty": 3.395748735783855e-05, "grad_rel": 0.5082824155688286, "iteration": 1460, "loss": 0.14174704439938068, "lr": 0.0001973817497477128, "mse": 0.00012418558735589614, "p_zero": 0.0, "point_rel": 0.0765787273645401, "residual_mse": 0.0001241855880834919, "temporal_rel": 0.8982372343540191, "tke_rel": 0.5093171745538712}
TRAIN {"angle_aug_abs_deg": 0.0, "aoa_effective_shift_abs_deg_mean": 0.7616629660129547, "aoa_meanfield_aug_fraction": 0.44375, "aoa_meanfield_lambda_mean": 0.1523325927555561, "delta_penalty": 3.488704842311563e-05, "grad_rel": 0.5122763365507126, "iteration": 1480, "loss": 0.14368810281157493, "lr": 0.00019730985109821253, "mse": 0.00013728318881476299, "p_zero": 0.0, "point_rel": 0.07878901213407516, "residual_mse": 0.00013728318699577358, "temporal_rel": 0.8915143460035324, "tke_rel": 0.507127246260643}
TRAIN {"angle_aug_abs_deg": 0.0, "aoa_effective_shift_abs_deg_mean": 0.8381219282746315, "aoa_meanfield_aug_fraction": 0.48125, "aoa_meanfield_lambda_mean": 0.16762438789010048, "delta_penalty": 3.4364791645202786e-05, "grad_rel": 0.5127600505948067, "iteration": 1500, "loss": 0.14365870654582977, "lr": 0.00019723699203976757, "mse": 0.00014312439925561192, "p_zero": 0.0, "point_rel": 0.07817655988037586, "residual_mse": 0.00014312439925561192, "temporal_rel": 0.896812629699707, "tke_rel": 0.5140457183122635}
TRAIN {"angle_aug_abs_deg": 0.0, "aoa_effective_shift_abs_deg_mean": 0.8041659325361252, "aoa_meanfield_aug_fraction": 0.45625, "aoa_meanfield_lambda_mean": 0.160833191126585, "delta_penalty": 3.362846746313153e-05, "grad_rel": 0.5091634213924408, "iteration": 1520, "loss": 0.1409401021897793, "lr": 0.0001971631732914673, "mse": 0.00013302627521625255, "p_zero": 0.0, "point_rel": 0.07641173154115677, "residual_mse": 0.0001330262759438483, "temporal_rel": 0.8958188742399216, "tke_rel": 0.49959622621536254}
TRAIN {"angle_aug_abs_deg": 0.0, "aoa_effective_shift_abs_deg_mean": 0.8615856096148491, "aoa_meanfield_aug_fraction": 0.45625, "aoa_meanfield_lambda_mean": 0.17231712266802787, "delta_penalty": 3.461284595687175e-05, "grad_rel": 0.5211634933948517, "iteration": 1540, "loss": 0.1443004183471203, "lr": 0.00019708839558187305, "mse": 0.00014659518674307038, "p_zero": 0.0, "point_rel": 0.07931108623743058, "residual_mse": 0.00014659518674307038, "temporal_rel": 0.8951547175645829, "tke_rel": 0.5045428171753883}
TRAIN {"angle_aug_abs_deg": 0.0, "aoa_effective_shift_abs_deg_mean": 0.7652223691344261, "aoa_meanfield_aug_fraction": 0.44375, "aoa_meanfield_lambda_mean": 0.1530444735661149, "delta_penalty": 3.459606846263341e-05, "grad_rel": 0.5178620159626007, "iteration": 1560, "loss": 0.14564380943775176, "lr": 0.00019701265964901054, "mse": 0.00013599101448562577, "p_zero": 0.0, "point_rel": 0.08101436011493206, "residual_mse": 0.00013599101303043425, "temporal_rel": 0.8890653073787689, "tke_rel": 0.5024677887558937}
TRAIN {"angle_aug_abs_deg": 0.0, "aoa_effective_shift_abs_deg_mean": 0.71031379327178, "aoa_meanfield_aug_fraction": 0.40625, "aoa_meanfield_lambda_mean": 0.14206275921314954, "delta_penalty": 3.3876080578920664e-05, "grad_rel": 0.4992526039481163, "iteration": 1580, "loss": 0.13854323886334896, "lr": 0.00019693596624036278, "mse": 0.00012297632929403335, "p_zero": 0.0, "point_rel": 0.07438813038170337, "residual_mse": 0.00012297632929403335, "temporal_rel": 0.8938344419002533, "tke_rel": 0.496895270049572}
TRAIN {"angle_aug_abs_deg": 0.0, "aoa_effective_shift_abs_deg_mean": 0.8291474148631096, "aoa_meanfield_aug_fraction": 0.475, "aoa_meanfield_lambda_mean": 0.1658294875174761, "delta_penalty": 3.7770879498566504e-05, "grad_rel": 0.5284890025854111, "iteration": 1600, "loss": 0.14914964511990547, "lr": 0.000196858316112863, "mse": 0.0001516045529569965, "p_zero": 0.0, "point_rel": 0.08349883146584033, "residual_mse": 0.00015160455332079436, "temporal_rel": 0.9001044869422913, "tke_rel": 0.5112351804971695}
TRAIN {"angle_aug_abs_deg": 0.0, "aoa_effective_shift_abs_deg_mean": 0.7443911910057068, "aoa_meanfield_aug_fraction": 0.425, "aoa_meanfield_lambda_mean": 0.14887823760509492, "delta_penalty": 3.429845519349328e-05, "grad_rel": 0.507843816280365, "iteration": 1620, "loss": 0.14278197474777699, "lr": 0.00019677971003288647, "mse": 0.00013249268977233442, "p_zero": 0.0, "point_rel": 0.07806417234241962, "residual_mse": 0.00013249268977233442, "temporal_rel": 0.8923896521329879, "tke_rel": 0.5048003435134888}
TRAIN {"angle_aug_abs_deg": 0.0, "aoa_effective_shift_abs_deg_mean": 0.8341550454497337, "aoa_meanfield_aug_fraction": 0.49375, "aoa_meanfield_lambda_mean": 0.16683100759983063, "delta_penalty": 3.905856628989568e-05, "grad_rel": 0.5258066684007645, "iteration": 1640, "loss": 0.1488891139626503, "lr": 0.0001967001487762435, "mse": 0.00017055747484846507, "p_zero": 0.0, "point_rel": 0.08302931897342206, "residual_mse": 0.00017055747266567778, "temporal_rel": 0.8992311924695968, "tke_rel": 0.5157302483916283}
TRAIN {"angle_aug_abs_deg": 0.0, "aoa_effective_shift_abs_deg_mean": 0.9024299696087837, "aoa_meanfield_aug_fraction": 0.4875, "aoa_meanfield_lambda_mean": 0.18048599734902382, "delta_penalty": 3.336732424941147e-05, "grad_rel": 0.5110094994306564, "iteration": 1660, "loss": 0.1400200504809618, "lr": 0.00019661963312817148, "mse": 0.00011829437062260695, "p_zero": 0.0, "point_rel": 0.07606173530220986, "residual_mse": 0.00011829436880361754, "temporal_rel": 0.9006116271018982, "tke_rel": 0.4873110979795456}
TRAIN {"angle_aug_abs_deg": 0.0, "aoa_effective_shift_abs_deg_mean": 0.7389070644974709, "aoa_meanfield_aug_fraction": 0.425, "aoa_meanfield_lambda_mean": 0.14778141342103482, "delta_penalty": 3.4164954831794604e-05, "grad_rel": 0.5178357243537903, "iteration": 1680, "loss": 0.14354523196816443, "lr": 0.0001965381638833274, "mse": 0.00012737285633193096, "p_zero": 0.0, "point_rel": 0.07822427041828632, "residual_mse": 0.00012737285633193096, "temporal_rel": 0.9087614387273788, "tke_rel": 0.5041948303580284}
TRAIN {"angle_aug_abs_deg": 0.0, "aoa_effective_shift_abs_deg_mean": 0.8778341472148895, "aoa_meanfield_aug_fraction": 0.49375, "aoa_meanfield_lambda_mean": 0.1755668308585882, "delta_penalty": 3.751908825506689e-05, "grad_rel": 0.5144319534301758, "iteration": 1700, "loss": 0.1423296518623829, "lr": 0.0001964557418457799, "mse": 0.00013810629970976152, "p_zero": 0.0, "point_rel": 0.07732930630445481, "residual_mse": 0.00013810629825457, "temporal_rel": 0.8969238728284836, "tke_rel": 0.5055661231279374}
TRAIN {"angle_aug_abs_deg": 0.0, "aoa_effective_shift_abs_deg_mean": 0.8209630362689495, "aoa_meanfield_aug_fraction": 0.46875, "aoa_meanfield_lambda_mean": 0.16419260445982217, "delta_penalty": 4.066468736709794e-05, "grad_rel": 0.5203265950083733, "iteration": 1720, "loss": 0.14688970670104026, "lr": 0.00019637236782900114, "mse": 0.00016180187813006342, "p_zero": 0.0, "point_rel": 0.08164980225265026, "residual_mse": 0.00016180187813006342, "temporal_rel": 0.9016354322433472, "tke_rel": 0.5056098476052284}
TRAIN {"angle_aug_abs_deg": 0.0, "aoa_effective_shift_abs_deg_mean": 0.7617479577660561, "aoa_meanfield_aug_fraction": 0.4625, "aoa_meanfield_lambda_mean": 0.1523495927453041, "delta_penalty": 3.532533382895053e-05, "grad_rel": 0.512642714381218, "iteration": 1740, "loss": 0.14337324649095534, "lr": 0.00019628804265585894, "mse": 0.00013613398314191728, "p_zero": 0.0, "point_rel": 0.07812363374978304, "residual_mse": 0.00013613398168672576, "temporal_rel": 0.9004878491163254, "tke_rel": 0.5083966106176376}
TRAIN {"angle_aug_abs_deg": 0.0, "aoa_effective_shift_abs_deg_mean": 0.7287098407745362, "aoa_meanfield_aug_fraction": 0.4625, "aoa_meanfield_lambda_mean": 0.1457419689744711, "delta_penalty": 3.599239162213053e-05, "grad_rel": 0.5235436975955963, "iteration": 1760, "loss": 0.14744181036949158, "lr": 0.00019620276715860878, "mse": 0.00015280140869435854, "p_zero": 0.0, "point_rel": 0.08127644024789334, "residual_mse": 0.00015280140651157125, "temporal_rel": 0.9024564802646637, "tke_rel": 0.5198660299181939}
TRAIN {"angle_aug_abs_deg": 0.0, "aoa_effective_shift_abs_deg_mean": 0.8667998448014259, "aoa_meanfield_aug_fraction": 0.49375, "aoa_meanfield_lambda_mean": 0.1733599729835987, "delta_penalty": 3.638153548308764e-05, "grad_rel": 0.524867182970047, "iteration": 1780, "loss": 0.14708083793520926, "lr": 0.0001961165421788854, "mse": 0.0001332726616965374, "p_zero": 0.0, "point_rel": 0.08169450871646404, "residual_mse": 0.00013327266096894164, "temporal_rel": 0.9024968802928924, "tke_rel": 0.5066284269094468}
TRAIN {"angle_aug_abs_deg": 0.0, "aoa_effective_shift_abs_deg_mean": 0.7467091172933579, "aoa_meanfield_aug_fraction": 0.425, "aoa_meanfield_lambda_mean": 0.14934182465076445, "delta_penalty": 3.359385636940715e-05, "grad_rel": 0.5127346649765968, "iteration": 1800, "loss": 0.1432907059788704, "lr": 0.0001960293685676945, "mse": 0.0001303682767684222, "p_zero": 0.0, "point_rel": 0.07830503676086664, "residual_mse": 0.0001303682767684222, "temporal_rel": 0.8935104578733444, "tke_rel": 0.5074925601482392}
TRAIN {"angle_aug_abs_deg": 0.0, "aoa_effective_shift_abs_deg_mean": 0.7512079432606698, "aoa_meanfield_aug_fraction": 0.4375, "aoa_meanfield_lambda_mean": 0.15024159364402295, "delta_penalty": 3.321798676552135e-05, "grad_rel": 0.5065189152956009, "iteration": 1820, "loss": 0.14024429470300676, "lr": 0.00019594124718540448, "mse": 0.0001313235690759029, "p_zero": 0.0, "point_rel": 0.0750942885875702, "residual_mse": 0.00013132357016729657, "temporal_rel": 0.9020758360624314, "tke_rel": 0.5074981495738029}
TRAIN {"angle_aug_abs_deg": 0.0, "aoa_effective_shift_abs_deg_mean": 0.7937445223331452, "aoa_meanfield_aug_fraction": 0.45, "aoa_meanfield_lambda_mean": 0.15874890293926, "delta_penalty": 3.426638377277413e-05, "grad_rel": 0.5123916238546371, "iteration": 1840, "loss": 0.14262138679623604, "lr": 0.00019585217890173782, "mse": 0.0001263777556232526, "p_zero": 0.0, "point_rel": 0.07848500460386276, "residual_mse": 0.00012637775525945472, "temporal_rel": 0.8872490912675858, "tke_rel": 0.49657393544912337}
TRAIN {"angle_aug_abs_deg": 0.0, "aoa_effective_shift_abs_deg_mean": 0.8973898947238922, "aoa_meanfield_aug_fraction": 0.5125, "aoa_meanfield_lambda_mean": 0.17947797924280168, "delta_penalty": 3.486575787974289e-05, "grad_rel": 0.5246774658560753, "iteration": 1860, "loss": 0.14490536451339722, "lr": 0.00019576216459576244, "mse": 0.00013310814265423687, "p_zero": 0.0, "point_rel": 0.08052876740694045, "residual_mse": 0.00013310814119904535, "temporal_rel": 0.8939063817262649, "tke_rel": 0.49414354711771014}
TRAIN {"angle_aug_abs_deg": 0.0, "aoa_effective_shift_abs_deg_mean": 0.9853718236088753, "aoa_meanfield_aug_fraction": 0.54375, "aoa_meanfield_lambda_mean": 0.19707436449825763, "delta_penalty": 3.3335234638798285e-05, "grad_rel": 0.5209483146667481, "iteration": 1880, "loss": 0.14366659633815287, "lr": 0.0001956712051558832, "mse": 0.00012160904752818169, "p_zero": 0.0, "point_rel": 0.07886139899492264, "residual_mse": 0.00012160904607299017, "temporal_rel": 0.8956758141517639, "tke_rel": 0.501392486691475}
TRAIN {"angle_aug_abs_deg": 0.0, "aoa_effective_shift_abs_deg_mean": 0.7797708317637444, "aoa_meanfield_aug_fraction": 0.4375, "aoa_meanfield_lambda_mean": 0.15595416575670243, "delta_penalty": 3.6350557184050555e-05, "grad_rel": 0.5172576636075974, "iteration": 1900, "loss": 0.14418505541980267, "lr": 0.0001955793014798331, "mse": 0.0001417138328179135, "p_zero": 0.0, "point_rel": 0.07965547665953636, "residual_mse": 0.00014171383354550927, "temporal_rel": 0.8884161144495011, "tke_rel": 0.5012498661875725}
TRAIN {"angle_aug_abs_deg": 0.0, "aoa_effective_shift_abs_deg_mean": 0.8717507496476173, "aoa_meanfield_aug_fraction": 0.475, "aoa_meanfield_lambda_mean": 0.17435014974325896, "delta_penalty": 3.477957679933752e-05, "grad_rel": 0.5283431217074395, "iteration": 1920, "loss": 0.1476424105465412, "lr": 0.00019548645447466442, "mse": 0.00014164089116093238, "p_zero": 0.0, "point_rel": 0.08285087794065475, "residual_mse": 0.00014164089188852813, "temporal_rel": 0.8969298481941224, "tke_rel": 0.498588402569294}
TRAIN {"angle_aug_abs_deg": 0.0, "aoa_effective_shift_abs_deg_mean": 0.843140161037445, "aoa_meanfield_aug_fraction": 0.49375, "aoa_meanfield_lambda_mean": 0.1686280297115445, "delta_penalty": 3.324199678900186e-05, "grad_rel": 0.5023083984851837, "iteration": 1940, "loss": 0.13806393109261988, "lr": 0.00019539266505673946, "mse": 0.00012285854936635587, "p_zero": 0.0, "point_rel": 0.07446802128106356, "residual_mse": 0.00012285855009395164, "temporal_rel": 0.8923818200826645, "tke_rel": 0.48753842413425447}
TRAIN {"angle_aug_abs_deg": 0.0, "aoa_effective_shift_abs_deg_mean": 0.8560127846896648, "aoa_meanfield_aug_fraction": 0.5125, "aoa_meanfield_lambda_mean": 0.1712025573477149, "delta_penalty": 3.60500372153183e-05, "grad_rel": 0.523216626048088, "iteration": 1960, "loss": 0.14533097743988038, "lr": 0.00019529793415172205, "mse": 0.00014376200415426864, "p_zero": 0.0, "point_rel": 0.08028493747115135, "residual_mse": 0.000143762003062875, "temporal_rel": 0.8949738919734955, "tke_rel": 0.5050787687301636}
TRAIN {"angle_aug_abs_deg": 0.0, "aoa_effective_shift_abs_deg_mean": 0.8354908972978592, "aoa_meanfield_aug_fraction": 0.46875, "aoa_meanfield_lambda_mean": 0.16709818094968795, "delta_penalty": 3.767611970033613e-05, "grad_rel": 0.5145737484097481, "iteration": 1980, "loss": 0.14248931594192982, "lr": 0.00019520226269456782, "mse": 0.00015510199809796177, "p_zero": 0.0, "point_rel": 0.07850430998951197, "residual_mse": 0.000155101997370366, "temporal_rel": 0.89215689599514, "tke_rel": 0.4909068033099174}
TRAIN {"angle_aug_abs_deg": 0.0, "aoa_effective_shift_abs_deg_mean": 0.8712509140372277, "aoa_meanfield_aug_fraction": 0.4875, "aoa_meanfield_lambda_mean": 0.17425018902868034, "delta_penalty": 3.454876650721417e-05, "grad_rel": 0.5213272333145141, "iteration": 2000, "loss": 0.14803049452602862, "lr": 0.00019510565162951548, "mse": 0.00013818125335092192, "p_zero": 0.0, "point_rel": 0.08159330282360315, "residual_mse": 0.00013818125298712403, "temporal_rel": 0.8935232698917389, "tke_rel": 0.5294907256960869}
TRAIN {"angle_aug_abs_deg": 0.0, "aoa_effective_shift_abs_deg_mean": 0.8646657139062881, "aoa_meanfield_aug_fraction": 0.50625, "aoa_meanfield_lambda_mean": 0.1729331471025944, "delta_penalty": 3.676397191156866e-05, "grad_rel": 0.5298235520720482, "iteration": 2020, "loss": 0.14891287237405776, "lr": 0.0001950081019100773, "mse": 0.00017298864913755095, "p_zero": 0.0, "point_rel": 0.08284697905182839, "residual_mse": 0.0001729886505927425, "temporal_rel": 0.8963975161314011, "tke_rel": 0.5195664212107658}
TRAIN {"angle_aug_abs_deg": 0.0, "aoa_effective_shift_abs_deg_mean": 0.8802394151687623, "aoa_meanfield_aug_fraction": 0.5, "aoa_meanfield_lambda_mean": 0.17604788038879632, "delta_penalty": 3.6558441752276846e-05, "grad_rel": 0.519952529668808, "iteration": 2040, "loss": 0.14571972340345382, "lr": 0.0001949096144990296, "mse": 0.00015177337354543852, "p_zero": 0.0, "point_rel": 0.08118224069476128, "residual_mse": 0.00015177337281784274, "temporal_rel": 0.8885041415691376, "tke_rel": 0.5006134524941445}
TRAIN {"angle_aug_abs_deg": 0.0, "aoa_effective_shift_abs_deg_mean": 0.8933250546455384, "aoa_meanfield_aug_fraction": 0.51875, "aoa_meanfield_lambda_mean": 0.17866501212120056, "delta_penalty": 3.509098241920583e-05, "grad_rel": 0.5342731431126595, "iteration": 2060, "loss": 0.14629310183227062, "lr": 0.0001948101903684033, "mse": 0.00014355271960084793, "p_zero": 0.0, "point_rel": 0.08149178065359593, "residual_mse": 0.00014355272105603945, "temporal_rel": 0.8950813204050064, "tke_rel": 0.498183599114418}
TRAIN {"angle_aug_abs_deg": 0.0, "aoa_effective_shift_abs_deg_mean": 0.8653712302446366, "aoa_meanfield_aug_fraction": 0.5125, "aoa_meanfield_lambda_mean": 0.17307424694299697, "delta_penalty": 3.3924820763786555e-05, "grad_rel": 0.5271048232913017, "iteration": 2080, "loss": 0.14719743728637696, "lr": 0.0001947098304994745, "mse": 0.00013933056598034455, "p_zero": 0.0, "point_rel": 0.08208491578698159, "residual_mse": 0.00013933056525274878, "temporal_rel": 0.8950150668621063, "tke_rel": 0.505217008292675}
TRAIN {"angle_aug_abs_deg": 0.0, "aoa_effective_shift_abs_deg_mean": 0.8108385525643825, "aoa_meanfield_aug_fraction": 0.45625, "aoa_meanfield_lambda_mean": 0.16216771267354488, "delta_penalty": 3.3342904680466744e-05, "grad_rel": 0.5140671968460083, "iteration": 2100, "loss": 0.14289777651429175, "lr": 0.00019460853588275454, "mse": 0.00011459308170742588, "p_zero": 0.0, "point_rel": 0.07741052955389023, "residual_mse": 0.00011459308170742588, "temporal_rel": 0.9019105285406113, "tke_rel": 0.5113979950547218}
TRAIN {"angle_aug_abs_deg": 0.0, "aoa_effective_shift_abs_deg_mean": 0.7348818644881249, "aoa_meanfield_aug_fraction": 0.41875, "aoa_meanfield_lambda_mean": 0.14697637371718883, "delta_penalty": 3.478101907603559e-05, "grad_rel": 0.5181793093681335, "iteration": 2120, "loss": 0.1439376763999462, "lr": 0.00019450630751798048, "mse": 0.0001271842282221769, "p_zero": 0.0, "point_rel": 0.07908696588128805, "residual_mse": 0.00012718422749458114, "temporal_rel": 0.9004130989313126, "tke_rel": 0.5004462838172913}
TRAIN {"angle_aug_abs_deg": 0.0, "aoa_effective_shift_abs_deg_mean": 0.7845037192106247, "aoa_meanfield_aug_fraction": 0.4375, "aoa_meanfield_lambda_mean": 0.15690074153244496, "delta_penalty": 3.6573789020621914e-05, "grad_rel": 0.5104659721255302, "iteration": 2140, "loss": 0.14319653622806072, "lr": 0.00019440314641410494, "mse": 0.00015444044074683916, "p_zero": 0.0, "point_rel": 0.07882831543684006, "residual_mse": 0.00015444044038304128, "temporal_rel": 0.8872850835323334, "tke_rel": 0.5007602632045746}
TRAIN {"angle_aug_abs_deg": 0.0, "aoa_effective_shift_abs_deg_mean": 0.7666637793183326, "aoa_meanfield_aug_fraction": 0.44375, "aoa_meanfield_lambda_mean": 0.15333275888115167, "delta_penalty": 3.376122576810303e-05, "grad_rel": 0.5108806312084198, "iteration": 2160, "loss": 0.14091941863298416, "lr": 0.0001942990535892864, "mse": 0.00012408632628648774, "p_zero": 0.0, "point_rel": 0.07642612010240554, "residual_mse": 0.00012408632701408351, "temporal_rel": 0.8965661019086838, "tke_rel": 0.49825339764356613}
TRAIN {"angle_aug_abs_deg": 0.0, "aoa_effective_shift_abs_deg_mean": 0.829414276778698, "aoa_meanfield_aug_fraction": 0.48125, "aoa_meanfield_lambda_mean": 0.16588285379111767, "delta_penalty": 3.402957518119365e-05, "grad_rel": 0.5103015691041947, "iteration": 2180, "loss": 0.14013545401394367, "lr": 0.000194194030070879, "mse": 0.00012777342344634236, "p_zero": 0.0, "point_rel": 0.07602193262428045, "residual_mse": 0.00012777342471963492, "temporal_rel": 0.8925555229187012, "tke_rel": 0.49405530095100403}
TRAIN {"angle_aug_abs_deg": 0.0, "aoa_effective_shift_abs_deg_mean": 0.8227724641561508, "aoa_meanfield_aug_fraction": 0.4625, "aoa_meanfield_lambda_mean": 0.1645544942468405, "delta_penalty": 3.494003703963244e-05, "grad_rel": 0.5177165046334267, "iteration": 2200, "loss": 0.14488538205623627, "lr": 0.0001940880768954225, "mse": 0.00013433795702439967, "p_zero": 0.0, "point_rel": 0.07921961136162281, "residual_mse": 0.0001343379572062986, "temporal_rel": 0.9001252174377441, "tke_rel": 0.5142544567584991}
TRAIN {"angle_aug_abs_deg": 0.0, "aoa_effective_shift_abs_deg_mean": 0.7937549665570259, "aoa_meanfield_aug_fraction": 0.45, "aoa_meanfield_lambda_mean": 0.15875099711120128, "delta_penalty": 3.4472048173483924e-05, "grad_rel": 0.5125572800636291, "iteration": 2220, "loss": 0.14370890855789184, "lr": 0.00019398119510863194, "mse": 0.00013960349424451123, "p_zero": 0.0, "point_rel": 0.07849279213696718, "residual_mse": 0.000139603494972107, "temporal_rel": 0.8970546215772629, "tke_rel": 0.509559129178524}
TRAIN {"angle_aug_abs_deg": 0.0, "aoa_effective_shift_abs_deg_mean": 0.9104952290654182, "aoa_meanfield_aug_fraction": 0.5125, "aoa_meanfield_lambda_mean": 0.18209904246032238, "delta_penalty": 3.750207124539884e-05, "grad_rel": 0.5218816071748733, "iteration": 2240, "loss": 0.14401978105306626, "lr": 0.00019387338576538739, "mse": 0.00014254088746383785, "p_zero": 0.0, "point_rel": 0.07898512147367001, "residual_mse": 0.0001425408852810506, "temporal_rel": 0.8955639094114304, "tke_rel": 0.5049334451556206}
TRAIN {"angle_aug_abs_deg": 0.0, "aoa_effective_shift_abs_deg_mean": 0.9246411144733429, "aoa_meanfield_aug_fraction": 0.5375, "aoa_meanfield_lambda_mean": 0.18492822721600533, "delta_penalty": 3.492357909635757e-05, "grad_rel": 0.5218415230512619, "iteration": 2260, "loss": 0.14612938091158867, "lr": 0.00019376464992972353, "mse": 0.0001279562606214313, "p_zero": 0.0, "point_rel": 0.08091318681836128, "residual_mse": 0.00012795625916623977, "temporal_rel": 0.9038481056690216, "tke_rel": 0.5039007380604744}
TRAIN {"angle_aug_abs_deg": 0.0, "aoa_effective_shift_abs_deg_mean": 0.7191225528717041, "aoa_meanfield_aug_fraction": 0.43125, "aoa_meanfield_lambda_mean": 0.14382451307028532, "delta_penalty": 3.440774289629189e-05, "grad_rel": 0.5117713674902916, "iteration": 2280, "loss": 0.14387644045054912, "lr": 0.00019365498867481926, "mse": 0.00013688347698916913, "p_zero": 0.0, "point_rel": 0.0788212301209569, "residual_mse": 0.0001368834795357543, "temporal_rel": 0.8921622723340988, "tke_rel": 0.5095336720347404}
TRAIN {"angle_aug_abs_deg": 0.0, "aoa_effective_shift_abs_deg_mean": 0.898245707154274, "aoa_meanfield_aug_fraction": 0.50625, "aoa_meanfield_lambda_mean": 0.17964914292097092, "delta_penalty": 3.972717995566199e-05, "grad_rel": 0.5217821344733238, "iteration": 2300, "loss": 0.1464205902069807, "lr": 0.0001935444030829868, "mse": 0.0001576304141053697, "p_zero": 0.0, "point_rel": 0.08180673625320196, "residual_mse": 0.00015763041446916758, "temporal_rel": 0.8986077755689621, "tke_rel": 0.4963467434048653}
TRAIN {"angle_aug_abs_deg": 0.0, "aoa_effective_shift_abs_deg_mean": 0.8927558496594429, "aoa_meanfield_aug_fraction": 0.51875, "aoa_meanfield_lambda_mean": 0.17855116818100214, "delta_penalty": 3.246548767492641e-05, "grad_rel": 0.5159852802753448, "iteration": 2320, "loss": 0.14306011758744716, "lr": 0.00019343289424566127, "mse": 0.00012954661888215925, "p_zero": 0.0, "point_rel": 0.07706258837133646, "residual_mse": 0.0001295466192459571, "temporal_rel": 0.9050168305635452, "tke_rel": 0.5177955120801926}
TRAIN {"angle_aug_abs_deg": 0.0, "aoa_effective_shift_abs_deg_mean": 0.8722334265708923, "aoa_meanfield_aug_fraction": 0.48125, "aoa_meanfield_lambda_mean": 0.17444668412208558, "delta_penalty": 3.5731612751988e-05, "grad_rel": 0.5158219739794732, "iteration": 2340, "loss": 0.14277719967067243, "lr": 0.0001933204632633899, "mse": 0.00014574630731658544, "p_zero": 0.0, "point_rel": 0.07807896640151739, "residual_mse": 0.0001457463065889897, "temporal_rel": 0.8958322733640671, "tke_rel": 0.5006916329264641}
TRAIN {"angle_aug_abs_deg": 0.0, "aoa_effective_shift_abs_deg_mean": 0.8367258340120316, "aoa_meanfield_aug_fraction": 0.48125, "aoa_meanfield_lambda_mean": 0.16734516639262437, "delta_penalty": 3.602908664106508e-05, "grad_rel": 0.5188255593180656, "iteration": 2360, "loss": 0.14454197324812412, "lr": 0.0001932071112458211, "mse": 0.0001463957816667971, "p_zero": 0.0, "point_rel": 0.07939422503113747, "residual_mse": 0.00014639577875641407, "temporal_rel": 0.9025579750537872, "tke_rel": 0.504066526889801}
TRAIN {"angle_aug_abs_deg": 0.0, "aoa_effective_shift_abs_deg_mean": 0.9043447434902191, "aoa_meanfield_aug_fraction": 0.51875, "aoa_meanfield_lambda_mean": 0.18086894899606704, "delta_penalty": 3.452082037256332e-05, "grad_rel": 0.5139053449034691, "iteration": 2380, "loss": 0.14190218821167946, "lr": 0.0001930928393116936, "mse": 0.0001350616717900266, "p_zero": 0.0, "point_rel": 0.07752809263765811, "residual_mse": 0.0001350616732452181, "temporal_rel": 0.8939978599548339, "tke_rel": 0.4967395603656769}
TRAIN {"angle_aug_abs_deg": 0.0, "aoa_effective_shift_abs_deg_mean": 0.8045120805501937, "aoa_meanfield_aug_fraction": 0.45625, "aoa_meanfield_lambda_mean": 0.1609024193137884, "delta_penalty": 3.615162559071905e-05, "grad_rel": 0.5212596312165261, "iteration": 2400, "loss": 0.14474601522088051, "lr": 0.00019297764858882527, "mse": 0.00013391209286055527, "p_zero": 0.0, "point_rel": 0.07906824201345444, "residual_mse": 0.00013391209213295952, "temporal_rel": 0.89646135866642, "tke_rel": 0.5154024302959442}
TRAIN {"angle_aug_abs_deg": 0.0, "aoa_effective_shift_abs_deg_mean": 0.7571188300848007, "aoa_meanfield_aug_fraction": 0.4375, "aoa_meanfield_lambda_mean": 0.15142376609146596, "delta_penalty": 3.745410831470508e-05, "grad_rel": 0.517078597843647, "iteration": 2420, "loss": 0.14579042978584766, "lr": 0.0001928615402141019, "mse": 0.00016280688214465044, "p_zero": 0.0, "point_rel": 0.08054571114480495, "residual_mse": 0.00016280688250844833, "temporal_rel": 0.8999016761779786, "tke_rel": 0.5073650807142258}
TRAIN {"angle_aug_abs_deg": 0.0, "aoa_effective_shift_abs_deg_mean": 0.8381844073534012, "aoa_meanfield_aug_fraction": 0.475, "aoa_meanfield_lambda_mean": 0.16763687850907444, "delta_penalty": 3.564901735444437e-05, "grad_rel": 0.5181035920977592, "iteration": 2440, "loss": 0.1447735320776701, "lr": 0.00019274451533346626, "mse": 0.00013386915607043192, "p_zero": 0.0, "point_rel": 0.07998553905636072, "residual_mse": 0.0001338691542514425, "temporal_rel": 0.894760325551033, "tke_rel": 0.5022126108407974}
TRAIN {"angle_aug_abs_deg": 0.0, "aoa_effective_shift_abs_deg_mean": 0.7170432314276696, "aoa_meanfield_aug_fraction": 0.40625, "aoa_meanfield_lambda_mean": 0.1434086436405778, "delta_penalty": 3.496245426504174e-05, "grad_rel": 0.5258034214377403, "iteration": 2460, "loss": 0.147313429415226, "lr": 0.00019262657510190682, "mse": 0.00013891472117393277, "p_zero": 0.0, "point_rel": 0.08230143673717975, "residual_mse": 0.00013891471971874125, "temporal_rel": 0.8971343040466309, "tke_rel": 0.5028089985251427}
TRAIN {"angle_aug_abs_deg": 0.0, "aoa_effective_shift_abs_deg_mean": 0.7852637901902199, "aoa_meanfield_aug_fraction": 0.45, "aoa_meanfield_lambda_mean": 0.1570527559146285, "delta_penalty": 3.63236979865178e-05, "grad_rel": 0.5135247856378555, "iteration": 2480, "loss": 0.1413179762661457, "lr": 0.00019250772068344602, "mse": 0.00012970511070307112, "p_zero": 0.0, "point_rel": 0.07739916630089283, "residual_mse": 0.00012970511161256582, "temporal_rel": 0.8940130472183228, "tke_rel": 0.48926515579223634}
TRAIN {"angle_aug_abs_deg": 0.0, "aoa_effective_shift_abs_deg_mean": 0.9234847106039524, "aoa_meanfield_aug_fraction": 0.54375, "aoa_meanfield_lambda_mean": 0.18469693679362537, "delta_penalty": 3.435740618442651e-05, "grad_rel": 0.5210672453045845, "iteration": 2500, "loss": 0.14408921897411348, "lr": 0.0001923879532511289, "mse": 0.000136611818743404, "p_zero": 0.0, "point_rel": 0.07935876622796059, "residual_mse": 0.00013661181801580825, "temporal_rel": 0.893623098731041, "tke_rel": 0.5010680332779884}
EVAL_TOP {"alpha": 1.0, "best_bound_abs": 0.0075, "best_bound_rel": 0.0075, "best_bounds": [{"abs": 0.0075, "coverage": 0.8286458778381348, "final_est": 81.46012264090025, "rel": 0.0075, "sps_raw": 0.4767916452884674, "sps_score_linear": 47.67916452884674, "sps_score_used": 47.67916452884674}], "best_final_est": 81.46012264090025, "iteration": 2500, "mean_t_neural_s": 0.01762683533, "mvpe": 0.07505348399281501, "mvpe_score": 96.38305785504876, "n": 640, "rel_l2": 0.08250939678400755, "rel_l2_score": 96.03798201768379, "time_score": 86.54248999999716, "tke": 0.47960774302482606, "tke_score": 80.65791880292478}
TRAIN {"angle_aug_abs_deg": 0.0, "aoa_effective_shift_abs_deg_mean": 0.6932704634964466, "aoa_meanfield_aug_fraction": 0.41875, "aoa_meanfield_lambda_mean": 0.1386540925130248, "delta_penalty": 3.8761917403462574e-05, "grad_rel": 0.5199241623282432, "iteration": 2520, "loss": 0.1461226422339678, "lr": 0.0001922672739870117, "mse": 0.00015822367895452772, "p_zero": 0.0, "point_rel": 0.08117563277482986, "residual_mse": 0.00015822367713553832, "temporal_rel": 0.8925260037183762, "tke_rel": 0.5054021462798118}
TRAIN {"angle_aug_abs_deg": 0.0, "aoa_effective_shift_abs_deg_mean": 0.7986292362213134, "aoa_meanfield_aug_fraction": 0.45, "aoa_meanfield_lambda_mean": 0.15972584597766398, "delta_penalty": 3.5795669555227504e-05, "grad_rel": 0.5209317967295647, "iteration": 2540, "loss": 0.14549416899681092, "lr": 0.00019214568408215001, "mse": 0.00013625016435980797, "p_zero": 0.0, "point_rel": 0.0798289194703102, "residual_mse": 0.00013625016435980797, "temporal_rel": 0.9002787560224533, "tke_rel": 0.5133553802967071}
TRAIN {"angle_aug_abs_deg": 0.0, "aoa_effective_shift_abs_deg_mean": 0.8259365379810333, "aoa_meanfield_aug_fraction": 0.4625, "aoa_meanfield_lambda_mean": 0.16518730744719506, "delta_penalty": 3.7349068952607924e-05, "grad_rel": 0.5213668182492256, "iteration": 2560, "loss": 0.14656097143888475, "lr": 0.0001920231847365872, "mse": 0.0001547689667859231, "p_zero": 0.0, "point_rel": 0.08121145404875278, "residual_mse": 0.000154768967149721, "temporal_rel": 0.8924843341112136, "tke_rel": 0.5117885321378708}
TRAIN {"angle_aug_abs_deg": 0.0, "aoa_effective_shift_abs_deg_mean": 0.8519723266363144, "aoa_meanfield_aug_fraction": 0.4875, "aoa_meanfield_lambda_mean": 0.1703944629058242, "delta_penalty": 3.5075903269898845e-05, "grad_rel": 0.5224014714360237, "iteration": 2580, "loss": 0.1464192856103182, "lr": 0.00019189977715934232, "mse": 0.00013924040213169063, "p_zero": 0.0, "point_rel": 0.08155332542955876, "residual_mse": 0.00013924040067649912, "temporal_rel": 0.8938916355371476, "tke_rel": 0.5028453007340431}
TRAIN {"angle_aug_abs_deg": 0.0, "aoa_effective_shift_abs_deg_mean": 0.7140477009117603, "aoa_meanfield_aug_fraction": 0.40625, "aoa_meanfield_lambda_mean": 0.14280954338610172, "delta_penalty": 3.553929063855321e-05, "grad_rel": 0.5069791167974472, "iteration": 2600, "loss": 0.14157525449991226, "lr": 0.00019177546256839828, "mse": 0.0001262054805920343, "p_zero": 0.0, "point_rel": 0.07699366845190525, "residual_mse": 0.00012620547804544912, "temporal_rel": 0.8960964649915695, "tke_rel": 0.5009238839149475}
TRAIN {"angle_aug_abs_deg": 0.0, "aoa_effective_shift_abs_deg_mean": 0.7801939994096756, "aoa_meanfield_aug_fraction": 0.4375, "aoa_meanfield_lambda_mean": 0.15603880006819965, "delta_penalty": 3.414824495848734e-05, "grad_rel": 0.5084261015057564, "iteration": 2620, "loss": 0.14177650809288025, "lr": 0.00019165024219068997, "mse": 0.00014665022572444287, "p_zero": 0.0, "point_rel": 0.07679186463356018, "residual_mse": 0.0001466502264520386, "temporal_rel": 0.8994249165058136, "tke_rel": 0.505513758957386}
TRAIN {"angle_aug_abs_deg": 0.0, "aoa_effective_shift_abs_deg_mean": 0.6702121041715146, "aoa_meanfield_aug_fraction": 0.39375, "aoa_meanfield_lambda_mean": 0.13404241874814032, "delta_penalty": 3.5865502559317976e-05, "grad_rel": 0.499168461561203, "iteration": 2640, "loss": 0.1380149506032467, "lr": 0.00019152411726209195, "mse": 0.00011217965875403025, "p_zero": 0.0, "point_rel": 0.07400811240077018, "residual_mse": 0.00011217965620744508, "temporal_rel": 0.8996849685907364, "tke_rel": 0.49157320857048037}
TRAIN {"angle_aug_abs_deg": 0.0, "aoa_effective_shift_abs_deg_mean": 0.8279388263821602, "aoa_meanfield_aug_fraction": 0.4625, "aoa_meanfield_lambda_mean": 0.1655877659097314, "delta_penalty": 3.490325261736871e-05, "grad_rel": 0.5274310231208801, "iteration": 2660, "loss": 0.14731433242559433, "lr": 0.00019139708902740627, "mse": 0.00014806946492171847, "p_zero": 0.0, "point_rel": 0.08164620250463486, "residual_mse": 0.0001480694641941227, "temporal_rel": 0.8993575870990753, "tke_rel": 0.5121803015470505}
TRAIN {"angle_aug_abs_deg": 0.0, "aoa_effective_shift_abs_deg_mean": 0.8903381213545799, "aoa_meanfield_aug_fraction": 0.5, "aoa_meanfield_lambda_mean": 0.17806762736290693, "delta_penalty": 3.385806085134391e-05, "grad_rel": 0.5148398071527481, "iteration": 2680, "loss": 0.1432551547884941, "lr": 0.00019126915874035041, "mse": 0.0001427201754268026, "p_zero": 0.0, "point_rel": 0.07976158000528813, "residual_mse": 0.00014272017469920683, "temporal_rel": 0.8891322106122971, "tke_rel": 0.4842253357172012}
TRAIN {"angle_aug_abs_deg": 0.0, "aoa_effective_shift_abs_deg_mean": 0.7963274747133255, "aoa_meanfield_aug_fraction": 0.4625, "aoa_meanfield_lambda_mean": 0.15926549434661866, "delta_penalty": 3.277146670370712e-05, "grad_rel": 0.5086527660489082, "iteration": 2700, "loss": 0.13952981755137445, "lr": 0.0001911403276635446, "mse": 0.0001283684325244394, "p_zero": 0.0, "point_rel": 0.07593457084149122, "residual_mse": 0.00012836843361583306, "temporal_rel": 0.8914036691188812, "tke_rel": 0.48640302270650865}
TRAIN {"angle_aug_abs_deg": 0.0, "aoa_effective_shift_abs_deg_mean": 0.921048129349947, "aoa_meanfield_aug_fraction": 0.53125, "aoa_meanfield_lambda_mean": 0.184209624864161, "delta_penalty": 3.444595022301655e-05, "grad_rel": 0.5253860026597976, "iteration": 2720, "loss": 0.1456248380243778, "lr": 0.00019101059706849968, "mse": 0.00013114172215864529, "p_zero": 0.0, "point_rel": 0.0804235279560089, "residual_mse": 0.0001311417214310495, "temporal_rel": 0.895413127541542, "tke_rel": 0.5069682896137238}
TRAIN {"angle_aug_abs_deg": 0.0, "aoa_effective_shift_abs_deg_mean": 0.8559776805341244, "aoa_meanfield_aug_fraction": 0.5, "aoa_meanfield_lambda_mean": 0.17119553219527006, "delta_penalty": 3.4407711336825744e-05, "grad_rel": 0.515497250854969, "iteration": 2740, "loss": 0.14308065921068192, "lr": 0.0001908799682356042, "mse": 0.0001265641414647689, "p_zero": 0.0, "point_rel": 0.07833379451185465, "residual_mse": 0.00012656414182856678, "temporal_rel": 0.8975885599851608, "tke_rel": 0.5008015796542168}
TRAIN {"angle_aug_abs_deg": 0.0, "aoa_effective_shift_abs_deg_mean": 1.0441919088363647, "aoa_meanfield_aug_fraction": 0.575, "aoa_meanfield_lambda_mean": 0.2088383799418807, "delta_penalty": 3.651787810667884e-05, "grad_rel": 0.5268972009420395, "iteration": 2760, "loss": 0.14735325686633588, "lr": 0.00019074844245411187, "mse": 0.00015002162508608307, "p_zero": 0.0, "point_rel": 0.08172690067440272, "residual_mse": 0.00015002162617747672, "temporal_rel": 0.8983488351106643, "tke_rel": 0.5121116578578949}
TRAIN {"angle_aug_abs_deg": 0.0, "aoa_effective_shift_abs_deg_mean": 0.9083148300647735, "aoa_meanfield_aug_fraction": 0.5125, "aoa_meanfield_lambda_mean": 0.1816629633307457, "delta_penalty": 3.788361718761735e-05, "grad_rel": 0.5189791142940521, "iteration": 2780, "loss": 0.14590077623724937, "lr": 0.0001906160210221292, "mse": 0.00015318524492613506, "p_zero": 0.0, "point_rel": 0.08057754188776016, "residual_mse": 0.00015318524128815625, "temporal_rel": 0.8956443786621093, "tke_rel": 0.5103750973939896}
TRAIN {"angle_aug_abs_deg": 0.0, "aoa_effective_shift_abs_deg_mean": 0.766265019774437, "aoa_meanfield_aug_fraction": 0.45625, "aoa_meanfield_lambda_mean": 0.15325300339609385, "delta_penalty": 3.541212781783542e-05, "grad_rel": 0.5140209212899208, "iteration": 2800, "loss": 0.14139637723565102, "lr": 0.0001904827052466021, "mse": 0.00013192651786084753, "p_zero": 0.0, "point_rel": 0.07677503824234008, "residual_mse": 0.00013192651676945387, "temporal_rel": 0.8922068178653717, "tke_rel": 0.5017422169446946}
TRAIN {"angle_aug_abs_deg": 0.0, "aoa_effective_shift_abs_deg_mean": 0.7608255051076412, "aoa_meanfield_aug_fraction": 0.4375, "aoa_meanfield_lambda_mean": 0.15216510519385337, "delta_penalty": 3.6593256481864955e-05, "grad_rel": 0.5205028623342514, "iteration": 2820, "loss": 0.14473904371261598, "lr": 0.00019034849644330364, "mse": 0.00014731637202203274, "p_zero": 0.0, "point_rel": 0.0798878699541092, "residual_mse": 0.00014731637220393167, "temporal_rel": 0.8901470482349396, "tke_rel": 0.5049048840999604}
TRAIN {"angle_aug_abs_deg": 0.0, "aoa_effective_shift_abs_deg_mean": 0.8861632794141769, "aoa_meanfield_aug_fraction": 0.525, "aoa_meanfield_lambda_mean": 0.17723265588283538, "delta_penalty": 3.4070211859216216e-05, "grad_rel": 0.5165935203433036, "iteration": 2840, "loss": 0.143263528496027, "lr": 0.0001902133959368204, "mse": 0.00013227449453552255, "p_zero": 0.0, "point_rel": 0.07779800985008478, "residual_mse": 0.00013227449453552255, "temporal_rel": 0.9037065029144287, "tke_rel": 0.5094175949692726}
TRAIN {"angle_aug_abs_deg": 0.0, "aoa_effective_shift_abs_deg_mean": 0.7846980653703213, "aoa_meanfield_aug_fraction": 0.44375, "aoa_meanfield_lambda_mean": 0.15693961568176745, "delta_penalty": 3.531442034727661e-05, "grad_rel": 0.5189499780535698, "iteration": 2860, "loss": 0.14507373943924903, "lr": 0.00019007740506054004, "mse": 0.00013225781858636765, "p_zero": 0.0, "point_rel": 0.07952330932021141, "residual_mse": 0.00013225781713117614, "temporal_rel": 0.9023010611534119, "tke_rel": 0.5109460756182671}
TRAIN {"angle_aug_abs_deg": 0.0, "aoa_effective_shift_abs_deg_mean": 0.7353957712650299, "aoa_meanfield_aug_fraction": 0.44375, "aoa_meanfield_lambda_mean": 0.14707915633916854, "delta_penalty": 3.7825120944035004e-05, "grad_rel": 0.5186306238174438, "iteration": 2880, "loss": 0.14441484212875366, "lr": 0.00018994052515663737, "mse": 0.00015496715168410445, "p_zero": 0.0, "point_rel": 0.08046969324350357, "residual_mse": 0.0001549671473185299, "temporal_rel": 0.8888497054576874, "tke_rel": 0.49088253676891325}
TRAIN {"angle_aug_abs_deg": 0.0, "aoa_effective_shift_abs_deg_mean": 0.7516257017850876, "aoa_meanfield_aug_fraction": 0.4625, "aoa_meanfield_lambda_mean": 0.15032514110207557, "delta_penalty": 3.8576551651203773e-05, "grad_rel": 0.5167282909154892, "iteration": 2900, "loss": 0.14533477500081063, "lr": 0.00018980275757606182, "mse": 0.00015633595976396463, "p_zero": 0.0, "point_rel": 0.08065935298800468, "residual_mse": 0.0001563359595820657, "temporal_rel": 0.8918376624584198, "tke_rel": 0.5020282849669456}
TRAIN {"angle_aug_abs_deg": 0.0, "aoa_effective_shift_abs_deg_mean": 0.9875626176595688, "aoa_meanfield_aug_fraction": 0.53125, "aoa_meanfield_lambda_mean": 0.1975125204771757, "delta_penalty": 3.5956813189841344e-05, "grad_rel": 0.5165406182408333, "iteration": 2920, "loss": 0.14368600584566593, "lr": 0.00018966410367852386, "mse": 0.0001362965684165829, "p_zero": 0.0, "point_rel": 0.07838958278298377, "residual_mse": 0.000136296568052785, "temporal_rel": 0.899314033985138, "tke_rel": 0.5087880626320839}
TRAIN {"angle_aug_abs_deg": 0.0, "aoa_effective_shift_abs_deg_mean": 0.8109118163585662, "aoa_meanfield_aug_fraction": 0.4625, "aoa_meanfield_lambda_mean": 0.16218236200511454, "delta_penalty": 3.841412244582898e-05, "grad_rel": 0.5197528883814811, "iteration": 2940, "loss": 0.1464833714067936, "lr": 0.0001895245648324814, "mse": 0.0001537016411020886, "p_zero": 0.0, "point_rel": 0.08137589357793332, "residual_mse": 0.0001537016411020886, "temporal_rel": 0.9034239947795868, "tke_rel": 0.5026931211352348}
TRAIN {"angle_aug_abs_deg": 0.0, "aoa_effective_shift_abs_deg_mean": 0.7010392874479294, "aoa_meanfield_aug_fraction": 0.4125, "aoa_meanfield_lambda_mean": 0.1402078576385975, "delta_penalty": 3.591171853258857e-05, "grad_rel": 0.5065466597676277, "iteration": 2960, "loss": 0.14027847051620485, "lr": 0.00018938414241512666, "mse": 0.00013790414304821753, "p_zero": 0.0, "point_rel": 0.07625191975384951, "residual_mse": 0.0001379041434120154, "temporal_rel": 0.8931318640708923, "tke_rel": 0.4932051718235016}
TRAIN {"angle_aug_abs_deg": 0.0, "aoa_effective_shift_abs_deg_mean": 0.8622742995619774, "aoa_meanfield_aug_fraction": 0.50625, "aoa_meanfield_lambda_mean": 0.1724548602476716, "delta_penalty": 3.259036111558089e-05, "grad_rel": 0.5187282487750053, "iteration": 2980, "loss": 0.1448296707123518, "lr": 0.00018924283781237208, "mse": 0.00011979712289758026, "p_zero": 0.0, "point_rel": 0.07948398664593696, "residual_mse": 0.0001197971221699845, "temporal_rel": 0.9004777520895004, "tke_rel": 0.5085639536380768}
TRAIN {"angle_aug_abs_deg": 0.0, "aoa_effective_shift_abs_deg_mean": 0.7486836194992066, "aoa_meanfield_aug_fraction": 0.43125, "aoa_meanfield_lambda_mean": 0.1497367238625884, "delta_penalty": 3.664027935883496e-05, "grad_rel": 0.5169489562511445, "iteration": 3000, "loss": 0.14197420701384544, "lr": 0.00018910065241883704, "mse": 0.00013838338945788565, "p_zero": 0.0, "point_rel": 0.07785996161401272, "residual_mse": 0.00013838338945788565, "temporal_rel": 0.8916675269603729, "tke_rel": 0.49279564023017886}
TRAIN {"angle_aug_abs_deg": 0.0, "aoa_effective_shift_abs_deg_mean": 0.7676564395427704, "aoa_meanfield_aug_fraction": 0.4375, "aoa_meanfield_lambda_mean": 0.15353129021823406, "delta_penalty": 3.607631952036172e-05, "grad_rel": 0.513498343527317, "iteration": 3020, "loss": 0.14247279167175292, "lr": 0.0001889575876378341, "mse": 0.0001399597784256912, "p_zero": 0.0, "point_rel": 0.07719415351748467, "residual_mse": 0.00013995978133607423, "temporal_rel": 0.8979444593191147, "tke_rel": 0.5099186956882477}
TRAIN {"angle_aug_abs_deg": 0.0, "aoa_effective_shift_abs_deg_mean": 0.831583771109581, "aoa_meanfield_aug_fraction": 0.48125, "aoa_meanfield_lambda_mean": 0.1663167522288859, "delta_penalty": 3.405023007871932e-05, "grad_rel": 0.5243305072188378, "iteration": 3040, "loss": 0.14491283595561982, "lr": 0.0001888136448813548, "mse": 0.0001283272580621997, "p_zero": 0.0, "point_rel": 0.08015078343451024, "residual_mse": 0.00012832725697080604, "temporal_rel": 0.8946395695209504, "tke_rel": 0.5003121823072434}
TRAIN {"angle_aug_abs_deg": 0.0, "aoa_effective_shift_abs_deg_mean": 0.9287115603685379, "aoa_meanfield_aug_fraction": 0.525, "aoa_meanfield_lambda_mean": 0.18574231304228306, "delta_penalty": 3.613391254475573e-05, "grad_rel": 0.5125551596283913, "iteration": 3060, "loss": 0.142032677680254, "lr": 0.00018866882557005597, "mse": 0.0001277958079299424, "p_zero": 0.0, "point_rel": 0.07665748093277217, "residual_mse": 0.00012779580774804344, "temporal_rel": 0.9008584201335907, "tke_rel": 0.5103676036000252}
TRAIN {"angle_aug_abs_deg": 0.0, "aoa_effective_shift_abs_deg_mean": 0.9155896604061127, "aoa_meanfield_aug_fraction": 0.51875, "aoa_meanfield_lambda_mean": 0.1831179339438677, "delta_penalty": 3.49893549355329e-05, "grad_rel": 0.5151070162653923, "iteration": 3080, "loss": 0.14092442393302917, "lr": 0.00018852313113324587, "mse": 0.00013798733525618445, "p_zero": 0.0, "point_rel": 0.07712292931973934, "residual_mse": 0.00013798733489238656, "temporal_rel": 0.8882577270269394, "tke_rel": 0.48975101113319397}
TRAIN {"angle_aug_abs_deg": 0.0, "aoa_effective_shift_abs_deg_mean": 0.6520208105444908, "aoa_meanfield_aug_fraction": 0.375, "aoa_meanfield_lambda_mean": 0.13040416352450848, "delta_penalty": 3.489561213427805e-05, "grad_rel": 0.5191418334841729, "iteration": 3100, "loss": 0.14529171846807004, "lr": 0.00018837656300886956, "mse": 0.00012309518861002288, "p_zero": 0.0, "point_rel": 0.0802714329212904, "residual_mse": 0.00012309519006521442, "temporal_rel": 0.9004928708076477, "tke_rel": 0.5030124694108963}
TRAIN {"angle_aug_abs_deg": 0.0, "aoa_effective_shift_abs_deg_mean": 0.67702821418643, "aoa_meanfield_aug_fraction": 0.39375, "aoa_meanfield_lambda_mean": 0.13540564570575953, "delta_penalty": 3.530172371029039e-05, "grad_rel": 0.5154589921236038, "iteration": 3120, "loss": 0.1441136457026005, "lr": 0.0001882291226434955, "mse": 0.00013729126021644333, "p_zero": 0.0, "point_rel": 0.08040968365967274, "residual_mse": 0.00013729126021644333, "temporal_rel": 0.88734210729599, "tke_rel": 0.48849873393774035}
TRAIN {"angle_aug_abs_deg": 0.0, "aoa_effective_shift_abs_deg_mean": 0.8776595056056976, "aoa_meanfield_aug_fraction": 0.5, "aoa_meanfield_lambda_mean": 0.17553190365433693, "delta_penalty": 3.539176959748147e-05, "grad_rel": 0.5155513688921929, "iteration": 3140, "loss": 0.14395046457648278, "lr": 0.00018808081149230055, "mse": 0.00013518604373530252, "p_zero": 0.0, "point_rel": 0.07894359342753887, "residual_mse": 0.00013518604155251523, "temporal_rel": 0.8933352619409561, "tke_rel": 0.5072046563029289}
TRAIN {"angle_aug_abs_deg": 0.0, "aoa_effective_shift_abs_deg_mean": 0.8298618905246258, "aoa_meanfield_aug_fraction": 0.49375, "aoa_meanfield_lambda_mean": 0.16597237568348647, "delta_penalty": 3.684735083879787e-05, "grad_rel": 0.5175091907382011, "iteration": 3160, "loss": 0.1441584885120392, "lr": 0.00018793163101905584, "mse": 0.0001503744870205992, "p_zero": 0.0, "point_rel": 0.07865770701318979, "residual_mse": 0.0001503744893852854, "temporal_rel": 0.8955442935228348, "tke_rel": 0.5137661948800087}
TRAIN {"angle_aug_abs_deg": 0.0, "aoa_effective_shift_abs_deg_mean": 0.8724490806460381, "aoa_meanfield_aug_fraction": 0.49375, "aoa_meanfield_lambda_mean": 0.17448981814086437, "delta_penalty": 3.392403878024197e-05, "grad_rel": 0.5113258600234986, "iteration": 3180, "loss": 0.14241903387010096, "lr": 0.00018778158269611245, "mse": 0.00013527791907108622, "p_zero": 0.0, "point_rel": 0.07764809485524893, "residual_mse": 0.0001352779194348841, "temporal_rel": 0.8980382174253464, "tke_rel": 0.5019774109125137}
TRAIN {"angle_aug_abs_deg": 0.0, "aoa_effective_shift_abs_deg_mean": 0.8826335087418556, "aoa_meanfield_aug_fraction": 0.5125, "aoa_meanfield_lambda_mean": 0.1765266962349415, "delta_penalty": 3.379901900188997e-05, "grad_rel": 0.5237430244684219, "iteration": 3200, "loss": 0.1455421894788742, "lr": 0.00018763066800438658, "mse": 0.00012211189095978625, "p_zero": 0.0, "point_rel": 0.08058310933411121, "residual_mse": 0.00012211189023219048, "temporal_rel": 0.8970734626054764, "tke_rel": 0.5025570273399353}
TRAIN {"angle_aug_abs_deg": 0.0, "aoa_effective_shift_abs_deg_mean": 0.8524263419210911, "aoa_meanfield_aug_fraction": 0.51875, "aoa_meanfield_lambda_mean": 0.1704852692782879, "delta_penalty": 3.61615838301077e-05, "grad_rel": 0.5100905448198318, "iteration": 3220, "loss": 0.14117446281015872, "lr": 0.0001874788884333455, "mse": 0.00013685388748854165, "p_zero": 0.0, "point_rel": 0.07688802108168602, "residual_mse": 0.00013685388821613743, "temporal_rel": 0.8968596309423447, "tke_rel": 0.49479190409183504}
TRAIN {"angle_aug_abs_deg": 0.0, "aoa_effective_shift_abs_deg_mean": 0.8332932479679585, "aoa_meanfield_aug_fraction": 0.48125, "aoa_meanfield_lambda_mean": 0.16665865117684006, "delta_penalty": 3.52870166352659e-05, "grad_rel": 0.5212763667106628, "iteration": 3240, "loss": 0.14599245153367518, "lr": 0.00018732624548099233, "mse": 0.0001485935652453918, "p_zero": 0.0, "point_rel": 0.0804601212963462, "residual_mse": 0.00014859356597298756, "temporal_rel": 0.895765882730484, "tke_rel": 0.513248723745346}
TRAIN {"angle_aug_abs_deg": 0.0, "aoa_effective_shift_abs_deg_mean": 0.7887128926813602, "aoa_meanfield_aug_fraction": 0.475, "aoa_meanfield_lambda_mean": 0.15774258226156235, "delta_penalty": 3.7644782878487604e-05, "grad_rel": 0.5137564614415169, "iteration": 3260, "loss": 0.14408119544386863, "lr": 0.0001871727406538512, "mse": 0.00014094272373768035, "p_zero": 0.0, "point_rel": 0.0790524035692215, "residual_mse": 0.00014094272410147823, "temporal_rel": 0.8972228288650512, "tke_rel": 0.5060454487800599}
TRAIN {"angle_aug_abs_deg": 0.0, "aoa_effective_shift_abs_deg_mean": 0.8216789588332176, "aoa_meanfield_aug_fraction": 0.475, "aoa_meanfield_lambda_mean": 0.16433578561991452, "delta_penalty": 3.402867041586432e-05, "grad_rel": 0.5107980728149414, "iteration": 3280, "loss": 0.1413111425936222, "lr": 0.00018701837546695278, "mse": 0.00012253851782588753, "p_zero": 0.0, "point_rel": 0.07631183490157127, "residual_mse": 0.00012253851782588753, "temporal_rel": 0.8939227640628815, "tke_rel": 0.5080368652939796}
TRAIN {"angle_aug_abs_deg": 0.0, "aoa_effective_shift_abs_deg_mean": 0.7850490108132362, "aoa_meanfield_aug_fraction": 0.45, "aoa_meanfield_lambda_mean": 0.15700980126857758, "delta_penalty": 3.704592681970098e-05, "grad_rel": 0.5201729580760002, "iteration": 3300, "loss": 0.14647181145846844, "lr": 0.00018686315144381932, "mse": 0.0001488570123910904, "p_zero": 0.0, "point_rel": 0.0798693336546421, "residual_mse": 0.0001488570123910904, "temporal_rel": 0.9078728944063187, "tke_rel": 0.5253049463033677}
TRAIN {"angle_aug_abs_deg": 0.0, "aoa_effective_shift_abs_deg_mean": 0.7312968879938125, "aoa_meanfield_aug_fraction": 0.4375, "aoa_meanfield_lambda_mean": 0.14625937752425672, "delta_penalty": 3.810776843238273e-05, "grad_rel": 0.516477444767952, "iteration": 3320, "loss": 0.14474633149802685, "lr": 0.00018670707011644912, "mse": 0.00014488772940239868, "p_zero": 0.0, "point_rel": 0.08050343841314316, "residual_mse": 0.00014488773049379234, "temporal_rel": 0.8896865218877792, "tke_rel": 0.4960151121020317}
TRAIN {"angle_aug_abs_deg": 0.0, "aoa_effective_shift_abs_deg_mean": 0.808349497616291, "aoa_meanfield_aug_fraction": 0.45625, "aoa_meanfield_lambda_mean": 0.16166989728808404, "delta_penalty": 3.70972204109421e-05, "grad_rel": 0.5189330756664277, "iteration": 3340, "loss": 0.14512622393667698, "lr": 0.00018655013302530204, "mse": 0.00014378041014424526, "p_zero": 0.0, "point_rel": 0.08061888888478279, "residual_mse": 0.000143780410871841, "temporal_rel": 0.8991693139076233, "tke_rel": 0.4950730621814728}
TRAIN {"angle_aug_abs_deg": 0.0, "aoa_effective_shift_abs_deg_mean": 0.8681307017803193, "aoa_meanfield_aug_fraction": 0.50625, "aoa_meanfield_lambda_mean": 0.1736261412501335, "delta_penalty": 3.5924095936934466e-05, "grad_rel": 0.5238539472222328, "iteration": 3360, "loss": 0.14539746902883052, "lr": 0.00018639234171928358, "mse": 0.00014483428712992464, "p_zero": 0.0, "point_rel": 0.08137481436133384, "residual_mse": 0.00014483428712992464, "temporal_rel": 0.894158947467804, "tke_rel": 0.4882651135325432}
TRAIN {"angle_aug_abs_deg": 0.0, "aoa_effective_shift_abs_deg_mean": 0.8143375426530838, "aoa_meanfield_aug_fraction": 0.45625, "aoa_meanfield_lambda_mean": 0.1628675080835819, "delta_penalty": 3.711045073941932e-05, "grad_rel": 0.512406325340271, "iteration": 3380, "loss": 0.1437403906136751, "lr": 0.0001862336977557305, "mse": 0.00014468747649516446, "p_zero": 0.0, "point_rel": 0.07905790098011493, "residual_mse": 0.00014468747376668035, "temporal_rel": 0.8962188780307769, "tke_rel": 0.5010946661233902}
TRAIN {"angle_aug_abs_deg": 0.0, "aoa_effective_shift_abs_deg_mean": 0.7874593906104564, "aoa_meanfield_aug_fraction": 0.4375, "aoa_meanfield_lambda_mean": 0.15749187525361777, "delta_penalty": 3.555280482032685e-05, "grad_rel": 0.5148776888847351, "iteration": 3400, "loss": 0.14332347959280015, "lr": 0.00018607420270039458, "mse": 0.000142201903872774, "p_zero": 0.0, "point_rel": 0.07864661552011967, "residual_mse": 0.0001422019053279655, "temporal_rel": 0.8961728930473327, "tke_rel": 0.500419108569622}
TRAIN {"angle_aug_abs_deg": 0.0, "aoa_effective_shift_abs_deg_mean": 0.7667373970150948, "aoa_meanfield_aug_fraction": 0.4625, "aoa_meanfield_lambda_mean": 0.15334748048335314, "delta_penalty": 3.3682739012874666e-05, "grad_rel": 0.5235919773578643, "iteration": 3420, "loss": 0.14440304785966873, "lr": 0.00018591385812742744, "mse": 0.0001327438912994694, "p_zero": 0.0, "point_rel": 0.0803094707429409, "residual_mse": 0.00013274389111757047, "temporal_rel": 0.8990686476230622, "tke_rel": 0.48711900413036346}
TRAIN {"angle_aug_abs_deg": 0.0, "aoa_effective_shift_abs_deg_mean": 0.8100250750780106, "aoa_meanfield_aug_fraction": 0.46875, "aoa_meanfield_lambda_mean": 0.1620050173252821, "delta_penalty": 3.725910110006225e-05, "grad_rel": 0.5148750230669975, "iteration": 3440, "loss": 0.1425887007266283, "lr": 0.00018575266561936534, "mse": 0.00014330301837617299, "p_zero": 0.0, "point_rel": 0.07802614737302065, "residual_mse": 0.0001433030201951624, "temporal_rel": 0.8972978323698044, "tke_rel": 0.4979459345340729}
TRAIN {"angle_aug_abs_deg": 0.0, "aoa_effective_shift_abs_deg_mean": 0.6991212077438831, "aoa_meanfield_aug_fraction": 0.39375, "aoa_meanfield_lambda_mean": 0.13982424661517143, "delta_penalty": 3.322851061966503e-05, "grad_rel": 0.5050496906042099, "iteration": 3460, "loss": 0.14130477979779243, "lr": 0.00018559062676711338, "mse": 0.00012600619829754577, "p_zero": 0.0, "point_rel": 0.07667497582733632, "residual_mse": 0.00012600619866134365, "temporal_rel": 0.8890384376049042, "tke_rel": 0.5057407543063164}
TRAIN {"angle_aug_abs_deg": 0.0, "aoa_effective_shift_abs_deg_mean": 0.9822144061326981, "aoa_meanfield_aug_fraction": 0.54375, "aoa_meanfield_lambda_mean": 0.1964428797364235, "delta_penalty": 3.7402125053631606e-05, "grad_rel": 0.5128402143716813, "iteration": 3480, "loss": 0.14454754665493966, "lr": 0.00018542774316992967, "mse": 0.00014960581156628905, "p_zero": 0.0, "point_rel": 0.07940723821520805, "residual_mse": 0.00014960580974729965, "temporal_rel": 0.8980563402175903, "tke_rel": 0.5076731219887733}
TRAIN {"angle_aug_abs_deg": 0.0, "aoa_effective_shift_abs_deg_mean": 0.7513723537325859, "aoa_meanfield_aug_fraction": 0.45, "aoa_meanfield_lambda_mean": 0.1502744670957327, "delta_penalty": 3.596689175537904e-05, "grad_rel": 0.5130353420972824, "iteration": 3500, "loss": 0.14396406449377536, "lr": 0.0001852640164354094, "mse": 0.0001480271323089255, "p_zero": 0.0, "point_rel": 0.07820908278226853, "residual_mse": 0.00014802713194512763, "temporal_rel": 0.8964010059833527, "tke_rel": 0.5187048763036728}
TRAIN {"angle_aug_abs_deg": 0.0, "aoa_effective_shift_abs_deg_mean": 0.7888415828347206, "aoa_meanfield_aug_fraction": 0.4625, "aoa_meanfield_lambda_mean": 0.15776831600815058, "delta_penalty": 3.347450965520693e-05, "grad_rel": 0.5156539365649223, "iteration": 3520, "loss": 0.14316362254321574, "lr": 0.00018509944817946938, "mse": 0.00012496534709498518, "p_zero": 0.0, "point_rel": 0.07844264339655638, "residual_mse": 0.00012496534745878307, "temporal_rel": 0.892529109120369, "tke_rel": 0.5028689637780189}
TRAIN {"angle_aug_abs_deg": 0.0, "aoa_effective_shift_abs_deg_mean": 0.7922656044363976, "aoa_meanfield_aug_fraction": 0.45625, "aoa_meanfield_lambda_mean": 0.15845312252640725, "delta_penalty": 3.512150415190263e-05, "grad_rel": 0.5153562977910042, "iteration": 3540, "loss": 0.14295538067817687, "lr": 0.0001849340400263319, "mse": 0.0001421187786036171, "p_zero": 0.0, "point_rel": 0.07834701091051102, "residual_mse": 0.00014211877787602135, "temporal_rel": 0.8965895146131515, "tke_rel": 0.49895002841949465}
TRAIN {"angle_aug_abs_deg": 0.0, "aoa_effective_shift_abs_deg_mean": 0.7970141269266605, "aoa_meanfield_aug_fraction": 0.45625, "aoa_meanfield_lambda_mean": 0.1594028253108263, "delta_penalty": 3.7152814911678433e-05, "grad_rel": 0.5204029232263565, "iteration": 3560, "loss": 0.14356132596731186, "lr": 0.00018476779360850862, "mse": 0.00013620911413454452, "p_zero": 0.0, "point_rel": 0.07903149500489234, "residual_mse": 0.00013620911486214026, "temporal_rel": 0.8945713460445404, "tke_rel": 0.4974174052476883}
TRAIN {"angle_aug_abs_deg": 0.0, "aoa_effective_shift_abs_deg_mean": 0.9575279757380486, "aoa_meanfield_aug_fraction": 0.54375, "aoa_meanfield_lambda_mean": 0.1915055938065052, "delta_penalty": 3.221198039682349e-05, "grad_rel": 0.5179610252380371, "iteration": 3580, "loss": 0.1417633794248104, "lr": 0.0001846007105667845, "mse": 0.00011990007005806547, "p_zero": 0.0, "point_rel": 0.07709040492773056, "residual_mse": 0.00011990006933046971, "temporal_rel": 0.8972978204488754, "tke_rel": 0.4991335466504097}
TRAIN {"angle_aug_abs_deg": 0.0, "aoa_effective_shift_abs_deg_mean": 0.703303737193346, "aoa_meanfield_aug_fraction": 0.4125, "aoa_meanfield_lambda_mean": 0.14066074639558793, "delta_penalty": 3.5655842293635945e-05, "grad_rel": 0.5131784588098526, "iteration": 3600, "loss": 0.1428867418318987, "lr": 0.00018443279255020168, "mse": 0.00013712064901483245, "p_zero": 0.0, "point_rel": 0.07786942850798369, "residual_mse": 0.00013712064937863034, "temporal_rel": 0.8962487041950226, "tke_rel": 0.5065054565668106}
TRAIN {"angle_aug_abs_deg": 0.0, "aoa_effective_shift_abs_deg_mean": 0.8788025990128517, "aoa_meanfield_aug_fraction": 0.51875, "aoa_meanfield_lambda_mean": 0.17576051726937295, "delta_penalty": 3.459128529357258e-05, "grad_rel": 0.5179653868079186, "iteration": 3620, "loss": 0.14356211759150028, "lr": 0.00018426404121604342, "mse": 0.00012984998866159004, "p_zero": 0.0, "point_rel": 0.07892538979649544, "residual_mse": 0.00012984998611500486, "temporal_rel": 0.8938517987728118, "tke_rel": 0.5002007767558098}
TRAIN {"angle_aug_abs_deg": 0.0, "aoa_effective_shift_abs_deg_mean": 0.8287433832883835, "aoa_meanfield_aug_fraction": 0.46875, "aoa_meanfield_lambda_mean": 0.16574867777526378, "delta_penalty": 3.3948680811590745e-05, "grad_rel": 0.5188174560666085, "iteration": 3640, "loss": 0.14328901544213296, "lr": 0.00018409445822981717, "mse": 0.0001233532582773478, "p_zero": 0.0, "point_rel": 0.07861932255327701, "residual_mse": 0.0001233532579135499, "temporal_rel": 0.8967566311359405, "tke_rel": 0.4991174787282944}
TRAIN {"angle_aug_abs_deg": 0.0, "aoa_effective_shift_abs_deg_mean": 0.8033860951662064, "aoa_meanfield_aug_fraction": 0.46875, "aoa_meanfield_lambda_mean": 0.1606772191822529, "delta_penalty": 3.774995866479003e-05, "grad_rel": 0.5273628979921341, "iteration": 3660, "loss": 0.1468985840678215, "lr": 0.00018392404526523839, "mse": 0.00015517015817749779, "p_zero": 0.0, "point_rel": 0.08237472251057625, "residual_mse": 0.00015517016145167873, "temporal_rel": 0.8903640389442444, "tke_rel": 0.49758654832839966}
TRAIN {"angle_aug_abs_deg": 0.0, "aoa_effective_shift_abs_deg_mean": 0.7973579794168473, "aoa_meanfield_aug_fraction": 0.44375, "aoa_meanfield_lambda_mean": 0.15947159565985203, "delta_penalty": 3.5722029679163825e-05, "grad_rel": 0.5274343267083168, "iteration": 3680, "loss": 0.1487238049507141, "lr": 0.00018375280400421444, "mse": 0.00014603494491893798, "p_zero": 0.0, "point_rel": 0.08234598189592361, "residual_mse": 0.0001460349463741295, "temporal_rel": 0.9018165439367294, "tke_rel": 0.522788119316101}
TRAIN {"angle_aug_abs_deg": 0.0, "aoa_effective_shift_abs_deg_mean": 0.8948540225625038, "aoa_meanfield_aug_fraction": 0.51875, "aoa_meanfield_lambda_mean": 0.17897080145776273, "delta_penalty": 3.5464022766973356e-05, "grad_rel": 0.5159375086426735, "iteration": 3700, "loss": 0.143503562733531, "lr": 0.00018358073613682728, "mse": 0.0001346166109215119, "p_zero": 0.0, "point_rel": 0.0784837119281292, "residual_mse": 0.000134616610557714, "temporal_rel": 0.9004664808511734, "tke_rel": 0.5037616640329361}
TRAIN {"angle_aug_abs_deg": 0.0, "aoa_effective_shift_abs_deg_mean": 0.8871722191572189, "aoa_meanfield_aug_fraction": 0.4875, "aoa_meanfield_lambda_mean": 0.17743444051593543, "delta_penalty": 3.854806564049795e-05, "grad_rel": 0.5196102425456047, "iteration": 3720, "loss": 0.14616604819893836, "lr": 0.00018340784336131735, "mse": 0.00015365716644737403, "p_zero": 0.0, "point_rel": 0.08132844362407923, "residual_mse": 0.00015365716826636343, "temporal_rel": 0.892243042588234, "tke_rel": 0.5038215577602386}
TRAIN {"angle_aug_abs_deg": 0.0, "aoa_effective_shift_abs_deg_mean": 0.8302487976849079, "aoa_meanfield_aug_fraction": 0.4625, "aoa_meanfield_lambda_mean": 0.16604975927621127, "delta_penalty": 3.883836516251904e-05, "grad_rel": 0.5297030463814736, "iteration": 3740, "loss": 0.14997739493846893, "lr": 0.00018323412738406657, "mse": 0.00015883769301581197, "p_zero": 0.0, "point_rel": 0.08503072783350944, "residual_mse": 0.0001588376922882162, "temporal_rel": 0.8945722132921219, "tke_rel": 0.5019254580140113}
TRAIN {"angle_aug_abs_deg": 0.0, "aoa_effective_shift_abs_deg_mean": 0.7983733028173446, "aoa_meanfield_aug_fraction": 0.44375, "aoa_meanfield_lambda_mean": 0.15967466048896312, "delta_penalty": 3.539796116456273e-05, "grad_rel": 0.5218665868043899, "iteration": 3760, "loss": 0.14491197243332862, "lr": 0.00018305958991958146, "mse": 0.0001297638187679695, "p_zero": 0.0, "point_rel": 0.08014755211770534, "residual_mse": 0.0001297638205869589, "temporal_rel": 0.8961185991764069, "tke_rel": 0.5002204373478889}
TRAIN {"angle_aug_abs_deg": 0.0, "aoa_effective_shift_abs_deg_mean": 0.8033497080206871, "aoa_meanfield_aug_fraction": 0.45625, "aoa_meanfield_lambda_mean": 0.1606699401512742, "delta_penalty": 3.586200482459389e-05, "grad_rel": 0.5153124153614044, "iteration": 3780, "loss": 0.14283798597753047, "lr": 0.00018288423269047642, "mse": 0.00013093151610519272, "p_zero": 0.0, "point_rel": 0.07799409702420235, "residual_mse": 0.00013093151756038424, "temporal_rel": 0.8955905854701995, "tke_rel": 0.5034415483474731}
TRAIN {"angle_aug_abs_deg": 0.0, "aoa_effective_shift_abs_deg_mean": 0.7983889028429985, "aoa_meanfield_aug_fraction": 0.4625, "aoa_meanfield_lambda_mean": 0.15967777781188489, "delta_penalty": 3.402224319870584e-05, "grad_rel": 0.511829574406147, "iteration": 3800, "loss": 0.1425322350114584, "lr": 0.0001827080574274564, "mse": 0.00012433704214345198, "p_zero": 0.0, "point_rel": 0.07798856794834137, "residual_mse": 0.00012433704287104775, "temporal_rel": 0.892518275976181, "tke_rel": 0.5008782207965851}
TRAIN {"angle_aug_abs_deg": 0.0, "aoa_effective_shift_abs_deg_mean": 0.9720873892307281, "aoa_meanfield_aug_fraction": 0.54375, "aoa_meanfield_lambda_mean": 0.19441748261451722, "delta_penalty": 3.489710834401194e-05, "grad_rel": 0.5182265236973762, "iteration": 3820, "loss": 0.14275723323225975, "lr": 0.00018253106586930024, "mse": 0.00012369781507004518, "p_zero": 0.0, "point_rel": 0.07728817835450172, "residual_mse": 0.00012369781579764095, "temporal_rel": 0.896194264292717, "tke_rel": 0.5128670081496238}
TRAIN {"angle_aug_abs_deg": 0.0, "aoa_effective_shift_abs_deg_mean": 0.8199098631739616, "aoa_meanfield_aug_fraction": 0.475, "aoa_meanfield_lambda_mean": 0.1639819724485278, "delta_penalty": 3.573104058887111e-05, "grad_rel": 0.5206016719341278, "iteration": 3840, "loss": 0.1452401503920555, "lr": 0.00018235325976284302, "mse": 0.00014231257682695286, "p_zero": 0.0, "point_rel": 0.08070076927542687, "residual_mse": 0.00014231257828214438, "temporal_rel": 0.8884357064962387, "tke_rel": 0.500564606487751}
TRAIN {"angle_aug_abs_deg": 0.0, "aoa_effective_shift_abs_deg_mean": 0.7088471353054047, "aoa_meanfield_aug_fraction": 0.40625, "aoa_meanfield_lambda_mean": 0.14176942314952612, "delta_penalty": 4.098165918549057e-05, "grad_rel": 0.5199693694710732, "iteration": 3860, "loss": 0.14719471260905265, "lr": 0.0001821746408629594, "mse": 0.00016608153928245883, "p_zero": 0.0, "point_rel": 0.08200886603444815, "residual_mse": 0.0001660815400100546, "temporal_rel": 0.9002518117427826, "tke_rel": 0.5054684594273567}
TRAIN {"angle_aug_abs_deg": 0.0, "aoa_effective_shift_abs_deg_mean": 0.902725824713707, "aoa_meanfield_aug_fraction": 0.51875, "aoa_meanfield_lambda_mean": 0.1805451650172472, "delta_penalty": 3.5209695124649445e-05, "grad_rel": 0.5098422855138779, "iteration": 3880, "loss": 0.14114628732204437, "lr": 0.0001819952109325457, "mse": 0.00013980221629026346, "p_zero": 0.0, "point_rel": 0.07612725235521793, "residual_mse": 0.0001398022155626677, "temporal_rel": 0.8913216948509216, "tke_rel": 0.5098184153437615}
TRAIN {"angle_aug_abs_deg": 0.0, "aoa_effective_shift_abs_deg_mean": 0.8789452657103538, "aoa_meanfield_aug_fraction": 0.5125, "aoa_meanfield_lambda_mean": 0.17578905411064624, "delta_penalty": 3.73590832168702e-05, "grad_rel": 0.5255084440112114, "iteration": 3900, "loss": 0.1459118202328682, "lr": 0.00018181497174250285, "mse": 0.00015090846573002638, "p_zero": 0.0, "point_rel": 0.08130458258092403, "residual_mse": 0.0001509084650024306, "temporal_rel": 0.8923265188932419, "tke_rel": 0.49848000556230543}
TRAIN {"angle_aug_abs_deg": 0.0, "aoa_effective_shift_abs_deg_mean": 0.8052681416273118, "aoa_meanfield_aug_fraction": 0.45625, "aoa_meanfield_lambda_mean": 0.16105362884700297, "delta_penalty": 3.434579202803434e-05, "grad_rel": 0.508937592804432, "iteration": 3920, "loss": 0.14211751706898212, "lr": 0.00018163392507171885, "mse": 0.00012725552278425312, "p_zero": 0.0, "point_rel": 0.07798030823469163, "residual_mse": 0.0001272555240575457, "temporal_rel": 0.8948715269565582, "tke_rel": 0.4936356097459793}
TRAIN {"angle_aug_abs_deg": 0.0, "aoa_effective_shift_abs_deg_mean": 0.9011651054024696, "aoa_meanfield_aug_fraction": 0.50625, "aoa_meanfield_lambda_mean": 0.1802330229431391, "delta_penalty": 3.453032149991486e-05, "grad_rel": 0.5098705619573594, "iteration": 3940, "loss": 0.13976256735622883, "lr": 0.00018145207270705134, "mse": 0.00011831719957626774, "p_zero": 0.0, "point_rel": 0.07543848622590303, "residual_mse": 0.00011831719994006562, "temporal_rel": 0.9015982657670975, "tke_rel": 0.4931981354951859}
TRAIN {"angle_aug_abs_deg": 0.0, "aoa_effective_shift_abs_deg_mean": 0.9444440454244614, "aoa_meanfield_aug_fraction": 0.56875, "aoa_meanfield_lambda_mean": 0.18888881281018258, "delta_penalty": 3.7424076072056775e-05, "grad_rel": 0.5272928267717362, "iteration": 3960, "loss": 0.1462025910615921, "lr": 0.00018126941644330976, "mse": 0.00014763649778615218, "p_zero": 0.0, "point_rel": 0.08113896511495114, "residual_mse": 0.00014763649778615218, "temporal_rel": 0.8993525803089142, "tke_rel": 0.5021435990929604}
TRAIN {"angle_aug_abs_deg": 0.0, "aoa_effective_shift_abs_deg_mean": 0.9510320335626602, "aoa_meanfield_aug_fraction": 0.53125, "aoa_meanfield_lambda_mean": 0.19020640347152948, "delta_penalty": 3.317767768749036e-05, "grad_rel": 0.5199480131268501, "iteration": 3980, "loss": 0.14256711676716805, "lr": 0.00018108595808323766, "mse": 0.00013004494376218646, "p_zero": 0.0, "point_rel": 0.07814814448356629, "residual_mse": 0.0001300449430345907, "temporal_rel": 0.8947094857692719, "tke_rel": 0.4956465303897858}
TRAIN {"angle_aug_abs_deg": 0.0, "aoa_effective_shift_abs_deg_mean": 0.9555235743522644, "aoa_meanfield_aug_fraction": 0.53125, "aoa_meanfield_lambda_mean": 0.19110471718013286, "delta_penalty": 3.353302445248118e-05, "grad_rel": 0.5127154767513276, "iteration": 4000, "loss": 0.14216691330075265, "lr": 0.00018090169943749503, "mse": 0.00012331917914707447, "p_zero": 0.0, "point_rel": 0.07723807040601968, "residual_mse": 0.00012331917878327658, "temporal_rel": 0.8957298576831818, "tke_rel": 0.5054758384823799}
TRAIN {"angle_aug_abs_deg": 0.0, "aoa_effective_shift_abs_deg_mean": 0.7736046880483627, "aoa_meanfield_aug_fraction": 0.45, "aoa_meanfield_lambda_mean": 0.15472093783318996, "delta_penalty": 3.678039647638798e-05, "grad_rel": 0.507265368103981, "iteration": 4020, "loss": 0.1406380131840706, "lr": 0.00018071664232464024, "mse": 0.00013164262727514143, "p_zero": 0.0, "point_rel": 0.07618239093571902, "residual_mse": 0.00013164262800273717, "temporal_rel": 0.8963381290435791, "tke_rel": 0.498604553937912}
TRAIN {"angle_aug_abs_deg": 0.0, "aoa_effective_shift_abs_deg_mean": 0.7350458711385727, "aoa_meanfield_aug_fraction": 0.4375, "aoa_meanfield_lambda_mean": 0.14700917415320874, "delta_penalty": 3.8035865327401555e-05, "grad_rel": 0.5178581476211548, "iteration": 4040, "loss": 0.1441096793860197, "lr": 0.0001805307885711124, "mse": 0.00014999839277152205, "p_zero": 0.0, "point_rel": 0.08008156940340996, "residual_mse": 0.00014999839204392628, "temporal_rel": 0.8912362515926361, "tke_rel": 0.4912898108363152}
TRAIN {"angle_aug_abs_deg": 0.0, "aoa_effective_shift_abs_deg_mean": 0.9539786845445632, "aoa_meanfield_aug_fraction": 0.525, "aoa_meanfield_lambda_mean": 0.1907957337796688, "delta_penalty": 3.4110223714378664e-05, "grad_rel": 0.5158742114901542, "iteration": 4060, "loss": 0.14188953079283237, "lr": 0.00018034414001121297, "mse": 0.0001367574152027373, "p_zero": 0.0, "point_rel": 0.07649118565022946, "residual_mse": 0.00013675741411134368, "temporal_rel": 0.8994239062070847, "tke_rel": 0.5105967998504639}
TRAIN {"angle_aug_abs_deg": 0.0, "aoa_effective_shift_abs_deg_mean": 0.7953387066721916, "aoa_meanfield_aug_fraction": 0.45625, "aoa_meanfield_lambda_mean": 0.15906774047762157, "delta_penalty": 3.436695942582446e-05, "grad_rel": 0.5137270912528038, "iteration": 4080, "loss": 0.14323606118559837, "lr": 0.00018015669848708778, "mse": 0.00013100776995997876, "p_zero": 0.0, "point_rel": 0.07810041829943656, "residual_mse": 0.00013100777032377665, "temporal_rel": 0.901459014415741, "tke_rel": 0.5057663068175315}
TRAIN {"angle_aug_abs_deg": 0.0, "aoa_effective_shift_abs_deg_mean": 0.9476258903741837, "aoa_meanfield_aug_fraction": 0.525, "aoa_meanfield_lambda_mean": 0.189525181427598, "delta_penalty": 3.212196543245227e-05, "grad_rel": 0.5166119575500489, "iteration": 4100, "loss": 0.14208552576601505, "lr": 0.00017996846584870919, "mse": 0.00010666054440662265, "p_zero": 0.0, "point_rel": 0.07761361096054316, "residual_mse": 0.00010666054404282477, "temporal_rel": 0.901042029261589, "tke_rel": 0.4943139240145683}
TRAIN {"angle_aug_abs_deg": 0.0, "aoa_effective_shift_abs_deg_mean": 0.6773744210600853, "aoa_meanfield_aug_fraction": 0.40625, "aoa_meanfield_lambda_mean": 0.13547488423064352, "delta_penalty": 3.294839852969744e-05, "grad_rel": 0.5087442964315414, "iteration": 4120, "loss": 0.14135135635733603, "lr": 0.0001797794439538572, "mse": 0.0001256736086361343, "p_zero": 0.0, "point_rel": 0.07717573009431362, "residual_mse": 0.00012567360827233642, "temporal_rel": 0.8994355976581574, "tke_rel": 0.49205052852630615}
TRAIN {"angle_aug_abs_deg": 0.0, "aoa_effective_shift_abs_deg_mean": 0.8161722138524056, "aoa_meanfield_aug_fraction": 0.48125, "aoa_meanfield_lambda_mean": 0.16323444060981274, "delta_penalty": 3.294496236776468e-05, "grad_rel": 0.4997765213251114, "iteration": 4140, "loss": 0.13812416940927505, "lr": 0.00017958963466810165, "mse": 0.00011458186272648164, "p_zero": 0.0, "point_rel": 0.07418544981628657, "residual_mse": 0.0001145818634540774, "temporal_rel": 0.8917337507009506, "tke_rel": 0.4942504599690437}
TRAIN {"angle_aug_abs_deg": 0.0, "aoa_effective_shift_abs_deg_mean": 0.803015498071909, "aoa_meanfield_aug_fraction": 0.46875, "aoa_meanfield_lambda_mean": 0.16060309996828437, "delta_penalty": 3.719639407790964e-05, "grad_rel": 0.5205360531806946, "iteration": 4160, "loss": 0.14447375237941742, "lr": 0.00017939903986478357, "mse": 0.00014003315645823023, "p_zero": 0.0, "point_rel": 0.08016322441399097, "residual_mse": 0.00014003315609443235, "temporal_rel": 0.8938343793153762, "tke_rel": 0.4940784454345703}
TRAIN {"angle_aug_abs_deg": 0.0, "aoa_effective_shift_abs_deg_mean": 0.8187696255743504, "aoa_meanfield_aug_fraction": 0.46875, "aoa_meanfield_lambda_mean": 0.16375392787158488, "delta_penalty": 3.8413058427977374e-05, "grad_rel": 0.5303050175309181, "iteration": 4180, "loss": 0.1497717298567295, "lr": 0.00017920766142499672, "mse": 0.0001556048318889225, "p_zero": 0.0, "point_rel": 0.08422645330429077, "residual_mse": 0.00015560483116132672, "temporal_rel": 0.8903623044490814, "tke_rel": 0.5138730347156525}
TRAIN {"angle_aug_abs_deg": 0.0, "aoa_effective_shift_abs_deg_mean": 0.7942903310060501, "aoa_meanfield_aug_fraction": 0.45, "aoa_meanfield_lambda_mean": 0.1588580634444952, "delta_penalty": 3.5277511597087144e-05, "grad_rel": 0.5164752587676048, "iteration": 4200, "loss": 0.14244966953992844, "lr": 0.00017901550123756912, "mse": 0.00012826162455894518, "p_zero": 0.0, "point_rel": 0.0785579789429903, "residual_mse": 0.00012826162455894518, "temporal_rel": 0.8986848711967468, "tke_rel": 0.48574716597795486}
TRAIN {"angle_aug_abs_deg": 0.0, "aoa_effective_shift_abs_deg_mean": 0.793523733317852, "aoa_meanfield_aug_fraction": 0.44375, "aoa_meanfield_lambda_mean": 0.15870474446564914, "delta_penalty": 3.700571814988507e-05, "grad_rel": 0.5145180702209473, "iteration": 4220, "loss": 0.1421118475496769, "lr": 0.0001788225611990441, "mse": 0.00014649018849013373, "p_zero": 0.0, "point_rel": 0.07862468212842941, "residual_mse": 0.00014649018849013373, "temporal_rel": 0.8865452617406845, "tke_rel": 0.485472472012043}
TRAIN {"angle_aug_abs_deg": 0.0, "aoa_effective_shift_abs_deg_mean": 0.8912964731454849, "aoa_meanfield_aug_fraction": 0.5, "aoa_meanfield_lambda_mean": 0.17825929559767245, "delta_penalty": 3.612938776313968e-05, "grad_rel": 0.5199855148792267, "iteration": 4240, "loss": 0.1455279476940632, "lr": 0.00017862884321366196, "mse": 0.00014399711008081795, "p_zero": 0.0, "point_rel": 0.08101205453276634, "residual_mse": 0.00014399711226360524, "temporal_rel": 0.8923500388860702, "tke_rel": 0.49836152940988543}
TRAIN {"angle_aug_abs_deg": 0.0, "aoa_effective_shift_abs_deg_mean": 0.8625531703233719, "aoa_meanfield_aug_fraction": 0.50625, "aoa_meanfield_lambda_mean": 0.17251063399016858, "delta_penalty": 3.6746766636497344e-05, "grad_rel": 0.5170130848884582, "iteration": 4260, "loss": 0.1434130698442459, "lr": 0.00017843434919334117, "mse": 0.00013893683681089896, "p_zero": 0.0, "point_rel": 0.07761008273810148, "residual_mse": 0.00013893683844798944, "temporal_rel": 0.9034737646579742, "tke_rel": 0.5150194212794303}
TRAIN {"angle_aug_abs_deg": 0.0, "aoa_effective_shift_abs_deg_mean": 0.9669773668050766, "aoa_meanfield_aug_fraction": 0.53125, "aoa_meanfield_lambda_mean": 0.19339547343552113, "delta_penalty": 3.1285737350117415e-05, "grad_rel": 0.5198373541235923, "iteration": 4280, "loss": 0.14464056268334388, "lr": 0.000178239081057659, "mse": 0.0001226252585183829, "p_zero": 0.0, "point_rel": 0.07768762744963169, "residual_mse": 0.00012262525815458502, "temporal_rel": 0.9060126334428787, "tke_rel": 0.5322930753231049}
TRAIN {"angle_aug_abs_deg": 0.0, "aoa_effective_shift_abs_deg_mean": 0.7508934810757637, "aoa_meanfield_aug_fraction": 0.41875, "aoa_meanfield_lambda_mean": 0.15017870143055917, "delta_penalty": 4.027034765385906e-05, "grad_rel": 0.5126852050423623, "iteration": 4300, "loss": 0.1429942451417446, "lr": 0.00017804304073383315, "mse": 0.00015503322665608721, "p_zero": 0.0, "point_rel": 0.07934715785086155, "residual_mse": 0.00015503322629228933, "temporal_rel": 0.885685259103775, "tke_rel": 0.48898229002952576}
TRAIN {"angle_aug_abs_deg": 0.0, "aoa_effective_shift_abs_deg_mean": 0.7406933754682541, "aoa_meanfield_aug_fraction": 0.4, "aoa_meanfield_lambda_mean": 0.1481386762112379, "delta_penalty": 3.6765676395589256e-05, "grad_rel": 0.5218656584620476, "iteration": 4320, "loss": 0.1470179356634617, "lr": 0.00017784623015670257, "mse": 0.0001556616798552568, "p_zero": 0.0, "point_rel": 0.08137652315199376, "residual_mse": 0.00015566167767246952, "temporal_rel": 0.8983574479818344, "tke_rel": 0.513587909936905}
TRAIN {"angle_aug_abs_deg": 0.0, "aoa_effective_shift_abs_deg_mean": 0.8804591119289398, "aoa_meanfield_aug_fraction": 0.5125, "aoa_meanfield_lambda_mean": 0.17609182558953762, "delta_penalty": 3.512173725539469e-05, "grad_rel": 0.5169269666075706, "iteration": 4340, "loss": 0.1413324974477291, "lr": 0.00017764865126870805, "mse": 0.0001259640013813623, "p_zero": 0.0, "point_rel": 0.07630315274000168, "residual_mse": 0.00012596400247275597, "temporal_rel": 0.8960294961929322, "tke_rel": 0.5059344127774239}
TRAIN {"angle_aug_abs_deg": 0.0, "aoa_effective_shift_abs_deg_mean": 0.8234462410211563, "aoa_meanfield_aug_fraction": 0.48125, "aoa_meanfield_lambda_mean": 0.16468924842774868, "delta_penalty": 3.68717163837573e-05, "grad_rel": 0.519482783973217, "iteration": 4360, "loss": 0.14395569413900375, "lr": 0.00017745030601987356, "mse": 0.00014972784683777717, "p_zero": 0.0, "point_rel": 0.07928474619984627, "residual_mse": 0.00014972784611018143, "temporal_rel": 0.8941796094179153, "tke_rel": 0.5001277655363083}
TRAIN {"angle_aug_abs_deg": 0.0, "aoa_effective_shift_abs_deg_mean": 0.8155966490507126, "aoa_meanfield_aug_fraction": 0.45, "aoa_meanfield_lambda_mean": 0.16311932988464833, "delta_penalty": 3.737647011803347e-05, "grad_rel": 0.5075150221586228, "iteration": 4380, "loss": 0.14231936559081076, "lr": 0.00017725119636778663, "mse": 0.0001367705464872415, "p_zero": 0.0, "point_rel": 0.0775210402905941, "residual_mse": 0.0001367705468510394, "temporal_rel": 0.889417877793312, "tke_rel": 0.5076881021261215}
TRAIN {"angle_aug_abs_deg": 0.0, "aoa_effective_shift_abs_deg_mean": 0.8515674971044064, "aoa_meanfield_aug_fraction": 0.49375, "aoa_meanfield_lambda_mean": 0.17031349819153546, "delta_penalty": 3.670596342999488e-05, "grad_rel": 0.5195020288228989, "iteration": 4400, "loss": 0.14199006669223307, "lr": 0.00017705132427757903, "mse": 0.0001403803628818423, "p_zero": 0.0, "point_rel": 0.07778376657515765, "residual_mse": 0.0001403803619723476, "temporal_rel": 0.8941989123821259, "tke_rel": 0.49241589903831484}
TRAIN {"angle_aug_abs_deg": 0.0, "aoa_effective_shift_abs_deg_mean": 0.8835371255874633, "aoa_meanfield_aug_fraction": 0.50625, "aoa_meanfield_lambda_mean": 0.17670742459595204, "delta_penalty": 3.346878229422145e-05, "grad_rel": 0.5210296377539635, "iteration": 4420, "loss": 0.14501901678740978, "lr": 0.0001768506917219078, "mse": 0.00012916243522340665, "p_zero": 0.0, "point_rel": 0.07993646189570427, "residual_mse": 0.00012916243522340665, "temporal_rel": 0.8923902392387391, "tke_rel": 0.5075998067855835}
TRAIN {"angle_aug_abs_deg": 0.0, "aoa_effective_shift_abs_deg_mean": 0.8900756254792214, "aoa_meanfield_aug_fraction": 0.5, "aoa_meanfield_lambda_mean": 0.17801512368023395, "delta_penalty": 3.805958103839657e-05, "grad_rel": 0.5253736495971679, "iteration": 4440, "loss": 0.14724829830229283, "lr": 0.00017664930068093514, "mse": 0.00014284500393841882, "p_zero": 0.0, "point_rel": 0.08212899174541236, "residual_mse": 0.00014284500466601457, "temporal_rel": 0.9017125636339187, "tke_rel": 0.5023951947689056}
TRAIN {"angle_aug_abs_deg": 0.0, "aoa_effective_shift_abs_deg_mean": 0.7271052837371826, "aoa_meanfield_aug_fraction": 0.41875, "aoa_meanfield_lambda_mean": 0.1454210549592972, "delta_penalty": 4.018419658677885e-05, "grad_rel": 0.505740548670292, "iteration": 4460, "loss": 0.1413310118019581, "lr": 0.00017644715314230937, "mse": 0.00015631811438652222, "p_zero": 0.0, "point_rel": 0.07747604046016932, "residual_mse": 0.00015631811438652222, "temporal_rel": 0.8928557008504867, "tke_rel": 0.4905915856361389}
TRAIN {"angle_aug_abs_deg": 0.0, "aoa_effective_shift_abs_deg_mean": 0.8722271710634232, "aoa_meanfield_aug_fraction": 0.4875, "aoa_meanfield_lambda_mean": 0.1744454324245453, "delta_penalty": 3.260688135924284e-05, "grad_rel": 0.5181415379047394, "iteration": 4480, "loss": 0.1427498959004879, "lr": 0.00017624425110114497, "mse": 0.00012328883567533922, "p_zero": 0.0, "point_rel": 0.07824495136737823, "residual_mse": 0.00012328883567533922, "temporal_rel": 0.8901450514793396, "tke_rel": 0.49984731525182724}
TRAIN {"angle_aug_abs_deg": 0.0, "aoa_effective_shift_abs_deg_mean": 0.7366102546453476, "aoa_meanfield_aug_fraction": 0.425, "aoa_meanfield_lambda_mean": 0.14732204824686052, "delta_penalty": 4.176392876615864e-05, "grad_rel": 0.5266580253839492, "iteration": 4500, "loss": 0.14810134693980218, "lr": 0.00017604059656000333, "mse": 0.00017400079213985008, "p_zero": 0.0, "point_rel": 0.08265879601240159, "residual_mse": 0.00017400079141225434, "temporal_rel": 0.9019821554422378, "tke_rel": 0.5071696937084198}
TRAIN {"angle_aug_abs_deg": 0.0, "aoa_effective_shift_abs_deg_mean": 0.8789117366075516, "aoa_meanfield_aug_fraction": 0.5125, "aoa_meanfield_lambda_mean": 0.17578234560787678, "delta_penalty": 3.46864789207757e-05, "grad_rel": 0.5238581448793411, "iteration": 4520, "loss": 0.14621381387114524, "lr": 0.0001758361915288724, "mse": 0.0001422117424226599, "p_zero": 0.0, "point_rel": 0.08156111091375351, "residual_mse": 0.000142211742058862, "temporal_rel": 0.8905547440052033, "tke_rel": 0.500580570101738}
TRAIN {"angle_aug_abs_deg": 0.0, "aoa_effective_shift_abs_deg_mean": 0.8443930074572563, "aoa_meanfield_aug_fraction": 0.45, "aoa_meanfield_lambda_mean": 0.16887860242277383, "delta_penalty": 3.67271332834207e-05, "grad_rel": 0.5240660548210144, "iteration": 4540, "loss": 0.14597910046577453, "lr": 0.00017563103802514736, "mse": 0.00014762286282348213, "p_zero": 0.0, "point_rel": 0.08071202971041203, "residual_mse": 0.00014762286209588638, "temporal_rel": 0.89937724173069, "tke_rel": 0.5063289880752564}
TRAIN {"angle_aug_abs_deg": 0.0, "aoa_effective_shift_abs_deg_mean": 0.9008459389209748, "aoa_meanfield_aug_fraction": 0.5375, "aoa_meanfield_lambda_mean": 0.18016918934881687, "delta_penalty": 3.582585040931008e-05, "grad_rel": 0.5265422537922859, "iteration": 4560, "loss": 0.14692229107022287, "lr": 0.00017542513807361046, "mse": 0.00014409619761863724, "p_zero": 0.0, "point_rel": 0.08115421161055565, "residual_mse": 0.00014409619725483936, "temporal_rel": 0.9000648051500321, "tke_rel": 0.5137342855334281}
TRAIN {"angle_aug_abs_deg": 0.0, "aoa_effective_shift_abs_deg_mean": 0.8663266211748123, "aoa_meanfield_aug_fraction": 0.4875, "aoa_meanfield_lambda_mean": 0.17326532378792764, "delta_penalty": 3.4923151179100384e-05, "grad_rel": 0.5069430142641067, "iteration": 4580, "loss": 0.14074512496590613, "lr": 0.00017521849370641116, "mse": 0.00012485661118262216, "p_zero": 0.0, "point_rel": 0.07641297020018101, "residual_mse": 0.0001248566100912285, "temporal_rel": 0.8942595422267914, "tke_rel": 0.4977011471986771}
TRAIN {"angle_aug_abs_deg": 0.0, "aoa_effective_shift_abs_deg_mean": 0.7863487266004086, "aoa_meanfield_aug_fraction": 0.45625, "aoa_meanfield_lambda_mean": 0.1572697464376688, "delta_penalty": 3.573717431208934e-05, "grad_rel": 0.5129128262400627, "iteration": 4600, "loss": 0.14303859695792198, "lr": 0.0001750111069630459, "mse": 0.00013127835482009686, "p_zero": 0.0, "point_rel": 0.07919250838458539, "residual_mse": 0.00013127835482009686, "temporal_rel": 0.8908840596675873, "tke_rel": 0.48976292461156845}
TRAIN {"angle_aug_abs_deg": 0.0, "aoa_effective_shift_abs_deg_mean": 0.7262621723115444, "aoa_meanfield_aug_fraction": 0.40625, "aoa_meanfield_lambda_mean": 0.14525243518874048, "delta_penalty": 3.537103939379449e-05, "grad_rel": 0.5135643973946571, "iteration": 4620, "loss": 0.14258411005139351, "lr": 0.0001748029798903381, "mse": 0.00013539596729970072, "p_zero": 0.0, "point_rel": 0.07792796678841114, "residual_mse": 0.00013539596693590283, "temporal_rel": 0.8943512529134751, "tke_rel": 0.501346941292286}
TRAIN {"angle_aug_abs_deg": 0.0, "aoa_effective_shift_abs_deg_mean": 0.8502506777644158, "aoa_meanfield_aug_fraction": 0.48125, "aoa_meanfield_lambda_mean": 0.17005013413727282, "delta_penalty": 3.7039620110590477e-05, "grad_rel": 0.5256609722971917, "iteration": 4640, "loss": 0.14631040543317794, "lr": 0.00017459411454241806, "mse": 0.0001369101008094731, "p_zero": 0.0, "point_rel": 0.08031457327306271, "residual_mse": 0.0001369101017189678, "temporal_rel": 0.905184057354927, "tke_rel": 0.51522646099329}
TRAIN {"angle_aug_abs_deg": 0.0, "aoa_effective_shift_abs_deg_mean": 0.779768056422472, "aoa_meanfield_aug_fraction": 0.43125, "aoa_meanfield_lambda_mean": 0.15595361012965442, "delta_penalty": 3.531914817358484e-05, "grad_rel": 0.5032689034938812, "iteration": 4660, "loss": 0.14051689095795156, "lr": 0.00017438451298070235, "mse": 0.0001289029887630022, "p_zero": 0.0, "point_rel": 0.07666803542524576, "residual_mse": 0.00012890298839920433, "temporal_rel": 0.8910162150859833, "tke_rel": 0.4921660542488098}
TRAIN {"angle_aug_abs_deg": 0.0, "aoa_effective_shift_abs_deg_mean": 0.8400871157646179, "aoa_meanfield_aug_fraction": 0.475, "aoa_meanfield_lambda_mean": 0.16801742203533648, "delta_penalty": 3.5462806681607614e-05, "grad_rel": 0.5131042793393135, "iteration": 4680, "loss": 0.14090134240686894, "lr": 0.00017417417727387375, "mse": 0.00013067553336441052, "p_zero": 0.0, "point_rel": 0.07695864010602235, "residual_mse": 0.00013067553445580415, "temporal_rel": 0.892029058933258, "tke_rel": 0.49075592011213304}
TRAIN {"angle_aug_abs_deg": 0.0, "aoa_effective_shift_abs_deg_mean": 0.8781972967088223, "aoa_meanfield_aug_fraction": 0.48125, "aoa_meanfield_lambda_mean": 0.17563946200534702, "delta_penalty": 3.9195738554553825e-05, "grad_rel": 0.5213198348879814, "iteration": 4700, "loss": 0.14741354286670685, "lr": 0.0001739631094978608, "mse": 0.00015683813617215492, "p_zero": 0.0, "point_rel": 0.08228310309350491, "residual_mse": 0.00015683813544455915, "temporal_rel": 0.8942481696605682, "tke_rel": 0.5072560891509056}
TRAIN {"angle_aug_abs_deg": 0.0, "aoa_effective_shift_abs_deg_mean": 0.9011684030294418, "aoa_meanfield_aug_fraction": 0.5, "aoa_meanfield_lambda_mean": 0.18023368380963803, "delta_penalty": 3.760989156944561e-05, "grad_rel": 0.5171649143099785, "iteration": 4720, "loss": 0.1450291123241186, "lr": 0.0001737513117358172, "mse": 0.0001392568308801856, "p_zero": 0.0, "point_rel": 0.0807759329676628, "residual_mse": 0.0001392568308801856, "temporal_rel": 0.8925547420978546, "tke_rel": 0.4946089193224907}
TRAIN {"angle_aug_abs_deg": 0.0, "aoa_effective_shift_abs_deg_mean": 0.8399237103760242, "aoa_meanfield_aug_fraction": 0.46875, "aoa_meanfield_lambda_mean": 0.16798474229872226, "delta_penalty": 3.3851313219201984e-05, "grad_rel": 0.5085098057985306, "iteration": 4740, "loss": 0.13993138261139393, "lr": 0.00017353878607810145, "mse": 0.00011808012914116262, "p_zero": 0.0, "point_rel": 0.07521397676318883, "residual_mse": 0.00011808012841356686, "temporal_rel": 0.8936906695365906, "tke_rel": 0.5040489867329597}
TRAIN {"angle_aug_abs_deg": 0.0, "aoa_effective_shift_abs_deg_mean": 0.9001096360385418, "aoa_meanfield_aug_fraction": 0.53125, "aoa_meanfield_lambda_mean": 0.18002192657440902, "delta_penalty": 3.691566807901836e-05, "grad_rel": 0.5242753222584724, "iteration": 4760, "loss": 0.14434922635555267, "lr": 0.00017332553462225591, "mse": 0.00013528814706660343, "p_zero": 0.0, "point_rel": 0.07974901795387268, "residual_mse": 0.00013528814488381614, "temporal_rel": 0.8946265518665314, "tke_rel": 0.49759927242994306}
TRAIN {"angle_aug_abs_deg": 0.0, "aoa_effective_shift_abs_deg_mean": 0.8261364959180355, "aoa_meanfield_aug_fraction": 0.45625, "aoa_meanfield_lambda_mean": 0.16522730179131032, "delta_penalty": 3.4416244852764065e-05, "grad_rel": 0.5093232646584511, "iteration": 4780, "loss": 0.14171976298093797, "lr": 0.0001731115594729863, "mse": 0.000129343526714365, "p_zero": 0.0, "point_rel": 0.07687500864267349, "residual_mse": 0.00012934352598676925, "temporal_rel": 0.8923586815595627, "tke_rel": 0.5065776109695435}
TRAIN {"angle_aug_abs_deg": 0.0, "aoa_effective_shift_abs_deg_mean": 0.8836436584591866, "aoa_meanfield_aug_fraction": 0.50625, "aoa_meanfield_lambda_mean": 0.17672873120754956, "delta_penalty": 3.742211056305678e-05, "grad_rel": 0.5222652107477188, "iteration": 4800, "loss": 0.14520078226923944, "lr": 0.0001728968627421411, "mse": 0.00015580721428705148, "p_zero": 0.0, "point_rel": 0.07940332852303982, "residual_mse": 0.00015580721501464722, "temporal_rel": 0.904283058643341, "tke_rel": 0.5131248772144318}
TRAIN {"angle_aug_abs_deg": 0.0, "aoa_effective_shift_abs_deg_mean": 0.854573418200016, "aoa_meanfield_aug_fraction": 0.49375, "aoa_meanfield_lambda_mean": 0.17091467864811422, "delta_penalty": 3.518258645271999e-05, "grad_rel": 0.5172122329473495, "iteration": 4820, "loss": 0.14273689910769463, "lr": 0.00017268144654869025, "mse": 0.00012541337819129694, "p_zero": 0.0, "point_rel": 0.0789638813585043, "residual_mse": 0.00012541337855509482, "temporal_rel": 0.8920259445905685, "tke_rel": 0.48692881017923356}
TRAIN {"angle_aug_abs_deg": 0.0, "aoa_effective_shift_abs_deg_mean": 0.8125020205974579, "aoa_meanfield_aug_fraction": 0.46875, "aoa_meanfield_lambda_mean": 0.16250040233135224, "delta_penalty": 3.558194193828967e-05, "grad_rel": 0.5140150204300881, "iteration": 4840, "loss": 0.14170624166727067, "lr": 0.00017246531301870458, "mse": 0.00014300455268312362, "p_zero": 0.0, "point_rel": 0.07792854011058807, "residual_mse": 0.0001430045534107194, "temporal_rel": 0.8897393852472305, "tke_rel": 0.48886145651340485}
TRAIN {"angle_aug_abs_deg": 0.0, "aoa_effective_shift_abs_deg_mean": 0.7731355115771293, "aoa_meanfield_aug_fraction": 0.45625, "aoa_meanfield_lambda_mean": 0.15462710224092008, "delta_penalty": 3.708008161993348e-05, "grad_rel": 0.516296049952507, "iteration": 4860, "loss": 0.1437467247247696, "lr": 0.0001722484642853349, "mse": 0.0001504285610280931, "p_zero": 0.0, "point_rel": 0.07904565818607807, "residual_mse": 0.0001504285592091037, "temporal_rel": 0.8904952824115753, "tke_rel": 0.5032649397850036}
TRAIN {"angle_aug_abs_deg": 0.0, "aoa_effective_shift_abs_deg_mean": 0.6784385517239571, "aoa_meanfield_aug_fraction": 0.4125, "aoa_meanfield_lambda_mean": 0.1356877090409398, "delta_penalty": 3.377099928911775e-05, "grad_rel": 0.5153613597154617, "iteration": 4880, "loss": 0.1415983472019434, "lr": 0.00017203090248879059, "mse": 0.0001158332554041408, "p_zero": 0.0, "point_rel": 0.07767808772623538, "residual_mse": 0.00011583325467654504, "temporal_rel": 0.8973689019680023, "tke_rel": 0.4872224599123001}
TRAIN {"angle_aug_abs_deg": 0.0, "aoa_effective_shift_abs_deg_mean": 0.8339224398136139, "aoa_meanfield_aug_fraction": 0.48125, "aoa_meanfield_lambda_mean": 0.16678448859602213, "delta_penalty": 3.566924397091498e-05, "grad_rel": 0.5075853392481804, "iteration": 4900, "loss": 0.14175498560070993, "lr": 0.00017181262977631874, "mse": 0.00013905138130212435, "p_zero": 0.0, "point_rel": 0.07704298496246338, "residual_mse": 0.00013905138275731587, "temporal_rel": 0.9030772745609283, "tke_rel": 0.4993912398815155}
TRAIN {"angle_aug_abs_deg": 0.0, "aoa_effective_shift_abs_deg_mean": 0.7999062150716781, "aoa_meanfield_aug_fraction": 0.45625, "aoa_meanfield_lambda_mean": 0.15998124554753304, "delta_penalty": 3.802415094469325e-05, "grad_rel": 0.5190458044409751, "iteration": 4920, "loss": 0.1443982630968094, "lr": 0.00017159364830218293, "mse": 0.0001381255175147089, "p_zero": 0.0, "point_rel": 0.07910510264337063, "residual_mse": 0.0001381255151500227, "temporal_rel": 0.8977371841669083, "tke_rel": 0.5088860481977463}
TRAIN {"angle_aug_abs_deg": 0.0, "aoa_effective_shift_abs_deg_mean": 0.8280315220355987, "aoa_meanfield_aug_fraction": 0.475, "aoa_meanfield_lambda_mean": 0.16560630276799201, "delta_penalty": 3.533317230903776e-05, "grad_rel": 0.5187434807419777, "iteration": 4940, "loss": 0.1439654365181923, "lr": 0.00017137396022764192, "mse": 0.00013050079214735888, "p_zero": 0.0, "point_rel": 0.07942491620779038, "residual_mse": 0.00013050079232925781, "temporal_rel": 0.8964123517274857, "tke_rel": 0.49711909890174866}
TRAIN {"angle_aug_abs_deg": 0.0, "aoa_effective_shift_abs_deg_mean": 0.8833708822727203, "aoa_meanfield_aug_fraction": 0.49375, "aoa_meanfield_lambda_mean": 0.1766741793602705, "delta_penalty": 3.658230825749342e-05, "grad_rel": 0.5142873495817184, "iteration": 4960, "loss": 0.1427575908601284, "lr": 0.00017115356772092833, "mse": 0.0001502096796684782, "p_zero": 0.0, "point_rel": 0.07916902415454388, "residual_mse": 0.0001502096778494888, "temporal_rel": 0.8867683976888656, "tke_rel": 0.4870902210474014}
TRAIN {"angle_aug_abs_deg": 0.0, "aoa_effective_shift_abs_deg_mean": 0.8018152326345444, "aoa_meanfield_aug_fraction": 0.475, "aoa_meanfield_lambda_mean": 0.16036304421722888, "delta_penalty": 3.9270054094231456e-05, "grad_rel": 0.5228910341858863, "iteration": 4980, "loss": 0.14392912164330482, "lr": 0.00017093247295722717, "mse": 0.00014939183092792517, "p_zero": 0.0, "point_rel": 0.07936217766255141, "residual_mse": 0.00014939183165552095, "temporal_rel": 0.8973605781793594, "tke_rel": 0.4959526225924492}
TRAIN {"angle_aug_abs_deg": 0.0, "aoa_effective_shift_abs_deg_mean": 0.8811185702681541, "aoa_meanfield_aug_fraction": 0.50625, "aoa_meanfield_lambda_mean": 0.1762237150222063, "delta_penalty": 3.923295998902177e-05, "grad_rel": 0.520392221212387, "iteration": 5000, "loss": 0.14455582052469254, "lr": 0.0001707106781186546, "mse": 0.0001494872227340238, "p_zero": 0.0, "point_rel": 0.0779697835445404, "residual_mse": 0.0001494872227340238, "temporal_rel": 0.9072460532188416, "tke_rel": 0.52528575360775}
EVAL_TOP {"alpha": 1.0, "best_bound_abs": 0.0075, "best_bound_rel": 0.0075, "best_bounds": [{"abs": 0.0075, "coverage": 0.830711612701416, "final_est": 81.49568958173295, "rel": 0.0075, "sps_raw": 0.47802032923698423, "sps_score_linear": 47.80203292369842, "sps_score_used": 47.80203292369842}], "best_final_est": 81.49568958173295, "iteration": 5000, "mean_t_neural_s": 0.01762683533, "mvpe": 0.07481688475236296, "mvpe_score": 96.39404878077745, "n": 640, "rel_l2": 0.08234353512525558, "rel_l2_score": 96.04563158113571, "time_score": 86.54248999999716, "tke": 0.47849150747060776, "tke_score": 80.69424462305598}
TRAIN {"angle_aug_abs_deg": 0.0, "aoa_effective_shift_abs_deg_mean": 0.8632384479045868, "aoa_meanfield_aug_fraction": 0.50625, "aoa_meanfield_lambda_mean": 0.17264769095927476, "delta_penalty": 3.5433999255474194e-05, "grad_rel": 0.5224223971366883, "iteration": 5020, "loss": 0.1440228447318077, "lr": 0.00017048818539423599, "mse": 0.00014230980123102198, "p_zero": 0.0, "point_rel": 0.07988763377070426, "residual_mse": 0.00014230980013962835, "temporal_rel": 0.8906278282403945, "tke_rel": 0.4922773167490959}
TRAIN {"angle_aug_abs_deg": 0.0, "aoa_effective_shift_abs_deg_mean": 0.7000912994146347, "aoa_meanfield_aug_fraction": 0.40625, "aoa_meanfield_lambda_mean": 0.14001825749874114, "delta_penalty": 3.72304294614878e-05, "grad_rel": 0.5207789406180382, "iteration": 5040, "loss": 0.14379809685051442, "lr": 0.00017026499697988477, "mse": 0.00013130526094755622, "p_zero": 0.0, "point_rel": 0.0800190206617117, "residual_mse": 0.0001313052634941414, "temporal_rel": 0.8903016269207, "tke_rel": 0.4869700998067856}
TRAIN {"angle_aug_abs_deg": 0.0, "aoa_effective_shift_abs_deg_mean": 0.8160583838820458, "aoa_meanfield_aug_fraction": 0.46875, "aoa_meanfield_lambda_mean": 0.1632116734981537, "delta_penalty": 3.640854083641898e-05, "grad_rel": 0.5127146199345589, "iteration": 5060, "loss": 0.14384353272616862, "lr": 0.0001700411150783805, "mse": 0.00014298156984295928, "p_zero": 0.0, "point_rel": 0.07904856484383345, "residual_mse": 0.00014298156984295928, "temporal_rel": 0.8939589977264404, "tke_rel": 0.5040309265255928}
TRAIN {"angle_aug_abs_deg": 0.0, "aoa_effective_shift_abs_deg_mean": 0.8190743446350097, "aoa_meanfield_aug_fraction": 0.475, "aoa_meanfield_lambda_mean": 0.16381486654281616, "delta_penalty": 3.639512297013425e-05, "grad_rel": 0.515725952386856, "iteration": 5080, "loss": 0.14133731573820113, "lr": 0.0001698165418993472, "mse": 0.00012438153571565637, "p_zero": 0.0, "point_rel": 0.07768642753362656, "residual_mse": 0.0001243815364432521, "temporal_rel": 0.8887903958559036, "tke_rel": 0.4868874505162239}
TRAIN {"angle_aug_abs_deg": 0.0, "aoa_effective_shift_abs_deg_mean": 0.6976329408586025, "aoa_meanfield_aug_fraction": 0.4125, "aoa_meanfield_lambda_mean": 0.1395265894010663, "delta_penalty": 3.729855743586086e-05, "grad_rel": 0.5034798294305801, "iteration": 5100, "loss": 0.14056108221411706, "lr": 0.00016959127965923134, "mse": 0.00014151226296235108, "p_zero": 0.0, "point_rel": 0.07614107802510262, "residual_mse": 0.00014151226368994685, "temporal_rel": 0.8906428217887878, "tke_rel": 0.5017553254961967}
TRAIN {"angle_aug_abs_deg": 0.0, "aoa_effective_shift_abs_deg_mean": 0.9517193049192428, "aoa_meanfield_aug_fraction": 0.54375, "aoa_meanfield_lambda_mean": 0.19034386239945889, "delta_penalty": 3.492987789286417e-05, "grad_rel": 0.5261509045958519, "iteration": 5120, "loss": 0.14640124514698982, "lr": 0.0001693653305812805, "mse": 0.00014067948086449178, "p_zero": 0.0, "point_rel": 0.08104990422725677, "residual_mse": 0.00014067948086449178, "temporal_rel": 0.8959261000156402, "tke_rel": 0.5089732155203819}
TRAIN {"angle_aug_abs_deg": 0.0, "aoa_effective_shift_abs_deg_mean": 0.7352668188512326, "aoa_meanfield_aug_fraction": 0.4125, "aoa_meanfield_lambda_mean": 0.14705336522310972, "delta_penalty": 3.998678166681202e-05, "grad_rel": 0.5111850738525391, "iteration": 5140, "loss": 0.14201634004712105, "lr": 0.0001691386968955207, "mse": 0.00015624684219801567, "p_zero": 0.0, "point_rel": 0.07873274274170398, "residual_mse": 0.00015624684183421778, "temporal_rel": 0.8856629222631455, "tke_rel": 0.4833043307065964}
TRAIN {"angle_aug_abs_deg": 0.0, "aoa_effective_shift_abs_deg_mean": 0.823726013302803, "aoa_meanfield_aug_fraction": 0.45625, "aoa_meanfield_lambda_mean": 0.16474520340561866, "delta_penalty": 3.7009650077379776e-05, "grad_rel": 0.5126112326979637, "iteration": 5160, "loss": 0.1421765923500061, "lr": 0.0001689113808387349, "mse": 0.0001339326061497559, "p_zero": 0.0, "point_rel": 0.07833529114723206, "residual_mse": 0.00013393260505836224, "temporal_rel": 0.8910643130540847, "tke_rel": 0.48965477347373965}
TRAIN {"angle_aug_abs_deg": 0.0, "aoa_effective_shift_abs_deg_mean": 0.7189765118062497, "aoa_meanfield_aug_fraction": 0.40625, "aoa_meanfield_lambda_mean": 0.14379530530422927, "delta_penalty": 3.5166045927326194e-05, "grad_rel": 0.510861910879612, "iteration": 5180, "loss": 0.14169717356562614, "lr": 0.00016868338465444085, "mse": 0.00012622854028450093, "p_zero": 0.0, "point_rel": 0.07756161876022816, "residual_mse": 0.00012622854028450093, "temporal_rel": 0.891336464881897, "tke_rel": 0.4948993295431137}
TRAIN {"angle_aug_abs_deg": 0.0, "aoa_effective_shift_abs_deg_mean": 0.8085796907544136, "aoa_meanfield_aug_fraction": 0.4625, "aoa_meanfield_lambda_mean": 0.16171593684703112, "delta_penalty": 3.745071635421482e-05, "grad_rel": 0.5149811416864395, "iteration": 5200, "loss": 0.14330511167645454, "lr": 0.00016845471059286898, "mse": 0.00014041955673746998, "p_zero": 0.0, "point_rel": 0.07872244194149972, "residual_mse": 0.00014041955673746998, "temporal_rel": 0.8967423468828202, "tke_rel": 0.49854686856269836}
TRAIN {"angle_aug_abs_deg": 0.0, "aoa_effective_shift_abs_deg_mean": 0.9611291259527206, "aoa_meanfield_aug_fraction": 0.525, "aoa_meanfield_lambda_mean": 0.19222582466900348, "delta_penalty": 3.1958784893504345e-05, "grad_rel": 0.5188153281807899, "iteration": 5220, "loss": 0.14384904578328134, "lr": 0.00016822536091093976, "mse": 0.00012679251831286819, "p_zero": 0.0, "point_rel": 0.07875346578657627, "residual_mse": 0.00012679251831286819, "temporal_rel": 0.8956870585680008, "tke_rel": 0.506734362244606}
TRAIN {"angle_aug_abs_deg": 0.0, "aoa_effective_shift_abs_deg_mean": 0.8272570081055164, "aoa_meanfield_aug_fraction": 0.49375, "aoa_meanfield_lambda_mean": 0.1654514003545046, "delta_penalty": 3.4834586676879554e-05, "grad_rel": 0.5228903010487557, "iteration": 5240, "loss": 0.144513650983572, "lr": 0.00016799533787224206, "mse": 0.00012449293099052737, "p_zero": 0.0, "point_rel": 0.07962500639259815, "residual_mse": 0.00012449293062672951, "temporal_rel": 0.903502368927002, "tke_rel": 0.49836959391832353}
TRAIN {"angle_aug_abs_deg": 0.0, "aoa_effective_shift_abs_deg_mean": 0.7641814485192299, "aoa_meanfield_aug_fraction": 0.44375, "aoa_meanfield_lambda_mean": 0.15283628925681114, "delta_penalty": 3.6696054485219066e-05, "grad_rel": 0.5230682358145714, "iteration": 5260, "loss": 0.1453595258295536, "lr": 0.00016776464374701033, "mse": 0.00014747325531061506, "p_zero": 0.0, "point_rel": 0.07972361482679843, "residual_mse": 0.000147473255492514, "temporal_rel": 0.8945328772068024, "tke_rel": 0.5151487842202187}
TRAIN {"angle_aug_abs_deg": 0.0, "aoa_effective_shift_abs_deg_mean": 0.843462036550045, "aoa_meanfield_aug_fraction": 0.49375, "aoa_meanfield_lambda_mean": 0.1686924135312438, "delta_penalty": 3.507449437165633e-05, "grad_rel": 0.5071670517325402, "iteration": 5280, "loss": 0.14120492227375508, "lr": 0.00016753328081210248, "mse": 0.00012097879825887504, "p_zero": 0.0, "point_rel": 0.07676030192524194, "residual_mse": 0.00012097879734938033, "temporal_rel": 0.8915454298257828, "tke_rel": 0.5008959859609604}
TRAIN {"angle_aug_abs_deg": 0.0, "aoa_effective_shift_abs_deg_mean": 0.7359956234693528, "aoa_meanfield_aug_fraction": 0.425, "aoa_meanfield_lambda_mean": 0.14719912670552732, "delta_penalty": 3.6479876416706245e-05, "grad_rel": 0.5077371895313263, "iteration": 5300, "loss": 0.14013511948287488, "lr": 0.00016730125135097735, "mse": 0.00012640867662412348, "p_zero": 0.0, "point_rel": 0.07648425605148076, "residual_mse": 0.00012640867662412348, "temporal_rel": 0.8896753132343292, "tke_rel": 0.48843161165714266}
TRAIN {"angle_aug_abs_deg": 0.0, "aoa_effective_shift_abs_deg_mean": 0.8347274631261825, "aoa_meanfield_aug_fraction": 0.4625, "aoa_meanfield_lambda_mean": 0.16694549340754747, "delta_penalty": 3.672947859740816e-05, "grad_rel": 0.5177720695734024, "iteration": 5320, "loss": 0.14413938894867898, "lr": 0.00016706855765367205, "mse": 0.00013404584915406305, "p_zero": 0.0, "point_rel": 0.07858950588852168, "residual_mse": 0.0001340458476988715, "temporal_rel": 0.900673907995224, "tke_rel": 0.5120356842875481}
TRAIN {"angle_aug_abs_deg": 0.0, "aoa_effective_shift_abs_deg_mean": 0.6736054189503193, "aoa_meanfield_aug_fraction": 0.3875, "aoa_meanfield_lambda_mean": 0.13472108468413352, "delta_penalty": 3.6945643569197276e-05, "grad_rel": 0.5173583373427391, "iteration": 5340, "loss": 0.14248957708477974, "lr": 0.00016683520201677933, "mse": 0.0001411192279192619, "p_zero": 0.0, "point_rel": 0.07852147929370404, "residual_mse": 0.00014111922500887887, "temporal_rel": 0.8918711990118027, "tke_rel": 0.4901419296860695}
TRAIN {"angle_aug_abs_deg": 0.0, "aoa_effective_shift_abs_deg_mean": 0.8355220884084702, "aoa_meanfield_aug_fraction": 0.49375, "aoa_meanfield_lambda_mean": 0.16710441876202822, "delta_penalty": 3.614408515204559e-05, "grad_rel": 0.5190631911158562, "iteration": 5360, "loss": 0.143346206843853, "lr": 0.0001666011867434252, "mse": 0.00013530846763387672, "p_zero": 0.0, "point_rel": 0.0789634995162487, "residual_mse": 0.0001353084661786852, "temporal_rel": 0.8941418945789337, "tke_rel": 0.4955198734998703}
TRAIN {"angle_aug_abs_deg": 0.0, "aoa_effective_shift_abs_deg_mean": 0.8592961519956589, "aoa_meanfield_aug_fraction": 0.48125, "aoa_meanfield_lambda_mean": 0.17185923010110854, "delta_penalty": 4.0752708719082877e-05, "grad_rel": 0.5227374166250229, "iteration": 5380, "loss": 0.14615024551749228, "lr": 0.0001663665141432459, "mse": 0.0001563125213579042, "p_zero": 0.0, "point_rel": 0.08075292818248272, "residual_mse": 0.00015631252063030843, "temporal_rel": 0.8975851327180863, "tke_rel": 0.5096832886338234}
TRAIN {"angle_aug_abs_deg": 0.0, "aoa_effective_shift_abs_deg_mean": 0.9061059311032296, "aoa_meanfield_aug_fraction": 0.53125, "aoa_meanfield_lambda_mean": 0.18122119046747684, "delta_penalty": 3.443854493525578e-05, "grad_rel": 0.5105747252702713, "iteration": 5400, "loss": 0.1402101743966341, "lr": 0.0001661311865323653, "mse": 0.00013104328136250842, "p_zero": 0.0, "point_rel": 0.07579960767179728, "residual_mse": 0.0001310432811806095, "temporal_rel": 0.8966986864805222, "tke_rel": 0.49684974551200867}
TRAIN {"angle_aug_abs_deg": 0.0, "aoa_effective_shift_abs_deg_mean": 0.8513823702931405, "aoa_meanfield_aug_fraction": 0.49375, "aoa_meanfield_lambda_mean": 0.17027647271752358, "delta_penalty": 3.389160747246933e-05, "grad_rel": 0.5214510798454285, "iteration": 5420, "loss": 0.14401799254119396, "lr": 0.00016589520623337182, "mse": 0.00012651284978346667, "p_zero": 0.0, "point_rel": 0.0801792174577713, "residual_mse": 0.00012651285123865819, "temporal_rel": 0.8897681117057801, "tke_rel": 0.488088957965374}
TRAIN {"angle_aug_abs_deg": 0.0, "aoa_effective_shift_abs_deg_mean": 0.6568558007478714, "aoa_meanfield_aug_fraction": 0.36875, "aoa_meanfield_lambda_mean": 0.13137116190046072, "delta_penalty": 3.754486560865189e-05, "grad_rel": 0.513669815659523, "iteration": 5440, "loss": 0.1443821206688881, "lr": 0.0001656585755752957, "mse": 0.00013970603213238065, "p_zero": 0.0, "point_rel": 0.07980305701494217, "residual_mse": 0.00013970603431516792, "temporal_rel": 0.8986841201782226, "tke_rel": 0.4978472113609314}
TRAIN {"angle_aug_abs_deg": 0.0, "aoa_effective_shift_abs_deg_mean": 0.9022130459547043, "aoa_meanfield_aug_fraction": 0.5125, "aoa_meanfield_lambda_mean": 0.18044260703027248, "delta_penalty": 3.8383606442948805e-05, "grad_rel": 0.523519329726696, "iteration": 5460, "loss": 0.14774708598852157, "lr": 0.00016542129689358628, "mse": 0.0001584263885888504, "p_zero": 0.0, "point_rel": 0.0827897485345602, "residual_mse": 0.0001584263876793557, "temporal_rel": 0.8965261518955231, "tke_rel": 0.5026745870709419}
TRAIN {"angle_aug_abs_deg": 0.0, "aoa_effective_shift_abs_deg_mean": 0.7720278598368168, "aoa_meanfield_aug_fraction": 0.45625, "aoa_meanfield_lambda_mean": 0.1544055700302124, "delta_penalty": 3.61946807061031e-05, "grad_rel": 0.521412780880928, "iteration": 5480, "loss": 0.14326060935854912, "lr": 0.00016518337253008803, "mse": 0.00013217864270700374, "p_zero": 0.0, "point_rel": 0.07881559059023857, "residual_mse": 0.00013217864270700374, "temporal_rel": 0.8954524457454681, "tke_rel": 0.49533127546310424}
TRAIN {"angle_aug_abs_deg": 0.0, "aoa_effective_shift_abs_deg_mean": 0.9340340428054332, "aoa_meanfield_aug_fraction": 0.51875, "aoa_meanfield_lambda_mean": 0.18680680748075246, "delta_penalty": 3.4098907690349733e-05, "grad_rel": 0.5179341033101081, "iteration": 5500, "loss": 0.14295783787965774, "lr": 0.0001649448048330185, "mse": 0.0001287749455514131, "p_zero": 0.0, "point_rel": 0.0785201407968998, "residual_mse": 0.0001287749440962216, "temporal_rel": 0.8892060965299606, "tke_rel": 0.49921980798244475}
TRAIN {"angle_aug_abs_deg": 0.0, "aoa_effective_shift_abs_deg_mean": 0.7274343445897102, "aoa_meanfield_aug_fraction": 0.40625, "aoa_meanfield_lambda_mean": 0.1454868657514453, "delta_penalty": 3.764469802263193e-05, "grad_rel": 0.5241449013352394, "iteration": 5520, "loss": 0.14578945711255073, "lr": 0.00016470559615694457, "mse": 0.0001422645151251345, "p_zero": 0.0, "point_rel": 0.08155197724699974, "residual_mse": 0.0001422645147613366, "temporal_rel": 0.8924178868532181, "tke_rel": 0.49265564829111097}
TRAIN {"angle_aug_abs_deg": 0.0, "aoa_effective_shift_abs_deg_mean": 0.9594552963972092, "aoa_meanfield_aug_fraction": 0.5375, "aoa_meanfield_lambda_mean": 0.19189105685800315, "delta_penalty": 3.232488115827437e-05, "grad_rel": 0.5034188657999039, "iteration": 5540, "loss": 0.13829918056726456, "lr": 0.00016446574886275924, "mse": 0.00012036959251418011, "p_zero": 0.0, "point_rel": 0.07482193857431411, "residual_mse": 0.00012036959396937164, "temporal_rel": 0.8847500085830688, "tke_rel": 0.4891117289662361}
TRAIN {"angle_aug_abs_deg": 0.0, "aoa_effective_shift_abs_deg_mean": 0.941541564464569, "aoa_meanfield_aug_fraction": 0.54375, "aoa_meanfield_lambda_mean": 0.18830831088125705, "delta_penalty": 3.522162623994518e-05, "grad_rel": 0.5124737441539764, "iteration": 5560, "loss": 0.14302997775375842, "lr": 0.00016422526531765854, "mse": 0.00013227150302554946, "p_zero": 0.0, "point_rel": 0.07748740706592798, "residual_mse": 0.00013227150157035794, "temporal_rel": 0.8956056416034699, "tke_rel": 0.5157818973064423}
TRAIN {"angle_aug_abs_deg": 0.0, "aoa_effective_shift_abs_deg_mean": 0.8401858538389206, "aoa_meanfield_aug_fraction": 0.46875, "aoa_meanfield_lambda_mean": 0.16803717166185378, "delta_penalty": 3.682772139654844e-05, "grad_rel": 0.5123555421829223, "iteration": 5580, "loss": 0.14250865653157235, "lr": 0.00016398414789511789, "mse": 0.000137615776839084, "p_zero": 0.0, "point_rel": 0.07727426793426276, "residual_mse": 0.00013761577538389246, "temporal_rel": 0.8968177050352096, "tke_rel": 0.5100417166948319}
TRAIN {"angle_aug_abs_deg": 0.0, "aoa_effective_shift_abs_deg_mean": 0.8147765070199966, "aoa_meanfield_aug_fraction": 0.44375, "aoa_meanfield_lambda_mean": 0.16295530050992965, "delta_penalty": 3.820921019723755e-05, "grad_rel": 0.5167413562536239, "iteration": 5600, "loss": 0.14464278072118758, "lr": 0.00016374239897486902, "mse": 0.00014184773917804704, "p_zero": 0.0, "point_rel": 0.07950167693197727, "residual_mse": 0.00014184773990564282, "temporal_rel": 0.8998086869716644, "tke_rel": 0.5058734446763993}
TRAIN {"angle_aug_abs_deg": 0.0, "aoa_effective_shift_abs_deg_mean": 0.847233460098505, "aoa_meanfield_aug_fraction": 0.4875, "aoa_meanfield_lambda_mean": 0.16944669056683778, "delta_penalty": 3.572428595361998e-05, "grad_rel": 0.5119242981076241, "iteration": 5620, "loss": 0.14160601794719696, "lr": 0.00016350002094287617, "mse": 0.00013385743677645222, "p_zero": 0.0, "point_rel": 0.07737173810601235, "residual_mse": 0.00013385743604885648, "temporal_rel": 0.8946973800659179, "tke_rel": 0.49456042647361753}
TRAIN {"angle_aug_abs_deg": 0.0, "aoa_effective_shift_abs_deg_mean": 0.909431341290474, "aoa_meanfield_aug_fraction": 0.5125, "aoa_meanfield_lambda_mean": 0.18188626803457736, "delta_penalty": 3.3201283349626466e-05, "grad_rel": 0.5176984742283821, "iteration": 5640, "loss": 0.1433452732861042, "lr": 0.00016325701619131254, "mse": 0.00011940079457417596, "p_zero": 0.0, "point_rel": 0.07798263989388943, "residual_mse": 0.00011940079421037808, "temporal_rel": 0.8970898061990737, "tke_rel": 0.5107996448874473}
TRAIN {"angle_aug_abs_deg": 0.0, "aoa_effective_shift_abs_deg_mean": 0.9155226357281208, "aoa_meanfield_aug_fraction": 0.5125, "aoa_meanfield_lambda_mean": 0.18310453109443187, "delta_penalty": 3.505878794385353e-05, "grad_rel": 0.5155782237648964, "iteration": 5660, "loss": 0.14173818454146386, "lr": 0.00016301338711853693, "mse": 0.00012874503518105483, "p_zero": 0.0, "point_rel": 0.07780880481004715, "residual_mse": 0.0001287450340896612, "temporal_rel": 0.894000056385994, "tke_rel": 0.48893972039222716}
TRAIN {"angle_aug_abs_deg": 0.0, "aoa_effective_shift_abs_deg_mean": 0.6876901820302009, "aoa_meanfield_aug_fraction": 0.4, "aoa_meanfield_lambda_mean": 0.13753803595900535, "delta_penalty": 3.644267335403129e-05, "grad_rel": 0.5127731829881668, "iteration": 5680, "loss": 0.14290031120181085, "lr": 0.00016276913612907015, "mse": 0.00013147724075679434, "p_zero": 0.0, "point_rel": 0.07806068304926157, "residual_mse": 0.00013147724112059223, "temporal_rel": 0.900403979420662, "tke_rel": 0.5015956178307533}
TRAIN {"angle_aug_abs_deg": 0.0, "aoa_effective_shift_abs_deg_mean": 0.7320445418357849, "aoa_meanfield_aug_fraction": 0.4375, "aoa_meanfield_lambda_mean": 0.1464089099317789, "delta_penalty": 3.849517252092482e-05, "grad_rel": 0.512404365837574, "iteration": 5700, "loss": 0.14269473031163216, "lr": 0.00016252426563357058, "mse": 0.00015414897825394291, "p_zero": 0.0, "point_rel": 0.07808117438107728, "residual_mse": 0.00015414897716254928, "temporal_rel": 0.8866286098957061, "tke_rel": 0.5046936243772506}
TRAIN {"angle_aug_abs_deg": 0.0, "aoa_effective_shift_abs_deg_mean": 0.7329491451382637, "aoa_meanfield_aug_fraction": 0.425, "aoa_meanfield_lambda_mean": 0.1465898297727108, "delta_penalty": 3.71062721569615e-05, "grad_rel": 0.5011645898222923, "iteration": 5720, "loss": 0.13787386044859887, "lr": 0.00016227877804881127, "mse": 0.00012542324711830588, "p_zero": 0.0, "point_rel": 0.07455577589571476, "residual_mse": 0.00012542324893729528, "temporal_rel": 0.8864703148603439, "tke_rel": 0.48613564372062684}
TRAIN {"angle_aug_abs_deg": 0.0, "aoa_effective_shift_abs_deg_mean": 0.7353085286915302, "aoa_meanfield_aug_fraction": 0.43125, "aoa_meanfield_lambda_mean": 0.1470617063343525, "delta_penalty": 3.8143798701639756e-05, "grad_rel": 0.5182904988527298, "iteration": 5740, "loss": 0.14466754645109176, "lr": 0.00016203267579765557, "mse": 0.0001385046603900264, "p_zero": 0.0, "point_rel": 0.08005519099533558, "residual_mse": 0.00013850466057192535, "temporal_rel": 0.8972759485244751, "tke_rel": 0.4979567751288414}
TRAIN {"angle_aug_abs_deg": 0.0, "aoa_effective_shift_abs_deg_mean": 0.7801900297403336, "aoa_meanfield_aug_fraction": 0.45, "aoa_meanfield_lambda_mean": 0.15603800304234028, "delta_penalty": 3.883904646500014e-05, "grad_rel": 0.5181641414761543, "iteration": 5760, "loss": 0.1434603776782751, "lr": 0.00016178596130903334, "mse": 0.0001403126178047387, "p_zero": 0.0, "point_rel": 0.07926639411598443, "residual_mse": 0.00014031261744094082, "temporal_rel": 0.8932570517063141, "tke_rel": 0.49301569163799286}
TRAIN {"angle_aug_abs_deg": 0.0, "aoa_effective_shift_abs_deg_mean": 0.8119353547692298, "aoa_meanfield_aug_fraction": 0.45625, "aoa_meanfield_lambda_mean": 0.16238707043230532, "delta_penalty": 3.500470420476631e-05, "grad_rel": 0.507443854212761, "iteration": 5780, "loss": 0.14023963846266269, "lr": 0.0001615386370179171, "mse": 0.00012417175457812846, "p_zero": 0.0, "point_rel": 0.07627746723592281, "residual_mse": 0.00012417175457812846, "temporal_rel": 0.8946116507053375, "tke_rel": 0.4912369340658188}
TRAIN {"angle_aug_abs_deg": 0.0, "aoa_effective_shift_abs_deg_mean": 0.9498392269015312, "aoa_meanfield_aug_fraction": 0.54375, "aoa_meanfield_lambda_mean": 0.1899678438901901, "delta_penalty": 3.544182109180838e-05, "grad_rel": 0.5251097902655602, "iteration": 5800, "loss": 0.14540038891136647, "lr": 0.00016129070536529753, "mse": 0.00013176556649341364, "p_zero": 0.0, "point_rel": 0.08034565653651952, "residual_mse": 0.00013176556649341364, "temporal_rel": 0.8958381474018097, "tke_rel": 0.5043783769011497}
TRAIN {"angle_aug_abs_deg": 0.0, "aoa_effective_shift_abs_deg_mean": 0.8551700331270695, "aoa_meanfield_aug_fraction": 0.4875, "aoa_meanfield_lambda_mean": 0.1710340052843094, "delta_penalty": 3.8297502487694143e-05, "grad_rel": 0.521578063070774, "iteration": 5820, "loss": 0.1455769881606102, "lr": 0.00016104216879816015, "mse": 0.0001497346518590348, "p_zero": 0.0, "point_rel": 0.08050102926790714, "residual_mse": 0.00014973465167713584, "temporal_rel": 0.8950283259153367, "tke_rel": 0.5059292256832123}
TRAIN {"angle_aug_abs_deg": 0.0, "aoa_effective_shift_abs_deg_mean": 0.8768597662448883, "aoa_meanfield_aug_fraction": 0.4875, "aoa_meanfield_lambda_mean": 0.17537195440381764, "delta_penalty": 3.6518560045806224e-05, "grad_rel": 0.5121734514832497, "iteration": 5840, "loss": 0.1417532779276371, "lr": 0.0001607930297694604, "mse": 0.00013610435744340065, "p_zero": 0.0, "point_rel": 0.07774723246693611, "residual_mse": 0.0001361043548968155, "temporal_rel": 0.8901398628950119, "tke_rel": 0.4929614678025246}
TRAIN {"angle_aug_abs_deg": 0.0, "aoa_effective_shift_abs_deg_mean": 0.8597996890544891, "aoa_meanfield_aug_fraction": 0.48125, "aoa_meanfield_lambda_mean": 0.1719599410891533, "delta_penalty": 3.537197717378149e-05, "grad_rel": 0.5136435344815254, "iteration": 5860, "loss": 0.1429960235953331, "lr": 0.00016054329073810002, "mse": 0.0001275368733331561, "p_zero": 0.0, "point_rel": 0.07803366705775261, "residual_mse": 0.00012753687387885294, "temporal_rel": 0.8954591691493988, "tke_rel": 0.5059160113334655}
TRAIN {"angle_aug_abs_deg": 0.0, "aoa_effective_shift_abs_deg_mean": 0.8636097937822342, "aoa_meanfield_aug_fraction": 0.50625, "aoa_meanfield_lambda_mean": 0.172721959464252, "delta_penalty": 3.796006722041056e-05, "grad_rel": 0.5133546754717827, "iteration": 5880, "loss": 0.14157184660434724, "lr": 0.00016029295416890242, "mse": 0.00014407991384359775, "p_zero": 0.0, "point_rel": 0.07790936138480901, "residual_mse": 0.0001440799112970126, "temporal_rel": 0.8896938502788544, "tke_rel": 0.48712276518344877}
TRAIN {"angle_aug_abs_deg": 0.0, "aoa_effective_shift_abs_deg_mean": 0.8660957485437393, "aoa_meanfield_aug_fraction": 0.48125, "aoa_meanfield_lambda_mean": 0.17321914713829756, "delta_penalty": 3.815154250332853e-05, "grad_rel": 0.5262874081730843, "iteration": 5900, "loss": 0.14829592704772948, "lr": 0.00016004202253258842, "mse": 0.00015446424749825382, "p_zero": 0.0, "point_rel": 0.08274239599704743, "residual_mse": 0.0001544642447697697, "temporal_rel": 0.8999295860528946, "tke_rel": 0.5102372825145721}
TRAIN {"angle_aug_abs_deg": 0.0, "aoa_effective_shift_abs_deg_mean": 0.8053422905504704, "aoa_meanfield_aug_fraction": 0.4625, "aoa_meanfield_lambda_mean": 0.16106845829635857, "delta_penalty": 3.7329046517697864e-05, "grad_rel": 0.5136795595288277, "iteration": 5920, "loss": 0.141670423746109, "lr": 0.0001597904983057519, "mse": 0.00013864923366782022, "p_zero": 0.0, "point_rel": 0.07695049438625574, "residual_mse": 0.00013864923184883082, "temporal_rel": 0.8888383150100708, "tke_rel": 0.5051207184791565}
TRAIN {"angle_aug_abs_deg": 0.0, "aoa_effective_shift_abs_deg_mean": 0.8585208110511303, "aoa_meanfield_aug_fraction": 0.475, "aoa_meanfield_lambda_mean": 0.17170416098088026, "delta_penalty": 3.436131719354307e-05, "grad_rel": 0.5200136810541153, "iteration": 5940, "loss": 0.14432222172617912, "lr": 0.0001595383839708354, "mse": 0.00012500321863626596, "p_zero": 0.0, "point_rel": 0.07982822172343731, "residual_mse": 0.00012500321772677126, "temporal_rel": 0.8990962356328964, "tke_rel": 0.4947120279073715}
TRAIN {"angle_aug_abs_deg": 0.0, "aoa_effective_shift_abs_deg_mean": 0.8139685317873955, "aoa_meanfield_aug_fraction": 0.4625, "aoa_meanfield_lambda_mean": 0.16279370468109847, "delta_penalty": 3.7986095867381665e-05, "grad_rel": 0.5191318452358246, "iteration": 5960, "loss": 0.14565470889210702, "lr": 0.00015928568201610587, "mse": 0.00014983038927312008, "p_zero": 0.0, "point_rel": 0.08109703660011292, "residual_mse": 0.00014983038818172645, "temporal_rel": 0.8886463969945908, "tke_rel": 0.5010932251811028}
TRAIN {"angle_aug_abs_deg": 0.0, "aoa_effective_shift_abs_deg_mean": 0.7168161839246749, "aoa_meanfield_aug_fraction": 0.425, "aoa_meanfield_lambda_mean": 0.14336323626339437, "delta_penalty": 3.492627320156316e-05, "grad_rel": 0.5118494957685471, "iteration": 5980, "loss": 0.14376604780554772, "lr": 0.00015903239493562942, "mse": 0.00013916328098275698, "p_zero": 0.0, "point_rel": 0.07864974029362201, "residual_mse": 0.00013916328098275698, "temporal_rel": 0.8982092320919037, "tke_rel": 0.5074973315000534}
TRAIN {"angle_aug_abs_deg": 0.0, "aoa_effective_shift_abs_deg_mean": 0.8487588420510292, "aoa_meanfield_aug_fraction": 0.475, "aoa_meanfield_lambda_mean": 0.16975176371634007, "delta_penalty": 3.458103201410267e-05, "grad_rel": 0.513544999063015, "iteration": 6000, "loss": 0.1411353912204504, "lr": 0.0001587785252292473, "mse": 0.00012537035381683382, "p_zero": 0.0, "point_rel": 0.07646116744726897, "residual_mse": 0.00012537035308923805, "temporal_rel": 0.8981366693973541, "tke_rel": 0.49981076568365096}
TRAIN {"angle_aug_abs_deg": 0.0, "aoa_effective_shift_abs_deg_mean": 0.6799814403057098, "aoa_meanfield_aug_fraction": 0.39375, "aoa_meanfield_lambda_mean": 0.13599628787487744, "delta_penalty": 3.9708465919829905e-05, "grad_rel": 0.5200312733650208, "iteration": 6020, "loss": 0.14417899064719678, "lr": 0.00015852407540255096, "mse": 0.00015603763131366577, "p_zero": 0.0, "point_rel": 0.08022176846861839, "residual_mse": 0.00015603763094986788, "temporal_rel": 0.8901578634977341, "tke_rel": 0.49007357060909273}
TRAIN {"angle_aug_abs_deg": 0.0, "aoa_effective_shift_abs_deg_mean": 0.6838338620960712, "aoa_meanfield_aug_fraction": 0.38125, "aoa_meanfield_lambda_mean": 0.1367667755112052, "delta_penalty": 3.667070659503224e-05, "grad_rel": 0.5099202916026115, "iteration": 6040, "loss": 0.1403158653527498, "lr": 0.00015826904796685756, "mse": 0.00012947643645020435, "p_zero": 0.0, "point_rel": 0.07646708432585, "residual_mse": 0.00012947643735969905, "temporal_rel": 0.8984654486179352, "tke_rel": 0.486773981153965}
TRAIN {"angle_aug_abs_deg": 0.0, "aoa_effective_shift_abs_deg_mean": 0.8745051756501198, "aoa_meanfield_aug_fraction": 0.50625, "aoa_meanfield_lambda_mean": 0.1749010358005762, "delta_penalty": 3.442180841375375e-05, "grad_rel": 0.5238501474261283, "iteration": 6060, "loss": 0.14589961841702462, "lr": 0.00015801344543918484, "mse": 0.00013504736434697407, "p_zero": 0.0, "point_rel": 0.08063044138252735, "residual_mse": 0.0001350473623460857, "temporal_rel": 0.8939710050821305, "tke_rel": 0.5091849014163017}
TRAIN {"angle_aug_abs_deg": 0.0, "aoa_effective_shift_abs_deg_mean": 0.6797522976994514, "aoa_meanfield_aug_fraction": 0.3875, "aoa_meanfield_lambda_mean": 0.13595045916736126, "delta_penalty": 3.459858917267411e-05, "grad_rel": 0.5086083441972733, "iteration": 6080, "loss": 0.14190147146582605, "lr": 0.00015775727034222667, "mse": 0.0001184785925943288, "p_zero": 0.0, "point_rel": 0.07624747697263956, "residual_mse": 0.00011847859241242986, "temporal_rel": 0.9079260140657425, "tke_rel": 0.5125142320990562}
TRAIN {"angle_aug_abs_deg": 0.0, "aoa_effective_shift_abs_deg_mean": 0.9509904280304908, "aoa_meanfield_aug_fraction": 0.5625, "aoa_meanfield_lambda_mean": 0.19019808629527687, "delta_penalty": 3.6954071765649134e-05, "grad_rel": 0.5240750715136528, "iteration": 6100, "loss": 0.14406584315001963, "lr": 0.00015750052520432776, "mse": 0.00014896136963216122, "p_zero": 0.0, "point_rel": 0.07998000737279654, "residual_mse": 0.00014896136744937393, "temporal_rel": 0.8862516283988953, "tke_rel": 0.4931956186890602}
TRAIN {"angle_aug_abs_deg": 0.0, "aoa_effective_shift_abs_deg_mean": 0.7826358333230019, "aoa_meanfield_aug_fraction": 0.4625, "aoa_meanfield_lambda_mean": 0.1565271674655378, "delta_penalty": 3.4624359977897255e-05, "grad_rel": 0.50839012414217, "iteration": 6120, "loss": 0.14133418835699557, "lr": 0.00015724321255945902, "mse": 0.00012297578032303136, "p_zero": 0.0, "point_rel": 0.0771787278354168, "residual_mse": 0.00012297578123252607, "temporal_rel": 0.8950921893119812, "tke_rel": 0.4939876481890678}
TRAIN {"angle_aug_abs_deg": 0.0, "aoa_effective_shift_abs_deg_mean": 0.7031681507825851, "aoa_meanfield_aug_fraction": 0.41875, "aoa_meanfield_lambda_mean": 0.1406336306594312, "delta_penalty": 3.438146677581244e-05, "grad_rel": 0.5010061457753181, "iteration": 6140, "loss": 0.1382111668586731, "lr": 0.00015698533494719233, "mse": 0.00011462054135336075, "p_zero": 0.0, "point_rel": 0.07510112300515175, "residual_mse": 0.00011462054226285545, "temporal_rel": 0.8923727512359619, "tke_rel": 0.47981164753437044}
TRAIN {"angle_aug_abs_deg": 0.0, "aoa_effective_shift_abs_deg_mean": 0.8365047231316567, "aoa_meanfield_aug_fraction": 0.45, "aoa_meanfield_lambda_mean": 0.16730094961822034, "delta_penalty": 3.443926298132283e-05, "grad_rel": 0.5146452695131302, "iteration": 6160, "loss": 0.14072078764438628, "lr": 0.0001567268949126756, "mse": 0.000128845102062769, "p_zero": 0.0, "point_rel": 0.07663987241685391, "residual_mse": 0.00012884510279036475, "temporal_rel": 0.898592409491539, "tke_rel": 0.48940211683511736}
TRAIN {"angle_aug_abs_deg": 0.0, "aoa_effective_shift_abs_deg_mean": 0.8996504604816437, "aoa_meanfield_aug_fraction": 0.49375, "aoa_meanfield_lambda_mean": 0.17993009239435195, "delta_penalty": 3.569725167835713e-05, "grad_rel": 0.5147083908319473, "iteration": 6180, "loss": 0.1432056188583374, "lr": 0.00015646789500660773, "mse": 0.00013045923715253592, "p_zero": 0.0, "point_rel": 0.07904384359717369, "residual_mse": 0.00013045923715253592, "temporal_rel": 0.888235479593277, "tke_rel": 0.49590391516685484}
TRAIN {"angle_aug_abs_deg": 0.0, "aoa_effective_shift_abs_deg_mean": 0.9375810906291008, "aoa_meanfield_aug_fraction": 0.525, "aoa_meanfield_lambda_mean": 0.18751622103154658, "delta_penalty": 3.684043749672128e-05, "grad_rel": 0.51646488904953, "iteration": 6200, "loss": 0.14263196662068367, "lr": 0.00015620833778521307, "mse": 0.00013697039739781757, "p_zero": 0.0, "point_rel": 0.07780224829912186, "residual_mse": 0.00013697039958060486, "temporal_rel": 0.8940968245267868, "tke_rel": 0.5036335974931717}
TRAIN {"angle_aug_abs_deg": 0.0, "aoa_effective_shift_abs_deg_mean": 0.8054209262132644, "aoa_meanfield_aug_fraction": 0.45, "aoa_meanfield_lambda_mean": 0.16108418852090836, "delta_penalty": 3.738068780876347e-05, "grad_rel": 0.5197368189692497, "iteration": 6220, "loss": 0.1446556955575943, "lr": 0.00015594822581021665, "mse": 0.00014265443369367858, "p_zero": 0.0, "point_rel": 0.08027188777923584, "residual_mse": 0.0001426544351488701, "temporal_rel": 0.8903728485107422, "tke_rel": 0.49721713811159135}
TRAIN {"angle_aug_abs_deg": 0.0, "aoa_effective_shift_abs_deg_mean": 0.8147203922271729, "aoa_meanfield_aug_fraction": 0.46875, "aoa_meanfield_lambda_mean": 0.16294407825917007, "delta_penalty": 3.568191359590855e-05, "grad_rel": 0.5114709243178368, "iteration": 6240, "loss": 0.14065738543868064, "lr": 0.00015568756164881866, "mse": 0.00012539525268948637, "p_zero": 0.0, "point_rel": 0.07736167628318072, "residual_mse": 0.00012539525050669909, "temporal_rel": 0.8843154728412628, "tke_rel": 0.4842641741037369}
TRAIN {"angle_aug_abs_deg": 0.0, "aoa_effective_shift_abs_deg_mean": 0.9215709209442139, "aoa_meanfield_aug_fraction": 0.51875, "aoa_meanfield_lambda_mean": 0.1843141820281744, "delta_penalty": 3.6940208065061594e-05, "grad_rel": 0.5134360268712044, "iteration": 6260, "loss": 0.1429749347269535, "lr": 0.00015542634787366926, "mse": 0.00013760802648903335, "p_zero": 0.0, "point_rel": 0.07810121532529593, "residual_mse": 0.0001376080279442249, "temporal_rel": 0.8961725533008575, "tke_rel": 0.5040830597281456}
TRAIN {"angle_aug_abs_deg": 0.0, "aoa_effective_shift_abs_deg_mean": 0.8078390434384346, "aoa_meanfield_aug_fraction": 0.4625, "aoa_meanfield_lambda_mean": 0.16156781166791917, "delta_penalty": 3.90686496757553e-05, "grad_rel": 0.5219243630766869, "iteration": 6280, "loss": 0.14458099640905858, "lr": 0.00015516458706284287, "mse": 0.00014622460985265208, "p_zero": 0.0, "point_rel": 0.08000687658786773, "residual_mse": 0.00014622460985265208, "temporal_rel": 0.8929240465164184, "tke_rel": 0.4985481113195419}
TRAIN {"angle_aug_abs_deg": 0.0, "aoa_effective_shift_abs_deg_mean": 0.8184726387262344, "aoa_meanfield_aug_fraction": 0.49375, "aoa_meanfield_lambda_mean": 0.163694529235363, "delta_penalty": 3.8523181592609036e-05, "grad_rel": 0.5189005017280579, "iteration": 6300, "loss": 0.14561474584043027, "lr": 0.00015490228179981306, "mse": 0.00014846507838228717, "p_zero": 0.0, "point_rel": 0.08103013187646865, "residual_mse": 0.0001484650780184893, "temporal_rel": 0.8941436141729355, "tke_rel": 0.4988581657409668}
TRAIN {"angle_aug_abs_deg": 0.0, "aoa_effective_shift_abs_deg_mean": 0.8492478810250759, "aoa_meanfield_aug_fraction": 0.45, "aoa_meanfield_lambda_mean": 0.16984958332031966, "delta_penalty": 3.7368220182543156e-05, "grad_rel": 0.5154875323176384, "iteration": 6320, "loss": 0.14272590465843676, "lr": 0.00015463943467342674, "mse": 0.00013780557274003513, "p_zero": 0.0, "point_rel": 0.07829448617994786, "residual_mse": 0.0001378055734676309, "temporal_rel": 0.8976283490657806, "tke_rel": 0.4954694494605064}
TRAIN {"angle_aug_abs_deg": 0.0, "aoa_effective_shift_abs_deg_mean": 0.7761375471949578, "aoa_meanfield_aug_fraction": 0.41875, "aoa_meanfield_lambda_mean": 0.15522751044481992, "delta_penalty": 3.8458002381958065e-05, "grad_rel": 0.5198258712887764, "iteration": 6340, "loss": 0.1445053532719612, "lr": 0.00015437604827787908, "mse": 0.00016093952108349187, "p_zero": 0.0, "point_rel": 0.07983395867049695, "residual_mse": 0.00016093952290248127, "temporal_rel": 0.8888451069593429, "tke_rel": 0.5026600599288941}
TRAIN {"angle_aug_abs_deg": 0.0, "aoa_effective_shift_abs_deg_mean": 0.8390541180968285, "aoa_meanfield_aug_fraction": 0.475, "aoa_meanfield_lambda_mean": 0.1678108239546418, "delta_penalty": 3.572174409782747e-05, "grad_rel": 0.519844813644886, "iteration": 6360, "loss": 0.14450065270066262, "lr": 0.0001541121252126874, "mse": 0.00013069740489299875, "p_zero": 0.0, "point_rel": 0.07995960973203182, "residual_mse": 0.00013069740598439238, "temporal_rel": 0.8904646128416062, "tke_rel": 0.4998251736164093}
TRAIN {"angle_aug_abs_deg": 0.0, "aoa_effective_shift_abs_deg_mean": 0.8446700796484947, "aoa_meanfield_aug_fraction": 0.48125, "aoa_meanfield_lambda_mean": 0.16893401741981506, "delta_penalty": 3.526760601744172e-05, "grad_rel": 0.5143137395381927, "iteration": 6380, "loss": 0.14250010401010513, "lr": 0.00015384766808266577, "mse": 0.0001345931259493227, "p_zero": 0.0, "point_rel": 0.07753964066505432, "residual_mse": 0.00013459312467603012, "temporal_rel": 0.9029748529195786, "tke_rel": 0.501923830807209}
TRAIN {"angle_aug_abs_deg": 0.0, "aoa_effective_shift_abs_deg_mean": 0.890054315328598, "aoa_meanfield_aug_fraction": 0.49375, "aoa_meanfield_lambda_mean": 0.17801085859537125, "delta_penalty": 3.383394769116421e-05, "grad_rel": 0.5123235940933227, "iteration": 6400, "loss": 0.1392657320946455, "lr": 0.00015358267949789936, "mse": 0.00011757620268326718, "p_zero": 0.0, "point_rel": 0.07444312646985055, "residual_mse": 0.0001175762023194693, "temporal_rel": 0.8976475208997726, "tke_rel": 0.5028729870915413}
TRAIN {"angle_aug_abs_deg": 0.0, "aoa_effective_shift_abs_deg_mean": 0.8717629015445709, "aoa_meanfield_aug_fraction": 0.49375, "aoa_meanfield_lambda_mean": 0.17435258105397225, "delta_penalty": 4.254096802469576e-05, "grad_rel": 0.5282679766416549, "iteration": 6420, "loss": 0.14810254499316217, "lr": 0.00015331716207371852, "mse": 0.00016573467619309667, "p_zero": 0.0, "point_rel": 0.08354725465178489, "residual_mse": 0.00016573467582929878, "temporal_rel": 0.8886695951223373, "tke_rel": 0.49867691844701767}
TRAIN {"angle_aug_abs_deg": 0.0, "aoa_effective_shift_abs_deg_mean": 0.7416738450527192, "aoa_meanfield_aug_fraction": 0.4375, "aoa_meanfield_lambda_mean": 0.14833476822823286, "delta_penalty": 3.627664809755515e-05, "grad_rel": 0.5150266095995903, "iteration": 6440, "loss": 0.14265184365212918, "lr": 0.00015305111843067306, "mse": 0.00013352002006286056, "p_zero": 0.0, "point_rel": 0.07812438942492009, "residual_mse": 0.00013352001969906268, "temporal_rel": 0.8960282981395722, "tke_rel": 0.49800715297460557}
TRAIN {"angle_aug_abs_deg": 0.0, "aoa_effective_shift_abs_deg_mean": 0.8882175564765931, "aoa_meanfield_aug_fraction": 0.49375, "aoa_meanfield_lambda_mean": 0.17764350827783346, "delta_penalty": 3.385254021850415e-05, "grad_rel": 0.5154545098543167, "iteration": 6460, "loss": 0.14192895852029325, "lr": 0.00015278455119450626, "mse": 0.00012732807535940083, "p_zero": 0.0, "point_rel": 0.0771458838135004, "residual_mse": 0.00012732807608699658, "temporal_rel": 0.8948100984096528, "tke_rel": 0.5028013557195663}
TRAIN {"angle_aug_abs_deg": 0.0, "aoa_effective_shift_abs_deg_mean": 0.7862882405519486, "aoa_meanfield_aug_fraction": 0.4375, "aoa_meanfield_lambda_mean": 0.15725764948874713, "delta_penalty": 3.786889983530273e-05, "grad_rel": 0.5169845774769783, "iteration": 6480, "loss": 0.1430880006402731, "lr": 0.00015251746299612922, "mse": 0.0001443218493477616, "p_zero": 0.0, "point_rel": 0.0783861916512251, "residual_mse": 0.0001443218493477616, "temporal_rel": 0.8984074175357819, "tke_rel": 0.49917943477630616}
TRAIN {"angle_aug_abs_deg": 0.0, "aoa_effective_shift_abs_deg_mean": 0.9008306622505188, "aoa_meanfield_aug_fraction": 0.49375, "aoa_meanfield_lambda_mean": 0.18016613610088825, "delta_penalty": 3.746215352293802e-05, "grad_rel": 0.5228919357061386, "iteration": 6500, "loss": 0.146351008862257, "lr": 0.00015224985647159452, "mse": 0.00016151450581673997, "p_zero": 0.0, "point_rel": 0.08041535578668117, "residual_mse": 0.00016151450399775057, "temporal_rel": 0.9019207298755646, "tke_rel": 0.5164241626858711}
TRAIN {"angle_aug_abs_deg": 0.0, "aoa_effective_shift_abs_deg_mean": 0.7765718974173069, "aoa_meanfield_aug_fraction": 0.44375, "aoa_meanfield_lambda_mean": 0.15531438114121557, "delta_penalty": 3.845037999781198e-05, "grad_rel": 0.5225285053253174, "iteration": 6520, "loss": 0.14505738541483879, "lr": 0.00015198173426207053, "mse": 0.00014621847385569707, "p_zero": 0.0, "point_rel": 0.0805494762957096, "residual_mse": 0.00014621847349189921, "temporal_rel": 0.8973126828670501, "tke_rel": 0.4950994119048119}
TRAIN {"angle_aug_abs_deg": 0.0, "aoa_effective_shift_abs_deg_mean": 0.8985637806355953, "aoa_meanfield_aug_fraction": 0.51875, "aoa_meanfield_lambda_mean": 0.17971276128664612, "delta_penalty": 3.616562389652245e-05, "grad_rel": 0.5064697355031967, "iteration": 6540, "loss": 0.1368267510086298, "lr": 0.0001517130990138153, "mse": 0.0001221837545017479, "p_zero": 0.0, "point_rel": 0.07355108242481948, "residual_mse": 0.00012218375704833306, "temporal_rel": 0.8899550378322602, "tke_rel": 0.482376529276371}
TRAIN {"angle_aug_abs_deg": 0.0, "aoa_effective_shift_abs_deg_mean": 0.7705060452222824, "aoa_meanfield_aug_fraction": 0.43125, "aoa_meanfield_lambda_mean": 0.15410121083259581, "delta_penalty": 3.754197778107482e-05, "grad_rel": 0.5252176806330681, "iteration": 6560, "loss": 0.1456191200762987, "lr": 0.00015144395337815026, "mse": 0.00013849733732058668, "p_zero": 0.0, "point_rel": 0.08125723171979189, "residual_mse": 0.0001384973387757782, "temporal_rel": 0.8937597870826721, "tke_rel": 0.4938088163733482}
TRAIN {"angle_aug_abs_deg": 0.0, "aoa_effective_shift_abs_deg_mean": 0.8781845852732658, "aoa_meanfield_aug_fraction": 0.5, "aoa_meanfield_lambda_mean": 0.17563691791146993, "delta_penalty": 3.423794069021824e-05, "grad_rel": 0.5164553999900818, "iteration": 6580, "loss": 0.14242285937070848, "lr": 0.00015117430001143408, "mse": 0.00011705592933139997, "p_zero": 0.0, "point_rel": 0.07794111967086792, "residual_mse": 0.00011705592714861268, "temporal_rel": 0.8942423403263092, "tke_rel": 0.49786398857831954}
TRAIN {"angle_aug_abs_deg": 0.0, "aoa_effective_shift_abs_deg_mean": 0.8260304510593415, "aoa_meanfield_aug_fraction": 0.48125, "aoa_meanfield_lambda_mean": 0.16520609371364117, "delta_penalty": 3.665516260298318e-05, "grad_rel": 0.5050089731812477, "iteration": 6600, "loss": 0.13781837858259677, "lr": 0.00015090414157503673, "mse": 0.00013617963795695687, "p_zero": 0.0, "point_rel": 0.07399742919951677, "residual_mse": 0.00013617963832075476, "temporal_rel": 0.8931984394788742, "tke_rel": 0.490137879550457}
TRAIN {"angle_aug_abs_deg": 0.0, "aoa_effective_shift_abs_deg_mean": 0.9287457510828971, "aoa_meanfield_aug_fraction": 0.525, "aoa_meanfield_lambda_mean": 0.18574915155768396, "delta_penalty": 3.466797597866389e-05, "grad_rel": 0.5204213246703148, "iteration": 6620, "loss": 0.14326129741966726, "lr": 0.00015063348073531284, "mse": 0.00013068183179711922, "p_zero": 0.0, "point_rel": 0.07869256176054477, "residual_mse": 0.0001306818303419277, "temporal_rel": 0.8953800082206727, "tke_rel": 0.49768529981374743}
TRAIN {"angle_aug_abs_deg": 0.0, "aoa_effective_shift_abs_deg_mean": 0.7480743944644928, "aoa_meanfield_aug_fraction": 0.43125, "aoa_meanfield_lambda_mean": 0.14961487632244824, "delta_penalty": 3.5201561604480955e-05, "grad_rel": 0.5101155996322632, "iteration": 6640, "loss": 0.1412279162555933, "lr": 0.00015036232016357574, "mse": 0.00012072744575561956, "p_zero": 0.0, "point_rel": 0.07812057957053184, "residual_mse": 0.00012072744502802379, "temporal_rel": 0.8890021294355392, "tke_rel": 0.47914366871118547}
TRAIN {"angle_aug_abs_deg": 0.0, "aoa_effective_shift_abs_deg_mean": 0.8152474090456963, "aoa_meanfield_aug_fraction": 0.49375, "aoa_meanfield_lambda_mean": 0.1630494836717844, "delta_penalty": 3.96506734432478e-05, "grad_rel": 0.5226850062608719, "iteration": 6660, "loss": 0.14691696241497992, "lr": 0.00015009066253607062, "mse": 0.00014897636810928816, "p_zero": 0.0, "point_rel": 0.08172669112682343, "residual_mse": 0.00014897636774549027, "temporal_rel": 0.8952623128890991, "tke_rel": 0.5074439957737923}
TRAIN {"angle_aug_abs_deg": 0.0, "aoa_effective_shift_abs_deg_mean": 0.7983821228146553, "aoa_meanfield_aug_fraction": 0.425, "aoa_meanfield_lambda_mean": 0.159676424972713, "delta_penalty": 3.6935019215889044e-05, "grad_rel": 0.5177273958921432, "iteration": 6680, "loss": 0.14413204789161682, "lr": 0.00014981851053394872, "mse": 0.00014600789900214294, "p_zero": 0.0, "point_rel": 0.07916800491511822, "residual_mse": 0.00014600789936594082, "temporal_rel": 0.8950735688209533, "tke_rel": 0.5050231486558914}
TRAIN {"angle_aug_abs_deg": 0.0, "aoa_effective_shift_abs_deg_mean": 0.912779688835144, "aoa_meanfield_aug_fraction": 0.53125, "aoa_meanfield_lambda_mean": 0.18255593795329333, "delta_penalty": 4.173303696006769e-05, "grad_rel": 0.5199777394533157, "iteration": 6700, "loss": 0.14408573210239412, "lr": 0.00014954586684324031, "mse": 0.0001581497686856892, "p_zero": 0.0, "point_rel": 0.08036809153854847, "residual_mse": 0.0001581497701408807, "temporal_rel": 0.8847423791885376, "tke_rel": 0.4887904107570648}
TRAIN {"angle_aug_abs_deg": 0.0, "aoa_effective_shift_abs_deg_mean": 0.9407550647854805, "aoa_meanfield_aug_fraction": 0.5125, "aoa_meanfield_lambda_mean": 0.1881510093808174, "delta_penalty": 3.821611753664911e-05, "grad_rel": 0.5304798215627671, "iteration": 6720, "loss": 0.1491800807416439, "lr": 0.00014927273415482872, "mse": 0.00015240661014104262, "p_zero": 0.0, "point_rel": 0.08292196318507195, "residual_mse": 0.0001524066105048405, "temporal_rel": 0.9071058571338654, "tke_rel": 0.5173543363809585}
TRAIN {"angle_aug_abs_deg": 0.0, "aoa_effective_shift_abs_deg_mean": 0.7723304554820061, "aoa_meanfield_aug_fraction": 0.4625, "aoa_meanfield_lambda_mean": 0.15446609472855927, "delta_penalty": 3.413119256947539e-05, "grad_rel": 0.5137737169861794, "iteration": 6740, "loss": 0.14133016914129257, "lr": 0.0001489991151644232, "mse": 0.00012678859620791628, "p_zero": 0.0, "point_rel": 0.07651479132473468, "residual_mse": 0.0001267885954803205, "temporal_rel": 0.8942720055580139, "tke_rel": 0.504031564295292}
TRAIN {"angle_aug_abs_deg": 0.0, "aoa_effective_shift_abs_deg_mean": 0.7357966087758541, "aoa_meanfield_aug_fraction": 0.425, "aoa_meanfield_lambda_mean": 0.14715932365506887, "delta_penalty": 3.526397185851238e-05, "grad_rel": 0.5073579683899879, "iteration": 6760, "loss": 0.14030023999512195, "lr": 0.00014872501257253277, "mse": 0.0001264797844669374, "p_zero": 0.0, "point_rel": 0.07666073739528656, "residual_mse": 0.00012647978373934166, "temporal_rel": 0.8974243223667144, "tke_rel": 0.48446265012025835}
TRAIN {"angle_aug_abs_deg": 0.0, "aoa_effective_shift_abs_deg_mean": 0.8290153816342354, "aoa_meanfield_aug_fraction": 0.48125, "aoa_meanfield_lambda_mean": 0.16580307818949222, "delta_penalty": 3.6659628131019416e-05, "grad_rel": 0.5176538437604904, "iteration": 6780, "loss": 0.14379687309265138, "lr": 0.00014845042908443934, "mse": 0.00013312758364918408, "p_zero": 0.0, "point_rel": 0.07967599369585514, "residual_mse": 0.00013312758146639682, "temporal_rel": 0.8883615225553513, "tke_rel": 0.4944093257188797}
TRAIN {"angle_aug_abs_deg": 0.0, "aoa_effective_shift_abs_deg_mean": 0.9745987564325332, "aoa_meanfield_aug_fraction": 0.55625, "aoa_meanfield_lambda_mean": 0.19491975083947183, "delta_penalty": 4.1842976861516946e-05, "grad_rel": 0.5249384313821792, "iteration": 6800, "loss": 0.14674149602651596, "lr": 0.000148175367410171, "mse": 0.0001607878537470242, "p_zero": 0.0, "point_rel": 0.08174953907728195, "residual_mse": 0.00016078785483841784, "temporal_rel": 0.8966728448867798, "tke_rel": 0.5028103470802308}
TRAIN {"angle_aug_abs_deg": 0.0, "aoa_effective_shift_abs_deg_mean": 0.7266977474093437, "aoa_meanfield_aug_fraction": 0.43125, "aoa_meanfield_lambda_mean": 0.14533954858779907, "delta_penalty": 3.5622377981781026e-05, "grad_rel": 0.5195211350917817, "iteration": 6820, "loss": 0.14387464709579945, "lr": 0.00014789983026447555, "mse": 0.00013334575796761783, "p_zero": 0.0, "point_rel": 0.07875413969159126, "residual_mse": 0.00013334575905901147, "temporal_rel": 0.8914172440767288, "tke_rel": 0.5090742781758308}
TRAIN {"angle_aug_abs_deg": 0.0, "aoa_effective_shift_abs_deg_mean": 0.8342542126774788, "aoa_meanfield_aug_fraction": 0.48125, "aoa_meanfield_lambda_mean": 0.16685084570199252, "delta_penalty": 3.907749023710494e-05, "grad_rel": 0.5199975162744522, "iteration": 6840, "loss": 0.14408470317721367, "lr": 0.00014762382036679337, "mse": 0.00013773721711913823, "p_zero": 0.0, "point_rel": 0.07978371903300285, "residual_mse": 0.00013773721784673398, "temporal_rel": 0.8895940333604813, "tke_rel": 0.4961850017309189}
TRAIN {"angle_aug_abs_deg": 0.0, "aoa_effective_shift_abs_deg_mean": 0.7924912691116333, "aoa_meanfield_aug_fraction": 0.45625, "aoa_meanfield_lambda_mean": 0.15849825367331505, "delta_penalty": 3.677948016047594e-05, "grad_rel": 0.5154648452997208, "iteration": 6860, "loss": 0.1427325576543808, "lr": 0.0001473473404412306, "mse": 0.0001397358397298376, "p_zero": 0.0, "point_rel": 0.07840377055108547, "residual_mse": 0.00013973583900224186, "temporal_rel": 0.8960013180971146, "tke_rel": 0.49456869065761566}
TRAIN {"angle_aug_abs_deg": 0.0, "aoa_effective_shift_abs_deg_mean": 0.7371146075427533, "aoa_meanfield_aug_fraction": 0.425, "aoa_meanfield_lambda_mean": 0.14742292407900096, "delta_penalty": 3.710061655510799e-05, "grad_rel": 0.5205616652965546, "iteration": 6880, "loss": 0.144602407515049, "lr": 0.0001470703932165326, "mse": 0.00014271125692175702, "p_zero": 0.0, "point_rel": 0.07961694486439228, "residual_mse": 0.00014271125619416125, "temporal_rel": 0.897003573179245, "tke_rel": 0.5037229180335998}
TRAIN {"angle_aug_abs_deg": 0.0, "aoa_effective_shift_abs_deg_mean": 0.8063001036643982, "aoa_meanfield_aug_fraction": 0.4625, "aoa_meanfield_lambda_mean": 0.16126001849770547, "delta_penalty": 3.678406992548844e-05, "grad_rel": 0.5046783596277237, "iteration": 6900, "loss": 0.13906964436173438, "lr": 0.00014679298142605666, "mse": 0.00012576792232721345, "p_zero": 0.0, "point_rel": 0.07564916331321, "residual_mse": 0.0001257679252375965, "temporal_rel": 0.8884914845228196, "tke_rel": 0.48595157712697984}
TRAIN {"angle_aug_abs_deg": 0.0, "aoa_effective_shift_abs_deg_mean": 0.8603925451636314, "aoa_meanfield_aug_fraction": 0.46875, "aoa_meanfield_lambda_mean": 0.1720785055309534, "delta_penalty": 3.524961157381767e-05, "grad_rel": 0.5117304876446724, "iteration": 6920, "loss": 0.14148287288844585, "lr": 0.00014651510780774505, "mse": 0.00013296197412273613, "p_zero": 0.0, "point_rel": 0.07770460620522499, "residual_mse": 0.0001329619733951404, "temporal_rel": 0.8897206783294678, "tke_rel": 0.48950163573026656}
TRAIN {"angle_aug_abs_deg": 0.0, "aoa_effective_shift_abs_deg_mean": 0.8443308211863041, "aoa_meanfield_aug_fraction": 0.475, "aoa_meanfield_lambda_mean": 0.16886616181582212, "delta_penalty": 3.713016649271594e-05, "grad_rel": 0.5093084812164307, "iteration": 6940, "loss": 0.14055674001574517, "lr": 0.00014623677510409834, "mse": 0.00013323821058293107, "p_zero": 0.0, "point_rel": 0.07737761586904526, "residual_mse": 0.00013323821021913319, "temporal_rel": 0.8853840917348862, "tke_rel": 0.48228770941495896}
TRAIN {"angle_aug_abs_deg": 0.0, "aoa_effective_shift_abs_deg_mean": 0.805493238568306, "aoa_meanfield_aug_fraction": 0.45, "aoa_meanfield_lambda_mean": 0.16109864823520184, "delta_penalty": 3.621664618549403e-05, "grad_rel": 0.5150992259383201, "iteration": 6960, "loss": 0.1420356385409832, "lr": 0.00014595798606214795, "mse": 0.0001290873027755879, "p_zero": 0.0, "point_rel": 0.07714573405683041, "residual_mse": 0.00012908730386698152, "temporal_rel": 0.8981913059949875, "tke_rel": 0.5029704496264458}
TRAIN {"angle_aug_abs_deg": 0.0, "aoa_effective_shift_abs_deg_mean": 0.8732760101556778, "aoa_meanfield_aug_fraction": 0.49375, "aoa_meanfield_lambda_mean": 0.17465520165860654, "delta_penalty": 3.702335061461781e-05, "grad_rel": 0.5207679361104965, "iteration": 6980, "loss": 0.14390551820397376, "lr": 0.00014567874343342907, "mse": 0.00013671743854501984, "p_zero": 0.0, "point_rel": 0.07926194109022618, "residual_mse": 0.00013671744036400924, "temporal_rel": 0.8907734841108322, "tke_rel": 0.5011183708906174}
TRAIN {"angle_aug_abs_deg": 0.0, "aoa_effective_shift_abs_deg_mean": 0.9376315236091614, "aoa_meanfield_aug_fraction": 0.54375, "aoa_meanfield_lambda_mean": 0.18752630464732647, "delta_penalty": 3.365886277606478e-05, "grad_rel": 0.5144045040011406, "iteration": 7000, "loss": 0.14086784273386002, "lr": 0.0001453990499739538, "mse": 0.00011740153186110547, "p_zero": 0.0, "point_rel": 0.07640868928283454, "residual_mse": 0.00011740153586288215, "temporal_rel": 0.8928906977176666, "tke_rel": 0.4986746221780777}
TRAIN {"angle_aug_abs_deg": 0.0, "aoa_effective_shift_abs_deg_mean": 0.9504410579800606, "aoa_meanfield_aug_fraction": 0.5375, "aoa_meanfield_lambda_mean": 0.1900882115587592, "delta_penalty": 3.812457125604851e-05, "grad_rel": 0.5252666383981704, "iteration": 7020, "loss": 0.14539181776344776, "lr": 0.00014511890844418366, "mse": 0.00015289063740056008, "p_zero": 0.0, "point_rel": 0.08056069985032081, "residual_mse": 0.00015289063776435796, "temporal_rel": 0.8985905438661576, "tke_rel": 0.4991295576095581}
TRAIN {"angle_aug_abs_deg": 0.0, "aoa_effective_shift_abs_deg_mean": 0.8085312157869339, "aoa_meanfield_aug_fraction": 0.475, "aoa_meanfield_lambda_mean": 0.16170624028891326, "delta_penalty": 3.56292270225822e-05, "grad_rel": 0.5116548627614975, "iteration": 7040, "loss": 0.14240170381963252, "lr": 0.0001448383216090023, "mse": 0.0001272638746740995, "p_zero": 0.0, "point_rel": 0.07840145379304886, "residual_mse": 0.00012726387503789738, "temporal_rel": 0.8894679397344589, "tke_rel": 0.4933749735355377}
TRAIN {"angle_aug_abs_deg": 0.0, "aoa_effective_shift_abs_deg_mean": 0.9313032031059265, "aoa_meanfield_aug_fraction": 0.51875, "aoa_meanfield_lambda_mean": 0.18626064136624337, "delta_penalty": 3.980842038799892e-05, "grad_rel": 0.5242595806717872, "iteration": 7060, "loss": 0.14547148123383521, "lr": 0.0001445572922376887, "mse": 0.00015175379594438708, "p_zero": 0.0, "point_rel": 0.0807603558525443, "residual_mse": 0.00015175379376159982, "temporal_rel": 0.894187843799591, "tke_rel": 0.4995879292488098}
TRAIN {"angle_aug_abs_deg": 0.0, "aoa_effective_shift_abs_deg_mean": 0.8877697430551053, "aoa_meanfield_aug_fraction": 0.49375, "aoa_meanfield_lambda_mean": 0.17755395136773586, "delta_penalty": 3.702153353515314e-05, "grad_rel": 0.5265789806842804, "iteration": 7080, "loss": 0.1452353373169899, "lr": 0.00014427582310388922, "mse": 0.0001419486310624052, "p_zero": 0.0, "point_rel": 0.08022012896835803, "residual_mse": 0.00014194863142620308, "temporal_rel": 0.8969326376914978, "tke_rel": 0.5027536675333977}
TRAIN {"angle_aug_abs_deg": 0.0, "aoa_effective_shift_abs_deg_mean": 0.7586378790438175, "aoa_meanfield_aug_fraction": 0.45, "aoa_meanfield_lambda_mean": 0.1517275780439377, "delta_penalty": 3.6663511673395986e-05, "grad_rel": 0.5137017607688904, "iteration": 7100, "loss": 0.14084284827113153, "lr": 0.00014399391698559068, "mse": 0.00013440947914205025, "p_zero": 0.0, "point_rel": 0.07658040300011634, "residual_mse": 0.00013440947950584813, "temporal_rel": 0.8901926726102829, "tke_rel": 0.49683473259210587}
TRAIN {"angle_aug_abs_deg": 0.0, "aoa_effective_shift_abs_deg_mean": 0.766312199831009, "aoa_meanfield_aug_fraction": 0.4375, "aoa_meanfield_lambda_mean": 0.15326244086027146, "delta_penalty": 3.758285638468806e-05, "grad_rel": 0.5074359729886055, "iteration": 7120, "loss": 0.1422649122774601, "lr": 0.00014371157666509242, "mse": 0.00015103814566828078, "p_zero": 0.0, "point_rel": 0.0778038777410984, "residual_mse": 0.00015103814239409986, "temporal_rel": 0.8923156470060348, "tke_rel": 0.5005660504102707}
TRAIN {"angle_aug_abs_deg": 0.0, "aoa_effective_shift_abs_deg_mean": 0.9224289029836654, "aoa_meanfield_aug_fraction": 0.5125, "aoa_meanfield_lambda_mean": 0.18448577523231507, "delta_penalty": 3.9679352721577746e-05, "grad_rel": 0.5298973754048347, "iteration": 7140, "loss": 0.14811586514115332, "lr": 0.00014342880492897953, "mse": 0.00014753519626538037, "p_zero": 0.0, "point_rel": 0.08323088362812996, "residual_mse": 0.00014753519626538037, "temporal_rel": 0.8915043830871582, "tke_rel": 0.5024389803409577}
TRAIN {"angle_aug_abs_deg": 0.0, "aoa_effective_shift_abs_deg_mean": 0.8647577494382859, "aoa_meanfield_aug_fraction": 0.5, "aoa_meanfield_lambda_mean": 0.17295155301690102, "delta_penalty": 3.3707685906847475e-05, "grad_rel": 0.5031301841139794, "iteration": 7160, "loss": 0.13854800052940847, "lr": 0.0001431456045680949, "mse": 0.00011708149595506257, "p_zero": 0.0, "point_rel": 0.07466837596148253, "residual_mse": 0.00011708149413607316, "temporal_rel": 0.8964723497629166, "tke_rel": 0.49004510790109634}
TRAIN {"angle_aug_abs_deg": 0.0, "aoa_effective_shift_abs_deg_mean": 0.7597840994596481, "aoa_meanfield_aug_fraction": 0.43125, "aoa_meanfield_lambda_mean": 0.15195682384073733, "delta_penalty": 3.850959783449071e-05, "grad_rel": 0.5142947405576705, "iteration": 7180, "loss": 0.14282039999961854, "lr": 0.0001428619783775118, "mse": 0.0001310401083173929, "p_zero": 0.0, "point_rel": 0.0771381638944149, "residual_mse": 0.00013104010904498863, "temporal_rel": 0.9065948992967605, "tke_rel": 0.5121648356318473}
TRAIN {"angle_aug_abs_deg": 0.0, "aoa_effective_shift_abs_deg_mean": 0.6495309427380562, "aoa_meanfield_aug_fraction": 0.4, "aoa_meanfield_lambda_mean": 0.12990618627518416, "delta_penalty": 3.4506078191043346e-05, "grad_rel": 0.5079907476902008, "iteration": 7200, "loss": 0.13924723006784917, "lr": 0.00014257792915650623, "mse": 0.00011642350818874547, "p_zero": 0.0, "point_rel": 0.07643376961350441, "residual_mse": 0.00011642350782494759, "temporal_rel": 0.8845608115196228, "tke_rel": 0.4770192980766296}
TRAIN {"angle_aug_abs_deg": 0.0, "aoa_effective_shift_abs_deg_mean": 0.918314054608345, "aoa_meanfield_aug_fraction": 0.53125, "aoa_meanfield_lambda_mean": 0.18366281352937222, "delta_penalty": 3.9503377138316864e-05, "grad_rel": 0.5293396025896072, "iteration": 7220, "loss": 0.1461552832275629, "lr": 0.0001422934597085293, "mse": 0.0001599632242687221, "p_zero": 0.0, "point_rel": 0.08156100660562515, "residual_mse": 0.00015996322463252, "temporal_rel": 0.893524032831192, "tke_rel": 0.49666143357753756}
TRAIN {"angle_aug_abs_deg": 0.0, "aoa_effective_shift_abs_deg_mean": 0.799762024730444, "aoa_meanfield_aug_fraction": 0.46875, "aoa_meanfield_lambda_mean": 0.15995240062475205, "delta_penalty": 3.724783064171788e-05, "grad_rel": 0.5184361681342124, "iteration": 7240, "loss": 0.14414541907608508, "lr": 0.00014200857284117955, "mse": 0.00014508781259792158, "p_zero": 0.0, "point_rel": 0.07949623949825764, "residual_mse": 0.00014508781150652795, "temporal_rel": 0.8977290153503418, "tke_rel": 0.49827500581741335}
TRAIN {"angle_aug_abs_deg": 0.0, "aoa_effective_shift_abs_deg_mean": 0.7944336116313935, "aoa_meanfield_aug_fraction": 0.475, "aoa_meanfield_lambda_mean": 0.15888672303408385, "delta_penalty": 3.719283422469744e-05, "grad_rel": 0.5083872988820076, "iteration": 7260, "loss": 0.1405442629009485, "lr": 0.00014172327136617545, "mse": 0.00014085956681810785, "p_zero": 0.0, "point_rel": 0.07667782045900821, "residual_mse": 0.0001408595660905121, "temporal_rel": 0.8903889328241348, "tke_rel": 0.4914327174425125}
TRAIN {"angle_aug_abs_deg": 0.0, "aoa_effective_shift_abs_deg_mean": 0.860972011089325, "aoa_meanfield_aug_fraction": 0.4875, "aoa_meanfield_lambda_mean": 0.17219440173357725, "delta_penalty": 4.050155794175225e-05, "grad_rel": 0.5255286738276481, "iteration": 7280, "loss": 0.14744042307138444, "lr": 0.0001414375580993274, "mse": 0.00015483804972973302, "p_zero": 0.0, "point_rel": 0.08264049589633941, "residual_mse": 0.00015483804972973302, "temporal_rel": 0.8924692153930665, "tke_rel": 0.5015943631529808}
TRAIN {"angle_aug_abs_deg": 0.0, "aoa_effective_shift_abs_deg_mean": 0.8265439808368683, "aoa_meanfield_aug_fraction": 0.46875, "aoa_meanfield_lambda_mean": 0.1653087992221117, "delta_penalty": 3.5568127350416036e-05, "grad_rel": 0.511593371629715, "iteration": 7300, "loss": 0.14061908461153508, "lr": 0.00014115143586050996, "mse": 0.00012358173025859288, "p_zero": 0.0, "point_rel": 0.07676946222782136, "residual_mse": 0.00012358173025859288, "temporal_rel": 0.8873936116695404, "tke_rel": 0.49193546175956726}
TRAIN {"angle_aug_abs_deg": 0.0, "aoa_effective_shift_abs_deg_mean": 0.9144512683153152, "aoa_meanfield_aug_fraction": 0.5125, "aoa_meanfield_lambda_mean": 0.18289025612175464, "delta_penalty": 3.675092630146537e-05, "grad_rel": 0.5166271671652793, "iteration": 7320, "loss": 0.1426379755139351, "lr": 0.0001408649074736339, "mse": 0.00012821000218536937, "p_zero": 0.0, "point_rel": 0.07767147496342659, "residual_mse": 0.00012821000327676302, "temporal_rel": 0.9032998830080032, "tke_rel": 0.5013150215148926}
TRAIN {"angle_aug_abs_deg": 0.0, "aoa_effective_shift_abs_deg_mean": 0.9727014347910881, "aoa_meanfield_aug_fraction": 0.5375, "aoa_meanfield_lambda_mean": 0.1945402853190899, "delta_penalty": 3.772436475628638e-05, "grad_rel": 0.5133637815713883, "iteration": 7340, "loss": 0.14347237907350063, "lr": 0.00014057797576661897, "mse": 0.00014394290355994598, "p_zero": 0.0, "point_rel": 0.07873405274003745, "residual_mse": 0.00014394290210475446, "temporal_rel": 0.8945380002260208, "tke_rel": 0.5026299029588699}
TRAIN {"angle_aug_abs_deg": 0.0, "aoa_effective_shift_abs_deg_mean": 0.7053436286747455, "aoa_meanfield_aug_fraction": 0.4125, "aoa_meanfield_lambda_mean": 0.14106872938573362, "delta_penalty": 3.8332422172970836e-05, "grad_rel": 0.5122141078114509, "iteration": 7360, "loss": 0.13987170122563838, "lr": 0.00014029064357136528, "mse": 0.0001318884412285115, "p_zero": 0.0, "point_rel": 0.07631872221827507, "residual_mse": 0.00013188844195610727, "temporal_rel": 0.8907471895217896, "tke_rel": 0.4851170375943184}
TRAIN {"angle_aug_abs_deg": 0.0, "aoa_effective_shift_abs_deg_mean": 0.8816197991371155, "aoa_meanfield_aug_fraction": 0.4875, "aoa_meanfield_lambda_mean": 0.1763239584863186, "delta_penalty": 3.4896813667728564e-05, "grad_rel": 0.5138635069131852, "iteration": 7380, "loss": 0.1414153527468443, "lr": 0.00014000291372372553, "mse": 0.00012814315614377846, "p_zero": 0.0, "point_rel": 0.07825621794909239, "residual_mse": 0.00012814315796276786, "temporal_rel": 0.8866519749164581, "tke_rel": 0.4802080437541008}
TRAIN {"angle_aug_abs_deg": 0.0, "aoa_effective_shift_abs_deg_mean": 0.8453671619296074, "aoa_meanfield_aug_fraction": 0.4875, "aoa_meanfield_lambda_mean": 0.1690734349191189, "delta_penalty": 3.713953929036506e-05, "grad_rel": 0.5193026959896088, "iteration": 7400, "loss": 0.1421923205256462, "lr": 0.0001397147890634771, "mse": 0.0001272224741114769, "p_zero": 0.0, "point_rel": 0.07747389022260905, "residual_mse": 0.0001272224762942642, "temporal_rel": 0.8998429745435714, "tke_rel": 0.4982448503375053}
TRAIN {"angle_aug_abs_deg": 0.0, "aoa_effective_shift_abs_deg_mean": 0.777442067861557, "aoa_meanfield_aug_fraction": 0.45, "aoa_meanfield_lambda_mean": 0.1554884161800146, "delta_penalty": 3.503549769448e-05, "grad_rel": 0.5062666267156601, "iteration": 7420, "loss": 0.13959278613328935, "lr": 0.0001394262724342942, "mse": 0.00011922006769964355, "p_zero": 0.0, "point_rel": 0.07503579370677471, "residual_mse": 0.00011922006842723931, "temporal_rel": 0.8984072387218476, "tke_rel": 0.49957179874181745}
TRAIN {"angle_aug_abs_deg": 0.0, "aoa_effective_shift_abs_deg_mean": 0.8556179285049439, "aoa_meanfield_aug_fraction": 0.48125, "aoa_meanfield_lambda_mean": 0.17112358771264552, "delta_penalty": 3.529405976223643e-05, "grad_rel": 0.5106575191020966, "iteration": 7440, "loss": 0.1405973844230175, "lr": 0.00013913736668371934, "mse": 0.0001284881836909335, "p_zero": 0.0, "point_rel": 0.07601319160312414, "residual_mse": 0.00012848818660131655, "temporal_rel": 0.8928219884634018, "tke_rel": 0.5016736179590225}
TRAIN {"angle_aug_abs_deg": 0.0, "aoa_effective_shift_abs_deg_mean": 0.8481888607144356, "aoa_meanfield_aug_fraction": 0.49375, "aoa_meanfield_lambda_mean": 0.16963777244091033, "delta_penalty": 4.0160805292543954e-05, "grad_rel": 0.5281929686665535, "iteration": 7460, "loss": 0.14700400307774544, "lr": 0.00013884807466313566, "mse": 0.0001545843068015529, "p_zero": 0.0, "point_rel": 0.083098603785038, "residual_mse": 0.0001545843068015529, "temporal_rel": 0.8952530890703201, "tke_rel": 0.48462889045476915}
TRAIN {"angle_aug_abs_deg": 0.0, "aoa_effective_shift_abs_deg_mean": 0.7681297659873962, "aoa_meanfield_aug_fraction": 0.4375, "aoa_meanfield_lambda_mean": 0.15362594854086636, "delta_penalty": 3.5407111045060444e-05, "grad_rel": 0.519827900826931, "iteration": 7480, "loss": 0.14323442801833153, "lr": 0.00013855839922773865, "mse": 0.0001300324173826084, "p_zero": 0.0, "point_rel": 0.07834831811487675, "residual_mse": 0.00013003241992919355, "temporal_rel": 0.8943078249692917, "tke_rel": 0.5036623418331146}
TRAIN {"angle_aug_abs_deg": 0.0, "aoa_effective_shift_abs_deg_mean": 0.8033678345382214, "aoa_meanfield_aug_fraction": 0.45625, "aoa_meanfield_lambda_mean": 0.16067357137799262, "delta_penalty": 3.610491958170314e-05, "grad_rel": 0.5130351930856705, "iteration": 7500, "loss": 0.14151103496551515, "lr": 0.00013826834323650802, "mse": 0.00012607482185558183, "p_zero": 0.0, "point_rel": 0.07714147716760636, "residual_mse": 0.0001260748222193797, "temporal_rel": 0.892146161198616, "tke_rel": 0.4978516653180122}
EVAL_TOP {"alpha": 1.0, "best_bound_abs": 0.0075, "best_bound_rel": 0.0075, "best_bounds": [{"abs": 0.0075, "coverage": 0.829716911315918, "final_est": 81.6272089759192, "rel": 0.0075, "sps_raw": 0.4791485109329224, "sps_score_linear": 47.914851093292235, "sps_score_used": 47.914851093292235}], "best_final_est": 81.6272089759192, "iteration": 7500, "mean_t_neural_s": 0.01762683533, "mvpe": 0.07417574003338814, "mvpe_score": 96.42384497119833, "n": 640, "rel_l2": 0.0824816843494773, "rel_l2_score": 96.0392600343449, "time_score": 86.54248999999716, "tke": 0.46258111745119096, "tke_score": 81.21559878076343}
TRAIN {"angle_aug_abs_deg": 0.0, "aoa_effective_shift_abs_deg_mean": 0.753236173838377, "aoa_meanfield_aug_fraction": 0.425, "aoa_meanfield_lambda_mean": 0.15064723417162895, "delta_penalty": 4.130818188059493e-05, "grad_rel": 0.5191659063100815, "iteration": 7520, "loss": 0.1457658588886261, "lr": 0.0001379779095521791, "mse": 0.00015354334955191006, "p_zero": 0.0, "point_rel": 0.08125931955873966, "residual_mse": 0.00015354335027950583, "temporal_rel": 0.8917456984519958, "tke_rel": 0.49866320192813873}
TRAIN {"angle_aug_abs_deg": 0.0, "aoa_effective_shift_abs_deg_mean": 0.8161130458116531, "aoa_meanfield_aug_fraction": 0.4875, "aoa_meanfield_lambda_mean": 0.1632226077839732, "delta_penalty": 3.764969505937188e-05, "grad_rel": 0.5200233325362206, "iteration": 7540, "loss": 0.14365198388695716, "lr": 0.00013768710104121521, "mse": 0.00013905163468734826, "p_zero": 0.0, "point_rel": 0.07992799822241067, "residual_mse": 0.0001390516339597525, "temporal_rel": 0.8921966552734375, "tke_rel": 0.4852545067667961}
TRAIN {"angle_aug_abs_deg": 0.0, "aoa_effective_shift_abs_deg_mean": 0.718284985423088, "aoa_meanfield_aug_fraction": 0.4, "aoa_meanfield_lambda_mean": 0.14365699775516988, "delta_penalty": 3.8575453982048205e-05, "grad_rel": 0.507583612203598, "iteration": 7560, "loss": 0.1404988843947649, "lr": 0.00013739592057377908, "mse": 0.00014223243979358813, "p_zero": 0.0, "point_rel": 0.07646209131926299, "residual_mse": 0.00014223244052118388, "temporal_rel": 0.8970242261886596, "tke_rel": 0.4911478579044342}
TRAIN {"angle_aug_abs_deg": 0.0, "aoa_effective_shift_abs_deg_mean": 0.8364967405796051, "aoa_meanfield_aug_fraction": 0.4375, "aoa_meanfield_lambda_mean": 0.16729934848845004, "delta_penalty": 3.9175290930870686e-05, "grad_rel": 0.5298836514353752, "iteration": 7580, "loss": 0.1472760409116745, "lr": 0.0001371043710237041, "mse": 0.00015086570747371297, "p_zero": 0.0, "point_rel": 0.0833289235830307, "residual_mse": 0.00015086570674611722, "temporal_rel": 0.8912531703710556, "tke_rel": 0.4869203850626945}
TRAIN {"angle_aug_abs_deg": 0.0, "aoa_effective_shift_abs_deg_mean": 0.8398477077484131, "aoa_meanfield_aug_fraction": 0.4625, "aoa_meanfield_lambda_mean": 0.16796954181045293, "delta_penalty": 3.6996809467382266e-05, "grad_rel": 0.5133520811796188, "iteration": 7600, "loss": 0.14175179749727249, "lr": 0.00013681245526846685, "mse": 0.00012403139535308583, "p_zero": 0.0, "point_rel": 0.07747610099613667, "residual_mse": 0.00012403139589878265, "temporal_rel": 0.8965669602155686, "tke_rel": 0.4940076395869255}
TRAIN {"angle_aug_abs_deg": 0.0, "aoa_effective_shift_abs_deg_mean": 0.8798763871192932, "aoa_meanfield_aug_fraction": 0.51875, "aoa_meanfield_lambda_mean": 0.1759752782061696, "delta_penalty": 3.6014152556163026e-05, "grad_rel": 0.5056243032217026, "iteration": 7620, "loss": 0.13870094902813435, "lr": 0.00013652017618915785, "mse": 0.0001284765632590279, "p_zero": 0.0, "point_rel": 0.07490199506282806, "residual_mse": 0.00012847656180383637, "temporal_rel": 0.8819474279880524, "tke_rel": 0.49528174847364426}
TRAIN {"angle_aug_abs_deg": 0.0, "aoa_effective_shift_abs_deg_mean": 0.916508860886097, "aoa_meanfield_aug_fraction": 0.5125, "aoa_meanfield_lambda_mean": 0.18330177254974842, "delta_penalty": 3.641928760771407e-05, "grad_rel": 0.5201533660292625, "iteration": 7640, "loss": 0.14561423733830453, "lr": 0.0001362275366704536, "mse": 0.00014487115968222496, "p_zero": 0.0, "point_rel": 0.07963177002966404, "residual_mse": 0.00014487116186501225, "temporal_rel": 0.9044174551963806, "tke_rel": 0.5167242929339408}
TRAIN {"angle_aug_abs_deg": 0.0, "aoa_effective_shift_abs_deg_mean": 0.7507328748703003, "aoa_meanfield_aug_fraction": 0.43125, "aoa_meanfield_lambda_mean": 0.15014657489955424, "delta_penalty": 3.494242864690023e-05, "grad_rel": 0.5100760117173195, "iteration": 7660, "loss": 0.14058755189180375, "lr": 0.0001359345396005881, "mse": 0.00011945971582463243, "p_zero": 0.0, "point_rel": 0.0760483855381608, "residual_mse": 0.00011945971727982397, "temporal_rel": 0.8984013557434082, "tke_rel": 0.4983241826295853}
TRAIN {"angle_aug_abs_deg": 0.0, "aoa_effective_shift_abs_deg_mean": 0.8794379740953445, "aoa_meanfield_aug_fraction": 0.5, "aoa_meanfield_lambda_mean": 0.17588759548962116, "delta_penalty": 3.652686236819136e-05, "grad_rel": 0.5095193222165108, "iteration": 7680, "loss": 0.14162778966128825, "lr": 0.00013564118787132406, "mse": 0.0001361958407869679, "p_zero": 0.0, "point_rel": 0.07748933732509614, "residual_mse": 0.00013619584060506896, "temporal_rel": 0.8926365345716476, "tke_rel": 0.4945829823613167}
TRAIN {"angle_aug_abs_deg": 0.0, "aoa_effective_shift_abs_deg_mean": 0.8490821026265621, "aoa_meanfield_aug_fraction": 0.48125, "aoa_meanfield_lambda_mean": 0.16981641799211503, "delta_penalty": 3.7941313530609476e-05, "grad_rel": 0.5188831076025963, "iteration": 7700, "loss": 0.1434052176773548, "lr": 0.00013534748437792475, "mse": 0.00014304247106338152, "p_zero": 0.0, "point_rel": 0.0789583319798112, "residual_mse": 0.00014304247160907836, "temporal_rel": 0.8924061477184295, "tke_rel": 0.49746308475732803}
TRAIN {"angle_aug_abs_deg": 0.0, "aoa_effective_shift_abs_deg_mean": 0.8919533133506775, "aoa_meanfield_aug_fraction": 0.50625, "aoa_meanfield_lambda_mean": 0.17839066237211226, "delta_penalty": 3.82138693566958e-05, "grad_rel": 0.5124091029167175, "iteration": 7720, "loss": 0.14123354516923428, "lr": 0.00013505343201912487, "mse": 0.00013679473904630867, "p_zero": 0.0, "point_rel": 0.07808548919856548, "residual_mse": 0.00013679473904630867, "temporal_rel": 0.881514310836792, "tke_rel": 0.4829114854335785}
TRAIN {"angle_aug_abs_deg": 0.0, "aoa_effective_shift_abs_deg_mean": 0.8555352181196213, "aoa_meanfield_aug_fraction": 0.46875, "aoa_meanfield_lambda_mean": 0.17110703624784945, "delta_penalty": 3.9384477895509916e-05, "grad_rel": 0.5262541890144348, "iteration": 7740, "loss": 0.14612504467368126, "lr": 0.00013475903369710265, "mse": 0.00015219039232761133, "p_zero": 0.0, "point_rel": 0.08155873455107213, "residual_mse": 0.00015219039378280285, "temporal_rel": 0.8932122677564621, "tke_rel": 0.4971613958477974}
TRAIN {"angle_aug_abs_deg": 0.0, "aoa_effective_shift_abs_deg_mean": 0.7130046978592872, "aoa_meanfield_aug_fraction": 0.41875, "aoa_meanfield_lambda_mean": 0.1426009395159781, "delta_penalty": 3.897650294675259e-05, "grad_rel": 0.50713731944561, "iteration": 7760, "loss": 0.13980989418923856, "lr": 0.00013446429231745067, "mse": 0.0001352927334664855, "p_zero": 0.0, "point_rel": 0.07538763768970966, "residual_mse": 0.0001352927311017993, "temporal_rel": 0.8928817182779312, "tke_rel": 0.4997896447777748}
TRAIN {"angle_aug_abs_deg": 0.0, "aoa_effective_shift_abs_deg_mean": 0.8943845085799694, "aoa_meanfield_aug_fraction": 0.5125, "aoa_meanfield_lambda_mean": 0.17887690495699643, "delta_penalty": 3.860906790578156e-05, "grad_rel": 0.5048708543181419, "iteration": 7780, "loss": 0.13942405618727208, "lr": 0.0001341692107891473, "mse": 0.00013826065651301178, "p_zero": 0.0, "point_rel": 0.07592051401734352, "residual_mse": 0.00013826065778630437, "temporal_rel": 0.8863381683826447, "tke_rel": 0.4883014276623726}
TRAIN {"angle_aug_abs_deg": 0.0, "aoa_effective_shift_abs_deg_mean": 0.7649444378912449, "aoa_meanfield_aug_fraction": 0.45625, "aoa_meanfield_lambda_mean": 0.15298888608813285, "delta_penalty": 3.797484987444477e-05, "grad_rel": 0.5232055932283401, "iteration": 7800, "loss": 0.1438668593764305, "lr": 0.000133873792024528, "mse": 0.00014756017517356668, "p_zero": 0.0, "point_rel": 0.07976040616631508, "residual_mse": 0.0001475601744459709, "temporal_rel": 0.8899022698402405, "tke_rel": 0.4919379070401192}
TRAIN {"angle_aug_abs_deg": 0.0, "aoa_effective_shift_abs_deg_mean": 0.8964040309190751, "aoa_meanfield_aug_fraction": 0.5, "aoa_meanfield_lambda_mean": 0.17928080260753632, "delta_penalty": 3.830891746474663e-05, "grad_rel": 0.5178110241889954, "iteration": 7820, "loss": 0.144213193282485, "lr": 0.00013357803893925696, "mse": 0.0001368078857922228, "p_zero": 0.0, "point_rel": 0.08055389262735843, "residual_mse": 0.00013680788651981857, "temporal_rel": 0.8903347253799438, "tke_rel": 0.4856713891029358}
TRAIN {"angle_aug_abs_deg": 0.0, "aoa_effective_shift_abs_deg_mean": 0.8994998514652253, "aoa_meanfield_aug_fraction": 0.5, "aoa_meanfield_lambda_mean": 0.17989996466785668, "delta_penalty": 3.429030484767281e-05, "grad_rel": 0.5099389582872391, "iteration": 7840, "loss": 0.13899320997297765, "lr": 0.00013328195445229762, "mse": 0.00010924714224529453, "p_zero": 0.0, "point_rel": 0.07539936657994986, "residual_mse": 0.00010924713969870937, "temporal_rel": 0.8883064240217209, "tke_rel": 0.4877018481492996}
TRAIN {"angle_aug_abs_deg": 0.0, "aoa_effective_shift_abs_deg_mean": 0.9235038354992866, "aoa_meanfield_aug_fraction": 0.51875, "aoa_meanfield_lambda_mean": 0.18470076508820057, "delta_penalty": 3.6209555582900065e-05, "grad_rel": 0.5093362987041473, "iteration": 7860, "loss": 0.14002157971262932, "lr": 0.0001329855414858842, "mse": 0.00011865891501656733, "p_zero": 0.0, "point_rel": 0.07597647309303283, "residual_mse": 0.00011865891465276946, "temporal_rel": 0.8944315969944, "tke_rel": 0.4922632247209549}
TRAIN {"angle_aug_abs_deg": 0.0, "aoa_effective_shift_abs_deg_mean": 0.7617897883057594, "aoa_meanfield_aug_fraction": 0.46875, "aoa_meanfield_lambda_mean": 0.1523579578846693, "delta_penalty": 3.8356686218321556e-05, "grad_rel": 0.5217932939529419, "iteration": 7880, "loss": 0.14493803381919862, "lr": 0.00013268880296549325, "mse": 0.00013849807564838556, "p_zero": 0.0, "point_rel": 0.08043870665132999, "residual_mse": 0.00013849807419319404, "temporal_rel": 0.8942488998174667, "tke_rel": 0.4967107594013214}
TRAIN {"angle_aug_abs_deg": 0.0, "aoa_effective_shift_abs_deg_mean": 0.8259366542100907, "aoa_meanfield_aug_fraction": 0.45625, "aoa_meanfield_lambda_mean": 0.16518732979893685, "delta_penalty": 4.0952015297079924e-05, "grad_rel": 0.5208114117383957, "iteration": 7900, "loss": 0.14478473253548146, "lr": 0.00013239174181981392, "mse": 0.00014888283167238114, "p_zero": 0.0, "point_rel": 0.07927323170006276, "residual_mse": 0.00014888282730680659, "temporal_rel": 0.9032763630151749, "tke_rel": 0.5092593103647232}
TRAIN {"angle_aug_abs_deg": 0.0, "aoa_effective_shift_abs_deg_mean": 0.846699920296669, "aoa_meanfield_aug_fraction": 0.48125, "aoa_meanfield_lambda_mean": 0.1693399863317609, "delta_penalty": 3.546762445694185e-05, "grad_rel": 0.5186561062932015, "iteration": 7920, "loss": 0.14330260902643205, "lr": 0.00013209436098071987, "mse": 0.0001331008208580897, "p_zero": 0.0, "point_rel": 0.07844947353005409, "residual_mse": 0.0001331008212218876, "temporal_rel": 0.8951487720012665, "tke_rel": 0.5029698863625527}
TRAIN {"angle_aug_abs_deg": 0.0, "aoa_effective_shift_abs_deg_mean": 0.8064638391137123, "aoa_meanfield_aug_fraction": 0.46875, "aoa_meanfield_lambda_mean": 0.1612927708774805, "delta_penalty": 4.08885556680616e-05, "grad_rel": 0.5128362461924553, "iteration": 7940, "loss": 0.14216117598116398, "lr": 0.00013179666338324005, "mse": 0.00015449588718183805, "p_zero": 0.0, "point_rel": 0.07770745418965816, "residual_mse": 0.00015449588754563593, "temporal_rel": 0.890168771147728, "tke_rel": 0.5001490920782089}
TRAIN {"angle_aug_abs_deg": 0.0, "aoa_effective_shift_abs_deg_mean": 0.9697924464941025, "aoa_meanfield_aug_fraction": 0.5375, "aoa_meanfield_lambda_mean": 0.19395848773419858, "delta_penalty": 3.991492621935322e-05, "grad_rel": 0.530091042816639, "iteration": 7960, "loss": 0.14762148708105088, "lr": 0.00013149865196552938, "mse": 0.0001631668814297882, "p_zero": 0.0, "point_rel": 0.08267750628292561, "residual_mse": 0.00016316688179358608, "temporal_rel": 0.8913055330514907, "tke_rel": 0.5033950909972191}
TRAIN {"angle_aug_abs_deg": 0.0, "aoa_effective_shift_abs_deg_mean": 0.8094157755374909, "aoa_meanfield_aug_fraction": 0.45625, "aoa_meanfield_lambda_mean": 0.16188315767794847, "delta_penalty": 3.34857377310982e-05, "grad_rel": 0.5166321888566017, "iteration": 7980, "loss": 0.14169695228338242, "lr": 0.00013120032966884042, "mse": 0.00012376812701404561, "p_zero": 0.0, "point_rel": 0.07734773028641939, "residual_mse": 0.00012376812592265196, "temporal_rel": 0.8968099057674408, "tke_rel": 0.49429409205913544}
TRAIN {"angle_aug_abs_deg": 0.0, "aoa_effective_shift_abs_deg_mean": 0.7870747707784176, "aoa_meanfield_aug_fraction": 0.45625, "aoa_meanfield_lambda_mean": 0.1574149531312287, "delta_penalty": 3.728251886059297e-05, "grad_rel": 0.5190201491117478, "iteration": 8000, "loss": 0.1436700202524662, "lr": 0.00013090169943749363, "mse": 0.00013803843758068978, "p_zero": 0.0, "point_rel": 0.07926666960120202, "residual_mse": 0.00013803843794448766, "temporal_rel": 0.8937531560659409, "tke_rel": 0.4960549771785736}
TRAIN {"angle_aug_abs_deg": 0.0, "aoa_effective_shift_abs_deg_mean": 0.8767368763685226, "aoa_meanfield_aug_fraction": 0.5, "aoa_meanfield_lambda_mean": 0.17534737279638649, "delta_penalty": 3.64755713235354e-05, "grad_rel": 0.5099867105484008, "iteration": 8020, "loss": 0.13979620225727557, "lr": 0.000130602764218849, "mse": 0.00013786367399006849, "p_zero": 0.0, "point_rel": 0.07621059380471706, "residual_mse": 0.0001378636736262706, "temporal_rel": 0.8892917692661285, "tke_rel": 0.48691610991954803}
TRAIN {"angle_aug_abs_deg": 0.0, "aoa_effective_shift_abs_deg_mean": 0.8476692318916321, "aoa_meanfield_aug_fraction": 0.49375, "aoa_meanfield_lambda_mean": 0.16953384540975094, "delta_penalty": 3.751202939383802e-05, "grad_rel": 0.5175324186682702, "iteration": 8040, "loss": 0.1422794595360756, "lr": 0.00013030352696327634, "mse": 0.00012908210619571036, "p_zero": 0.0, "point_rel": 0.0782160034403205, "residual_mse": 0.00012908210619571036, "temporal_rel": 0.8933100402355194, "tke_rel": 0.491028243303299}
TRAIN {"angle_aug_abs_deg": 0.0, "aoa_effective_shift_abs_deg_mean": 0.7694267511367798, "aoa_meanfield_aug_fraction": 0.4375, "aoa_meanfield_lambda_mean": 0.15388534888625144, "delta_penalty": 3.6878849550703306e-05, "grad_rel": 0.5103626102209091, "iteration": 8060, "loss": 0.14405549578368665, "lr": 0.0001300039906241266, "mse": 0.0001349478998236009, "p_zero": 0.0, "point_rel": 0.07946341950446367, "residual_mse": 0.000134947899459803, "temporal_rel": 0.8902654021978378, "tke_rel": 0.5031242981553078}
TRAIN {"angle_aug_abs_deg": 0.0, "aoa_effective_shift_abs_deg_mean": 0.7288222536444664, "aoa_meanfield_aug_fraction": 0.4125, "aoa_meanfield_lambda_mean": 0.14576445259153842, "delta_penalty": 3.317694172437769e-05, "grad_rel": 0.5057825908064842, "iteration": 8080, "loss": 0.13867928944528102, "lr": 0.00012970415815770253, "mse": 0.00011673476747091627, "p_zero": 0.0, "point_rel": 0.07511767223477364, "residual_mse": 0.00011673476819851203, "temporal_rel": 0.8945626765489578, "tke_rel": 0.485038597881794}
TRAIN {"angle_aug_abs_deg": 0.0, "aoa_effective_shift_abs_deg_mean": 0.8828049965202809, "aoa_meanfield_aug_fraction": 0.4625, "aoa_meanfield_lambda_mean": 0.1765609985217452, "delta_penalty": 3.7961717771395344e-05, "grad_rel": 0.5205034628510475, "iteration": 8100, "loss": 0.14309026971459388, "lr": 0.00012940403252322943, "mse": 0.00014006476831127657, "p_zero": 0.0, "point_rel": 0.07850316986441612, "residual_mse": 0.00014006476922077127, "temporal_rel": 0.8963055342435837, "tke_rel": 0.49746009707450867}
TRAIN {"angle_aug_abs_deg": 0.0, "aoa_effective_shift_abs_deg_mean": 0.7163260951638222, "aoa_meanfield_aug_fraction": 0.41875, "aoa_meanfield_lambda_mean": 0.14326521754264832, "delta_penalty": 3.77714744900004e-05, "grad_rel": 0.5225489974021912, "iteration": 8120, "loss": 0.14577670842409135, "lr": 0.0001291036166828262, "mse": 0.0001359877396680531, "p_zero": 0.0, "point_rel": 0.08172377683222294, "residual_mse": 0.00013598774039564888, "temporal_rel": 0.8874406099319458, "tke_rel": 0.4924988016486168}
TRAIN {"angle_aug_abs_deg": 0.0, "aoa_effective_shift_abs_deg_mean": 0.7971729055047035, "aoa_meanfield_aug_fraction": 0.45625, "aoa_meanfield_lambda_mean": 0.159434580989182, "delta_penalty": 3.6591762363968885e-05, "grad_rel": 0.5088562428951263, "iteration": 8140, "loss": 0.13989215344190598, "lr": 0.00012880291360147596, "mse": 0.0001330225517449435, "p_zero": 0.0, "point_rel": 0.07646156288683414, "residual_mse": 0.00013302255192684242, "temporal_rel": 0.8954435646533966, "tke_rel": 0.4815634176135063}
TRAIN {"angle_aug_abs_deg": 0.0, "aoa_effective_shift_abs_deg_mean": 0.7573609158396721, "aoa_meanfield_aug_fraction": 0.4375, "aoa_meanfield_lambda_mean": 0.1514721831306815, "delta_penalty": 3.627438536568661e-05, "grad_rel": 0.5081525221467018, "iteration": 8160, "loss": 0.14103419594466687, "lr": 0.00012850192624699666, "mse": 0.0001286868771785521, "p_zero": 0.0, "point_rel": 0.07659299746155739, "residual_mse": 0.00012868687754234996, "temporal_rel": 0.89309241771698, "tke_rel": 0.4997801139950752}
TRAIN {"angle_aug_abs_deg": 0.0, "aoa_effective_shift_abs_deg_mean": 0.7375168912112713, "aoa_meanfield_aug_fraction": 0.41875, "aoa_meanfield_lambda_mean": 0.1475033773109317, "delta_penalty": 3.9885566184238994e-05, "grad_rel": 0.5210144445300102, "iteration": 8180, "loss": 0.14365459606051445, "lr": 0.00012820065759001193, "mse": 0.00014330746034829644, "p_zero": 0.0, "point_rel": 0.08014489077031613, "residual_mse": 0.00014330746034829644, "temporal_rel": 0.8865176707506179, "tke_rel": 0.4842528536915779}
TRAIN {"angle_aug_abs_deg": 0.0, "aoa_effective_shift_abs_deg_mean": 0.7762584544718265, "aoa_meanfield_aug_fraction": 0.43125, "aoa_meanfield_lambda_mean": 0.1552516905590892, "delta_penalty": 3.7964221610309325e-05, "grad_rel": 0.5170216128230095, "iteration": 8200, "loss": 0.14486866630613804, "lr": 0.00012789911060392197, "mse": 0.00013074501875962597, "p_zero": 0.0, "point_rel": 0.07933016456663608, "residual_mse": 0.00013074501839582808, "temporal_rel": 0.8976662814617157, "tke_rel": 0.5135534718632698}
TRAIN {"angle_aug_abs_deg": 0.0, "aoa_effective_shift_abs_deg_mean": 0.8301109418272972, "aoa_meanfield_aug_fraction": 0.4875, "aoa_meanfield_lambda_mean": 0.16602218747138978, "delta_penalty": 4.033311270177364e-05, "grad_rel": 0.516460745036602, "iteration": 8220, "loss": 0.1423248402774334, "lr": 0.00012759728826487363, "mse": 0.00015851512289373205, "p_zero": 0.0, "point_rel": 0.07880339063704014, "residual_mse": 0.00015851512107474265, "temporal_rel": 0.8883648216724396, "tke_rel": 0.48458720147609713}
TRAIN {"angle_aug_abs_deg": 0.0, "aoa_effective_shift_abs_deg_mean": 0.8184781387448311, "aoa_meanfield_aug_fraction": 0.4625, "aoa_meanfield_lambda_mean": 0.1636956265196204, "delta_penalty": 3.912176161975367e-05, "grad_rel": 0.520973601937294, "iteration": 8240, "loss": 0.14444238916039467, "lr": 0.0001272951935517315, "mse": 0.00013843800734321122, "p_zero": 0.0, "point_rel": 0.08016160149127245, "residual_mse": 0.00013843800661561545, "temporal_rel": 0.8958447754383088, "tke_rel": 0.4924755275249481}
TRAIN {"angle_aug_abs_deg": 0.0, "aoa_effective_shift_abs_deg_mean": 0.7130058512091637, "aoa_meanfield_aug_fraction": 0.39375, "aoa_meanfield_lambda_mean": 0.14260116927325725, "delta_penalty": 3.789698002947262e-05, "grad_rel": 0.503641140460968, "iteration": 8260, "loss": 0.1387378342449665, "lr": 0.00012699282944604864, "mse": 0.00011891128087881953, "p_zero": 0.0, "point_rel": 0.07433824241161346, "residual_mse": 0.00011891128087881953, "temporal_rel": 0.903543108701706, "tke_rel": 0.49503753185272215}
TRAIN {"angle_aug_abs_deg": 0.0, "aoa_effective_shift_abs_deg_mean": 0.8458026066422463, "aoa_meanfield_aug_fraction": 0.4875, "aoa_meanfield_lambda_mean": 0.16916052289307118, "delta_penalty": 3.710493956532446e-05, "grad_rel": 0.5101181834936142, "iteration": 8280, "loss": 0.1403328225016594, "lr": 0.0001266901989320366, "mse": 0.00013033238501520828, "p_zero": 0.0, "point_rel": 0.07627501599490642, "residual_mse": 0.00013033238719799555, "temporal_rel": 0.8935141772031784, "tke_rel": 0.49267949610948564}
TRAIN {"angle_aug_abs_deg": 0.0, "aoa_effective_shift_abs_deg_mean": 0.8852224722504616, "aoa_meanfield_aug_fraction": 0.5125, "aoa_meanfield_lambda_mean": 0.17704449594020844, "delta_penalty": 3.495397304504877e-05, "grad_rel": 0.5144531831145287, "iteration": 8300, "loss": 0.1395336676388979, "lr": 0.00012638730499653635, "mse": 0.00011627530238911277, "p_zero": 0.0, "point_rel": 0.0757065562531352, "residual_mse": 0.00011627530093392125, "temporal_rel": 0.8932277172803879, "tke_rel": 0.48796502202749253}
TRAIN {"angle_aug_abs_deg": 0.0, "aoa_effective_shift_abs_deg_mean": 0.6996067993342876, "aoa_meanfield_aug_fraction": 0.4, "aoa_meanfield_lambda_mean": 0.13992136009037495, "delta_penalty": 3.957047329095076e-05, "grad_rel": 0.5197140783071518, "iteration": 8320, "loss": 0.1439603738486767, "lr": 0.00012608415062898871, "mse": 0.00015026307264633942, "p_zero": 0.0, "point_rel": 0.07952667661011219, "residual_mse": 0.00015026306973595638, "temporal_rel": 0.8915131837129593, "tke_rel": 0.49744537472724915}
TRAIN {"angle_aug_abs_deg": 0.0, "aoa_effective_shift_abs_deg_mean": 0.8293988853693008, "aoa_meanfield_aug_fraction": 0.46875, "aoa_meanfield_lambda_mean": 0.16587977595627307, "delta_penalty": 3.685810461320216e-05, "grad_rel": 0.511046189069748, "iteration": 8340, "loss": 0.14123975448310375, "lr": 0.00012578073882140497, "mse": 0.0001379799484311661, "p_zero": 0.0, "point_rel": 0.07798391338437796, "residual_mse": 0.00013797994915876188, "temporal_rel": 0.8856211245059967, "tke_rel": 0.4829897180199623}
TRAIN {"angle_aug_abs_deg": 0.0, "aoa_effective_shift_abs_deg_mean": 0.8354772701859474, "aoa_meanfield_aug_fraction": 0.475, "aoa_meanfield_lambda_mean": 0.16709545515477658, "delta_penalty": 3.949135834773188e-05, "grad_rel": 0.5198680028319359, "iteration": 8360, "loss": 0.14405345618724824, "lr": 0.00012547707256833722, "mse": 0.00015204025730781724, "p_zero": 0.0, "point_rel": 0.07950259223580361, "residual_mse": 0.00015204025730781724, "temporal_rel": 0.8938715636730195, "tke_rel": 0.49817162454128266}
TRAIN {"angle_aug_abs_deg": 0.0, "aoa_effective_shift_abs_deg_mean": 0.8489680856466293, "aoa_meanfield_aug_fraction": 0.5, "aoa_meanfield_lambda_mean": 0.16979361847043037, "delta_penalty": 3.688436599986744e-05, "grad_rel": 0.5262350559234619, "iteration": 8380, "loss": 0.14475769102573394, "lr": 0.0001251731548668487, "mse": 0.00013713841053686338, "p_zero": 0.0, "point_rel": 0.08003499321639537, "residual_mse": 0.0001371384119920549, "temporal_rel": 0.8960047990083695, "tke_rel": 0.4984525114297867}
TRAIN {"angle_aug_abs_deg": 0.0, "aoa_effective_shift_abs_deg_mean": 0.7932598426938057, "aoa_meanfield_aug_fraction": 0.44375, "aoa_meanfield_lambda_mean": 0.15865197256207467, "delta_penalty": 4.267523527232697e-05, "grad_rel": 0.527116471529007, "iteration": 8400, "loss": 0.1468174748122692, "lr": 0.00012486898871648448, "mse": 0.00015145077604756808, "p_zero": 0.0, "point_rel": 0.08215766213834286, "residual_mse": 0.00015145077495617442, "temporal_rel": 0.8964075297117233, "tke_rel": 0.49690916389226913}
TRAIN {"angle_aug_abs_deg": 0.0, "aoa_effective_shift_abs_deg_mean": 0.7454566359519958, "aoa_meanfield_aug_fraction": 0.43125, "aoa_meanfield_lambda_mean": 0.14909132681787013, "delta_penalty": 3.708704807650065e-05, "grad_rel": 0.5029013246297837, "iteration": 8420, "loss": 0.13792040906846523, "lr": 0.00012456457711924166, "mse": 0.00012653049179789377, "p_zero": 0.0, "point_rel": 0.07517360337078571, "residual_mse": 0.000126530491070298, "temporal_rel": 0.8825198441743851, "tke_rel": 0.478149850666523}
TRAIN {"angle_aug_abs_deg": 0.0, "aoa_effective_shift_abs_deg_mean": 0.8248368099331855, "aoa_meanfield_aug_fraction": 0.475, "aoa_meanfield_lambda_mean": 0.16496736295521258, "delta_penalty": 3.530021731421584e-05, "grad_rel": 0.5095544397830963, "iteration": 8440, "loss": 0.14081170298159124, "lr": 0.0001242599230795398, "mse": 0.00011658997555059613, "p_zero": 0.0, "point_rel": 0.07674584165215492, "residual_mse": 0.00011658997409540462, "temporal_rel": 0.8885723412036896, "tke_rel": 0.4954948604106903}
TRAIN {"angle_aug_abs_deg": 0.0, "aoa_effective_shift_abs_deg_mean": 0.6831909991800785, "aoa_meanfield_aug_fraction": 0.41875, "aoa_meanfield_lambda_mean": 0.13663820102810859, "delta_penalty": 3.5796347947325555e-05, "grad_rel": 0.5013535052537919, "iteration": 8460, "loss": 0.1380619779229164, "lr": 0.0001239550296041912, "mse": 0.00011896799314854433, "p_zero": 0.0, "point_rel": 0.07498061582446099, "residual_mse": 0.00011896799260284752, "temporal_rel": 0.8875787615776062, "tke_rel": 0.48162157237529757}
TRAIN {"angle_aug_abs_deg": 0.0, "aoa_effective_shift_abs_deg_mean": 0.8168019846081733, "aoa_meanfield_aug_fraction": 0.45625, "aoa_meanfield_lambda_mean": 0.1633603947237134, "delta_penalty": 4.128351538383868e-05, "grad_rel": 0.5220878466963768, "iteration": 8480, "loss": 0.14463895037770272, "lr": 0.00012364989970237148, "mse": 0.00015381649500341156, "p_zero": 0.0, "point_rel": 0.08034169860184193, "residual_mse": 0.00015381649627670412, "temporal_rel": 0.8961803108453751, "tke_rel": 0.49222595393657687}
TRAIN {"angle_aug_abs_deg": 0.0, "aoa_effective_shift_abs_deg_mean": 0.8036466762423515, "aoa_meanfield_aug_fraction": 0.44375, "aoa_meanfield_lambda_mean": 0.16072933599352837, "delta_penalty": 3.596814349293709e-05, "grad_rel": 0.5095663592219353, "iteration": 8500, "loss": 0.14001565463840962, "lr": 0.00012334453638558949, "mse": 0.0001303828566960874, "p_zero": 0.0, "point_rel": 0.07641113698482513, "residual_mse": 0.00013038285742368317, "temporal_rel": 0.8888005048036576, "tke_rel": 0.4876194953918457}
TRAIN {"angle_aug_abs_deg": 0.0, "aoa_effective_shift_abs_deg_mean": 0.8953524865210056, "aoa_meanfield_aug_fraction": 0.51875, "aoa_meanfield_lambda_mean": 0.1790704946964979, "delta_penalty": 3.39319919476111e-05, "grad_rel": 0.5041040077805519, "iteration": 8520, "loss": 0.1382499411702156, "lr": 0.00012303894266765797, "mse": 0.00011485808008728781, "p_zero": 0.0, "point_rel": 0.07510520070791245, "residual_mse": 0.0001148580804510857, "temporal_rel": 0.8922995865345001, "tke_rel": 0.4796509802341461}
TRAIN {"angle_aug_abs_deg": 0.0, "aoa_effective_shift_abs_deg_mean": 0.8152723483741283, "aoa_meanfield_aug_fraction": 0.4625, "aoa_meanfield_lambda_mean": 0.16305446680635213, "delta_penalty": 3.8885455160198036e-05, "grad_rel": 0.525524927675724, "iteration": 8540, "loss": 0.1459743931889534, "lr": 0.00012273312156466356, "mse": 0.00015078003307280596, "p_zero": 0.0, "point_rel": 0.08127925656735897, "residual_mse": 0.00015078003270900807, "temporal_rel": 0.8919513046741485, "tke_rel": 0.5001285701990128}
TRAIN {"angle_aug_abs_deg": 0.0, "aoa_effective_shift_abs_deg_mean": 0.6887726686894894, "aoa_meanfield_aug_fraction": 0.425, "aoa_meanfield_lambda_mean": 0.13775453586131334, "delta_penalty": 3.551387053448707e-05, "grad_rel": 0.5024320513010025, "iteration": 8560, "loss": 0.13788701891899108, "lr": 0.00012242707609493698, "mse": 0.0001264475464267889, "p_zero": 0.0, "point_rel": 0.07445475254207849, "residual_mse": 0.00012644754388020375, "temporal_rel": 0.8887175649404526, "tke_rel": 0.48659355342388155}
TRAIN {"angle_aug_abs_deg": 0.0, "aoa_effective_shift_abs_deg_mean": 0.8799301698803902, "aoa_meanfield_aug_fraction": 0.50625, "aoa_meanfield_lambda_mean": 0.17598603218793868, "delta_penalty": 3.757558761208202e-05, "grad_rel": 0.5201448559761047, "iteration": 8580, "loss": 0.14286934100091458, "lr": 0.00012212080927902363, "mse": 0.00013374160862440477, "p_zero": 0.0, "point_rel": 0.07882288210093975, "residual_mse": 0.0001337416091701016, "temporal_rel": 0.8960760414600373, "tke_rel": 0.4886855289340019}
TRAIN {"angle_aug_abs_deg": 0.0, "aoa_effective_shift_abs_deg_mean": 0.7112001650035381, "aoa_meanfield_aug_fraction": 0.425, "aoa_meanfield_lambda_mean": 0.142240035161376, "delta_penalty": 3.607481203289353e-05, "grad_rel": 0.5064446344971657, "iteration": 8600, "loss": 0.13879717625677584, "lr": 0.0001218143241396532, "mse": 0.00012865789758507163, "p_zero": 0.0, "point_rel": 0.07590683661401272, "residual_mse": 0.0001286578961298801, "temporal_rel": 0.884214922785759, "tke_rel": 0.4787984177470207}
TRAIN {"angle_aug_abs_deg": 0.0, "aoa_effective_shift_abs_deg_mean": 0.9030387476086617, "aoa_meanfield_aug_fraction": 0.5, "aoa_meanfield_lambda_mean": 0.1806077528744936, "delta_penalty": 3.9291922803386115e-05, "grad_rel": 0.5265350177884102, "iteration": 8620, "loss": 0.14578085243701935, "lr": 0.0001215076237017103, "mse": 0.00013925308976467932, "p_zero": 0.0, "point_rel": 0.08117193542420864, "residual_mse": 0.00013925309049227507, "temporal_rel": 0.8944377332925797, "tke_rel": 0.49725331813097}
TRAIN {"angle_aug_abs_deg": 0.0, "aoa_effective_shift_abs_deg_mean": 0.8961370751261711, "aoa_meanfield_aug_fraction": 0.51875, "aoa_meanfield_lambda_mean": 0.17922741025686265, "delta_penalty": 3.771032152144471e-05, "grad_rel": 0.5185401812195778, "iteration": 8640, "loss": 0.1437435183674097, "lr": 0.00012120071099220446, "mse": 0.00014222061581676827, "p_zero": 0.0, "point_rel": 0.0788006480783224, "residual_mse": 0.0001422206147253746, "temporal_rel": 0.9011621057987214, "tke_rel": 0.5014414742588997}
TRAIN {"angle_aug_abs_deg": 0.0, "aoa_effective_shift_abs_deg_mean": 0.8912474811077118, "aoa_meanfield_aug_fraction": 0.51875, "aoa_meanfield_lambda_mean": 0.1782494993880391, "delta_penalty": 3.996115055997507e-05, "grad_rel": 0.5164474323391914, "iteration": 8660, "loss": 0.14182186871767044, "lr": 0.00012089358904024012, "mse": 0.00014370256503752897, "p_zero": 0.0, "point_rel": 0.07816939689218998, "residual_mse": 0.00014370256485563004, "temporal_rel": 0.8904094308614731, "tke_rel": 0.48582618981599807}
TRAIN {"angle_aug_abs_deg": 0.0, "aoa_effective_shift_abs_deg_mean": 0.7430075541138649, "aoa_meanfield_aug_fraction": 0.43125, "aoa_meanfield_lambda_mean": 0.1486015086993575, "delta_penalty": 3.810871057794429e-05, "grad_rel": 0.5183709755539894, "iteration": 8680, "loss": 0.14327700957655906, "lr": 0.00012058626087698706, "mse": 0.00014425308891077293, "p_zero": 0.0, "point_rel": 0.07950928378850222, "residual_mse": 0.00014425308800127822, "temporal_rel": 0.8898861885070801, "tke_rel": 0.487525637447834}
TRAIN {"angle_aug_abs_deg": 0.0, "aoa_effective_shift_abs_deg_mean": 0.8395845599472522, "aoa_meanfield_aug_fraction": 0.4875, "aoa_meanfield_lambda_mean": 0.16791691333055497, "delta_penalty": 3.647693765742588e-05, "grad_rel": 0.5156791880726814, "iteration": 8700, "loss": 0.1404089607298374, "lr": 0.00012027872953565013, "mse": 0.00012325356055953307, "p_zero": 0.0, "point_rel": 0.07619640994817019, "residual_mse": 0.00012325356055953307, "temporal_rel": 0.90042385160923, "tke_rel": 0.4904490754008293}
TRAIN {"angle_aug_abs_deg": 0.0, "aoa_effective_shift_abs_deg_mean": 0.7844866514205933, "aoa_meanfield_aug_fraction": 0.45625, "aoa_meanfield_lambda_mean": 0.15689733028411865, "delta_penalty": 4.0189614992414135e-05, "grad_rel": 0.5251543313264847, "iteration": 8720, "loss": 0.14500506706535815, "lr": 0.00011997099805143958, "mse": 0.0001386637824907666, "p_zero": 0.0, "point_rel": 0.08070468604564666, "residual_mse": 0.00013866378321836237, "temporal_rel": 0.8889402002096176, "tke_rel": 0.49520760476589204}
TRAIN {"angle_aug_abs_deg": 0.0, "aoa_effective_shift_abs_deg_mean": 0.805576628446579, "aoa_meanfield_aug_fraction": 0.475, "aoa_meanfield_lambda_mean": 0.16111532784998417, "delta_penalty": 3.8069175752752925e-05, "grad_rel": 0.5147235065698623, "iteration": 8740, "loss": 0.14207560569047928, "lr": 0.00011966306946154091, "mse": 0.0001418543271938688, "p_zero": 0.0, "point_rel": 0.07791192308068276, "residual_mse": 0.0001418543271938688, "temporal_rel": 0.8939274102449417, "tke_rel": 0.4930282413959503}
TRAIN {"angle_aug_abs_deg": 0.0, "aoa_effective_shift_abs_deg_mean": 0.838078348338604, "aoa_meanfield_aug_fraction": 0.475, "aoa_meanfield_lambda_mean": 0.16761566791683435, "delta_penalty": 3.845848050332279e-05, "grad_rel": 0.5238226890563965, "iteration": 8760, "loss": 0.1467643916606903, "lr": 0.00011935494680508495, "mse": 0.00015438989357789977, "p_zero": 0.0, "point_rel": 0.08153741136193275, "residual_mse": 0.00015438989321410191, "temporal_rel": 0.8951617002487182, "tke_rel": 0.5077951610088348}
TRAIN {"angle_aug_abs_deg": 0.0, "aoa_effective_shift_abs_deg_mean": 0.8745399296283722, "aoa_meanfield_aug_fraction": 0.48125, "aoa_meanfield_lambda_mean": 0.17490798681974412, "delta_penalty": 3.702661751958658e-05, "grad_rel": 0.5156120285391808, "iteration": 8780, "loss": 0.14100071787834167, "lr": 0.00011904663312311791, "mse": 0.00013677133993041934, "p_zero": 0.0, "point_rel": 0.0776281975209713, "residual_mse": 0.00013677133956662145, "temporal_rel": 0.8870851635932923, "tke_rel": 0.48306689858436586}
TRAIN {"angle_aug_abs_deg": 0.0, "aoa_effective_shift_abs_deg_mean": 0.6723449170589447, "aoa_meanfield_aug_fraction": 0.375, "aoa_meanfield_lambda_mean": 0.13446898562833667, "delta_penalty": 3.49394891600241e-05, "grad_rel": 0.516438290476799, "iteration": 8800, "loss": 0.14407930374145508, "lr": 0.0001187381314585714, "mse": 0.00012781386349161039, "p_zero": 0.0, "point_rel": 0.07903166972100735, "residual_mse": 0.00012781386240021675, "temporal_rel": 0.9004440069198608, "tke_rel": 0.5041449442505836}
TRAIN {"angle_aug_abs_deg": 0.0, "aoa_effective_shift_abs_deg_mean": 0.9194752588868141, "aoa_meanfield_aug_fraction": 0.49375, "aoa_meanfield_lambda_mean": 0.1838950462639332, "delta_penalty": 3.83627479095594e-05, "grad_rel": 0.5148416072130203, "iteration": 8820, "loss": 0.14135489165782927, "lr": 0.00011842944485623226, "mse": 0.0001349439608020475, "p_zero": 0.0, "point_rel": 0.07755803521722555, "residual_mse": 0.00013494396043824963, "temporal_rel": 0.8841489017009735, "tke_rel": 0.4918086066842079}
TRAIN {"angle_aug_abs_deg": 0.0, "aoa_effective_shift_abs_deg_mean": 0.924695897102356, "aoa_meanfield_aug_fraction": 0.55, "aoa_meanfield_lambda_mean": 0.1849391832947731, "delta_penalty": 3.7278558193065694e-05, "grad_rel": 0.5191224828362465, "iteration": 8840, "loss": 0.1427275374531746, "lr": 0.00011812057636271264, "mse": 0.00012428697191353423, "p_zero": 0.0, "point_rel": 0.07928743120282888, "residual_mse": 0.00012428697082214057, "temporal_rel": 0.8927856802940368, "tke_rel": 0.4805278033018112}
TRAIN {"angle_aug_abs_deg": 0.0, "aoa_effective_shift_abs_deg_mean": 0.7858029112219811, "aoa_meanfield_aug_fraction": 0.44375, "aoa_meanfield_lambda_mean": 0.15716058071702718, "delta_penalty": 3.3090949727920815e-05, "grad_rel": 0.5047607332468033, "iteration": 8860, "loss": 0.13889240249991416, "lr": 0.00011781152902641992, "mse": 0.00011092423865193269, "p_zero": 0.0, "point_rel": 0.07507351785898209, "residual_mse": 0.00011092423683294328, "temporal_rel": 0.8952641695737839, "tke_rel": 0.48926026076078416}
TRAIN {"angle_aug_abs_deg": 0.0, "aoa_effective_shift_abs_deg_mean": 0.6307311177253723, "aoa_meanfield_aug_fraction": 0.375, "aoa_meanfield_lambda_mean": 0.12614622469991446, "delta_penalty": 3.9639793885726246e-05, "grad_rel": 0.5113550439476967, "iteration": 8880, "loss": 0.14129296615719794, "lr": 0.00011750230589752655, "mse": 0.00014722239047841866, "p_zero": 0.0, "point_rel": 0.07852787431329489, "residual_mse": 0.00014722239120601444, "temporal_rel": 0.8831669121980668, "tke_rel": 0.4759133145213127}
TRAIN {"angle_aug_abs_deg": 0.0, "aoa_effective_shift_abs_deg_mean": 0.9758964285254479, "aoa_meanfield_aug_fraction": 0.55, "aoa_meanfield_lambda_mean": 0.195179283618927, "delta_penalty": 4.051454225191264e-05, "grad_rel": 0.5251539960503578, "iteration": 8900, "loss": 0.14623040705919266, "lr": 0.0001171929100279399, "mse": 0.0001524826735476381, "p_zero": 0.0, "point_rel": 0.08105943761765957, "residual_mse": 0.0001524826735476381, "temporal_rel": 0.8966790795326233, "tke_rel": 0.5057789221405983}
TRAIN {"angle_aug_abs_deg": 0.0, "aoa_effective_shift_abs_deg_mean": 0.7888077311217785, "aoa_meanfield_aug_fraction": 0.43125, "aoa_meanfield_lambda_mean": 0.15776154454797506, "delta_penalty": 4.070435970788821e-05, "grad_rel": 0.5078533455729485, "iteration": 8920, "loss": 0.14104943498969078, "lr": 0.00011688334447127232, "mse": 0.00015238952801155392, "p_zero": 0.0, "point_rel": 0.07604136206209659, "residual_mse": 0.00015238952801155392, "temporal_rel": 0.9001675695180893, "tke_rel": 0.5056452304124832}
TRAIN {"angle_aug_abs_deg": 0.0, "aoa_effective_shift_abs_deg_mean": 0.8275263324379921, "aoa_meanfield_aug_fraction": 0.50625, "aoa_meanfield_lambda_mean": 0.16550526395440102, "delta_penalty": 3.4398566549498354e-05, "grad_rel": 0.5089505761861801, "iteration": 8940, "loss": 0.13935292437672614, "lr": 0.00011657361228281094, "mse": 0.00011811644999397686, "p_zero": 0.0, "point_rel": 0.07553258705884218, "residual_mse": 0.00011811644999397686, "temporal_rel": 0.888167941570282, "tke_rel": 0.49174863547086717}
TRAIN {"angle_aug_abs_deg": 0.0, "aoa_effective_shift_abs_deg_mean": 0.8019671827554703, "aoa_meanfield_aug_fraction": 0.4375, "aoa_meanfield_lambda_mean": 0.16039344239979983, "delta_penalty": 3.5879031474905784e-05, "grad_rel": 0.5132966473698616, "iteration": 8960, "loss": 0.1400557778775692, "lr": 0.0001162637165194873, "mse": 0.0001167447779153008, "p_zero": 0.0, "point_rel": 0.07583594992756844, "residual_mse": 0.00011674477755150293, "temporal_rel": 0.8903114914894104, "tke_rel": 0.49625487476587293}
TRAIN {"angle_aug_abs_deg": 0.0, "aoa_effective_shift_abs_deg_mean": 0.8853254228830337, "aoa_meanfield_aug_fraction": 0.5125, "aoa_meanfield_lambda_mean": 0.17706508561968803, "delta_penalty": 3.7853744743188145e-05, "grad_rel": 0.5192374542355538, "iteration": 8980, "loss": 0.14289328567683696, "lr": 0.00011595366023984758, "mse": 0.00013735744923906167, "p_zero": 0.0, "point_rel": 0.07849590443074703, "residual_mse": 0.00013735744923906167, "temporal_rel": 0.8953350216150284, "tke_rel": 0.4951134517788887}
TRAIN {"angle_aug_abs_deg": 0.0, "aoa_effective_shift_abs_deg_mean": 0.8625429816544056, "aoa_meanfield_aug_fraction": 0.4875, "aoa_meanfield_lambda_mean": 0.17250859551131725, "delta_penalty": 3.762199203265482e-05, "grad_rel": 0.5137419030070305, "iteration": 9000, "loss": 0.14235024377703667, "lr": 0.00011564344650402205, "mse": 0.00013586471213784536, "p_zero": 0.0, "point_rel": 0.07864968553185463, "residual_mse": 0.00013586471250164321, "temporal_rel": 0.8900748699903488, "tke_rel": 0.48751122653484347}
TRAIN {"angle_aug_abs_deg": 0.0, "aoa_effective_shift_abs_deg_mean": 0.7248216480016708, "aoa_meanfield_aug_fraction": 0.4125, "aoa_meanfield_lambda_mean": 0.14496432729065417, "delta_penalty": 3.7170785617490765e-05, "grad_rel": 0.5131987944245339, "iteration": 9020, "loss": 0.14013967625796794, "lr": 0.00011533307837369503, "mse": 0.00011980969411524711, "p_zero": 0.0, "point_rel": 0.07728101778775454, "residual_mse": 0.00011980969266005559, "temporal_rel": 0.8867926180362702, "tke_rel": 0.47533693462610244}
TRAIN {"angle_aug_abs_deg": 0.0, "aoa_effective_shift_abs_deg_mean": 0.8918988138437272, "aoa_meanfield_aug_fraction": 0.49375, "aoa_meanfield_lambda_mean": 0.17837976291775703, "delta_penalty": 4.36933592936839e-05, "grad_rel": 0.5299925595521927, "iteration": 9040, "loss": 0.14717092141509056, "lr": 0.00011502255891207469, "mse": 0.0001673217862844467, "p_zero": 0.0, "point_rel": 0.08236901499330998, "residual_mse": 0.00016732178773963823, "temporal_rel": 0.8912867426872253, "tke_rel": 0.5010390982031823}
TRAIN {"angle_aug_abs_deg": 0.0, "aoa_effective_shift_abs_deg_mean": 0.8862896524369717, "aoa_meanfield_aug_fraction": 0.49375, "aoa_meanfield_lambda_mean": 0.17725793048739433, "delta_penalty": 3.4461588620615656e-05, "grad_rel": 0.5095761179924011, "iteration": 9060, "loss": 0.13988060802221297, "lr": 0.0001147118911838627, "mse": 0.0001423247424099827, "p_zero": 0.0, "point_rel": 0.07676341347396373, "residual_mse": 0.0001423247427737806, "temporal_rel": 0.8817185819149017, "tke_rel": 0.48297683000564573}
TRAIN {"angle_aug_abs_deg": 0.0, "aoa_effective_shift_abs_deg_mean": 0.7744906961917877, "aoa_meanfield_aug_fraction": 0.45, "aoa_meanfield_lambda_mean": 0.15489814542233943, "delta_penalty": 3.679055071188486e-05, "grad_rel": 0.516377916932106, "iteration": 9080, "loss": 0.14380172789096832, "lr": 0.00011440107825522422, "mse": 0.00013067958207102492, "p_zero": 0.0, "point_rel": 0.07881323080509901, "residual_mse": 0.00013067958170722704, "temporal_rel": 0.900810319185257, "tke_rel": 0.5029763266444206}
TRAIN {"angle_aug_abs_deg": 0.0, "aoa_effective_shift_abs_deg_mean": 0.8692194253206253, "aoa_meanfield_aug_fraction": 0.48125, "aoa_meanfield_lambda_mean": 0.1738438867032528, "delta_penalty": 3.710755718202563e-05, "grad_rel": 0.5093316182494163, "iteration": 9100, "loss": 0.14024385400116443, "lr": 0.00011409012319375727, "mse": 0.00013042596328887156, "p_zero": 0.0, "point_rel": 0.07636278551071882, "residual_mse": 0.00013042596256127582, "temporal_rel": 0.8906060993671417, "tke_rel": 0.49138402193784714}
TRAIN {"angle_aug_abs_deg": 0.0, "aoa_effective_shift_abs_deg_mean": 0.8131663024425506, "aoa_meanfield_aug_fraction": 0.46875, "aoa_meanfield_lambda_mean": 0.16263325586915017, "delta_penalty": 3.7933577368676195e-05, "grad_rel": 0.5093224197626114, "iteration": 9120, "loss": 0.14058348312973976, "lr": 0.00011377902906846279, "mse": 0.00013458745161187835, "p_zero": 0.0, "point_rel": 0.07641465291380882, "residual_mse": 0.00013458745161187835, "temporal_rel": 0.8883172303438187, "tke_rel": 0.4973056972026825}
TRAIN {"angle_aug_abs_deg": 0.0, "aoa_effective_shift_abs_deg_mean": 0.8782878153026104, "aoa_meanfield_aug_fraction": 0.475, "aoa_meanfield_lambda_mean": 0.1756575580686331, "delta_penalty": 3.9998933334572936e-05, "grad_rel": 0.527137216925621, "iteration": 9140, "loss": 0.14661562591791152, "lr": 0.00011346779894971425, "mse": 0.0001472162270147237, "p_zero": 0.0, "point_rel": 0.08281397707760334, "residual_mse": 0.00014721622374054278, "temporal_rel": 0.8807196140289306, "tke_rel": 0.4904673308134079}
TRAIN {"angle_aug_abs_deg": 0.0, "aoa_effective_shift_abs_deg_mean": 0.8967735648155213, "aoa_meanfield_aug_fraction": 0.5125, "aoa_meanfield_lambda_mean": 0.17935471925884486, "delta_penalty": 3.38968777214177e-05, "grad_rel": 0.5072292700409889, "iteration": 9160, "loss": 0.1370223883539438, "lr": 0.00011315643590922727, "mse": 0.00010421231845612056, "p_zero": 0.0, "point_rel": 0.07357047237455845, "residual_mse": 0.00010421231918371632, "temporal_rel": 0.8948919922113419, "tke_rel": 0.48274625688791273}
TRAIN {"angle_aug_abs_deg": 0.0, "aoa_effective_shift_abs_deg_mean": 0.9186866588890552, "aoa_meanfield_aug_fraction": 0.525, "aoa_meanfield_lambda_mean": 0.18373733554035426, "delta_penalty": 4.123805383642321e-05, "grad_rel": 0.5258721426129341, "iteration": 9180, "loss": 0.14578651264309883, "lr": 0.0001128449430200293, "mse": 0.00015302888714359143, "p_zero": 0.0, "point_rel": 0.08031666837632656, "residual_mse": 0.0001530288893263787, "temporal_rel": 0.8990740448236465, "tke_rel": 0.5093800738453865}
TRAIN {"angle_aug_abs_deg": 0.0, "aoa_effective_shift_abs_deg_mean": 0.8658256232738495, "aoa_meanfield_aug_fraction": 0.46875, "aoa_meanfield_lambda_mean": 0.17316512782126664, "delta_penalty": 3.8547554959222906e-05, "grad_rel": 0.5221408292651176, "iteration": 9200, "loss": 0.14551005959510804, "lr": 0.00011253332335642948, "mse": 0.00016226600055233576, "p_zero": 0.0, "point_rel": 0.08133474364876747, "residual_mse": 0.0001622660034627188, "temporal_rel": 0.8922179251909256, "tke_rel": 0.4921202450990677}
TRAIN {"angle_aug_abs_deg": 0.0, "aoa_effective_shift_abs_deg_mean": 0.8301818162202835, "aoa_meanfield_aug_fraction": 0.46875, "aoa_meanfield_lambda_mean": 0.16603636145591735, "delta_penalty": 3.463187613306218e-05, "grad_rel": 0.5047384887933731, "iteration": 9220, "loss": 0.13712740130722523, "lr": 0.000112221579993988, "mse": 0.00010628561631165212, "p_zero": 0.0, "point_rel": 0.07330034859478474, "residual_mse": 0.00010628561667545, "temporal_rel": 0.8949992150068283, "tke_rel": 0.48955702483654023}
TRAIN {"angle_aug_abs_deg": 0.0, "aoa_effective_shift_abs_deg_mean": 0.7721963979303836, "aoa_meanfield_aug_fraction": 0.45, "aoa_meanfield_lambda_mean": 0.15443927906453608, "delta_penalty": 4.108548328076722e-05, "grad_rel": 0.5130847036838532, "iteration": 9240, "loss": 0.14234760999679566, "lr": 0.00011190971600948602, "mse": 0.00014543724537361414, "p_zero": 0.0, "point_rel": 0.07757208850234747, "residual_mse": 0.00014543724610120988, "temporal_rel": 0.8969932645559311, "tke_rel": 0.5020833283662796}
TRAIN {"angle_aug_abs_deg": 0.0, "aoa_effective_shift_abs_deg_mean": 0.7721439853310585, "aoa_meanfield_aug_fraction": 0.4375, "aoa_meanfield_lambda_mean": 0.1544287981465459, "delta_penalty": 4.0150548738893124e-05, "grad_rel": 0.5201091930270195, "iteration": 9260, "loss": 0.14444618076086044, "lr": 0.00011159773448089523, "mse": 0.00015151920779317153, "p_zero": 0.0, "point_rel": 0.08061630465090275, "residual_mse": 0.00015151920306379906, "temporal_rel": 0.8918946355581283, "tke_rel": 0.4870857000350952}
TRAIN {"angle_aug_abs_deg": 0.0, "aoa_effective_shift_abs_deg_mean": 0.7938206687569618, "aoa_meanfield_aug_fraction": 0.4625, "aoa_meanfield_lambda_mean": 0.1587641328573227, "delta_penalty": 3.8611702348134716e-05, "grad_rel": 0.5212218120694161, "iteration": 9280, "loss": 0.14397265315055846, "lr": 0.00011128563848734726, "mse": 0.00013667395924130688, "p_zero": 0.0, "point_rel": 0.0798117071390152, "residual_mse": 0.0001366739606964984, "temporal_rel": 0.8957260310649872, "tke_rel": 0.4904844179749489}
TRAIN {"angle_aug_abs_deg": 0.0, "aoa_effective_shift_abs_deg_mean": 0.747553576529026, "aoa_meanfield_aug_fraction": 0.4375, "aoa_meanfield_lambda_mean": 0.14951071245595812, "delta_penalty": 3.8300871165120046e-05, "grad_rel": 0.5114507421851158, "iteration": 9300, "loss": 0.14117217287421227, "lr": 0.00011097343110910363, "mse": 0.00013232277051429265, "p_zero": 0.0, "point_rel": 0.07738388571888208, "residual_mse": 0.00013232276978669688, "temporal_rel": 0.8913161754608154, "tke_rel": 0.4889429807662964}
TRAIN {"angle_aug_abs_deg": 0.0, "aoa_effective_shift_abs_deg_mean": 0.8344413816928864, "aoa_meanfield_aug_fraction": 0.48125, "aoa_meanfield_lambda_mean": 0.16688827686011792, "delta_penalty": 3.485401502985041e-05, "grad_rel": 0.5074083253741264, "iteration": 9320, "loss": 0.13943251296877862, "lr": 0.00011066111542752506, "mse": 0.00011040247518394608, "p_zero": 0.0, "point_rel": 0.07546158209443092, "residual_mse": 0.00011040247591154184, "temporal_rel": 0.8954748392105103, "tke_rel": 0.49102904498577116}
TRAIN {"angle_aug_abs_deg": 0.0, "aoa_effective_shift_abs_deg_mean": 0.7783563941717148, "aoa_meanfield_aug_fraction": 0.4375, "aoa_meanfield_lambda_mean": 0.1556712795048952, "delta_penalty": 3.61350282219064e-05, "grad_rel": 0.5074962690472603, "iteration": 9340, "loss": 0.13944953680038452, "lr": 0.00011034869452504126, "mse": 0.00013594149368145736, "p_zero": 0.0, "point_rel": 0.0763641031458974, "residual_mse": 0.00013594149459095206, "temporal_rel": 0.8855379551649094, "tke_rel": 0.4810891509056091}
TRAIN {"angle_aug_abs_deg": 0.0, "aoa_effective_shift_abs_deg_mean": 0.7203787729144097, "aoa_meanfield_aug_fraction": 0.41875, "aoa_meanfield_lambda_mean": 0.14407575102522968, "delta_penalty": 3.815766376646934e-05, "grad_rel": 0.5137669146060944, "iteration": 9360, "loss": 0.14162954390048982, "lr": 0.00011003617148512046, "mse": 0.00013312888113432565, "p_zero": 0.0, "point_rel": 0.07722885310649871, "residual_mse": 0.0001331288796791341, "temporal_rel": 0.9012560278177262, "tke_rel": 0.49359680265188216}
TRAIN {"angle_aug_abs_deg": 0.0, "aoa_effective_shift_abs_deg_mean": 0.8539643317461014, "aoa_meanfield_aug_fraction": 0.49375, "aoa_meanfield_lambda_mean": 0.1707928678020835, "delta_penalty": 3.8781707280577395e-05, "grad_rel": 0.5193238601088523, "iteration": 9380, "loss": 0.14294311702251433, "lr": 0.0001097235493922389, "mse": 0.00014138702244963496, "p_zero": 0.0, "point_rel": 0.07834164835512639, "residual_mse": 0.0001413870220858371, "temporal_rel": 0.8954277127981186, "tke_rel": 0.49842650890350343}
TRAIN {"angle_aug_abs_deg": 0.0, "aoa_effective_shift_abs_deg_mean": 0.7884126797318458, "aoa_meanfield_aug_fraction": 0.4375, "aoa_meanfield_lambda_mean": 0.15768253384158015, "delta_penalty": 3.3939716558961663e-05, "grad_rel": 0.5120331659913063, "iteration": 9400, "loss": 0.139760834723711, "lr": 0.00010941083133185042, "mse": 0.00010627054034557659, "p_zero": 0.0, "point_rel": 0.07641508169472218, "residual_mse": 0.00010627054089127342, "temporal_rel": 0.8958597779273987, "tke_rel": 0.4792817562818527}
TRAIN {"angle_aug_abs_deg": 0.0, "aoa_effective_shift_abs_deg_mean": 0.839209409058094, "aoa_meanfield_aug_fraction": 0.4875, "aoa_meanfield_lambda_mean": 0.16784188002347947, "delta_penalty": 3.8484106244141e-05, "grad_rel": 0.506862273812294, "iteration": 9420, "loss": 0.14031939953565598, "lr": 0.00010909802039035594, "mse": 0.00013147636909707216, "p_zero": 0.0, "point_rel": 0.07723525688052177, "residual_mse": 0.00013147636873327427, "temporal_rel": 0.8867805659770965, "tke_rel": 0.4806263715028763}
TRAIN {"angle_aug_abs_deg": 0.0, "aoa_effective_shift_abs_deg_mean": 0.8021683655679226, "aoa_meanfield_aug_fraction": 0.48125, "aoa_meanfield_lambda_mean": 0.16043367199599742, "delta_penalty": 3.7021803564130096e-05, "grad_rel": 0.5161103188991547, "iteration": 9440, "loss": 0.14079284407198428, "lr": 0.00010878511965507324, "mse": 0.00012891167934867554, "p_zero": 0.0, "point_rel": 0.0768522733822465, "residual_mse": 0.00012891167934867554, "temporal_rel": 0.8933894217014313, "tke_rel": 0.48929698914289477}
TRAIN {"angle_aug_abs_deg": 0.0, "aoa_effective_shift_abs_deg_mean": 0.8311905860900879, "aoa_meanfield_aug_fraction": 0.49375, "aoa_meanfield_lambda_mean": 0.16623811777681113, "delta_penalty": 3.890045754815219e-05, "grad_rel": 0.5216462597250938, "iteration": 9460, "loss": 0.14581527411937714, "lr": 0.00010847213221420629, "mse": 0.00013674003621417797, "p_zero": 0.0, "point_rel": 0.08134423978626729, "residual_mse": 0.00013674003876076312, "temporal_rel": 0.8975019812583923, "tke_rel": 0.49465803653001783}
TRAIN {"angle_aug_abs_deg": 0.0, "aoa_effective_shift_abs_deg_mean": 0.6963608950376511, "aoa_meanfield_aug_fraction": 0.425, "aoa_meanfield_lambda_mean": 0.13927217815071344, "delta_penalty": 3.6163513050269104e-05, "grad_rel": 0.5059503123164177, "iteration": 9480, "loss": 0.13950185030698775, "lr": 0.0001081590611568147, "mse": 0.00012235436315677362, "p_zero": 0.0, "point_rel": 0.07524207551032305, "residual_mse": 0.0001223543617015821, "temporal_rel": 0.8935009658336639, "tke_rel": 0.4971343994140625}
TRAIN {"angle_aug_abs_deg": 0.0, "aoa_effective_shift_abs_deg_mean": 0.829011881351471, "aoa_meanfield_aug_fraction": 0.48125, "aoa_meanfield_lambda_mean": 0.16580237485468388, "delta_penalty": 3.826109614237794e-05, "grad_rel": 0.5136375203728676, "iteration": 9500, "loss": 0.14079191721975803, "lr": 0.00010784590957278343, "mse": 0.00012917206913698465, "p_zero": 0.0, "point_rel": 0.07763087786734105, "residual_mse": 0.00012917206768179313, "temporal_rel": 0.8847196221351623, "tke_rel": 0.4812561795115471}
TRAIN {"angle_aug_abs_deg": 0.0, "aoa_effective_shift_abs_deg_mean": 0.8822511434555054, "aoa_meanfield_aug_fraction": 0.49375, "aoa_meanfield_lambda_mean": 0.17645023092627526, "delta_penalty": 3.680438649098505e-05, "grad_rel": 0.5114215210080146, "iteration": 9520, "loss": 0.1404117349535227, "lr": 0.00010753268055279222, "mse": 0.00013052032536506886, "p_zero": 0.0, "point_rel": 0.0757595419883728, "residual_mse": 0.00013052032327323104, "temporal_rel": 0.8954381138086319, "tke_rel": 0.5012972712516784}
TRAIN {"angle_aug_abs_deg": 0.0, "aoa_effective_shift_abs_deg_mean": 0.8971689909696579, "aoa_meanfield_aug_fraction": 0.5125, "aoa_meanfield_lambda_mean": 0.1794337999075651, "delta_penalty": 4.0610803080198823e-05, "grad_rel": 0.518901638686657, "iteration": 9540, "loss": 0.14208712726831435, "lr": 0.000107219377188285, "mse": 0.00014959246873331723, "p_zero": 0.0, "point_rel": 0.07936396393924952, "residual_mse": 0.00014959246709622676, "temporal_rel": 0.8825286656618119, "tke_rel": 0.47363483905792236}
TRAIN {"angle_aug_abs_deg": 0.0, "aoa_effective_shift_abs_deg_mean": 0.7658208683133125, "aoa_meanfield_aug_fraction": 0.45, "aoa_meanfield_lambda_mean": 0.15316417142748834, "delta_penalty": 3.565674060155288e-05, "grad_rel": 0.5157258868217468, "iteration": 9560, "loss": 0.14190265461802481, "lr": 0.00010690600257143957, "mse": 0.0001302442515225266, "p_zero": 0.0, "point_rel": 0.07789416890591383, "residual_mse": 0.00013024425079493084, "temporal_rel": 0.8961033552885056, "tke_rel": 0.48916192054748536}
TRAIN {"angle_aug_abs_deg": 0.0, "aoa_effective_shift_abs_deg_mean": 0.8789423331618309, "aoa_meanfield_aug_fraction": 0.5, "aoa_meanfield_lambda_mean": 0.175788464397192, "delta_penalty": 3.9624269811611156e-05, "grad_rel": 0.5213115468621254, "iteration": 9580, "loss": 0.14336903840303422, "lr": 0.00010659255979513676, "mse": 0.00013936102368461434, "p_zero": 0.0, "point_rel": 0.07857071086764336, "residual_mse": 0.00013936102113802916, "temporal_rel": 0.8937125504016876, "tke_rel": 0.5020780026912689}
TRAIN {"angle_aug_abs_deg": 0.0, "aoa_effective_shift_abs_deg_mean": 0.8227368295192719, "aoa_meanfield_aug_fraction": 0.48125, "aoa_meanfield_lambda_mean": 0.1645473700016737, "delta_penalty": 3.795658603849006e-05, "grad_rel": 0.5125918969511986, "iteration": 9600, "loss": 0.14220342114567758, "lr": 0.00010627905195293034, "mse": 0.00013062844791420503, "p_zero": 0.0, "point_rel": 0.07750892471522093, "residual_mse": 0.00013062844682281137, "temporal_rel": 0.8954903274774552, "tke_rel": 0.5016826823353767}
TRAIN {"angle_aug_abs_deg": 0.0, "aoa_effective_shift_abs_deg_mean": 0.8555409759283066, "aoa_meanfield_aug_fraction": 0.5, "aoa_meanfield_lambda_mean": 0.17110819630324842, "delta_penalty": 4.286976864023018e-05, "grad_rel": 0.525319267809391, "iteration": 9620, "loss": 0.14709694012999536, "lr": 0.00010596548213901611, "mse": 0.00017134559093392454, "p_zero": 0.0, "point_rel": 0.08218088299036026, "residual_mse": 0.00017134559093392454, "temporal_rel": 0.8926849633455276, "tke_rel": 0.5033909931778908}
TRAIN {"angle_aug_abs_deg": 0.0, "aoa_effective_shift_abs_deg_mean": 0.8459407053887844, "aoa_meanfield_aug_fraction": 0.4625, "aoa_meanfield_lambda_mean": 0.16918813530355692, "delta_penalty": 3.941112863685703e-05, "grad_rel": 0.5190078765153885, "iteration": 9640, "loss": 0.14417661130428314, "lr": 0.00010565185344820148, "mse": 0.0001353901150650927, "p_zero": 0.0, "point_rel": 0.07900159955024719, "residual_mse": 0.0001353901150650927, "temporal_rel": 0.8977313131093979, "tke_rel": 0.5069424763321877}
TRAIN {"angle_aug_abs_deg": 0.0, "aoa_effective_shift_abs_deg_mean": 0.918370920419693, "aoa_meanfield_aug_fraction": 0.5125, "aoa_meanfield_lambda_mean": 0.1836741805076599, "delta_penalty": 4.068072294103331e-05, "grad_rel": 0.5194506347179413, "iteration": 9660, "loss": 0.14270571134984494, "lr": 0.00010533816897587508, "mse": 0.00015908725144981873, "p_zero": 0.0, "point_rel": 0.07933842018246651, "residual_mse": 0.00015908725035842508, "temporal_rel": 0.8817178070545196, "tke_rel": 0.4845909997820854}
TRAIN {"angle_aug_abs_deg": 0.0, "aoa_effective_shift_abs_deg_mean": 0.8193869411945343, "aoa_meanfield_aug_fraction": 0.48125, "aoa_meanfield_lambda_mean": 0.16387739051133393, "delta_penalty": 3.6683572125184584e-05, "grad_rel": 0.5226275756955147, "iteration": 9680, "loss": 0.1443178504705429, "lr": 0.00010502443181797602, "mse": 0.00012711743693216704, "p_zero": 0.0, "point_rel": 0.08016712255775929, "residual_mse": 0.00012711743547697552, "temporal_rel": 0.8921387910842895, "tke_rel": 0.4918046861886978}
TRAIN {"angle_aug_abs_deg": 0.0, "aoa_effective_shift_abs_deg_mean": 0.8898014351725578, "aoa_meanfield_aug_fraction": 0.4875, "aoa_meanfield_lambda_mean": 0.1779602874070406, "delta_penalty": 3.814855335804168e-05, "grad_rel": 0.5160285398364067, "iteration": 9700, "loss": 0.14301137998700142, "lr": 0.00010471064507096337, "mse": 0.00013498134139808827, "p_zero": 0.0, "point_rel": 0.07885225638747215, "residual_mse": 0.0001349813433989766, "temporal_rel": 0.8888760596513748, "tke_rel": 0.49518594741821287}
TRAIN {"angle_aug_abs_deg": 0.0, "aoa_effective_shift_abs_deg_mean": 0.8219024077057838, "aoa_meanfield_aug_fraction": 0.49375, "aoa_meanfield_lambda_mean": 0.16438047923147678, "delta_penalty": 3.802003975579282e-05, "grad_rel": 0.5077229529619217, "iteration": 9720, "loss": 0.13830874115228653, "lr": 0.00010439681183178556, "mse": 0.00013700384952244348, "p_zero": 0.0, "point_rel": 0.07457938734441996, "residual_mse": 0.00013700384988624137, "temporal_rel": 0.9029369682073594, "tke_rel": 0.483058987557888}
TRAIN {"angle_aug_abs_deg": 0.0, "aoa_effective_shift_abs_deg_mean": 0.8668966665863991, "aoa_meanfield_aug_fraction": 0.49375, "aoa_meanfield_lambda_mean": 0.17337933592498303, "delta_penalty": 3.170478594256565e-05, "grad_rel": 0.5039212420582772, "iteration": 9740, "loss": 0.13737797029316426, "lr": 0.00010408293519785008, "mse": 0.00010850262751773698, "p_zero": 0.0, "point_rel": 0.07410938926041126, "residual_mse": 0.00010850262751773698, "temporal_rel": 0.8924418061971664, "tke_rel": 0.4817220330238342}
TRAIN {"angle_aug_abs_deg": 0.0, "aoa_effective_shift_abs_deg_mean": 0.8921415880322456, "aoa_meanfield_aug_fraction": 0.4875, "aoa_meanfield_lambda_mean": 0.1784283146262169, "delta_penalty": 4.16673967265524e-05, "grad_rel": 0.5290913134813309, "iteration": 9760, "loss": 0.14669573977589606, "lr": 0.00010376901826699251, "mse": 0.00016334141801053193, "p_zero": 0.0, "point_rel": 0.08315024264156819, "residual_mse": 0.00016334141982952133, "temporal_rel": 0.8814368069171905, "tke_rel": 0.48526982963085175}
TRAIN {"angle_aug_abs_deg": 0.0, "aoa_effective_shift_abs_deg_mean": 0.805706899613142, "aoa_meanfield_aug_fraction": 0.46875, "aoa_meanfield_lambda_mean": 0.1611413788050413, "delta_penalty": 3.689431023303769e-05, "grad_rel": 0.49843878895044325, "iteration": 9780, "loss": 0.13680242002010345, "lr": 0.00010345506413744631, "mse": 0.00012697542397290817, "p_zero": 0.0, "point_rel": 0.07339675426483154, "residual_mse": 0.00012697542251771665, "temporal_rel": 0.886179506778717, "tke_rel": 0.48841447085142137}
TRAIN {"angle_aug_abs_deg": 0.0, "aoa_effective_shift_abs_deg_mean": 0.8163970559835434, "aoa_meanfield_aug_fraction": 0.45, "aoa_meanfield_lambda_mean": 0.1632794115692377, "delta_penalty": 4.307622839405667e-05, "grad_rel": 0.5183130085468293, "iteration": 9800, "loss": 0.14419626370072364, "lr": 0.00010314107590781192, "mse": 0.00015562470634904456, "p_zero": 0.0, "point_rel": 0.0802600858733058, "residual_mse": 0.0001556247078042361, "temporal_rel": 0.8879744082689285, "tke_rel": 0.49124500155448914}
TRAIN {"angle_aug_abs_deg": 0.0, "aoa_effective_shift_abs_deg_mean": 0.852611494064331, "aoa_meanfield_aug_fraction": 0.48125, "aoa_meanfield_lambda_mean": 0.17052229586988688, "delta_penalty": 4.053249940625392e-05, "grad_rel": 0.5140457063913345, "iteration": 9820, "loss": 0.1418927513062954, "lr": 0.00010282705667702644, "mse": 0.0001348265945125604, "p_zero": 0.0, "point_rel": 0.07897630967199802, "residual_mse": 0.0001348265930573689, "temporal_rel": 0.8813158363103867, "tke_rel": 0.47875040024518967}
TRAIN {"angle_aug_abs_deg": 0.0, "aoa_effective_shift_abs_deg_mean": 0.8437758296728134, "aoa_meanfield_aug_fraction": 0.46875, "aoa_meanfield_lambda_mean": 0.1687551636248827, "delta_penalty": 3.976506177423289e-05, "grad_rel": 0.51551204174757, "iteration": 9840, "loss": 0.14131552092730998, "lr": 0.00010251300954433285, "mse": 0.00013942515652161093, "p_zero": 0.0, "point_rel": 0.07753463760018349, "residual_mse": 0.00013942515597591408, "temporal_rel": 0.8935758739709854, "tke_rel": 0.4866384372115135}
TRAIN {"angle_aug_abs_deg": 0.0, "aoa_effective_shift_abs_deg_mean": 0.8240036033093929, "aoa_meanfield_aug_fraction": 0.45625, "aoa_meanfield_lambda_mean": 0.1648007182404399, "delta_penalty": 3.87335870982497e-05, "grad_rel": 0.5199296772480011, "iteration": 9860, "loss": 0.14300512224435807, "lr": 0.00010219893760924963, "mse": 0.00013193668019084726, "p_zero": 0.0, "point_rel": 0.07811657171696425, "residual_mse": 0.00013193668055464514, "temporal_rel": 0.9024129569530487, "tke_rel": 0.4996143996715546}
TRAIN {"angle_aug_abs_deg": 0.0, "aoa_effective_shift_abs_deg_mean": 0.8748430401086807, "aoa_meanfield_aug_fraction": 0.51875, "aoa_meanfield_lambda_mean": 0.17496860418468713, "delta_penalty": 3.5811450197797966e-05, "grad_rel": 0.5096344754099846, "iteration": 9880, "loss": 0.13912941329181194, "lr": 0.00010188484397153997, "mse": 0.00012314787672949024, "p_zero": 0.0, "point_rel": 0.07555480040609837, "residual_mse": 0.00012314787672949024, "temporal_rel": 0.8900627821683884, "tke_rel": 0.48650921136140823}
TRAIN {"angle_aug_abs_deg": 0.0, "aoa_effective_shift_abs_deg_mean": 0.8401211500167847, "aoa_meanfield_aug_fraction": 0.48125, "aoa_meanfield_lambda_mean": 0.16802423000335692, "delta_penalty": 3.9096875570976405e-05, "grad_rel": 0.5159808233380317, "iteration": 9900, "loss": 0.14080302491784097, "lr": 0.00010157073173118124, "mse": 0.0001327781394138583, "p_zero": 0.0, "point_rel": 0.07685390003025531, "residual_mse": 0.00013277814014145406, "temporal_rel": 0.8915143579244613, "tke_rel": 0.49038945585489274}
TRAIN {"angle_aug_abs_deg": 0.0, "aoa_effective_shift_abs_deg_mean": 0.7492342881858349, "aoa_meanfield_aug_fraction": 0.44375, "aoa_meanfield_lambda_mean": 0.14984685610979795, "delta_penalty": 3.746040438272758e-05, "grad_rel": 0.5112379968166352, "iteration": 9920, "loss": 0.1405888106673956, "lr": 0.00010125660398833445, "mse": 0.00012318788867560215, "p_zero": 0.0, "point_rel": 0.07686680853366852, "residual_mse": 0.00012318788831180427, "temporal_rel": 0.8924967348575592, "tke_rel": 0.48734710514545443}
TRAIN {"angle_aug_abs_deg": 0.0, "aoa_effective_shift_abs_deg_mean": 0.7542103603482246, "aoa_meanfield_aug_fraction": 0.44375, "aoa_meanfield_lambda_mean": 0.15084207393229007, "delta_penalty": 3.5415954152995253e-05, "grad_rel": 0.5148943319916726, "iteration": 9940, "loss": 0.14238201566040515, "lr": 0.00010094246384331362, "mse": 0.00011872931736434111, "p_zero": 0.0, "point_rel": 0.07890541143715382, "residual_mse": 0.00011872931736434111, "temporal_rel": 0.8854651093482971, "tke_rel": 0.4858817979693413}
TRAIN {"angle_aug_abs_deg": 0.0, "aoa_effective_shift_abs_deg_mean": 0.9700649499893188, "aoa_meanfield_aug_fraction": 0.55, "aoa_meanfield_lambda_mean": 0.19401299133896827, "delta_penalty": 3.58868635885301e-05, "grad_rel": 0.5213601022958756, "iteration": 9960, "loss": 0.14230817444622518, "lr": 0.0001006283143965551, "mse": 0.00012495828286773758, "p_zero": 0.0, "point_rel": 0.07830485589802265, "residual_mse": 0.00012495828286773758, "temporal_rel": 0.8956053495407105, "tke_rel": 0.48794249445199966}
TRAIN {"angle_aug_abs_deg": 0.0, "aoa_effective_shift_abs_deg_mean": 0.8003582343459129, "aoa_meanfield_aug_fraction": 0.4625, "aoa_meanfield_lambda_mean": 0.1600716460496187, "delta_penalty": 3.527991329974611e-05, "grad_rel": 0.5081134036183357, "iteration": 9980, "loss": 0.1386569779366255, "lr": 0.00010031415874858713, "mse": 0.00012312151648075087, "p_zero": 0.0, "point_rel": 0.07509390041232109, "residual_mse": 0.00012312151538935724, "temporal_rel": 0.8903300136327743, "tke_rel": 0.4865639626979828}
TRAIN {"angle_aug_abs_deg": 0.0, "aoa_effective_shift_abs_deg_mean": 0.8027300171554088, "aoa_meanfield_aug_fraction": 0.44375, "aoa_meanfield_lambda_mean": 0.16054600123316048, "delta_penalty": 3.666706506919581e-05, "grad_rel": 0.513912808895111, "iteration": 10000, "loss": 0.14466108419001103, "lr": 9.999999999999915e-05, "mse": 0.00012989614151592832, "p_zero": 0.0, "point_rel": 0.07987872473895549, "residual_mse": 0.0001298961400607368, "temporal_rel": 0.8996847003698349, "tke_rel": 0.5007238179445267}
EVAL_TOP {"alpha": 1.0, "best_bound_abs": 0.0075, "best_bound_rel": 0.0075, "best_bounds": [{"abs": 0.0075, "coverage": 0.8317406654357911, "final_est": 81.61537432227236, "rel": 0.0075, "sps_raw": 0.480078714966774, "sps_score_linear": 48.0078714966774, "sps_score_used": 48.0078714966774}], "best_final_est": 81.61537432227236, "iteration": 10000, "mean_t_neural_s": 0.01762683533, "mvpe": 0.0732838443480432, "mvpe_score": 96.46532506642438, "n": 640, "rel_l2": 0.08176474794745445, "rel_l2_score": 96.07233487702818, "time_score": 86.54248999999716, "tke": 0.46947573125362396, "tke_score": 80.9888501712347}
TRAIN {"angle_aug_abs_deg": 0.0, "aoa_effective_shift_abs_deg_mean": 0.7969275154173374, "aoa_meanfield_aug_fraction": 0.45625, "aoa_meanfield_lambda_mean": 0.15938550289720296, "delta_penalty": 3.67150520105497e-05, "grad_rel": 0.5180634334683418, "iteration": 10020, "loss": 0.1432648327201605, "lr": 9.968584125141118e-05, "mse": 0.00013540595118683997, "p_zero": 0.0, "point_rel": 0.0775763126090169, "residual_mse": 0.0001354059522782336, "temporal_rel": 0.8989185869693757, "tke_rel": 0.5151442840695382}
TRAIN {"angle_aug_abs_deg": 0.0, "aoa_effective_shift_abs_deg_mean": 0.8492583155632019, "aoa_meanfield_aug_fraction": 0.50625, "aoa_meanfield_lambda_mean": 0.1698516670614481, "delta_penalty": 3.800570493694977e-05, "grad_rel": 0.5210565194487572, "iteration": 10040, "loss": 0.14405308067798614, "lr": 9.937168560344323e-05, "mse": 0.00014319347064883914, "p_zero": 0.0, "point_rel": 0.08015366774052382, "residual_mse": 0.00014319347101263702, "temporal_rel": 0.8923875868320466, "tke_rel": 0.4878036990761757}
TRAIN {"angle_aug_abs_deg": 0.0, "aoa_effective_shift_abs_deg_mean": 0.8786497265100479, "aoa_meanfield_aug_fraction": 0.50625, "aoa_meanfield_lambda_mean": 0.17572994343936443, "delta_penalty": 4.2007838419522156e-05, "grad_rel": 0.5171469017863274, "iteration": 10060, "loss": 0.1433316484093666, "lr": 9.905753615668476e-05, "mse": 0.00014761467955395346, "p_zero": 0.0, "point_rel": 0.07845734804868698, "residual_mse": 0.00014761467846255983, "temporal_rel": 0.8968837320804596, "tke_rel": 0.5027577161788941}
TRAIN {"angle_aug_abs_deg": 0.0, "aoa_effective_shift_abs_deg_mean": 0.8137300558388233, "aoa_meanfield_aug_fraction": 0.4625, "aoa_meanfield_lambda_mean": 0.1627460103482008, "delta_penalty": 3.95556322473567e-05, "grad_rel": 0.514596264064312, "iteration": 10080, "loss": 0.14239022582769395, "lr": 9.874339601166389e-05, "mse": 0.00014128426664683502, "p_zero": 0.0, "point_rel": 0.07852767668664455, "residual_mse": 0.0001412842670106329, "temporal_rel": 0.8924496531486511, "tke_rel": 0.4887823462486267}
TRAIN {"angle_aug_abs_deg": 0.0, "aoa_effective_shift_abs_deg_mean": 0.7878485232591629, "aoa_meanfield_aug_fraction": 0.43125, "aoa_meanfield_lambda_mean": 0.1575697038322687, "delta_penalty": 3.706804045577883e-05, "grad_rel": 0.5073784589767456, "iteration": 10100, "loss": 0.13901396952569484, "lr": 9.842926826881708e-05, "mse": 0.00013018317422393012, "p_zero": 0.0, "point_rel": 0.0751917265355587, "residual_mse": 0.00013018317386013223, "temporal_rel": 0.8921170860528946, "tke_rel": 0.4901376083493233}
TRAIN {"angle_aug_abs_deg": 0.0, "aoa_effective_shift_abs_deg_mean": 0.8734948188066483, "aoa_meanfield_aug_fraction": 0.50625, "aoa_meanfield_lambda_mean": 0.1746989656239748, "delta_penalty": 3.9144066886365184e-05, "grad_rel": 0.509969399869442, "iteration": 10120, "loss": 0.13907359056174756, "lr": 9.811515602845833e-05, "mse": 0.00013121668416715693, "p_zero": 0.0, "point_rel": 0.07546209376305342, "residual_mse": 0.00013121668380335904, "temporal_rel": 0.8942063570022583, "tke_rel": 0.4849269539117813}
TRAIN {"angle_aug_abs_deg": 0.0, "aoa_effective_shift_abs_deg_mean": 0.8073960721492768, "aoa_meanfield_aug_fraction": 0.5, "aoa_meanfield_lambda_mean": 0.16147921551018954, "delta_penalty": 4.117239941479056e-05, "grad_rel": 0.5299443766474724, "iteration": 10140, "loss": 0.14808826372027398, "lr": 9.780106239074864e-05, "mse": 0.0001627743770768575, "p_zero": 0.0, "point_rel": 0.08301785551011562, "residual_mse": 0.00016277437562166596, "temporal_rel": 0.8923174798488617, "tke_rel": 0.5050344958901405}
TRAIN {"angle_aug_abs_deg": 0.0, "aoa_effective_shift_abs_deg_mean": 0.8346645891666412, "aoa_meanfield_aug_fraction": 0.46875, "aoa_meanfield_lambda_mean": 0.1669329158961773, "delta_penalty": 3.459594754531281e-05, "grad_rel": 0.5092281237244606, "iteration": 10160, "loss": 0.1385734301060438, "lr": 9.748699045566541e-05, "mse": 0.0001291730839511729, "p_zero": 0.0, "point_rel": 0.07636172119528055, "residual_mse": 0.0001291730833145266, "temporal_rel": 0.8788877159357071, "tke_rel": 0.46945352107286453}
TRAIN {"angle_aug_abs_deg": 0.0, "aoa_effective_shift_abs_deg_mean": 0.7845649659633637, "aoa_meanfield_aug_fraction": 0.45, "aoa_meanfield_lambda_mean": 0.1569129940122366, "delta_penalty": 3.893775410688249e-05, "grad_rel": 0.5115664452314377, "iteration": 10180, "loss": 0.14110047966241837, "lr": 9.717294332297186e-05, "mse": 0.00014106587714195483, "p_zero": 0.0, "point_rel": 0.07742598634213209, "residual_mse": 0.0001410658733220771, "temporal_rel": 0.8878571033477783, "tke_rel": 0.4887031152844429}
TRAIN {"angle_aug_abs_deg": 0.0, "aoa_effective_shift_abs_deg_mean": 0.8207701027393342, "aoa_meanfield_aug_fraction": 0.44375, "aoa_meanfield_lambda_mean": 0.16415402069687843, "delta_penalty": 3.722502597156563e-05, "grad_rel": 0.5147739514708519, "iteration": 10200, "loss": 0.1410709947347641, "lr": 9.685892409218633e-05, "mse": 0.00012677299837378088, "p_zero": 0.0, "point_rel": 0.07760568708181381, "residual_mse": 0.0001267729998289724, "temporal_rel": 0.8894429296255112, "tke_rel": 0.48369392603635786}
TRAIN {"angle_aug_abs_deg": 0.0, "aoa_effective_shift_abs_deg_mean": 0.9324475914239884, "aoa_meanfield_aug_fraction": 0.54375, "aoa_meanfield_lambda_mean": 0.18648952320218087, "delta_penalty": 3.958310880989302e-05, "grad_rel": 0.5115410879254341, "iteration": 10220, "loss": 0.13965093493461608, "lr": 9.654493586255193e-05, "mse": 0.00014255011701607144, "p_zero": 0.0, "point_rel": 0.07664907835423947, "residual_mse": 0.0001425501190169598, "temporal_rel": 0.8823361068964004, "tke_rel": 0.4802516773343086}
TRAIN {"angle_aug_abs_deg": 0.0, "aoa_effective_shift_abs_deg_mean": 0.9722068637609482, "aoa_meanfield_aug_fraction": 0.5375, "aoa_meanfield_lambda_mean": 0.19444137066602707, "delta_penalty": 4.2138325625273865e-05, "grad_rel": 0.523199874162674, "iteration": 10240, "loss": 0.14583906382322312, "lr": 9.623098173300573e-05, "mse": 0.00014855866102152503, "p_zero": 0.0, "point_rel": 0.081330506503582, "residual_mse": 0.00014855866102152503, "temporal_rel": 0.8896657526493073, "tke_rel": 0.49875289797782896}
TRAIN {"angle_aug_abs_deg": 0.0, "aoa_effective_shift_abs_deg_mean": 0.8160080954432487, "aoa_meanfield_aug_fraction": 0.475, "aoa_meanfield_lambda_mean": 0.1632016209885478, "delta_penalty": 3.663846873678267e-05, "grad_rel": 0.5125466555356979, "iteration": 10260, "loss": 0.13888346552848815, "lr": 9.591706480214817e-05, "mse": 0.00012487222793424734, "p_zero": 0.0, "point_rel": 0.07573264315724373, "residual_mse": 0.00012487222884374204, "temporal_rel": 0.8883663207292557, "tke_rel": 0.4795573502779007}
TRAIN {"angle_aug_abs_deg": 0.0, "aoa_effective_shift_abs_deg_mean": 0.7602614268660546, "aoa_meanfield_aug_fraction": 0.4625, "aoa_meanfield_lambda_mean": 0.15205228384584188, "delta_penalty": 3.694988181450754e-05, "grad_rel": 0.5137923821806908, "iteration": 10280, "loss": 0.1421321351081133, "lr": 9.560318816821265e-05, "mse": 0.0001348152589343954, "p_zero": 0.0, "point_rel": 0.0789153391495347, "residual_mse": 0.00013481525966199114, "temporal_rel": 0.8850023776292801, "tke_rel": 0.4819776028394699}
TRAIN {"angle_aug_abs_deg": 0.0, "aoa_effective_shift_abs_deg_mean": 0.8793638736009598, "aoa_meanfield_aug_fraction": 0.5125, "aoa_meanfield_lambda_mean": 0.17587277106940746, "delta_penalty": 3.838387510768371e-05, "grad_rel": 0.5161353379487992, "iteration": 10300, "loss": 0.14070209488272667, "lr": 9.528935492903484e-05, "mse": 0.00012788350286427886, "p_zero": 0.0, "point_rel": 0.07760320790112019, "residual_mse": 0.00012788350031769368, "temporal_rel": 0.8924922943115234, "tke_rel": 0.4757159188389778}
TRAIN {"angle_aug_abs_deg": 0.0, "aoa_effective_shift_abs_deg_mean": 0.8270590871572494, "aoa_meanfield_aug_fraction": 0.45625, "aoa_meanfield_lambda_mean": 0.16541181802749633, "delta_penalty": 3.869918609780143e-05, "grad_rel": 0.5091592386364937, "iteration": 10320, "loss": 0.14264977313578128, "lr": 9.497556818202217e-05, "mse": 0.00013905579744459827, "p_zero": 0.0, "point_rel": 0.07818051129579544, "residual_mse": 0.00013905579562560887, "temporal_rel": 0.888095024228096, "tke_rel": 0.5024422809481621}
TRAIN {"angle_aug_abs_deg": 0.0, "aoa_effective_shift_abs_deg_mean": 0.9659057214856148, "aoa_meanfield_aug_fraction": 0.54375, "aoa_meanfield_lambda_mean": 0.19318114407360554, "delta_penalty": 3.760051949939225e-05, "grad_rel": 0.5252376601099968, "iteration": 10340, "loss": 0.143767249584198, "lr": 9.466183102412309e-05, "mse": 0.00012831104177166708, "p_zero": 0.0, "point_rel": 0.07952623553574086, "residual_mse": 0.00012831103995267768, "temporal_rel": 0.8936186403036117, "tke_rel": 0.4919107392430305}
TRAIN {"angle_aug_abs_deg": 0.0, "aoa_effective_shift_abs_deg_mean": 0.8245399609208107, "aoa_meanfield_aug_fraction": 0.46875, "aoa_meanfield_lambda_mean": 0.1649079916998744, "delta_penalty": 3.833882310573244e-05, "grad_rel": 0.5150673538446426, "iteration": 10360, "loss": 0.14081370532512666, "lr": 9.434814655179666e-05, "mse": 0.0001315550322033232, "p_zero": 0.0, "point_rel": 0.07703837770968676, "residual_mse": 0.00013155503147572746, "temporal_rel": 0.8879828453063965, "tke_rel": 0.4894932836294174}
TRAIN {"angle_aug_abs_deg": 0.0, "aoa_effective_shift_abs_deg_mean": 0.6544144175946712, "aoa_meanfield_aug_fraction": 0.375, "aoa_meanfield_lambda_mean": 0.13088288279250265, "delta_penalty": 3.478362104942789e-05, "grad_rel": 0.5019289448857307, "iteration": 10380, "loss": 0.1385763581842184, "lr": 9.403451786098207e-05, "mse": 0.00010798334678838729, "p_zero": 0.0, "point_rel": 0.07560684774070978, "residual_mse": 0.00010798334933497245, "temporal_rel": 0.8871250063180923, "tke_rel": 0.4798956006765366}
TRAIN {"angle_aug_abs_deg": 0.0, "aoa_effective_shift_abs_deg_mean": 0.8167969927191734, "aoa_meanfield_aug_fraction": 0.46875, "aoa_meanfield_lambda_mean": 0.16335939727723597, "delta_penalty": 3.988655389548512e-05, "grad_rel": 0.5145873159170151, "iteration": 10400, "loss": 0.14324442222714423, "lr": 9.37209480470678e-05, "mse": 0.00015804193153599045, "p_zero": 0.0, "point_rel": 0.07859360501170158, "residual_mse": 0.00015804193299118197, "temporal_rel": 0.8917795181274414, "tke_rel": 0.502173563838005}
TRAIN {"angle_aug_abs_deg": 0.0, "aoa_effective_shift_abs_deg_mean": 0.8003401137888432, "aoa_meanfield_aug_fraction": 0.44375, "aoa_meanfield_lambda_mean": 0.16006802190095187, "delta_penalty": 3.7369563960965026e-05, "grad_rel": 0.5116882473230362, "iteration": 10420, "loss": 0.14013980478048324, "lr": 9.340744020486137e-05, "mse": 0.0001359917689114809, "p_zero": 0.0, "point_rel": 0.07618051134049893, "residual_mse": 0.00013599176745628938, "temporal_rel": 0.895651912689209, "tke_rel": 0.4895478129386902}
TRAIN {"angle_aug_abs_deg": 0.0, "aoa_effective_shift_abs_deg_mean": 0.8989443942904473, "aoa_meanfield_aug_fraction": 0.50625, "aoa_meanfield_lambda_mean": 0.1797888780012727, "delta_penalty": 3.8962363578320944e-05, "grad_rel": 0.5182950004935265, "iteration": 10440, "loss": 0.14243035316467284, "lr": 9.309399742855861e-05, "mse": 0.00013241824417491442, "p_zero": 0.0, "point_rel": 0.07850803602486849, "residual_mse": 0.00013241824199212716, "temporal_rel": 0.8950223624706268, "tke_rel": 0.48761198222637175}
TRAIN {"angle_aug_abs_deg": 0.0, "aoa_effective_shift_abs_deg_mean": 0.7484382912516594, "aoa_meanfield_aug_fraction": 0.43125, "aoa_meanfield_lambda_mean": 0.14968765676021575, "delta_penalty": 3.890249899995979e-05, "grad_rel": 0.5185851126909256, "iteration": 10460, "loss": 0.14255374446511268, "lr": 9.278062281171313e-05, "mse": 0.00014323383329610805, "p_zero": 0.0, "point_rel": 0.07826449889689684, "residual_mse": 0.00014323383329610805, "temporal_rel": 0.8948190718889236, "tke_rel": 0.49370247721672056}
TRAIN {"angle_aug_abs_deg": 0.0, "aoa_effective_shift_abs_deg_mean": 0.6949496895074845, "aoa_meanfield_aug_fraction": 0.3875, "aoa_meanfield_lambda_mean": 0.13898993767797946, "delta_penalty": 3.6601993815565945e-05, "grad_rel": 0.518135067820549, "iteration": 10480, "loss": 0.1428706482052803, "lr": 9.246731944720592e-05, "mse": 0.00012002297225990332, "p_zero": 0.0, "point_rel": 0.07844601348042488, "residual_mse": 0.0001200229717142065, "temporal_rel": 0.8999852240085602, "tke_rel": 0.4936052367091179}
TRAIN {"angle_aug_abs_deg": 0.0, "aoa_effective_shift_abs_deg_mean": 0.7825117841362953, "aoa_meanfield_aug_fraction": 0.44375, "aoa_meanfield_lambda_mean": 0.1565023586153984, "delta_penalty": 3.952694769395748e-05, "grad_rel": 0.509428794682026, "iteration": 10500, "loss": 0.1404069684445858, "lr": 9.215409042721469e-05, "mse": 0.00014165518841764425, "p_zero": 0.0, "point_rel": 0.07680965047329665, "residual_mse": 0.00014165518769004848, "temporal_rel": 0.8912990927696228, "tke_rel": 0.4862271323800087}
TRAIN {"angle_aug_abs_deg": 0.0, "aoa_effective_shift_abs_deg_mean": 0.9205231294035912, "aoa_meanfield_aug_fraction": 0.525, "aoa_meanfield_lambda_mean": 0.18410462327301502, "delta_penalty": 3.987190193583956e-05, "grad_rel": 0.531721405684948, "iteration": 10520, "loss": 0.14705945998430253, "lr": 9.184093884318344e-05, "mse": 0.00014229490661819, "p_zero": 0.0, "point_rel": 0.08201699666678905, "residual_mse": 0.00014229490279831224, "temporal_rel": 0.894094455242157, "tke_rel": 0.5033387675881386}
TRAIN {"angle_aug_abs_deg": 0.0, "aoa_effective_shift_abs_deg_mean": 0.75916136354208, "aoa_meanfield_aug_fraction": 0.425, "aoa_meanfield_lambda_mean": 0.15183227211236955, "delta_penalty": 3.85614468541462e-05, "grad_rel": 0.5158206582069397, "iteration": 10540, "loss": 0.14334765151143075, "lr": 9.152786778579184e-05, "mse": 0.00013842168900737306, "p_zero": 0.0, "point_rel": 0.0786462314426899, "residual_mse": 0.00013842168755218154, "temporal_rel": 0.8938356429338455, "tke_rel": 0.5017790704965591}
TRAIN {"angle_aug_abs_deg": 0.0, "aoa_effective_shift_abs_deg_mean": 0.7528762876987457, "aoa_meanfield_aug_fraction": 0.40625, "aoa_meanfield_lambda_mean": 0.15057525895535945, "delta_penalty": 3.794265621763771e-05, "grad_rel": 0.5126884341239929, "iteration": 10560, "loss": 0.1416342407464981, "lr": 9.121488034492486e-05, "mse": 0.00013412993657766493, "p_zero": 0.0, "point_rel": 0.0770943034440279, "residual_mse": 0.0001341299351224734, "temporal_rel": 0.8996292144060135, "tke_rel": 0.4969956547021866}
TRAIN {"angle_aug_abs_deg": 0.0, "aoa_effective_shift_abs_deg_mean": 0.8234165355563163, "aoa_meanfield_aug_fraction": 0.44375, "aoa_meanfield_lambda_mean": 0.1646833073347807, "delta_penalty": 4.0606510265206455e-05, "grad_rel": 0.5094989985227585, "iteration": 10580, "loss": 0.13965979740023612, "lr": 9.090197960964215e-05, "mse": 0.00014229945172701265, "p_zero": 0.0, "point_rel": 0.07602402605116368, "residual_mse": 0.00014229945136321476, "temporal_rel": 0.8962986201047898, "tke_rel": 0.4843471020460129}
TRAIN {"angle_aug_abs_deg": 0.0, "aoa_effective_shift_abs_deg_mean": 0.7028762266039849, "aoa_meanfield_aug_fraction": 0.40625, "aoa_meanfield_lambda_mean": 0.14057524390518666, "delta_penalty": 4.039803343403037e-05, "grad_rel": 0.5057829827070236, "iteration": 10600, "loss": 0.13769186660647392, "lr": 9.058916866814774e-05, "mse": 0.00012571093211590778, "p_zero": 0.0, "point_rel": 0.0751267571002245, "residual_mse": 0.0001257109317521099, "temporal_rel": 0.8820091664791108, "tke_rel": 0.47465945929288866}
TRAIN {"angle_aug_abs_deg": 0.0, "aoa_effective_shift_abs_deg_mean": 0.8456830702722072, "aoa_meanfield_aug_fraction": 0.4875, "aoa_meanfield_lambda_mean": 0.1691366143524647, "delta_penalty": 3.8219728503463556e-05, "grad_rel": 0.5233170375227928, "iteration": 10620, "loss": 0.14573903903365135, "lr": 9.027645060775928e-05, "mse": 0.00013616555615953986, "p_zero": 0.0, "point_rel": 0.08086426109075547, "residual_mse": 0.0001361655557047925, "temporal_rel": 0.8967300474643707, "tke_rel": 0.5013584822416306}
TRAIN {"angle_aug_abs_deg": 0.0, "aoa_effective_shift_abs_deg_mean": 0.7296903967857361, "aoa_meanfield_aug_fraction": 0.43125, "aoa_meanfield_lambda_mean": 0.14593808129429817, "delta_penalty": 3.7441823405970356e-05, "grad_rel": 0.5125146597623825, "iteration": 10640, "loss": 0.14185947738587856, "lr": 8.996382851487775e-05, "mse": 0.00013518017076421529, "p_zero": 0.0, "point_rel": 0.07833363842219114, "residual_mse": 0.00013518016930902377, "temporal_rel": 0.8929631859064102, "tke_rel": 0.48346537798643113}
TRAIN {"angle_aug_abs_deg": 0.0, "aoa_effective_shift_abs_deg_mean": 0.9220331147313118, "aoa_meanfield_aug_fraction": 0.51875, "aoa_meanfield_lambda_mean": 0.18440662482753395, "delta_penalty": 4.093563220521901e-05, "grad_rel": 0.5170885279774666, "iteration": 10660, "loss": 0.14172015376389027, "lr": 8.965130547495697e-05, "mse": 0.000135834301909199, "p_zero": 0.0, "point_rel": 0.07832621671259403, "residual_mse": 0.0001358343033643905, "temporal_rel": 0.8784767866134644, "tke_rel": 0.48736228942871096}
TRAIN {"angle_aug_abs_deg": 0.0, "aoa_effective_shift_abs_deg_mean": 0.9022801846265793, "aoa_meanfield_aug_fraction": 0.5375, "aoa_meanfield_lambda_mean": 0.1804560374468565, "delta_penalty": 3.85850662496523e-05, "grad_rel": 0.5143627360463142, "iteration": 10680, "loss": 0.14130992889404298, "lr": 8.933888457247324e-05, "mse": 0.00013031507933192188, "p_zero": 0.0, "point_rel": 0.07673410177230836, "residual_mse": 0.00013031507824052825, "temporal_rel": 0.8989289849996567, "tke_rel": 0.49754418432712555}
TRAIN {"angle_aug_abs_deg": 0.0, "aoa_effective_shift_abs_deg_mean": 0.8630457282066345, "aoa_meanfield_aug_fraction": 0.49375, "aoa_meanfield_lambda_mean": 0.17260914705693722, "delta_penalty": 4.2403158477100075e-05, "grad_rel": 0.5189095959067345, "iteration": 10700, "loss": 0.14435558542609214, "lr": 8.90265688908947e-05, "mse": 0.00015697086564614438, "p_zero": 0.0, "point_rel": 0.08111636526882648, "residual_mse": 0.00015697086564614438, "temporal_rel": 0.880396968126297, "tke_rel": 0.48326210528612135}
TRAIN {"angle_aug_abs_deg": 0.0, "aoa_effective_shift_abs_deg_mean": 0.7472638078033924, "aoa_meanfield_aug_fraction": 0.425, "aoa_meanfield_lambda_mean": 0.14945276118814946, "delta_penalty": 3.838424054265488e-05, "grad_rel": 0.5065211445093155, "iteration": 10720, "loss": 0.13908890672028065, "lr": 8.871436151265108e-05, "mse": 0.0001308835289819399, "p_zero": 0.0, "point_rel": 0.07596052344888449, "residual_mse": 0.00013088353007333352, "temporal_rel": 0.8925557404756546, "tke_rel": 0.47856440097093583}
TRAIN {"angle_aug_abs_deg": 0.0, "aoa_effective_shift_abs_deg_mean": 0.9501857459545135, "aoa_meanfield_aug_fraction": 0.5375, "aoa_meanfield_lambda_mean": 0.1900371439754963, "delta_penalty": 3.526219343257253e-05, "grad_rel": 0.5206734493374825, "iteration": 10740, "loss": 0.1419803872704506, "lr": 8.840226551910312e-05, "mse": 0.0001265649932975066, "p_zero": 0.0, "point_rel": 0.07827440202236176, "residual_mse": 0.00012656499402510235, "temporal_rel": 0.891724506020546, "tke_rel": 0.48509130626916885}
TRAIN {"angle_aug_abs_deg": 0.0, "aoa_effective_shift_abs_deg_mean": 0.9042906165122986, "aoa_meanfield_aug_fraction": 0.5, "aoa_meanfield_lambda_mean": 0.18085812050849198, "delta_penalty": 3.737259839908802e-05, "grad_rel": 0.5145987123250961, "iteration": 10760, "loss": 0.1399520169943571, "lr": 8.809028399051226e-05, "mse": 0.00011716733952198411, "p_zero": 0.0, "point_rel": 0.07635872289538384, "residual_mse": 0.00011716733915818622, "temporal_rel": 0.8915036648511887, "tke_rel": 0.4848884254693985}
TRAIN {"angle_aug_abs_deg": 0.0, "aoa_effective_shift_abs_deg_mean": 0.7041659906506539, "aoa_meanfield_aug_fraction": 0.40625, "aoa_meanfield_lambda_mean": 0.1408331971615553, "delta_penalty": 4.1219508602807764e-05, "grad_rel": 0.5163326069712639, "iteration": 10780, "loss": 0.14347308203577996, "lr": 8.77784200060103e-05, "mse": 0.00014383769703272265, "p_zero": 0.0, "point_rel": 0.07944043651223183, "residual_mse": 0.0001438376977603184, "temporal_rel": 0.8932238399982453, "tke_rel": 0.49078281968832016}
TRAIN {"angle_aug_abs_deg": 0.0, "aoa_effective_shift_abs_deg_mean": 0.8263686463236809, "aoa_meanfield_aug_fraction": 0.49375, "aoa_meanfield_lambda_mean": 0.16527372859418393, "delta_penalty": 3.884217185259331e-05, "grad_rel": 0.5134347096085549, "iteration": 10800, "loss": 0.14210615940392018, "lr": 8.746667664356882e-05, "mse": 0.00013957607825432206, "p_zero": 0.0, "point_rel": 0.07904073875397444, "residual_mse": 0.00013957607989141253, "temporal_rel": 0.887080717086792, "tke_rel": 0.4784805357456207}
TRAIN {"angle_aug_abs_deg": 0.0, "aoa_effective_shift_abs_deg_mean": 0.7402941472828388, "aoa_meanfield_aug_fraction": 0.41875, "aoa_meanfield_lambda_mean": 0.14805882778018714, "delta_penalty": 3.776103239943041e-05, "grad_rel": 0.5009025797247887, "iteration": 10820, "loss": 0.13732857294380665, "lr": 8.715505697996895e-05, "mse": 0.00013239160743978574, "p_zero": 0.0, "point_rel": 0.07386887148022651, "residual_mse": 0.00013239160889497726, "temporal_rel": 0.8899875789880752, "tke_rel": 0.48676774352788926}
TRAIN {"angle_aug_abs_deg": 0.0, "aoa_effective_shift_abs_deg_mean": 0.9058758452534675, "aoa_meanfield_aug_fraction": 0.51875, "aoa_meanfield_lambda_mean": 0.18117516646161674, "delta_penalty": 3.7346157023421255e-05, "grad_rel": 0.5148589834570885, "iteration": 10840, "loss": 0.1399892270565033, "lr": 8.684356409077098e-05, "mse": 0.0001258991822396638, "p_zero": 0.0, "point_rel": 0.07594430949538947, "residual_mse": 0.0001258991822396638, "temporal_rel": 0.8959487557411194, "tke_rel": 0.4900842681527138}
TRAIN {"angle_aug_abs_deg": 0.0, "aoa_effective_shift_abs_deg_mean": 0.8331155985593796, "aoa_meanfield_aug_fraction": 0.4625, "aoa_meanfield_lambda_mean": 0.1666231233626604, "delta_penalty": 3.7497038010769754e-05, "grad_rel": 0.5146010354161262, "iteration": 10860, "loss": 0.14134029150009156, "lr": 8.653220105028394e-05, "mse": 0.00012317388664087047, "p_zero": 0.0, "point_rel": 0.07762149069458246, "residual_mse": 0.00012317388645897154, "temporal_rel": 0.8902775347232819, "tke_rel": 0.48756264001131056}
TRAIN {"angle_aug_abs_deg": 0.0, "aoa_effective_shift_abs_deg_mean": 0.8364837601780891, "aoa_meanfield_aug_fraction": 0.50625, "aoa_meanfield_lambda_mean": 0.16729675214737655, "delta_penalty": 3.8918422251299487e-05, "grad_rel": 0.5235252037644387, "iteration": 10880, "loss": 0.14321910366415977, "lr": 8.622097093153536e-05, "mse": 0.00013872327454009792, "p_zero": 0.0, "point_rel": 0.07839191947132348, "residual_mse": 0.00013872327526769367, "temporal_rel": 0.8982077836990356, "tke_rel": 0.49976128041744233}
TRAIN {"angle_aug_abs_deg": 0.0, "aoa_effective_shift_abs_deg_mean": 0.8664976447820664, "aoa_meanfield_aug_fraction": 0.50625, "aoa_meanfield_lambda_mean": 0.1732995269820094, "delta_penalty": 3.353025877004256e-05, "grad_rel": 0.5079398989677429, "iteration": 10900, "loss": 0.13939422443509103, "lr": 8.590987680624093e-05, "mse": 0.00011275474498688709, "p_zero": 0.0, "point_rel": 0.07546231970191002, "residual_mse": 0.00011275474353169556, "temporal_rel": 0.8905636548995972, "tke_rel": 0.49269004315137865}
TRAIN {"angle_aug_abs_deg": 0.0, "aoa_effective_shift_abs_deg_mean": 0.7848201423883439, "aoa_meanfield_aug_fraction": 0.45, "aoa_meanfield_lambda_mean": 0.15696402955800295, "delta_penalty": 3.7221966158540455e-05, "grad_rel": 0.5111991554498673, "iteration": 10920, "loss": 0.13970793560147285, "lr": 8.559892174477404e-05, "mse": 0.00012764741350110854, "p_zero": 0.0, "point_rel": 0.07587845884263515, "residual_mse": 0.00012764741459250217, "temporal_rel": 0.8937450051307678, "tke_rel": 0.4885016933083534}
TRAIN {"angle_aug_abs_deg": 0.0, "aoa_effective_shift_abs_deg_mean": 0.6892378151416778, "aoa_meanfield_aug_fraction": 0.41875, "aoa_meanfield_lambda_mean": 0.13784756436944007, "delta_penalty": 3.664711757664918e-05, "grad_rel": 0.4993551194667816, "iteration": 10940, "loss": 0.13710981234908104, "lr": 8.528810881613552e-05, "mse": 0.00012557802656374407, "p_zero": 0.0, "point_rel": 0.073820536211133, "residual_mse": 0.00012557802474475466, "temporal_rel": 0.8885200679302215, "tke_rel": 0.4850823312997818}
TRAIN {"angle_aug_abs_deg": 0.0, "aoa_effective_shift_abs_deg_mean": 0.9301184773445129, "aoa_meanfield_aug_fraction": 0.51875, "aoa_meanfield_lambda_mean": 0.1860236980021, "delta_penalty": 3.896210027960478e-05, "grad_rel": 0.5238854140043259, "iteration": 10960, "loss": 0.1444153904914856, "lr": 8.497744108792356e-05, "mse": 0.0001433966070180759, "p_zero": 0.0, "point_rel": 0.08027777895331382, "residual_mse": 0.00014339660629048012, "temporal_rel": 0.8978392571210861, "tke_rel": 0.48833928555250167}
TRAIN {"angle_aug_abs_deg": 0.0, "aoa_effective_shift_abs_deg_mean": 0.8489324957132339, "aoa_meanfield_aug_fraction": 0.4625, "aoa_meanfield_lambda_mean": 0.16978649888187647, "delta_penalty": 4.328595832703286e-05, "grad_rel": 0.526354444026947, "iteration": 10980, "loss": 0.14680984392762184, "lr": 8.46669216263032e-05, "mse": 0.00016474044241476804, "p_zero": 0.0, "point_rel": 0.08200145177543164, "residual_mse": 0.00016474044023198075, "temporal_rel": 0.8942027688026428, "tke_rel": 0.5006117910146713}
TRAIN {"angle_aug_abs_deg": 0.0, "aoa_effective_shift_abs_deg_mean": 0.7457724578678608, "aoa_meanfield_aug_fraction": 0.41875, "aoa_meanfield_lambda_mean": 0.14915449116379023, "delta_penalty": 4.1267592496296854e-05, "grad_rel": 0.5153485059738159, "iteration": 11000, "loss": 0.1442288339138031, "lr": 8.435655349597619e-05, "mse": 0.00015107868293853243, "p_zero": 0.0, "point_rel": 0.0799224954098463, "residual_mse": 0.00015107868293853243, "temporal_rel": 0.8908980160951614, "tke_rel": 0.49671710282564163}
TRAIN {"angle_aug_abs_deg": 0.0, "aoa_effective_shift_abs_deg_mean": 0.8810235247015953, "aoa_meanfield_aug_fraction": 0.50625, "aoa_meanfield_lambda_mean": 0.17620470523834228, "delta_penalty": 3.769090744754067e-05, "grad_rel": 0.5096312776207924, "iteration": 11020, "loss": 0.13945574164390565, "lr": 8.404633976015057e-05, "mse": 0.0001431751825293759, "p_zero": 0.0, "point_rel": 0.07590923123061658, "residual_mse": 0.0001431751825293759, "temporal_rel": 0.8935401201248169, "tke_rel": 0.4842022731900215}
TRAIN {"angle_aug_abs_deg": 0.0, "aoa_effective_shift_abs_deg_mean": 0.8754791930317879, "aoa_meanfield_aug_fraction": 0.475, "aoa_meanfield_lambda_mean": 0.17509583793580533, "delta_penalty": 3.510102678774274e-05, "grad_rel": 0.5090096175670624, "iteration": 11040, "loss": 0.13839417695999146, "lr": 8.373628348051087e-05, "mse": 0.00011336212519381661, "p_zero": 0.0, "point_rel": 0.07462535798549652, "residual_mse": 0.00011336212373862509, "temporal_rel": 0.8913812756538391, "tke_rel": 0.4892920941114426}
TRAIN {"angle_aug_abs_deg": 0.0, "aoa_effective_shift_abs_deg_mean": 0.8008008778095246, "aoa_meanfield_aug_fraction": 0.45625, "aoa_meanfield_lambda_mean": 0.16016017561778426, "delta_penalty": 3.8345742814271945e-05, "grad_rel": 0.5081444352865219, "iteration": 11060, "loss": 0.14044567868113517, "lr": 8.342638771718725e-05, "mse": 0.0001341075645541423, "p_zero": 0.0, "point_rel": 0.07669345811009406, "residual_mse": 0.00013410756346274866, "temporal_rel": 0.8908426135778427, "tke_rel": 0.4893962755799294}
TRAIN {"angle_aug_abs_deg": 0.0, "aoa_effective_shift_abs_deg_mean": 0.8789826646447182, "aoa_meanfield_aug_fraction": 0.51875, "aoa_meanfield_lambda_mean": 0.17579652965068818, "delta_penalty": 3.891053174811532e-05, "grad_rel": 0.5207581624388695, "iteration": 11080, "loss": 0.14185031838715076, "lr": 8.311665552872587e-05, "mse": 0.00013633068738272414, "p_zero": 0.0, "point_rel": 0.07822516895830631, "residual_mse": 0.00013633068883791565, "temporal_rel": 0.8917693495750427, "tke_rel": 0.4836503118276596}
TRAIN {"angle_aug_abs_deg": 0.0, "aoa_effective_shift_abs_deg_mean": 0.7598142489790917, "aoa_meanfield_aug_fraction": 0.4375, "aoa_meanfield_lambda_mean": 0.15196284586563708, "delta_penalty": 3.9663759525865314e-05, "grad_rel": 0.5150573194026947, "iteration": 11100, "loss": 0.14184425659477712, "lr": 8.280708997205834e-05, "mse": 0.00014656710191047751, "p_zero": 0.0, "point_rel": 0.07923173196613789, "residual_mse": 0.00014656710409326478, "temporal_rel": 0.8892203867435455, "tke_rel": 0.4694214701652527}
TRAIN {"angle_aug_abs_deg": 0.0, "aoa_effective_shift_abs_deg_mean": 0.7664091408252716, "aoa_meanfield_aug_fraction": 0.45625, "aoa_meanfield_lambda_mean": 0.1532818254083395, "delta_penalty": 3.774263323066407e-05, "grad_rel": 0.5172619581222534, "iteration": 11120, "loss": 0.14176324903964996, "lr": 8.249769410247173e-05, "mse": 0.00014144238375592976, "p_zero": 0.0, "point_rel": 0.07885979637503623, "residual_mse": 0.00014144238266453613, "temporal_rel": 0.887705534696579, "tke_rel": 0.47450280636548997}
TRAIN {"angle_aug_abs_deg": 0.0, "aoa_effective_shift_abs_deg_mean": 0.7732019647955894, "aoa_meanfield_aug_fraction": 0.4375, "aoa_meanfield_lambda_mean": 0.15464038923382759, "delta_penalty": 3.555506127668195e-05, "grad_rel": 0.5065629452466964, "iteration": 11140, "loss": 0.13717045523226262, "lr": 8.218847097357833e-05, "mse": 0.00010476147690496873, "p_zero": 0.0, "point_rel": 0.07358017023652792, "residual_mse": 0.00010476147781446343, "temporal_rel": 0.8949505895376205, "tke_rel": 0.4851864218711853}
TRAIN {"angle_aug_abs_deg": 0.0, "aoa_effective_shift_abs_deg_mean": 0.8323359414935112, "aoa_meanfield_aug_fraction": 0.48125, "aoa_meanfield_lambda_mean": 0.16646718755364417, "delta_penalty": 4.20823494096112e-05, "grad_rel": 0.5231582999229432, "iteration": 11160, "loss": 0.1447766799479723, "lr": 8.187942363728559e-05, "mse": 0.0001580026771989651, "p_zero": 0.0, "point_rel": 0.08108828850090503, "residual_mse": 0.00015800267865415663, "temporal_rel": 0.8858922779560089, "tke_rel": 0.48693348467350006}
TRAIN {"angle_aug_abs_deg": 0.0, "aoa_effective_shift_abs_deg_mean": 0.8902752876281739, "aoa_meanfield_aug_fraction": 0.4875, "aoa_meanfield_lambda_mean": 0.17805505618453027, "delta_penalty": 3.603722152547562e-05, "grad_rel": 0.5154665365815163, "iteration": 11180, "loss": 0.140836638212204, "lr": 8.157055514376599e-05, "mse": 0.00011830646126327337, "p_zero": 0.0, "point_rel": 0.076369359344244, "residual_mse": 0.00011830645944428397, "temporal_rel": 0.8959158062934875, "tke_rel": 0.49702657759189606}
TRAIN {"angle_aug_abs_deg": 0.0, "aoa_effective_shift_abs_deg_mean": 0.7553847618401051, "aoa_meanfield_aug_fraction": 0.4375, "aoa_meanfield_lambda_mean": 0.15107695180922748, "delta_penalty": 3.874832582368981e-05, "grad_rel": 0.5073318496346474, "iteration": 11200, "loss": 0.13993951827287673, "lr": 8.126186854142686e-05, "mse": 0.00013985955738462507, "p_zero": 0.0, "point_rel": 0.07746925093233585, "residual_mse": 0.00013985955829411977, "temporal_rel": 0.8848702877759933, "tke_rel": 0.4711907431483269}
TRAIN {"angle_aug_abs_deg": 0.0, "aoa_effective_shift_abs_deg_mean": 0.9137899205088615, "aoa_meanfield_aug_fraction": 0.5125, "aoa_meanfield_lambda_mean": 0.18275798112154007, "delta_penalty": 3.87806426260795e-05, "grad_rel": 0.5099315226078034, "iteration": 11220, "loss": 0.1393833588808775, "lr": 8.095336687688031e-05, "mse": 0.00012895118234155234, "p_zero": 0.0, "point_rel": 0.07450267486274242, "residual_mse": 0.00012895118379674386, "temporal_rel": 0.8981872916221618, "tke_rel": 0.5041106075048447}
TRAIN {"angle_aug_abs_deg": 0.0, "aoa_effective_shift_abs_deg_mean": 0.8816499292850495, "aoa_meanfield_aug_fraction": 0.49375, "aoa_meanfield_lambda_mean": 0.17632998637855052, "delta_penalty": 4.147939334870898e-05, "grad_rel": 0.5189015582203865, "iteration": 11240, "loss": 0.14238069728016853, "lr": 8.064505319491329e-05, "mse": 0.00014389348616532515, "p_zero": 0.0, "point_rel": 0.0782215315848589, "residual_mse": 0.00014389348925760714, "temporal_rel": 0.8969522356987, "tke_rel": 0.49038459807634355}
TRAIN {"angle_aug_abs_deg": 0.0, "aoa_effective_shift_abs_deg_mean": 0.9761326789855957, "aoa_meanfield_aug_fraction": 0.5375, "aoa_meanfield_lambda_mean": 0.195226538926363, "delta_penalty": 3.785752796829911e-05, "grad_rel": 0.5262768670916558, "iteration": 11260, "loss": 0.14531267024576663, "lr": 8.03369305384573e-05, "mse": 0.00013353941230889176, "p_zero": 0.0, "point_rel": 0.0806178692728281, "residual_mse": 0.00013353941485547694, "temporal_rel": 0.8948716849088669, "tke_rel": 0.4985612690448761}
TRAIN {"angle_aug_abs_deg": 0.0, "aoa_effective_shift_abs_deg_mean": 0.7899902254343033, "aoa_meanfield_aug_fraction": 0.4375, "aoa_meanfield_lambda_mean": 0.15799804534763098, "delta_penalty": 3.847168927677558e-05, "grad_rel": 0.5127894923090934, "iteration": 11280, "loss": 0.1408904891461134, "lr": 8.002900194855859e-05, "mse": 0.00013276644185680197, "p_zero": 0.0, "point_rel": 0.07732482105493546, "residual_mse": 0.00013276644222059986, "temporal_rel": 0.8898142009973526, "tke_rel": 0.4856467038393021}
TRAIN {"angle_aug_abs_deg": 0.0, "aoa_effective_shift_abs_deg_mean": 0.8666151016950607, "aoa_meanfield_aug_fraction": 0.50625, "aoa_meanfield_lambda_mean": 0.17332301735877992, "delta_penalty": 4.0438291762256995e-05, "grad_rel": 0.5066058412194252, "iteration": 11300, "loss": 0.13906818367540835, "lr": 7.972127046434803e-05, "mse": 0.00013542377382691484, "p_zero": 0.0, "point_rel": 0.07542578242719174, "residual_mse": 0.00013542377346311695, "temporal_rel": 0.8843554258346558, "tke_rel": 0.49118694514036176}
TRAIN {"angle_aug_abs_deg": 0.0, "aoa_effective_shift_abs_deg_mean": 0.8385198712348938, "aoa_meanfield_aug_fraction": 0.5, "aoa_meanfield_lambda_mean": 0.16770397461950778, "delta_penalty": 3.8982103706075574e-05, "grad_rel": 0.5134037300944329, "iteration": 11320, "loss": 0.1409468784928322, "lr": 7.941373912301116e-05, "mse": 0.00014186829939717428, "p_zero": 0.0, "point_rel": 0.07783368341624737, "residual_mse": 0.00014186830157996154, "temporal_rel": 0.8889068961143494, "tke_rel": 0.4783598706126213}
TRAIN {"angle_aug_abs_deg": 0.0, "aoa_effective_shift_abs_deg_mean": 0.8143699146807194, "aoa_meanfield_aug_fraction": 0.46875, "aoa_meanfield_lambda_mean": 0.1628739833831787, "delta_penalty": 3.7828614313184514e-05, "grad_rel": 0.5200800523161888, "iteration": 11340, "loss": 0.14347459487617015, "lr": 7.910641095975812e-05, "mse": 0.0001348201163636986, "p_zero": 0.0, "point_rel": 0.07931971494108439, "residual_mse": 0.00013482011927408167, "temporal_rel": 0.8910568833351136, "tke_rel": 0.493012809753418}
TRAIN {"angle_aug_abs_deg": 0.0, "aoa_effective_shift_abs_deg_mean": 0.8449037499725819, "aoa_meanfield_aug_fraction": 0.46875, "aoa_meanfield_lambda_mean": 0.1689807515591383, "delta_penalty": 4.00877801439492e-05, "grad_rel": 0.5259541183710098, "iteration": 11360, "loss": 0.1446061484515667, "lr": 7.879928900779384e-05, "mse": 0.00014315859370981344, "p_zero": 0.0, "point_rel": 0.08069617189466953, "residual_mse": 0.00014315859425551025, "temporal_rel": 0.8932769387960434, "tke_rel": 0.4863101527094841}
TRAIN {"angle_aug_abs_deg": 0.0, "aoa_effective_shift_abs_deg_mean": 0.8658115580677986, "aoa_meanfield_aug_fraction": 0.5, "aoa_meanfield_lambda_mean": 0.17316231206059457, "delta_penalty": 3.9051500880304954e-05, "grad_rel": 0.5248778954148292, "iteration": 11380, "loss": 0.1448620565235615, "lr": 7.849237629828799e-05, "mse": 0.0001304952609643806, "p_zero": 0.0, "point_rel": 0.0806128092110157, "residual_mse": 0.0001304952624195721, "temporal_rel": 0.8886076271533966, "tke_rel": 0.4946320191025734}
TRAIN {"angle_aug_abs_deg": 0.0, "aoa_effective_shift_abs_deg_mean": 0.8616624385118484, "aoa_meanfield_aug_fraction": 0.5, "aoa_meanfield_lambda_mean": 0.1723324880003929, "delta_penalty": 3.865795160891139e-05, "grad_rel": 0.5168092772364616, "iteration": 11400, "loss": 0.142030406370759, "lr": 7.818567586034505e-05, "mse": 0.0001254538047760434, "p_zero": 0.0, "point_rel": 0.07790379133075476, "residual_mse": 0.0001254538062312349, "temporal_rel": 0.8893923282623291, "tke_rel": 0.49423826634883883}
TRAIN {"angle_aug_abs_deg": 0.0, "aoa_effective_shift_abs_deg_mean": 0.7650598235428333, "aoa_meanfield_aug_fraction": 0.4375, "aoa_meanfield_lambda_mean": 0.15301196482032536, "delta_penalty": 4.418348307808628e-05, "grad_rel": 0.5168497353792191, "iteration": 11420, "loss": 0.14382831566035748, "lr": 7.787919072097458e-05, "mse": 0.00015478832483495353, "p_zero": 0.0, "point_rel": 0.07865111269056797, "residual_mse": 0.0001547883237435599, "temporal_rel": 0.8999486804008484, "tke_rel": 0.5063112422823906}
TRAIN {"angle_aug_abs_deg": 0.0, "aoa_effective_shift_abs_deg_mean": 0.8453518122434616, "aoa_meanfield_aug_fraction": 0.4875, "aoa_meanfield_lambda_mean": 0.16907036267220973, "delta_penalty": 3.578815476430463e-05, "grad_rel": 0.5067948058247567, "iteration": 11440, "loss": 0.13973093144595622, "lr": 7.757292390506113e-05, "mse": 0.00011993562848147121, "p_zero": 0.0, "point_rel": 0.0763602027669549, "residual_mse": 0.00011993562739007758, "temporal_rel": 0.8919999599456787, "tke_rel": 0.4828685626387596}
TRAIN {"angle_aug_abs_deg": 0.0, "aoa_effective_shift_abs_deg_mean": 0.8542595282196999, "aoa_meanfield_aug_fraction": 0.48125, "aoa_meanfield_lambda_mean": 0.17085190527141095, "delta_penalty": 3.908139433406177e-05, "grad_rel": 0.5123500660061836, "iteration": 11460, "loss": 0.14052512049674987, "lr": 7.726687843533463e-05, "mse": 0.00013568350186687894, "p_zero": 0.0, "point_rel": 0.0768088310956955, "residual_mse": 0.00013568350259447471, "temporal_rel": 0.889225372672081, "tke_rel": 0.4885465383529663}
TRAIN {"angle_aug_abs_deg": 0.0, "aoa_effective_shift_abs_deg_mean": 0.813017575442791, "aoa_meanfield_aug_fraction": 0.45, "aoa_meanfield_lambda_mean": 0.16260351315140725, "delta_penalty": 3.798733787334641e-05, "grad_rel": 0.5170565381646156, "iteration": 11480, "loss": 0.14356138855218886, "lr": 7.696105733234021e-05, "mse": 0.00013794974947813898, "p_zero": 0.0, "point_rel": 0.07836455777287483, "residual_mse": 0.0001379497491143411, "temporal_rel": 0.8966686993837356, "tke_rel": 0.5083130046725273}
TRAIN {"angle_aug_abs_deg": 0.0, "aoa_effective_shift_abs_deg_mean": 0.9117143630981446, "aoa_meanfield_aug_fraction": 0.50625, "aoa_meanfield_lambda_mean": 0.18234286792576312, "delta_penalty": 4.012723065898172e-05, "grad_rel": 0.5238032579421997, "iteration": 11500, "loss": 0.14392970204353334, "lr": 7.665546361440878e-05, "mse": 0.00013388918832788477, "p_zero": 0.0, "point_rel": 0.08004370369017125, "residual_mse": 0.00013388918723649111, "temporal_rel": 0.8945525228977204, "tke_rel": 0.4858567386865616}
TRAIN {"angle_aug_abs_deg": 0.0, "aoa_effective_shift_abs_deg_mean": 0.7477196790277958, "aoa_meanfield_aug_fraction": 0.4625, "aoa_meanfield_lambda_mean": 0.1495439350605011, "delta_penalty": 4.0061526215140474e-05, "grad_rel": 0.5149788036942482, "iteration": 11520, "loss": 0.14117173925042154, "lr": 7.635010029762685e-05, "mse": 0.00014713764721818734, "p_zero": 0.0, "point_rel": 0.07677891068160533, "residual_mse": 0.00014713764721818734, "temporal_rel": 0.9011265933513641, "tke_rel": 0.4931568130850792}
TRAIN {"angle_aug_abs_deg": 0.0, "aoa_effective_shift_abs_deg_mean": 0.827538076043129, "aoa_meanfield_aug_fraction": 0.4625, "aoa_meanfield_lambda_mean": 0.16550761200487613, "delta_penalty": 3.878534689647495e-05, "grad_rel": 0.5155928149819374, "iteration": 11540, "loss": 0.14071326926350594, "lr": 7.604497039580717e-05, "mse": 0.00012533308854472124, "p_zero": 0.0, "point_rel": 0.07705482803285121, "residual_mse": 0.0001253330878171255, "temporal_rel": 0.8916302561759949, "tke_rel": 0.48562115579843523}
TRAIN {"angle_aug_abs_deg": 0.0, "aoa_effective_shift_abs_deg_mean": 0.8598468393087387, "aoa_meanfield_aug_fraction": 0.4875, "aoa_meanfield_lambda_mean": 0.1719693671911955, "delta_penalty": 4.038949255118496e-05, "grad_rel": 0.5140323176980018, "iteration": 11560, "loss": 0.14130838699638842, "lr": 7.574007692045863e-05, "mse": 0.0001432138114978443, "p_zero": 0.0, "point_rel": 0.07782206572592258, "residual_mse": 0.00014321381404442947, "temporal_rel": 0.8894383519887924, "tke_rel": 0.484148608148098}
TRAIN {"angle_aug_abs_deg": 0.0, "aoa_effective_shift_abs_deg_mean": 0.875034150481224, "aoa_meanfield_aug_fraction": 0.5, "aoa_meanfield_lambda_mean": 0.17500682845711707, "delta_penalty": 3.9536358963232486e-05, "grad_rel": 0.5168365851044655, "iteration": 11580, "loss": 0.14195022881031036, "lr": 7.543542288075675e-05, "mse": 0.00013984461984364315, "p_zero": 0.0, "point_rel": 0.07840481698513031, "residual_mse": 0.00013984461984364315, "temporal_rel": 0.8862533748149872, "tke_rel": 0.4860419794917107}
TRAIN {"angle_aug_abs_deg": 0.0, "aoa_effective_shift_abs_deg_mean": 0.8681411236524582, "aoa_meanfield_aug_fraction": 0.475, "aoa_meanfield_lambda_mean": 0.17362822573632003, "delta_penalty": 3.963161980209406e-05, "grad_rel": 0.5199288710951805, "iteration": 11600, "loss": 0.14218455962836743, "lr": 7.51310112835139e-05, "mse": 0.00013933835143689066, "p_zero": 0.0, "point_rel": 0.0788736693561077, "residual_mse": 0.00013933835361967795, "temporal_rel": 0.8862187981605529, "tke_rel": 0.4813800096511841}
TRAIN {"angle_aug_abs_deg": 0.0, "aoa_effective_shift_abs_deg_mean": 0.9610079407691956, "aoa_meanfield_aug_fraction": 0.55625, "aoa_meanfield_lambda_mean": 0.1922015894204378, "delta_penalty": 3.968556775362231e-05, "grad_rel": 0.510809126496315, "iteration": 11620, "loss": 0.1388312865048647, "lr": 7.48268451331497e-05, "mse": 0.00013145775719749508, "p_zero": 0.0, "point_rel": 0.076333561912179, "residual_mse": 0.00013145775792509085, "temporal_rel": 0.8843243598937989, "tke_rel": 0.4710937738418579}
TRAIN {"angle_aug_abs_deg": 0.0, "aoa_effective_shift_abs_deg_mean": 0.8426102332770824, "aoa_meanfield_aug_fraction": 0.475, "aoa_meanfield_lambda_mean": 0.1685220442712307, "delta_penalty": 3.647168487077579e-05, "grad_rel": 0.5101590484380722, "iteration": 11640, "loss": 0.1399504065513611, "lr": 7.45229274316612e-05, "mse": 0.00011617380423558643, "p_zero": 0.0, "point_rel": 0.07700472809374333, "residual_mse": 0.00011617380550887901, "temporal_rel": 0.8891475081443787, "tke_rel": 0.47638813108205796}
TRAIN {"angle_aug_abs_deg": 0.0, "aoa_effective_shift_abs_deg_mean": 0.8423095867037773, "aoa_meanfield_aug_fraction": 0.4875, "aoa_meanfield_lambda_mean": 0.1684619139879942, "delta_penalty": 3.9366895362036305e-05, "grad_rel": 0.5143141448497772, "iteration": 11660, "loss": 0.14119345024228097, "lr": 7.421926117859338e-05, "mse": 0.00013878881218261087, "p_zero": 0.0, "point_rel": 0.07719885054975748, "residual_mse": 0.0001387888110912172, "temporal_rel": 0.8951805025339127, "tke_rel": 0.48970082849264146}
TRAIN {"angle_aug_abs_deg": 0.0, "aoa_effective_shift_abs_deg_mean": 0.8368275016546249, "aoa_meanfield_aug_fraction": 0.475, "aoa_meanfield_lambda_mean": 0.16736549846827983, "delta_penalty": 3.8200743620109276e-05, "grad_rel": 0.5164615005254746, "iteration": 11680, "loss": 0.14334990680217743, "lr": 7.391584937100964e-05, "mse": 0.00013008778341827565, "p_zero": 0.0, "point_rel": 0.07922960631549358, "residual_mse": 0.00013008778360017458, "temporal_rel": 0.8939860939979554, "tke_rel": 0.4919000431895256}
TRAIN {"angle_aug_abs_deg": 0.0, "aoa_effective_shift_abs_deg_mean": 0.8365678459405899, "aoa_meanfield_aug_fraction": 0.4625, "aoa_meanfield_lambda_mean": 0.1673135668039322, "delta_penalty": 3.708489339260268e-05, "grad_rel": 0.5130821362137794, "iteration": 11700, "loss": 0.1408729549497366, "lr": 7.361269500346209e-05, "mse": 0.00012380676125758327, "p_zero": 0.0, "point_rel": 0.07715635038912297, "residual_mse": 0.00012380675834720024, "temporal_rel": 0.8910214155912399, "tke_rel": 0.4875307872891426}
TRAIN {"angle_aug_abs_deg": 0.0, "aoa_effective_shift_abs_deg_mean": 0.7850307695567608, "aoa_meanfield_aug_fraction": 0.45, "aoa_meanfield_lambda_mean": 0.15700615355744957, "delta_penalty": 3.7454096673172896e-05, "grad_rel": 0.5151617005467415, "iteration": 11720, "loss": 0.13945355899631978, "lr": 7.330980106796184e-05, "mse": 0.00011924715581699275, "p_zero": 0.0, "point_rel": 0.07587035018950701, "residual_mse": 0.00011924715672648745, "temporal_rel": 0.8942526370286942, "tke_rel": 0.48319464474916457}
TRAIN {"angle_aug_abs_deg": 0.0, "aoa_effective_shift_abs_deg_mean": 0.8489485189318657, "aoa_meanfield_aug_fraction": 0.5, "aoa_meanfield_lambda_mean": 0.1697897057980299, "delta_penalty": 3.74456139979884e-05, "grad_rel": 0.5159520596265793, "iteration": 11740, "loss": 0.1406017817556858, "lr": 7.300717055394976e-05, "mse": 0.0001291546928769094, "p_zero": 0.0, "point_rel": 0.07726829759776592, "residual_mse": 0.0001291546916036168, "temporal_rel": 0.8872802138328553, "tke_rel": 0.4822717770934105}
TRAIN {"angle_aug_abs_deg": 0.0, "aoa_effective_shift_abs_deg_mean": 0.8187837943434715, "aoa_meanfield_aug_fraction": 0.475, "aoa_meanfield_lambda_mean": 0.1637567611411214, "delta_penalty": 3.871517674269853e-05, "grad_rel": 0.5033252716064454, "iteration": 11760, "loss": 0.13854939863085747, "lr": 7.270480644826689e-05, "mse": 0.00013433773292490515, "p_zero": 0.0, "point_rel": 0.0752494165673852, "residual_mse": 0.00013433773438009666, "temporal_rel": 0.8830594956874848, "tke_rel": 0.48695406764745713}
TRAIN {"angle_aug_abs_deg": 0.0, "aoa_effective_shift_abs_deg_mean": 0.7679911226034164, "aoa_meanfield_aug_fraction": 0.4375, "aoa_meanfield_lambda_mean": 0.1535982247442007, "delta_penalty": 3.893209841407952e-05, "grad_rel": 0.5186860680580139, "iteration": 11780, "loss": 0.14292143024504184, "lr": 7.240271173512483e-05, "mse": 0.00015148401143960655, "p_zero": 0.0, "point_rel": 0.07981253266334534, "residual_mse": 0.00015148401125770762, "temporal_rel": 0.8862260550260543, "tke_rel": 0.47826003581285476}
TRAIN {"angle_aug_abs_deg": 0.0, "aoa_effective_shift_abs_deg_mean": 0.8306127265095711, "aoa_meanfield_aug_fraction": 0.4875, "aoa_meanfield_lambda_mean": 0.16612254343926908, "delta_penalty": 3.838449711111025e-05, "grad_rel": 0.5258097544312477, "iteration": 11800, "loss": 0.14392851591110228, "lr": 7.210088939607643e-05, "mse": 0.0001390790121149621, "p_zero": 0.0, "point_rel": 0.07986533008515835, "residual_mse": 0.0001390790121149621, "temporal_rel": 0.8908127397298813, "tke_rel": 0.49015276730060575}
TRAIN {"angle_aug_abs_deg": 0.0, "aoa_effective_shift_abs_deg_mean": 0.8609391704201699, "aoa_meanfield_aug_fraction": 0.4875, "aoa_meanfield_lambda_mean": 0.17218783237040042, "delta_penalty": 3.650499747891445e-05, "grad_rel": 0.5107000425457955, "iteration": 11820, "loss": 0.13880941905081273, "lr": 7.17993424099864e-05, "mse": 0.00011568465879463474, "p_zero": 0.0, "point_rel": 0.07583967838436365, "residual_mse": 0.00011568465879463474, "temporal_rel": 0.8899326354265213, "tke_rel": 0.47626380175352095}
TRAIN {"angle_aug_abs_deg": 0.0, "aoa_effective_shift_abs_deg_mean": 0.8476866386830807, "aoa_meanfield_aug_fraction": 0.4625, "aoa_meanfield_lambda_mean": 0.16953732632100582, "delta_penalty": 4.042406708322232e-05, "grad_rel": 0.523804920911789, "iteration": 11840, "loss": 0.1441844269633293, "lr": 7.149807375300174e-05, "mse": 0.00013668300434801494, "p_zero": 0.0, "point_rel": 0.07946098912507296, "residual_mse": 0.00013668300507561071, "temporal_rel": 0.8967469960451127, "tke_rel": 0.4987023830413818}
TRAIN {"angle_aug_abs_deg": 0.0, "aoa_effective_shift_abs_deg_mean": 0.7155337020754814, "aoa_meanfield_aug_fraction": 0.3875, "aoa_meanfield_lambda_mean": 0.14310673698782922, "delta_penalty": 3.8040304389141966e-05, "grad_rel": 0.49448093920946123, "iteration": 11860, "loss": 0.13468063212931156, "lr": 7.119708639852245e-05, "mse": 0.00011974239914707141, "p_zero": 0.0, "point_rel": 0.07248632647097111, "residual_mse": 0.00011974240005656611, "temporal_rel": 0.8839436918497086, "tke_rel": 0.4703682944178581}
TRAIN {"angle_aug_abs_deg": 0.0, "aoa_effective_shift_abs_deg_mean": 0.8960800111293793, "aoa_meanfield_aug_fraction": 0.5125, "aoa_meanfield_lambda_mean": 0.17921600490808487, "delta_penalty": 4.494493377933395e-05, "grad_rel": 0.5227897346019745, "iteration": 11880, "loss": 0.14468375742435455, "lr": 7.089638331717217e-05, "mse": 0.00017347945540677757, "p_zero": 0.0, "point_rel": 0.08062542453408242, "residual_mse": 0.00017347945631627227, "temporal_rel": 0.8883463412523269, "tke_rel": 0.49188592582941054}
TRAIN {"angle_aug_abs_deg": 0.0, "aoa_effective_shift_abs_deg_mean": 0.7832455575466156, "aoa_meanfield_aug_fraction": 0.4625, "aoa_meanfield_lambda_mean": 0.1566491125151515, "delta_penalty": 3.913409527740441e-05, "grad_rel": 0.5108102887868882, "iteration": 11900, "loss": 0.141603110358119, "lr": 7.059596747676897e-05, "mse": 0.00013479043136612744, "p_zero": 0.0, "point_rel": 0.07707224860787391, "residual_mse": 0.00013479043209372322, "temporal_rel": 0.8984609007835388, "tke_rel": 0.4978944048285484}
TRAIN {"angle_aug_abs_deg": 0.0, "aoa_effective_shift_abs_deg_mean": 0.9736813217401504, "aoa_meanfield_aug_fraction": 0.53125, "aoa_meanfield_lambda_mean": 0.19473626390099524, "delta_penalty": 3.792876705119852e-05, "grad_rel": 0.5205225810408592, "iteration": 11920, "loss": 0.1415423035621643, "lr": 7.029584184229587e-05, "mse": 0.00012919561158923897, "p_zero": 0.0, "point_rel": 0.07768921758979559, "residual_mse": 0.00012919560958835064, "temporal_rel": 0.8975052088499069, "tke_rel": 0.4846761986613274}
TRAIN {"angle_aug_abs_deg": 0.0, "aoa_effective_shift_abs_deg_mean": 0.7403297297656536, "aoa_meanfield_aug_fraction": 0.4375, "aoa_meanfield_lambda_mean": 0.14806594736874104, "delta_penalty": 4.1780258015933214e-05, "grad_rel": 0.5122623234987259, "iteration": 11940, "loss": 0.14219033494591712, "lr": 6.999600937587177e-05, "mse": 0.00015865193163335788, "p_zero": 0.0, "point_rel": 0.07844395264983177, "residual_mse": 0.00015865193017816637, "temporal_rel": 0.8861117750406265, "tke_rel": 0.4905110612511635}
TRAIN {"angle_aug_abs_deg": 0.0, "aoa_effective_shift_abs_deg_mean": 0.7474136799573898, "aoa_meanfield_aug_fraction": 0.4375, "aoa_meanfield_lambda_mean": 0.14948273561894893, "delta_penalty": 4.002984087492223e-05, "grad_rel": 0.5113329470157624, "iteration": 11960, "loss": 0.1413547419011593, "lr": 6.969647303672203e-05, "mse": 0.0001297908354899846, "p_zero": 0.0, "point_rel": 0.07802989557385445, "residual_mse": 0.00012979083585378247, "temporal_rel": 0.8919103682041168, "tke_rel": 0.4809633791446686}
TRAIN {"angle_aug_abs_deg": 0.0, "aoa_effective_shift_abs_deg_mean": 0.7274853557348251, "aoa_meanfield_aug_fraction": 0.425, "aoa_meanfield_lambda_mean": 0.14549707118421792, "delta_penalty": 4.041407901240745e-05, "grad_rel": 0.5052641570568085, "iteration": 11980, "loss": 0.1393309511244297, "lr": 6.939723578114938e-05, "mse": 0.00014268051927501801, "p_zero": 0.0, "point_rel": 0.07550357859581709, "residual_mse": 0.0001426805183655233, "temporal_rel": 0.8949701100587845, "tke_rel": 0.4892615720629692}
TRAIN {"angle_aug_abs_deg": 0.0, "aoa_effective_shift_abs_deg_mean": 0.7986689738929271, "aoa_meanfield_aug_fraction": 0.45625, "aoa_meanfield_lambda_mean": 0.15973379649221897, "delta_penalty": 3.666983402581536e-05, "grad_rel": 0.5140239760279656, "iteration": 12000, "loss": 0.1403525810688734, "lr": 6.90983005625047e-05, "mse": 0.00012611351230589206, "p_zero": 0.0, "point_rel": 0.0774260763078928, "residual_mse": 0.00012611351085070054, "temporal_rel": 0.8849043935537338, "tke_rel": 0.4771741181612015}
TRAIN {"angle_aug_abs_deg": 0.0, "aoa_effective_shift_abs_deg_mean": 0.7701002337038517, "aoa_meanfield_aug_fraction": 0.45625, "aoa_meanfield_lambda_mean": 0.15402004811912776, "delta_penalty": 4.165639611528604e-05, "grad_rel": 0.5137227877974511, "iteration": 12020, "loss": 0.14304506853222848, "lr": 6.879967033115795e-05, "mse": 0.0001482811889218283, "p_zero": 0.0, "point_rel": 0.07945026308298112, "residual_mse": 0.0001482811876485357, "temporal_rel": 0.8853880405426026, "tke_rel": 0.48803344666957854}
TRAIN {"angle_aug_abs_deg": 0.0, "aoa_effective_shift_abs_deg_mean": 0.8544540092349052, "aoa_meanfield_aug_fraction": 0.49375, "aoa_meanfield_lambda_mean": 0.17089080400764942, "delta_penalty": 3.720212043845095e-05, "grad_rel": 0.5108915418386459, "iteration": 12040, "loss": 0.14051105380058287, "lr": 6.850134803446899e-05, "mse": 0.00012040364927088377, "p_zero": 0.0, "point_rel": 0.0773227982223034, "residual_mse": 0.00012040365018037847, "temporal_rel": 0.884898716211319, "tke_rel": 0.48235098272562027}
TRAIN {"angle_aug_abs_deg": 0.0, "aoa_effective_shift_abs_deg_mean": 0.8188430041074752, "aoa_meanfield_aug_fraction": 0.44375, "aoa_meanfield_lambda_mean": 0.16376860067248344, "delta_penalty": 3.8657954519294435e-05, "grad_rel": 0.5195341438055039, "iteration": 12060, "loss": 0.1429419346153736, "lr": 6.820333661675838e-05, "mse": 0.00012671285876422189, "p_zero": 0.0, "point_rel": 0.07865257225930691, "residual_mse": 0.00012671285949181766, "temporal_rel": 0.8969194710254669, "tke_rel": 0.49249973744153974}
TRAIN {"angle_aug_abs_deg": 0.0, "aoa_effective_shift_abs_deg_mean": 0.7646687813103199, "aoa_meanfield_aug_fraction": 0.43125, "aoa_meanfield_lambda_mean": 0.15293375542387366, "delta_penalty": 3.8219625639612784e-05, "grad_rel": 0.5118044376373291, "iteration": 12080, "loss": 0.13971301950514317, "lr": 6.790563901927853e-05, "mse": 0.00012298128967813682, "p_zero": 0.0, "point_rel": 0.07657945863902568, "residual_mse": 0.00012298128895054105, "temporal_rel": 0.8828320622444152, "tke_rel": 0.4822312816977501}
TRAIN {"angle_aug_abs_deg": 0.0, "aoa_effective_shift_abs_deg_mean": 0.8864326372742652, "aoa_meanfield_aug_fraction": 0.5, "aoa_meanfield_lambda_mean": 0.17728652972728015, "delta_penalty": 3.829912056971807e-05, "grad_rel": 0.5122780993580818, "iteration": 12100, "loss": 0.13938010707497597, "lr": 6.760825818018451e-05, "mse": 0.00012424141623341712, "p_zero": 0.0, "point_rel": 0.07524864096194506, "residual_mse": 0.00012424141696101287, "temporal_rel": 0.898203831911087, "tke_rel": 0.49105237126350404}
TRAIN {"angle_aug_abs_deg": 0.0, "aoa_effective_shift_abs_deg_mean": 0.8638532400131226, "aoa_meanfield_aug_fraction": 0.50625, "aoa_meanfield_lambda_mean": 0.17277065031230449, "delta_penalty": 3.4673366280912886e-05, "grad_rel": 0.5161013662815094, "iteration": 12120, "loss": 0.13996233530342578, "lr": 6.731119703450519e-05, "mse": 0.0001164837458418333, "p_zero": 0.0, "point_rel": 0.07650420647114516, "residual_mse": 0.000116483746751328, "temporal_rel": 0.8955039560794831, "tke_rel": 0.4802642032504082}
TRAIN {"angle_aug_abs_deg": 0.0, "aoa_effective_shift_abs_deg_mean": 0.8516554966568947, "aoa_meanfield_aug_fraction": 0.45625, "aoa_meanfield_lambda_mean": 0.1703310975804925, "delta_penalty": 3.7741635514976225e-05, "grad_rel": 0.5157726481556892, "iteration": 12140, "loss": 0.14026892483234404, "lr": 6.701445851411412e-05, "mse": 0.00011846141242131126, "p_zero": 0.0, "point_rel": 0.07579985149204731, "residual_mse": 0.00011846141314890702, "temporal_rel": 0.8952207535505294, "tke_rel": 0.4973261520266533}
TRAIN {"angle_aug_abs_deg": 0.0, "aoa_effective_shift_abs_deg_mean": 0.8634889081120491, "aoa_meanfield_aug_fraction": 0.4625, "aoa_meanfield_lambda_mean": 0.1726977851241827, "delta_penalty": 4.4293598239164564e-05, "grad_rel": 0.5254542231559753, "iteration": 12160, "loss": 0.14566260762512684, "lr": 6.671804554770078e-05, "mse": 0.000157688762556063, "p_zero": 0.0, "point_rel": 0.08234165906906128, "residual_mse": 0.000157688762556063, "temporal_rel": 0.8907323330640793, "tke_rel": 0.47781627625226974}
TRAIN {"angle_aug_abs_deg": 0.0, "aoa_effective_shift_abs_deg_mean": 0.7478092424571514, "aoa_meanfield_aug_fraction": 0.4375, "aoa_meanfield_lambda_mean": 0.14956184849143028, "delta_penalty": 3.677723898363183e-05, "grad_rel": 0.5132519572973251, "iteration": 12180, "loss": 0.141029504686594, "lr": 6.642196106074137e-05, "mse": 0.00012716304172499804, "p_zero": 0.0, "point_rel": 0.07776182405650615, "residual_mse": 0.00012716304172499804, "temporal_rel": 0.8870895594358444, "tke_rel": 0.4819555222988129}
TRAIN {"angle_aug_abs_deg": 0.0, "aoa_effective_shift_abs_deg_mean": 0.8923554480075836, "aoa_meanfield_aug_fraction": 0.4875, "aoa_meanfield_lambda_mean": 0.1784710856154561, "delta_penalty": 3.635728407971328e-05, "grad_rel": 0.5105695590376854, "iteration": 12200, "loss": 0.1382549326866865, "lr": 6.612620797547031e-05, "mse": 0.00012608946999534965, "p_zero": 0.0, "point_rel": 0.07488111034035683, "residual_mse": 0.000126089468903956, "temporal_rel": 0.8845975220203399, "tke_rel": 0.48564672768115996}
TRAIN {"angle_aug_abs_deg": 0.0, "aoa_effective_shift_abs_deg_mean": 0.6661661460995674, "aoa_meanfield_aug_fraction": 0.4125, "aoa_meanfield_lambda_mean": 0.13323322739452123, "delta_penalty": 4.370383194327587e-05, "grad_rel": 0.5152444288134574, "iteration": 12220, "loss": 0.14243390299379827, "lr": 6.583078921085114e-05, "mse": 0.0001514907089585904, "p_zero": 0.0, "point_rel": 0.07887877989560366, "residual_mse": 0.00015149071004998403, "temporal_rel": 0.8898246556520462, "tke_rel": 0.48475664407014846}
TRAIN {"angle_aug_abs_deg": 0.0, "aoa_effective_shift_abs_deg_mean": 0.8221101298928261, "aoa_meanfield_aug_fraction": 0.46875, "aoa_meanfield_lambda_mean": 0.1644220231100917, "delta_penalty": 3.7988976782799e-05, "grad_rel": 0.5162322834134102, "iteration": 12240, "loss": 0.14079338684678078, "lr": 6.55357076825478e-05, "mse": 0.00013134379132679898, "p_zero": 0.0, "point_rel": 0.0778665967285633, "residual_mse": 0.00013134379169059683, "temporal_rel": 0.886715778708458, "tke_rel": 0.4756945550441742}
TRAIN {"angle_aug_abs_deg": 0.0, "aoa_effective_shift_abs_deg_mean": 0.9301718384027481, "aoa_meanfield_aug_fraction": 0.50625, "aoa_meanfield_lambda_mean": 0.1860343709588051, "delta_penalty": 3.95095742533158e-05, "grad_rel": 0.5068242564797402, "iteration": 12260, "loss": 0.13834151029586791, "lr": 6.524096630289586e-05, "mse": 0.00012454944862838602, "p_zero": 0.0, "point_rel": 0.07410834170877934, "residual_mse": 0.00012454944699129554, "temporal_rel": 0.893785473704338, "tke_rel": 0.4963180646300316}
TRAIN {"angle_aug_abs_deg": 0.0, "aoa_effective_shift_abs_deg_mean": 0.8574234291911125, "aoa_meanfield_aug_fraction": 0.4875, "aoa_meanfield_lambda_mean": 0.17148468773812056, "delta_penalty": 3.9150608427007685e-05, "grad_rel": 0.5091225236654282, "iteration": 12280, "loss": 0.14047367721796036, "lr": 6.494656798087369e-05, "mse": 0.00013564938062700095, "p_zero": 0.0, "point_rel": 0.07645306084305048, "residual_mse": 0.00013564937989940518, "temporal_rel": 0.9004286795854568, "tke_rel": 0.48882402926683427}
TRAIN {"angle_aug_abs_deg": 0.0, "aoa_effective_shift_abs_deg_mean": 0.94015022367239, "aoa_meanfield_aug_fraction": 0.525, "aoa_meanfield_lambda_mean": 0.18803004156798125, "delta_penalty": 3.6114092108618936e-05, "grad_rel": 0.5056179687380791, "iteration": 12300, "loss": 0.1374106418341398, "lr": 6.465251562207389e-05, "mse": 0.00011464260824141092, "p_zero": 0.0, "point_rel": 0.07327925637364388, "residual_mse": 0.00011464260860520881, "temporal_rel": 0.8998724460601807, "tke_rel": 0.49193045794963836}
TRAIN {"angle_aug_abs_deg": 0.0, "aoa_effective_shift_abs_deg_mean": 0.8900723412632943, "aoa_meanfield_aug_fraction": 0.5, "aoa_meanfield_lambda_mean": 0.1780144704505801, "delta_penalty": 3.8250661418715026e-05, "grad_rel": 0.519273491203785, "iteration": 12320, "loss": 0.14089138470590115, "lr": 6.435881212867451e-05, "mse": 0.00012646460163523443, "p_zero": 0.0, "point_rel": 0.07713476605713368, "residual_mse": 0.00012646460036194184, "temporal_rel": 0.8928387999534607, "tke_rel": 0.48572747856378556}
TRAIN {"angle_aug_abs_deg": 0.0, "aoa_effective_shift_abs_deg_mean": 0.7627358131110669, "aoa_meanfield_aug_fraction": 0.4625, "aoa_meanfield_lambda_mean": 0.15254716454073786, "delta_penalty": 3.939504149457207e-05, "grad_rel": 0.5087555557489395, "iteration": 12340, "loss": 0.13894150219857693, "lr": 6.406546039941053e-05, "mse": 0.00012304442898312118, "p_zero": 0.0, "point_rel": 0.07602071575820446, "residual_mse": 0.00012304442934691907, "temporal_rel": 0.8905180662870407, "tke_rel": 0.47560349851846695}
TRAIN {"angle_aug_abs_deg": 0.0, "aoa_effective_shift_abs_deg_mean": 0.8116785570979118, "aoa_meanfield_aug_fraction": 0.45, "aoa_meanfield_lambda_mean": 0.16233571153134108, "delta_penalty": 4.1297083862446014e-05, "grad_rel": 0.5132426500320435, "iteration": 12360, "loss": 0.14034183360636235, "lr": 6.377246332954503e-05, "mse": 0.00014515917555399938, "p_zero": 0.0, "point_rel": 0.07696404159069062, "residual_mse": 0.000145159176645393, "temporal_rel": 0.8896138697862626, "tke_rel": 0.4824394419789314}
TRAIN {"angle_aug_abs_deg": 0.0, "aoa_effective_shift_abs_deg_mean": 0.8161003954708577, "aoa_meanfield_aug_fraction": 0.4625, "aoa_meanfield_lambda_mean": 0.16322008464485407, "delta_penalty": 4.0061960771708985e-05, "grad_rel": 0.5207528695464134, "iteration": 12380, "loss": 0.1426989756524563, "lr": 6.347982381084083e-05, "mse": 0.00013851154390067676, "p_zero": 0.0, "point_rel": 0.07884070873260499, "residual_mse": 0.00013851154390067676, "temporal_rel": 0.8929251164197922, "tke_rel": 0.48694776743650436}
TRAIN {"angle_aug_abs_deg": 0.0, "aoa_effective_shift_abs_deg_mean": 0.822885100543499, "aoa_meanfield_aug_fraction": 0.46875, "aoa_meanfield_lambda_mean": 0.16457702219486237, "delta_penalty": 3.698695591083379e-05, "grad_rel": 0.5137196183204651, "iteration": 12400, "loss": 0.1395331397652626, "lr": 6.31875447315318e-05, "mse": 0.00012719188034679974, "p_zero": 0.0, "point_rel": 0.07666337937116623, "residual_mse": 0.00012719188034679974, "temporal_rel": 0.8861338555812835, "tke_rel": 0.4756842598319054}
TRAIN {"angle_aug_abs_deg": 0.0, "aoa_effective_shift_abs_deg_mean": 0.9104702457785606, "aoa_meanfield_aug_fraction": 0.53125, "aoa_meanfield_lambda_mean": 0.18209404796361922, "delta_penalty": 3.625405624916311e-05, "grad_rel": 0.5051415532827377, "iteration": 12420, "loss": 0.13760201409459114, "lr": 6.289562897629454e-05, "mse": 0.00012858861664426512, "p_zero": 0.0, "point_rel": 0.07538049705326558, "residual_mse": 0.00012858861846325452, "temporal_rel": 0.8779276698827744, "tke_rel": 0.4711210161447525}
TRAIN {"angle_aug_abs_deg": 0.0, "aoa_effective_shift_abs_deg_mean": 0.7557356655597687, "aoa_meanfield_aug_fraction": 0.4375, "aoa_meanfield_lambda_mean": 0.15114713199436663, "delta_penalty": 4.1986592896137155e-05, "grad_rel": 0.5150473415851593, "iteration": 12440, "loss": 0.14307502582669257, "lr": 6.26040794262196e-05, "mse": 0.00013823296321788803, "p_zero": 0.0, "point_rel": 0.07907176837325096, "residual_mse": 0.00013823296540067532, "temporal_rel": 0.885120689868927, "tke_rel": 0.4946936622262001}
TRAIN {"angle_aug_abs_deg": 0.0, "aoa_effective_shift_abs_deg_mean": 0.8359211139380932, "aoa_meanfield_aug_fraction": 0.4875, "aoa_meanfield_lambda_mean": 0.1671842224895954, "delta_penalty": 4.2600771394063486e-05, "grad_rel": 0.5223768919706344, "iteration": 12460, "loss": 0.14566567726433277, "lr": 6.231289895878337e-05, "mse": 0.00016209198620344977, "p_zero": 0.0, "point_rel": 0.08124492689967155, "residual_mse": 0.00016209198329306674, "temporal_rel": 0.8900159418582916, "tke_rel": 0.4972523719072342}
TRAIN {"angle_aug_abs_deg": 0.0, "aoa_effective_shift_abs_deg_mean": 0.7640703484416008, "aoa_meanfield_aug_fraction": 0.425, "aoa_meanfield_lambda_mean": 0.15281406920403243, "delta_penalty": 3.7714859718107616e-05, "grad_rel": 0.5079215511679649, "iteration": 12480, "loss": 0.13779010996222496, "lr": 6.20220904478195e-05, "mse": 0.00012196313346066746, "p_zero": 0.0, "point_rel": 0.0747728792950511, "residual_mse": 0.00012196313346066746, "temporal_rel": 0.8895817250013351, "tke_rel": 0.4778935626149178}
TRAIN {"angle_aug_abs_deg": 0.0, "aoa_effective_shift_abs_deg_mean": 0.7632897429168224, "aoa_meanfield_aug_fraction": 0.43125, "aoa_meanfield_lambda_mean": 0.15265794722363352, "delta_penalty": 3.857235878967913e-05, "grad_rel": 0.5174451872706414, "iteration": 12500, "loss": 0.14232921376824378, "lr": 6.173165676349063e-05, "mse": 0.00012555210323625943, "p_zero": 0.0, "point_rel": 0.07919476106762886, "residual_mse": 0.00012555210178106791, "temporal_rel": 0.8896898567676544, "tke_rel": 0.4773940682411194}
EVAL_TOP {"alpha": 1.0, "best_bound_abs": 0.0075, "best_bound_rel": 0.0075, "best_bounds": [{"abs": 0.0075, "coverage": 0.832413330078125, "final_est": 81.70642223180678, "rel": 0.0075, "sps_raw": 0.48164477038383485, "sps_score_linear": 48.16447703838349, "sps_score_used": 48.16447703838349}], "best_final_est": 81.70642223180678, "iteration": 12500, "mean_t_neural_s": 0.01762683533, "mvpe": 0.0724322876892984, "mvpe_score": 96.50496239999917, "n": 640, "rel_l2": 0.08110063150525093, "rel_l2_score": 96.10299327781227, "time_score": 86.54248999999716, "tke": 0.46253291741013525, "tke_score": 81.21718844284182}
TRAIN {"angle_aug_abs_deg": 0.0, "aoa_effective_shift_abs_deg_mean": 0.9013499185442925, "aoa_meanfield_aug_fraction": 0.5, "aoa_meanfield_lambda_mean": 0.18026998192071914, "delta_penalty": 3.8356768345693124e-05, "grad_rel": 0.5154665425419808, "iteration": 12520, "loss": 0.1405601091682911, "lr": 6.144160077225995e-05, "mse": 0.00012767234211423782, "p_zero": 0.0, "point_rel": 0.07669467311352492, "residual_mse": 0.00012767234211423782, "temporal_rel": 0.8879093170166016, "tke_rel": 0.4909515231847763}
TRAIN {"angle_aug_abs_deg": 0.0, "aoa_effective_shift_abs_deg_mean": 0.7303469337522983, "aoa_meanfield_aug_fraction": 0.4125, "aoa_meanfield_lambda_mean": 0.14606938622891902, "delta_penalty": 4.024914260298828e-05, "grad_rel": 0.5111462041735649, "iteration": 12540, "loss": 0.1418139599263668, "lr": 6.115192533686303e-05, "mse": 0.00014113125107542145, "p_zero": 0.0, "point_rel": 0.07842390350997448, "residual_mse": 0.00014113125107542145, "temporal_rel": 0.8942070096731186, "tke_rel": 0.4808918938040733}
TRAIN {"angle_aug_abs_deg": 0.0, "aoa_effective_shift_abs_deg_mean": 0.7938241966068744, "aoa_meanfield_aug_fraction": 0.45, "aoa_meanfield_lambda_mean": 0.15876483991742135, "delta_penalty": 3.823948136414401e-05, "grad_rel": 0.5170200780034065, "iteration": 12560, "loss": 0.13959749080240727, "lr": 6.0862633316279384e-05, "mse": 0.00011986925155724749, "p_zero": 0.0, "point_rel": 0.07589559331536293, "residual_mse": 0.0001198692511934496, "temporal_rel": 0.894692325592041, "tke_rel": 0.4844850793480873}
TRAIN {"angle_aug_abs_deg": 0.0, "aoa_effective_shift_abs_deg_mean": 0.8004271015524864, "aoa_meanfield_aug_fraction": 0.475, "aoa_meanfield_lambda_mean": 0.1600854167714715, "delta_penalty": 4.1438749667577214e-05, "grad_rel": 0.5245198905467987, "iteration": 12580, "loss": 0.1450775071978569, "lr": 6.057372756570454e-05, "mse": 0.00014889256344758907, "p_zero": 0.0, "point_rel": 0.08134897500276565, "residual_mse": 0.00014889256490278058, "temporal_rel": 0.8860105693340301, "tke_rel": 0.48724873960018156}
TRAIN {"angle_aug_abs_deg": 0.0, "aoa_effective_shift_abs_deg_mean": 0.8481550864875317, "aoa_meanfield_aug_fraction": 0.46875, "aoa_meanfield_lambda_mean": 0.16963101774454117, "delta_penalty": 4.126081357753719e-05, "grad_rel": 0.5239771381020546, "iteration": 12600, "loss": 0.1472434937953949, "lr": 6.028521093652159e-05, "mse": 0.00015161164556047878, "p_zero": 0.0, "point_rel": 0.08279440253973007, "residual_mse": 0.00015161164410528726, "temporal_rel": 0.8863098174333572, "tke_rel": 0.49923059344291687}
TRAIN {"angle_aug_abs_deg": 0.0, "aoa_effective_shift_abs_deg_mean": 0.8799736261367798, "aoa_meanfield_aug_fraction": 0.50625, "aoa_meanfield_lambda_mean": 0.17599472403526306, "delta_penalty": 3.5912461589759916e-05, "grad_rel": 0.5156940564513206, "iteration": 12620, "loss": 0.13951408192515374, "lr": 5.999708627627319e-05, "mse": 0.00012016510154353455, "p_zero": 0.0, "point_rel": 0.07654035910964012, "residual_mse": 0.00012016510136163561, "temporal_rel": 0.8883417516946792, "tke_rel": 0.47585491091012955}
TRAIN {"angle_aug_abs_deg": 0.0, "aoa_effective_shift_abs_deg_mean": 0.871663361787796, "aoa_meanfield_aug_fraction": 0.4875, "aoa_meanfield_lambda_mean": 0.17433267161250116, "delta_penalty": 3.9982493217394224e-05, "grad_rel": 0.5168438673019409, "iteration": 12640, "loss": 0.14047155976295472, "lr": 5.970935642863339e-05, "mse": 0.00012758118518831906, "p_zero": 0.0, "point_rel": 0.07679261788725852, "residual_mse": 0.00012758118627971272, "temporal_rel": 0.893261331319809, "tke_rel": 0.4848228141665459}
TRAIN {"angle_aug_abs_deg": 0.0, "aoa_effective_shift_abs_deg_mean": 0.7054334074258805, "aoa_meanfield_aug_fraction": 0.4125, "aoa_meanfield_lambda_mean": 0.1410866815596819, "delta_penalty": 4.136217912673601e-05, "grad_rel": 0.5125642091035842, "iteration": 12660, "loss": 0.14132110700011252, "lr": 5.9422024233379654e-05, "mse": 0.00014759076530026504, "p_zero": 0.0, "point_rel": 0.07743210829794407, "residual_mse": 0.00014759076711925445, "temporal_rel": 0.892894247174263, "tke_rel": 0.48947669565677643}
TRAIN {"angle_aug_abs_deg": 0.0, "aoa_effective_shift_abs_deg_mean": 0.8442956686019898, "aoa_meanfield_aug_fraction": 0.475, "aoa_meanfield_lambda_mean": 0.16885913349688053, "delta_penalty": 3.9724434827803634e-05, "grad_rel": 0.5173138052225112, "iteration": 12680, "loss": 0.14191098660230636, "lr": 5.9135092526364746e-05, "mse": 0.00013756324497080641, "p_zero": 0.0, "point_rel": 0.07866067588329315, "residual_mse": 0.00013756324751739156, "temporal_rel": 0.8824619978666306, "tke_rel": 0.4829113110899925}
TRAIN {"angle_aug_abs_deg": 0.0, "aoa_effective_shift_abs_deg_mean": 0.8760128945112229, "aoa_meanfield_aug_fraction": 0.4875, "aoa_meanfield_lambda_mean": 0.1752025805413723, "delta_penalty": 3.8986364506854444e-05, "grad_rel": 0.5257376879453659, "iteration": 12700, "loss": 0.14467467963695527, "lr": 5.8848564139488795e-05, "mse": 0.0001404851529514417, "p_zero": 0.0, "point_rel": 0.08007127344608307, "residual_mse": 0.00014048515331523958, "temporal_rel": 0.8970890313386917, "tke_rel": 0.4960290640592575}
TRAIN {"angle_aug_abs_deg": 0.0, "aoa_effective_shift_abs_deg_mean": 0.7158475771546364, "aoa_meanfield_aug_fraction": 0.4125, "aoa_meanfield_lambda_mean": 0.1431695157662034, "delta_penalty": 4.204805190965999e-05, "grad_rel": 0.508485133945942, "iteration": 12720, "loss": 0.13748144246637822, "lr": 5.856244190067126e-05, "mse": 0.00013992530330142472, "p_zero": 0.0, "point_rel": 0.07381342053413391, "residual_mse": 0.00013992530111863743, "temporal_rel": 0.9002436131238938, "tke_rel": 0.48317700922489165}
TRAIN {"angle_aug_abs_deg": 0.0, "aoa_effective_shift_abs_deg_mean": 0.8489795893430709, "aoa_meanfield_aug_fraction": 0.46875, "aoa_meanfield_lambda_mean": 0.16979591846466063, "delta_penalty": 4.017992823719396e-05, "grad_rel": 0.5195347502827644, "iteration": 12740, "loss": 0.14410265013575554, "lr": 5.827672863382313e-05, "mse": 0.00013981786669319262, "p_zero": 0.0, "point_rel": 0.08003636673092843, "residual_mse": 0.00013981786669319262, "temporal_rel": 0.8947914868593216, "tke_rel": 0.48977946639060976}
TRAIN {"angle_aug_abs_deg": 0.0, "aoa_effective_shift_abs_deg_mean": 0.766732457280159, "aoa_meanfield_aug_fraction": 0.425, "aoa_meanfield_lambda_mean": 0.15334649067372083, "delta_penalty": 3.674084728118032e-05, "grad_rel": 0.5001134797930717, "iteration": 12760, "loss": 0.1367433827370405, "lr": 5.799142715881902e-05, "mse": 0.00012300492307986132, "p_zero": 0.0, "point_rel": 0.07349827643483878, "residual_mse": 0.00012300492271606346, "temporal_rel": 0.8890549510717392, "tke_rel": 0.4839020177721977}
TRAIN {"angle_aug_abs_deg": 0.0, "aoa_effective_shift_abs_deg_mean": 0.7797194674611092, "aoa_meanfield_aug_fraction": 0.45625, "aoa_meanfield_lambda_mean": 0.15594388954341412, "delta_penalty": 3.7912270818196704e-05, "grad_rel": 0.5126636534929275, "iteration": 12780, "loss": 0.14082478508353233, "lr": 5.770654029146934e-05, "mse": 0.00012067882616975111, "p_zero": 0.0, "point_rel": 0.07742298431694508, "residual_mse": 0.00012067882726114476, "temporal_rel": 0.8910133063793182, "tke_rel": 0.4824080616235733}
TRAIN {"angle_aug_abs_deg": 0.0, "aoa_effective_shift_abs_deg_mean": 0.8115740552544594, "aoa_meanfield_aug_fraction": 0.48125, "aoa_meanfield_lambda_mean": 0.1623148126527667, "delta_penalty": 3.812475542872562e-05, "grad_rel": 0.5129624232649803, "iteration": 12800, "loss": 0.14131793715059757, "lr": 5.742207084349238e-05, "mse": 0.00012981518038941432, "p_zero": 0.0, "point_rel": 0.07751287650316954, "residual_mse": 0.00012981517747903126, "temporal_rel": 0.8913499176502228, "tke_rel": 0.4888403877615929}
TRAIN {"angle_aug_abs_deg": 0.0, "aoa_effective_shift_abs_deg_mean": 0.8789342194795609, "aoa_meanfield_aug_fraction": 0.5, "aoa_meanfield_lambda_mean": 0.1757868479937315, "delta_penalty": 4.301874196244171e-05, "grad_rel": 0.5254379451274872, "iteration": 12820, "loss": 0.14492759704589844, "lr": 5.713802162248685e-05, "mse": 0.0001617676922251121, "p_zero": 0.0, "point_rel": 0.08111898973584175, "residual_mse": 0.00016176769368030363, "temporal_rel": 0.8889999479055405, "tke_rel": 0.48679414540529253}
TRAIN {"angle_aug_abs_deg": 0.0, "aoa_effective_shift_abs_deg_mean": 0.9008975639939308, "aoa_meanfield_aug_fraction": 0.5125, "aoa_meanfield_lambda_mean": 0.1801795123144984, "delta_penalty": 3.96634457501932e-05, "grad_rel": 0.5194318160414696, "iteration": 12840, "loss": 0.14137096814811229, "lr": 5.685439543190377e-05, "mse": 0.00012894687715743204, "p_zero": 0.0, "point_rel": 0.07777396962046623, "residual_mse": 0.00012894687642983627, "temporal_rel": 0.8863523423671722, "tke_rel": 0.486257965862751}
TRAIN {"angle_aug_abs_deg": 0.0, "aoa_effective_shift_abs_deg_mean": 0.869459442794323, "aoa_meanfield_aug_fraction": 0.49375, "aoa_meanfield_lambda_mean": 0.1738918900489807, "delta_penalty": 3.644411071945797e-05, "grad_rel": 0.5095235526561737, "iteration": 12860, "loss": 0.1400968838483095, "lr": 5.657119507101921e-05, "mse": 0.00011724770793080097, "p_zero": 0.0, "point_rel": 0.07622747458517551, "residual_mse": 0.00011724770793080097, "temporal_rel": 0.8907198935747147, "tke_rel": 0.4911509618163109}
TRAIN {"angle_aug_abs_deg": 0.0, "aoa_effective_shift_abs_deg_mean": 0.8313880264759064, "aoa_meanfield_aug_fraction": 0.4625, "aoa_meanfield_lambda_mean": 0.1662776056677103, "delta_penalty": 4.1650400362414075e-05, "grad_rel": 0.5126054361462593, "iteration": 12880, "loss": 0.1407208189368248, "lr": 5.6288423334906417e-05, "mse": 0.000140820201158931, "p_zero": 0.0, "point_rel": 0.07749787159264088, "residual_mse": 0.0001408202015227289, "temporal_rel": 0.8919307619333268, "tke_rel": 0.47888103872537613}
TRAIN {"angle_aug_abs_deg": 0.0, "aoa_effective_shift_abs_deg_mean": 0.818551579862833, "aoa_meanfield_aug_fraction": 0.4625, "aoa_meanfield_lambda_mean": 0.16371031627058982, "delta_penalty": 3.776534458665992e-05, "grad_rel": 0.5037250012159348, "iteration": 12900, "loss": 0.13637884259223937, "lr": 5.6006083014408165e-05, "mse": 0.00012189517756269196, "p_zero": 0.0, "point_rel": 0.07462415210902691, "residual_mse": 0.00012189517756269196, "temporal_rel": 0.873837673664093, "tke_rel": 0.4657726988196373}
TRAIN {"angle_aug_abs_deg": 0.0, "aoa_effective_shift_abs_deg_mean": 0.7690376013517379, "aoa_meanfield_aug_fraction": 0.43125, "aoa_meanfield_lambda_mean": 0.15380751825869082, "delta_penalty": 3.4760008111334174e-05, "grad_rel": 0.5006520301103592, "iteration": 12920, "loss": 0.13516736924648284, "lr": 5.572417689610955e-05, "mse": 0.00010572876708465628, "p_zero": 0.0, "point_rel": 0.07177796326577664, "residual_mse": 0.00010572876526566688, "temporal_rel": 0.8982243269681931, "tke_rel": 0.48167472779750825}
TRAIN {"angle_aug_abs_deg": 0.0, "aoa_effective_shift_abs_deg_mean": 0.8600780367851257, "aoa_meanfield_aug_fraction": 0.4875, "aoa_meanfield_lambda_mean": 0.17201560847461222, "delta_penalty": 4.0240543967229314e-05, "grad_rel": 0.5182738348841667, "iteration": 12940, "loss": 0.1422581896185875, "lr": 5.544270776231011e-05, "mse": 0.00013756833177467343, "p_zero": 0.0, "point_rel": 0.07939893081784248, "residual_mse": 0.00013756833213847132, "temporal_rel": 0.8888159990310669, "tke_rel": 0.4729766324162483}
TRAIN {"angle_aug_abs_deg": 0.0, "aoa_effective_shift_abs_deg_mean": 0.8812373355031013, "aoa_meanfield_aug_fraction": 0.49375, "aoa_meanfield_lambda_mean": 0.17624746896326543, "delta_penalty": 4.0798365989758165e-05, "grad_rel": 0.5276255220174789, "iteration": 12960, "loss": 0.1454267341643572, "lr": 5.516167839099651e-05, "mse": 0.00013766712927463232, "p_zero": 0.0, "point_rel": 0.08052647672593594, "residual_mse": 0.0001376671296384302, "temporal_rel": 0.8923399120569229, "tke_rel": 0.5028926968574524}
TRAIN {"angle_aug_abs_deg": 0.0, "aoa_effective_shift_abs_deg_mean": 0.853839960694313, "aoa_meanfield_aug_fraction": 0.46875, "aoa_meanfield_lambda_mean": 0.17076799757778643, "delta_penalty": 4.1784235509112475e-05, "grad_rel": 0.5261007025837898, "iteration": 12980, "loss": 0.14452507197856904, "lr": 5.488109155581521e-05, "mse": 0.0001505296033428749, "p_zero": 0.0, "point_rel": 0.07965793795883655, "residual_mse": 0.00015052960079628975, "temporal_rel": 0.8970002233982086, "tke_rel": 0.5003271341323853}
TRAIN {"angle_aug_abs_deg": 0.0, "aoa_effective_shift_abs_deg_mean": 0.7620716519653797, "aoa_meanfield_aug_fraction": 0.4375, "aoa_meanfield_lambda_mean": 0.15241433056071402, "delta_penalty": 4.179576271781116e-05, "grad_rel": 0.5095197156071662, "iteration": 13000, "loss": 0.1398871149867773, "lr": 5.460095002604505e-05, "mse": 0.00013587615976575761, "p_zero": 0.0, "point_rel": 0.0773928988724947, "residual_mse": 0.0001358761604933534, "temporal_rel": 0.8812844663858413, "tke_rel": 0.4728548303246498}
TRAIN {"angle_aug_abs_deg": 0.0, "aoa_effective_shift_abs_deg_mean": 0.8236114479601383, "aoa_meanfield_aug_fraction": 0.475, "aoa_meanfield_lambda_mean": 0.1647222876548767, "delta_penalty": 3.4935745497932656e-05, "grad_rel": 0.5040791437029839, "iteration": 13020, "loss": 0.1373689167201519, "lr": 5.4321256566569745e-05, "mse": 0.00012492853484218357, "p_zero": 0.0, "point_rel": 0.07472512517124415, "residual_mse": 0.00012492853666117297, "temporal_rel": 0.8852269262075424, "tke_rel": 0.4747936487197876}
TRAIN {"angle_aug_abs_deg": 0.0, "aoa_effective_shift_abs_deg_mean": 0.8059909462928772, "aoa_meanfield_aug_fraction": 0.475, "aoa_meanfield_lambda_mean": 0.16119818910956382, "delta_penalty": 3.6972967154724754e-05, "grad_rel": 0.5067317813634873, "iteration": 13040, "loss": 0.13838077522814274, "lr": 5.404201393785094e-05, "mse": 0.00012746795055136318, "p_zero": 0.0, "point_rel": 0.07551784832030535, "residual_mse": 0.0001274679498237674, "temporal_rel": 0.8847928017377853, "tke_rel": 0.47798641324043273}
TRAIN {"angle_aug_abs_deg": 0.0, "aoa_effective_shift_abs_deg_mean": 0.8763459458947181, "aoa_meanfield_aug_fraction": 0.5, "aoa_meanfield_lambda_mean": 0.17526918854564427, "delta_penalty": 3.8680566467519385e-05, "grad_rel": 0.5118961170315742, "iteration": 13060, "loss": 0.1395914029330015, "lr": 5.3763224895900554e-05, "mse": 0.00012492351852415594, "p_zero": 0.0, "point_rel": 0.07590996883809567, "residual_mse": 0.00012492351852415594, "temporal_rel": 0.8911807745695114, "tke_rel": 0.48715530782938005}
TRAIN {"angle_aug_abs_deg": 0.0, "aoa_effective_shift_abs_deg_mean": 0.8146081909537315, "aoa_meanfield_aug_fraction": 0.5, "aoa_meanfield_lambda_mean": 0.16292163580656052, "delta_penalty": 4.126229077883181e-05, "grad_rel": 0.5214934468269348, "iteration": 13080, "loss": 0.1422031719237566, "lr": 5.348489219225388e-05, "mse": 0.00014580587521777487, "p_zero": 0.0, "point_rel": 0.07805690690875053, "residual_mse": 0.00014580587558157276, "temporal_rel": 0.8909314006567002, "tke_rel": 0.49252265840768816}
TRAIN {"angle_aug_abs_deg": 0.0, "aoa_effective_shift_abs_deg_mean": 0.7819436267018318, "aoa_meanfield_aug_fraction": 0.45625, "aoa_meanfield_lambda_mean": 0.15638872338458895, "delta_penalty": 4.1399543442821594e-05, "grad_rel": 0.5178493738174439, "iteration": 13100, "loss": 0.14103415012359619, "lr": 5.3207018573942406e-05, "mse": 0.00014588945032301126, "p_zero": 0.0, "point_rel": 0.07745318785309792, "residual_mse": 0.00014588944995921337, "temporal_rel": 0.8911772340536117, "tke_rel": 0.4838884800672531}
TRAIN {"angle_aug_abs_deg": 0.0, "aoa_effective_shift_abs_deg_mean": 0.7895282566547394, "aoa_meanfield_aug_fraction": 0.45625, "aoa_meanfield_lambda_mean": 0.15790565088391303, "delta_penalty": 3.8311667412926906e-05, "grad_rel": 0.5132337749004364, "iteration": 13120, "loss": 0.13901598006486893, "lr": 5.2929606783466525e-05, "mse": 0.00011520209154696204, "p_zero": 0.0, "point_rel": 0.07551848627626896, "residual_mse": 0.00011520209154696204, "temporal_rel": 0.8894609391689301, "tke_rel": 0.48466391265392306}
TRAIN {"angle_aug_abs_deg": 0.0, "aoa_effective_shift_abs_deg_mean": 0.7380607917904853, "aoa_meanfield_aug_fraction": 0.425, "aoa_meanfield_lambda_mean": 0.1476121572777629, "delta_penalty": 3.756478627110482e-05, "grad_rel": 0.5022744029760361, "iteration": 13140, "loss": 0.13889921493828297, "lr": 5.265265955876853e-05, "mse": 0.0001291155112994602, "p_zero": 0.0, "point_rel": 0.07550885286182166, "residual_mse": 0.00012911551348224748, "temporal_rel": 0.8910177946090698, "tke_rel": 0.4847704738378525}
TRAIN {"angle_aug_abs_deg": 0.0, "aoa_effective_shift_abs_deg_mean": 0.6860948570072651, "aoa_meanfield_aug_fraction": 0.4, "aoa_meanfield_lambda_mean": 0.13721897024661303, "delta_penalty": 3.922808427887503e-05, "grad_rel": 0.5067299097776413, "iteration": 13160, "loss": 0.13933870792388917, "lr": 5.237617963320585e-05, "mse": 0.00012859167327405885, "p_zero": 0.0, "point_rel": 0.07550634108483792, "residual_mse": 0.00012859167545684614, "temporal_rel": 0.8955529987812042, "tke_rel": 0.4887577936053276}
TRAIN {"angle_aug_abs_deg": 0.0, "aoa_effective_shift_abs_deg_mean": 0.8146105632185936, "aoa_meanfield_aug_fraction": 0.45, "aoa_meanfield_lambda_mean": 0.16292211171239615, "delta_penalty": 3.8463850432890465e-05, "grad_rel": 0.5141516193747521, "iteration": 13180, "loss": 0.1407227024435997, "lr": 5.210016973552364e-05, "mse": 0.00012347162501100684, "p_zero": 0.0, "point_rel": 0.07694505862891673, "residual_mse": 0.00012347162573860259, "temporal_rel": 0.8915817558765411, "tke_rel": 0.4880018085241318}
TRAIN {"angle_aug_abs_deg": 0.0, "aoa_effective_shift_abs_deg_mean": 0.8252048790454865, "aoa_meanfield_aug_fraction": 0.46875, "aoa_meanfield_lambda_mean": 0.16504097282886504, "delta_penalty": 3.825967887678416e-05, "grad_rel": 0.5209335833787918, "iteration": 13200, "loss": 0.14343259744346143, "lr": 5.1824632589828194e-05, "mse": 0.00012681289608735825, "p_zero": 0.0, "point_rel": 0.08050012234598398, "residual_mse": 0.00012681289572356036, "temporal_rel": 0.888020932674408, "tke_rel": 0.4739839553833008}
TRAIN {"angle_aug_abs_deg": 0.0, "aoa_effective_shift_abs_deg_mean": 0.7973504073917865, "aoa_meanfield_aug_fraction": 0.4625, "aoa_meanfield_lambda_mean": 0.15947008337825536, "delta_penalty": 4.0380152950092454e-05, "grad_rel": 0.5162729918956757, "iteration": 13220, "loss": 0.1432514302432537, "lr": 5.154957091555996e-05, "mse": 0.0001337169869657373, "p_zero": 0.0, "point_rel": 0.07942715846002102, "residual_mse": 0.00013371698842092882, "temporal_rel": 0.8886150747537613, "tke_rel": 0.4896800726652145}
TRAIN {"angle_aug_abs_deg": 0.0, "aoa_effective_shift_abs_deg_mean": 0.7964836701750755, "aoa_meanfield_aug_fraction": 0.45, "aoa_meanfield_lambda_mean": 0.1592967364937067, "delta_penalty": 4.3612746958388014e-05, "grad_rel": 0.5248744785785675, "iteration": 13240, "loss": 0.14444114454090595, "lr": 5.127498742746654e-05, "mse": 0.00016439985229226294, "p_zero": 0.0, "point_rel": 0.08057690188288688, "residual_mse": 0.0001643998515646672, "temporal_rel": 0.8907829195261001, "tke_rel": 0.48695753067731856}
TRAIN {"angle_aug_abs_deg": 0.0, "aoa_effective_shift_abs_deg_mean": 0.6766245529055596, "aoa_meanfield_aug_fraction": 0.3875, "aoa_meanfield_lambda_mean": 0.13532491140067576, "delta_penalty": 3.847021798719652e-05, "grad_rel": 0.49969775676727296, "iteration": 13260, "loss": 0.1369985904544592, "lr": 5.10008848355761e-05, "mse": 0.00011968679773417534, "p_zero": 0.0, "point_rel": 0.07496642712503672, "residual_mse": 0.00011968679809797323, "temporal_rel": 0.8853414833545685, "tke_rel": 0.46566296815872193}
TRAIN {"angle_aug_abs_deg": 0.0, "aoa_effective_shift_abs_deg_mean": 0.7387011468410491, "aoa_meanfield_aug_fraction": 0.4125, "aoa_meanfield_lambda_mean": 0.14774022810161114, "delta_penalty": 4.2220121122227285e-05, "grad_rel": 0.5091132447123528, "iteration": 13280, "loss": 0.14129161238670349, "lr": 5.07272658451706e-05, "mse": 0.0001477098487157491, "p_zero": 0.0, "point_rel": 0.07765186317265034, "residual_mse": 0.00014770984835195123, "temporal_rel": 0.8901337236166, "tke_rel": 0.4875647097826004}
TRAIN {"angle_aug_abs_deg": 0.0, "aoa_effective_shift_abs_deg_mean": 0.7947213992476463, "aoa_meanfield_aug_fraction": 0.4375, "aoa_meanfield_lambda_mean": 0.15894428184255957, "delta_penalty": 4.301522685636883e-05, "grad_rel": 0.518526841700077, "iteration": 13300, "loss": 0.14216832146048547, "lr": 5.045413315675897e-05, "mse": 0.0001512019614892779, "p_zero": 0.0, "point_rel": 0.07881597392261028, "residual_mse": 0.00015120196221687365, "temporal_rel": 0.8867516279220581, "tke_rel": 0.48209458887577056}
TRAIN {"angle_aug_abs_deg": 0.0, "aoa_effective_shift_abs_deg_mean": 0.9805042147636414, "aoa_meanfield_aug_fraction": 0.54375, "aoa_meanfield_lambda_mean": 0.1961008433252573, "delta_penalty": 4.008706009699381e-05, "grad_rel": 0.5186052709817887, "iteration": 13320, "loss": 0.14104299955070018, "lr": 5.0181489466050644e-05, "mse": 0.00013924839076935315, "p_zero": 0.0, "point_rel": 0.07738074213266373, "residual_mse": 0.000139248391133151, "temporal_rel": 0.8905309736728668, "tke_rel": 0.48541120141744615}
TRAIN {"angle_aug_abs_deg": 0.0, "aoa_effective_shift_abs_deg_mean": 0.7271038681268692, "aoa_meanfield_aug_fraction": 0.41875, "aoa_meanfield_lambda_mean": 0.14542077593505381, "delta_penalty": 4.192545893602073e-05, "grad_rel": 0.5112579688429832, "iteration": 13340, "loss": 0.13996297121047974, "lr": 4.990933746392876e-05, "mse": 0.00014719375631102593, "p_zero": 0.0, "point_rel": 0.07631454430520535, "residual_mse": 0.00014719375776621745, "temporal_rel": 0.8929558426141739, "tke_rel": 0.48576473295688627}
TRAIN {"angle_aug_abs_deg": 0.0, "aoa_effective_shift_abs_deg_mean": 0.8641382172703743, "aoa_meanfield_aug_fraction": 0.49375, "aoa_meanfield_lambda_mean": 0.1728276375681162, "delta_penalty": 3.8892497923370686e-05, "grad_rel": 0.51563550978899, "iteration": 13360, "loss": 0.1406636994332075, "lr": 4.9637679836423646e-05, "mse": 0.0001327779717030353, "p_zero": 0.0, "point_rel": 0.07780968118458986, "residual_mse": 0.00013277797024784376, "temporal_rel": 0.885483804345131, "tke_rel": 0.4752393737435341}
TRAIN {"angle_aug_abs_deg": 0.0, "aoa_effective_shift_abs_deg_mean": 0.7480527594685554, "aoa_meanfield_aug_fraction": 0.44375, "aoa_meanfield_lambda_mean": 0.14961055358871816, "delta_penalty": 3.699583421621355e-05, "grad_rel": 0.5074909716844559, "iteration": 13380, "loss": 0.13653996177017688, "lr": 4.93665192646865e-05, "mse": 0.00011987963844148908, "p_zero": 0.0, "point_rel": 0.0739840080961585, "residual_mse": 0.00011987963844148908, "temporal_rel": 0.8857637077569962, "tke_rel": 0.4722329810261726}
TRAIN {"angle_aug_abs_deg": 0.0, "aoa_effective_shift_abs_deg_mean": 0.6793591432273388, "aoa_meanfield_aug_fraction": 0.40625, "aoa_meanfield_lambda_mean": 0.13587183067575098, "delta_penalty": 3.8845281869726024e-05, "grad_rel": 0.5145589172840118, "iteration": 13400, "loss": 0.14012994579970836, "lr": 4.909585842496261e-05, "mse": 0.00012731157530652127, "p_zero": 0.0, "point_rel": 0.07667949162423611, "residual_mse": 0.00012731157494272338, "temporal_rel": 0.8933748453855515, "tke_rel": 0.4815309464931488}
TRAIN {"angle_aug_abs_deg": 0.0, "aoa_effective_shift_abs_deg_mean": 0.7882679119706154, "aoa_meanfield_aug_fraction": 0.4375, "aoa_meanfield_lambda_mean": 0.1576535811647773, "delta_penalty": 3.8700839559169255e-05, "grad_rel": 0.5220273345708847, "iteration": 13420, "loss": 0.14371329471468924, "lr": 4.882569998856521e-05, "mse": 0.00012030735870212083, "p_zero": 0.0, "point_rel": 0.07963857874274254, "residual_mse": 0.00012030735779262613, "temporal_rel": 0.8947879940271377, "tke_rel": 0.489396633207798}
TRAIN {"angle_aug_abs_deg": 0.0, "aoa_effective_shift_abs_deg_mean": 0.844672067463398, "aoa_meanfield_aug_fraction": 0.475, "aoa_meanfield_lambda_mean": 0.16893441565334796, "delta_penalty": 3.904060840795864e-05, "grad_rel": 0.5103785842657089, "iteration": 13440, "loss": 0.13956586457788944, "lr": 4.855604662184908e-05, "mse": 0.00012641218036151257, "p_zero": 0.0, "point_rel": 0.07577454075217246, "residual_mse": 0.00012641218181670412, "temporal_rel": 0.8919173002243042, "tke_rel": 0.4889903888106346}
TRAIN {"angle_aug_abs_deg": 0.0, "aoa_effective_shift_abs_deg_mean": 0.9105207905173301, "aoa_meanfield_aug_fraction": 0.525, "aoa_meanfield_lambda_mean": 0.18210415691137313, "delta_penalty": 4.2303678492316975e-05, "grad_rel": 0.5287467822432518, "iteration": 13460, "loss": 0.14648038037121297, "lr": 4.828690098618403e-05, "mse": 0.00015427762737090233, "p_zero": 0.0, "point_rel": 0.08191358912736177, "residual_mse": 0.00015427762737090233, "temporal_rel": 0.8973958611488342, "tke_rel": 0.49444318413734434}
TRAIN {"angle_aug_abs_deg": 0.0, "aoa_effective_shift_abs_deg_mean": 0.8846164375543595, "aoa_meanfield_aug_fraction": 0.5, "aoa_meanfield_lambda_mean": 0.17692328728735446, "delta_penalty": 3.623608708949178e-05, "grad_rel": 0.5022543907165528, "iteration": 13480, "loss": 0.1375015325844288, "lr": 4.8018265737928786e-05, "mse": 0.000108257975171, "p_zero": 0.0, "point_rel": 0.07480096891522407, "residual_mse": 0.00010825797444340424, "temporal_rel": 0.8888166218996048, "tke_rel": 0.47448415905237196}
TRAIN {"angle_aug_abs_deg": 0.0, "aoa_effective_shift_abs_deg_mean": 0.7734883561730385, "aoa_meanfield_aug_fraction": 0.44375, "aoa_meanfield_lambda_mean": 0.15469767209142446, "delta_penalty": 4.120910716665094e-05, "grad_rel": 0.517066216468811, "iteration": 13500, "loss": 0.14035167843103408, "lr": 4.775014352840488e-05, "mse": 0.00013272940195747652, "p_zero": 0.0, "point_rel": 0.07709490694105625, "residual_mse": 0.00013272940086608286, "temporal_rel": 0.8943399369716645, "tke_rel": 0.47716566175222397}
TRAIN {"angle_aug_abs_deg": 0.0, "aoa_effective_shift_abs_deg_mean": 0.8834507465362549, "aoa_meanfield_aug_fraction": 0.4875, "aoa_meanfield_lambda_mean": 0.17669015116989611, "delta_penalty": 4.038593178847805e-05, "grad_rel": 0.5213086485862732, "iteration": 13520, "loss": 0.1429361768066883, "lr": 4.748253700387021e-05, "mse": 0.00014589986712962855, "p_zero": 0.0, "point_rel": 0.07912645898759366, "residual_mse": 0.00014589986640203278, "temporal_rel": 0.8907777428627014, "tke_rel": 0.4870362803339958}
TRAIN {"angle_aug_abs_deg": 0.0, "aoa_effective_shift_abs_deg_mean": 0.7836906060576438, "aoa_meanfield_aug_fraction": 0.45625, "aoa_meanfield_lambda_mean": 0.15673812068998813, "delta_penalty": 4.029037399959634e-05, "grad_rel": 0.5143458545207977, "iteration": 13540, "loss": 0.14065257608890533, "lr": 4.721544880549312e-05, "mse": 0.0001322474849075661, "p_zero": 0.0, "point_rel": 0.07638036534190178, "residual_mse": 0.0001322474849075661, "temporal_rel": 0.8966637432575226, "tke_rel": 0.4936105579137802}
TRAIN {"angle_aug_abs_deg": 0.0, "aoa_effective_shift_abs_deg_mean": 0.8298006758093834, "aoa_meanfield_aug_fraction": 0.48125, "aoa_meanfield_lambda_mean": 0.1659601407125592, "delta_penalty": 3.927301713702036e-05, "grad_rel": 0.5165985077619553, "iteration": 13560, "loss": 0.14043363854289054, "lr": 4.694888156932638e-05, "mse": 0.00013450265832943843, "p_zero": 0.0, "point_rel": 0.07658843584358692, "residual_mse": 0.00013450265760184266, "temporal_rel": 0.8898094892501831, "tke_rel": 0.48934680223464966}
TRAIN {"angle_aug_abs_deg": 0.0, "aoa_effective_shift_abs_deg_mean": 0.8229722626507282, "aoa_meanfield_aug_fraction": 0.45625, "aoa_meanfield_lambda_mean": 0.1645944518968463, "delta_penalty": 3.863388037643745e-05, "grad_rel": 0.5125711038708687, "iteration": 13580, "loss": 0.14008164182305335, "lr": 4.668283792628092e-05, "mse": 0.00012778024201907102, "p_zero": 0.0, "point_rel": 0.07684295065701008, "residual_mse": 0.00012778024165527313, "temporal_rel": 0.8920539617538452, "tke_rel": 0.47915669083595275}
TRAIN {"angle_aug_abs_deg": 0.0, "aoa_effective_shift_abs_deg_mean": 0.9216246396303177, "aoa_meanfield_aug_fraction": 0.50625, "aoa_meanfield_lambda_mean": 0.1843249298632145, "delta_penalty": 4.1527773737470854e-05, "grad_rel": 0.5164555475115776, "iteration": 13600, "loss": 0.14049651138484479, "lr": 4.6417320502100106e-05, "mse": 0.0001327244486674317, "p_zero": 0.0, "point_rel": 0.07739229612052441, "residual_mse": 0.00013272444939502748, "temporal_rel": 0.8882907837629318, "tke_rel": 0.4778002202510834}
TRAIN {"angle_aug_abs_deg": 0.0, "aoa_effective_shift_abs_deg_mean": 0.7059715487062931, "aoa_meanfield_aug_fraction": 0.43125, "aoa_meanfield_lambda_mean": 0.14119431134313346, "delta_penalty": 3.914255312338355e-05, "grad_rel": 0.5128162503242493, "iteration": 13620, "loss": 0.1410327848047018, "lr": 4.615233191733373e-05, "mse": 0.00012668006747844628, "p_zero": 0.0, "point_rel": 0.0779630795121193, "residual_mse": 0.00012668006929743568, "temporal_rel": 0.8926232874393463, "tke_rel": 0.47599962055683137}
TRAIN {"angle_aug_abs_deg": 0.0, "aoa_effective_shift_abs_deg_mean": 0.908461619913578, "aoa_meanfield_aug_fraction": 0.51875, "aoa_meanfield_lambda_mean": 0.18169232048094272, "delta_penalty": 3.9788127651263494e-05, "grad_rel": 0.5082180753350258, "iteration": 13640, "loss": 0.1374407045543194, "lr": 4.5887874787312185e-05, "mse": 0.00014836437530902914, "p_zero": 0.0, "point_rel": 0.07473063617944717, "residual_mse": 0.00014836437640042277, "temporal_rel": 0.8828734785318375, "tke_rel": 0.47592146694660187}
TRAIN {"angle_aug_abs_deg": 0.0, "aoa_effective_shift_abs_deg_mean": 0.8463876381516456, "aoa_meanfield_aug_fraction": 0.48125, "aoa_meanfield_lambda_mean": 0.16927752066403629, "delta_penalty": 3.884757452397025e-05, "grad_rel": 0.5104691863059998, "iteration": 13660, "loss": 0.13963383473455906, "lr": 4.56239517221205e-05, "mse": 0.00011977336507698055, "p_zero": 0.0, "point_rel": 0.07642552461475134, "residual_mse": 0.00011977336507698055, "temporal_rel": 0.8903933525085449, "tke_rel": 0.48004610389471053}
TRAIN {"angle_aug_abs_deg": 0.0, "aoa_effective_shift_abs_deg_mean": 0.7650311559438705, "aoa_meanfield_aug_fraction": 0.425, "aoa_meanfield_lambda_mean": 0.1530062284320593, "delta_penalty": 3.83306266485306e-05, "grad_rel": 0.5070617079734803, "iteration": 13680, "loss": 0.13857372291386127, "lr": 4.536056532657286e-05, "mse": 0.00013761431673628977, "p_zero": 0.0, "point_rel": 0.07541091404855252, "residual_mse": 0.0001376143181914813, "temporal_rel": 0.8873797655105591, "tke_rel": 0.48155735731124877}
TRAIN {"angle_aug_abs_deg": 0.0, "aoa_effective_shift_abs_deg_mean": 0.8788864895701408, "aoa_meanfield_aug_fraction": 0.49375, "aoa_meanfield_lambda_mean": 0.17577729653567076, "delta_penalty": 4.243280554874218e-05, "grad_rel": 0.5210624605417251, "iteration": 13700, "loss": 0.14375254064798354, "lr": 4.50977182001866e-05, "mse": 0.00015573568634863477, "p_zero": 0.0, "point_rel": 0.08025939837098121, "residual_mse": 0.00015573568634863477, "temporal_rel": 0.8882981777191162, "tke_rel": 0.4830115497112274}
TRAIN {"angle_aug_abs_deg": 0.0, "aoa_effective_shift_abs_deg_mean": 0.7103338643908501, "aoa_meanfield_aug_fraction": 0.4, "aoa_meanfield_lambda_mean": 0.14206677433103324, "delta_penalty": 3.7409336164273556e-05, "grad_rel": 0.5116222023963928, "iteration": 13720, "loss": 0.13751215487718582, "lr": 4.483541293715675e-05, "mse": 0.00011871318483827053, "p_zero": 0.0, "point_rel": 0.07502745036035777, "residual_mse": 0.00011871318611156312, "temporal_rel": 0.8793124169111252, "tke_rel": 0.473244009912014}
TRAIN {"angle_aug_abs_deg": 0.0, "aoa_effective_shift_abs_deg_mean": 0.7576480187475682, "aoa_meanfield_aug_fraction": 0.45, "aoa_meanfield_lambda_mean": 0.15152960624545814, "delta_penalty": 3.597207014536252e-05, "grad_rel": 0.5012399092316627, "iteration": 13740, "loss": 0.13545614220201968, "lr": 4.457365212633039e-05, "mse": 0.00010973732951242709, "p_zero": 0.0, "point_rel": 0.07243183590471744, "residual_mse": 0.00010973732660204404, "temporal_rel": 0.8925763487815856, "tke_rel": 0.47824632823467256}
TRAIN {"angle_aug_abs_deg": 0.0, "aoa_effective_shift_abs_deg_mean": 0.695177873969078, "aoa_meanfield_aug_fraction": 0.41875, "aoa_meanfield_lambda_mean": 0.13903557248413562, "delta_penalty": 3.768915303226095e-05, "grad_rel": 0.5114767044782639, "iteration": 13760, "loss": 0.138838928937912, "lr": 4.431243835118096e-05, "mse": 0.00012553903306979918, "p_zero": 0.0, "point_rel": 0.07568983789533376, "residual_mse": 0.00012553903234220344, "temporal_rel": 0.8912595778703689, "tke_rel": 0.47834562957286836}
TRAIN {"angle_aug_abs_deg": 0.0, "aoa_effective_shift_abs_deg_mean": 0.7820896491408348, "aoa_meanfield_aug_fraction": 0.45625, "aoa_meanfield_lambda_mean": 0.15641792975366114, "delta_penalty": 3.8495915850944586e-05, "grad_rel": 0.5118045389652253, "iteration": 13780, "loss": 0.14030534625053406, "lr": 4.405177418978308e-05, "mse": 0.00011892951770278159, "p_zero": 0.0, "point_rel": 0.07656182311475276, "residual_mse": 0.00011892951624759007, "temporal_rel": 0.8945921897888184, "tke_rel": 0.48653735518455504}
TRAIN {"angle_aug_abs_deg": 0.0, "aoa_effective_shift_abs_deg_mean": 0.8201671063899993, "aoa_meanfield_aug_fraction": 0.48125, "aoa_meanfield_lambda_mean": 0.16403342168778182, "delta_penalty": 4.360516195447417e-05, "grad_rel": 0.5149185255169868, "iteration": 13800, "loss": 0.14260467737913132, "lr": 4.3791662214786724e-05, "mse": 0.00014986745518399402, "p_zero": 0.0, "point_rel": 0.07971471734344959, "residual_mse": 0.00014986745663918554, "temporal_rel": 0.8812000453472137, "tke_rel": 0.4780725076794624}
TRAIN {"angle_aug_abs_deg": 0.0, "aoa_effective_shift_abs_deg_mean": 0.7649111405014992, "aoa_meanfield_aug_fraction": 0.425, "aoa_meanfield_lambda_mean": 0.1529822301119566, "delta_penalty": 3.7850150238227795e-05, "grad_rel": 0.5111729517579079, "iteration": 13820, "loss": 0.1392771378159523, "lr": 4.353210499339208e-05, "mse": 0.00012715955053863582, "p_zero": 0.0, "point_rel": 0.07603086940944195, "residual_mse": 0.00012715955035673686, "temporal_rel": 0.886633425951004, "tke_rel": 0.4823461890220642}
TRAIN {"angle_aug_abs_deg": 0.0, "aoa_effective_shift_abs_deg_mean": 0.8571540653705597, "aoa_meanfield_aug_fraction": 0.49375, "aoa_meanfield_lambda_mean": 0.17143081352114678, "delta_penalty": 4.155065644226852e-05, "grad_rel": 0.5239252671599388, "iteration": 13840, "loss": 0.14506418742239474, "lr": 4.327310508732413e-05, "mse": 0.0001302311819017632, "p_zero": 0.0, "point_rel": 0.08112476766109467, "residual_mse": 0.00013023118408455047, "temporal_rel": 0.8918923258781433, "tke_rel": 0.48806457221508026}
TRAIN {"angle_aug_abs_deg": 0.0, "aoa_effective_shift_abs_deg_mean": 0.8270503863692283, "aoa_meanfield_aug_fraction": 0.46875, "aoa_meanfield_lambda_mean": 0.1654100764542818, "delta_penalty": 4.0663898926140976e-05, "grad_rel": 0.515284052491188, "iteration": 13860, "loss": 0.13922470360994338, "lr": 4.3014665052807406e-05, "mse": 0.00013183588598622009, "p_zero": 0.0, "point_rel": 0.07610807307064534, "residual_mse": 0.00013183588707761374, "temporal_rel": 0.892276668548584, "tke_rel": 0.47631178647279737}
TRAIN {"angle_aug_abs_deg": 0.0, "aoa_effective_shift_abs_deg_mean": 0.7290308922529221, "aoa_meanfield_aug_fraction": 0.4375, "aoa_meanfield_lambda_mean": 0.1458061758428812, "delta_penalty": 3.9471648960898165e-05, "grad_rel": 0.5156851276755333, "iteration": 13880, "loss": 0.1428164504468441, "lr": 4.27567874405407e-05, "mse": 0.00013129788712831214, "p_zero": 0.0, "point_rel": 0.0790635073557496, "residual_mse": 0.0001312978854912217, "temporal_rel": 0.8928386270999908, "tke_rel": 0.48653882145881655}
TRAIN {"angle_aug_abs_deg": 0.0, "aoa_effective_shift_abs_deg_mean": 0.841507013887167, "aoa_meanfield_aug_fraction": 0.4875, "aoa_meanfield_lambda_mean": 0.16830140594393014, "delta_penalty": 3.886373897330486e-05, "grad_rel": 0.5207536682486534, "iteration": 13900, "loss": 0.14198293834924697, "lr": 4.249947479567195e-05, "mse": 0.0001342823381492053, "p_zero": 0.0, "point_rel": 0.07785090059041977, "residual_mse": 0.00013428233833110426, "temporal_rel": 0.8923451989889145, "tke_rel": 0.4918219819664955}
TRAIN {"angle_aug_abs_deg": 0.0, "aoa_effective_shift_abs_deg_mean": 0.8974130243062973, "aoa_meanfield_aug_fraction": 0.51875, "aoa_meanfield_lambda_mean": 0.1794826030731201, "delta_penalty": 4.479916487980518e-05, "grad_rel": 0.5155671060085296, "iteration": 13920, "loss": 0.1421860571950674, "lr": 4.224272965777307e-05, "mse": 0.0001502070947026368, "p_zero": 0.0, "point_rel": 0.07894229367375374, "residual_mse": 0.0001502070932474453, "temporal_rel": 0.8869078516960144, "tke_rel": 0.4809510588645935}
TRAIN {"angle_aug_abs_deg": 0.0, "aoa_effective_shift_abs_deg_mean": 0.678416621685028, "aoa_meanfield_aug_fraction": 0.40625, "aoa_meanfield_lambda_mean": 0.13568332679569722, "delta_penalty": 4.16316771406855e-05, "grad_rel": 0.5079805672168731, "iteration": 13940, "loss": 0.13832515329122544, "lr": 4.198655456081487e-05, "mse": 0.00012838130514865044, "p_zero": 0.0, "point_rel": 0.07547761369496583, "residual_mse": 0.0001283813036934589, "temporal_rel": 0.8888389676809311, "tke_rel": 0.4753886267542839}
TRAIN {"angle_aug_abs_deg": 0.0, "aoa_effective_shift_abs_deg_mean": 0.659392063319683, "aoa_meanfield_aug_fraction": 0.4, "aoa_meanfield_lambda_mean": 0.13187841214239598, "delta_penalty": 3.977088890678715e-05, "grad_rel": 0.5049885779619216, "iteration": 13960, "loss": 0.1373503502458334, "lr": 4.173095203314223e-05, "mse": 0.0001318923710641684, "p_zero": 0.0, "point_rel": 0.07512322179973126, "residual_mse": 0.0001318923707003705, "temporal_rel": 0.8831973493099212, "tke_rel": 0.4686003282666206}
TRAIN {"angle_aug_abs_deg": 0.0, "aoa_effective_shift_abs_deg_mean": 1.0078903906047345, "aoa_meanfield_aug_fraction": 0.575, "aoa_meanfield_lambda_mean": 0.20157807609066367, "delta_penalty": 4.0504355183657026e-05, "grad_rel": 0.5256226733326912, "iteration": 13980, "loss": 0.1440115559846163, "lr": 4.147592459744885e-05, "mse": 0.00014672204360977048, "p_zero": 0.0, "point_rel": 0.08063268046826125, "residual_mse": 0.00014672204360977048, "temporal_rel": 0.8880085945129395, "tke_rel": 0.4801574647426605}
TRAIN {"angle_aug_abs_deg": 0.0, "aoa_effective_shift_abs_deg_mean": 0.8769973464310169, "aoa_meanfield_aug_fraction": 0.50625, "aoa_meanfield_lambda_mean": 0.17539947014302015, "delta_penalty": 3.953273890147102e-05, "grad_rel": 0.5147930458188057, "iteration": 14000, "loss": 0.14231254607439042, "lr": 4.1221474770752535e-05, "mse": 0.0001272106130272732, "p_zero": 0.0, "point_rel": 0.07891860287636518, "residual_mse": 0.0001272106130272732, "temporal_rel": 0.8924167692661286, "tke_rel": 0.48100982904434203}
TRAIN {"angle_aug_abs_deg": 0.0, "aoa_effective_shift_abs_deg_mean": 0.9146221160888672, "aoa_meanfield_aug_fraction": 0.50625, "aoa_meanfield_lambda_mean": 0.1829244215041399, "delta_penalty": 4.132079056944349e-05, "grad_rel": 0.5214848011732102, "iteration": 14020, "loss": 0.14114725776016712, "lr": 4.0967605064370395e-05, "mse": 0.00014975785124988762, "p_zero": 0.0, "point_rel": 0.0781606175005436, "residual_mse": 0.00014975785088608973, "temporal_rel": 0.8877772927284241, "tke_rel": 0.4747549116611481}
TRAIN {"angle_aug_abs_deg": 0.0, "aoa_effective_shift_abs_deg_mean": 0.8176541924476624, "aoa_meanfield_aug_fraction": 0.4625, "aoa_meanfield_lambda_mean": 0.16353084091097117, "delta_penalty": 3.8720575776096664e-05, "grad_rel": 0.5109063729643821, "iteration": 14040, "loss": 0.13954228349030018, "lr": 4.07143179838939e-05, "mse": 0.00012081542445230298, "p_zero": 0.0, "point_rel": 0.07619756069034338, "residual_mse": 0.00012081542336090933, "temporal_rel": 0.8925736337900162, "tke_rel": 0.481115049123764}
TRAIN {"angle_aug_abs_deg": 0.0, "aoa_effective_shift_abs_deg_mean": 0.7425545185804368, "aoa_meanfield_aug_fraction": 0.425, "aoa_meanfield_lambda_mean": 0.14851090731099248, "delta_penalty": 3.988073440268636e-05, "grad_rel": 0.5173497661948204, "iteration": 14060, "loss": 0.14273721762001515, "lr": 4.046161602916432e-05, "mse": 0.00014144411898087128, "p_zero": 0.0, "point_rel": 0.07881681434810162, "residual_mse": 0.0001414441222550522, "temporal_rel": 0.8943257302045822, "tke_rel": 0.4881192997097969}
TRAIN {"angle_aug_abs_deg": 0.0, "aoa_effective_shift_abs_deg_mean": 0.7306390061974526, "aoa_meanfield_aug_fraction": 0.43125, "aoa_meanfield_lambda_mean": 0.1461278036236763, "delta_penalty": 3.7799620076839344e-05, "grad_rel": 0.5031646490097046, "iteration": 14080, "loss": 0.13710284195840358, "lr": 4.020950169424796e-05, "mse": 0.0001155067133367993, "p_zero": 0.0, "point_rel": 0.0748346583917737, "residual_mse": 0.0001155067133367993, "temporal_rel": 0.8850842595100403, "tke_rel": 0.46887962371110914}
TRAIN {"angle_aug_abs_deg": 0.0, "aoa_effective_shift_abs_deg_mean": 0.8060604870319367, "aoa_meanfield_aug_fraction": 0.475, "aoa_meanfield_lambda_mean": 0.16121209785342216, "delta_penalty": 4.470628409762867e-05, "grad_rel": 0.5229617267847061, "iteration": 14100, "loss": 0.14136114567518235, "lr": 3.995797746741147e-05, "mse": 0.00014905925490893424, "p_zero": 0.0, "point_rel": 0.07876042332500219, "residual_mse": 0.00014905925454513635, "temporal_rel": 0.8841417104005813, "tke_rel": 0.46977390348911285}
TRAIN {"angle_aug_abs_deg": 0.0, "aoa_effective_shift_abs_deg_mean": 0.8264225281774997, "aoa_meanfield_aug_fraction": 0.475, "aoa_meanfield_lambda_mean": 0.1652845060452819, "delta_penalty": 4.000887047368451e-05, "grad_rel": 0.5116049915552139, "iteration": 14120, "loss": 0.1402620177716017, "lr": 3.970704583109738e-05, "mse": 0.00013515634782379493, "p_zero": 0.0, "point_rel": 0.07723750397562981, "residual_mse": 0.00013515634891518856, "temporal_rel": 0.8864187568426132, "tke_rel": 0.4786089092493057}
TRAIN {"angle_aug_abs_deg": 0.0, "aoa_effective_shift_abs_deg_mean": 0.8027539402246475, "aoa_meanfield_aug_fraction": 0.44375, "aoa_meanfield_lambda_mean": 0.16055078580975532, "delta_penalty": 3.5936407221015544e-05, "grad_rel": 0.5050918117165566, "iteration": 14140, "loss": 0.1370933808386326, "lr": 3.9456709261899723e-05, "mse": 0.0001183150463475613, "p_zero": 0.0, "point_rel": 0.07459698282182217, "residual_mse": 0.0001183150463475613, "temporal_rel": 0.8808028250932693, "tke_rel": 0.47432874143123627}
TRAIN {"angle_aug_abs_deg": 0.0, "aoa_effective_shift_abs_deg_mean": 0.8113846212625504, "aoa_meanfield_aug_fraction": 0.475, "aoa_meanfield_lambda_mean": 0.1622769210487604, "delta_penalty": 3.858051350107417e-05, "grad_rel": 0.5151903435587883, "iteration": 14160, "loss": 0.1421067427843809, "lr": 3.920697023053931e-05, "mse": 0.00012042799025948625, "p_zero": 0.0, "point_rel": 0.07785217389464379, "residual_mse": 0.00012042798953189049, "temporal_rel": 0.8977696150541306, "tke_rel": 0.49261214435100553}
TRAIN {"angle_aug_abs_deg": 0.0, "aoa_effective_shift_abs_deg_mean": 0.7008087337017059, "aoa_meanfield_aug_fraction": 0.4125, "aoa_meanfield_lambda_mean": 0.14016174711287022, "delta_penalty": 3.829859479083097e-05, "grad_rel": 0.5067361623048783, "iteration": 14180, "loss": 0.13858366757631302, "lr": 3.895783120183962e-05, "mse": 0.00012612094596988754, "p_zero": 0.0, "point_rel": 0.0748788833618164, "residual_mse": 0.00012612094633368542, "temporal_rel": 0.8929878383874893, "tke_rel": 0.48792509734630585}
TRAIN {"angle_aug_abs_deg": 0.0, "aoa_effective_shift_abs_deg_mean": 0.7425733417272568, "aoa_meanfield_aug_fraction": 0.41875, "aoa_meanfield_lambda_mean": 0.1485146636143327, "delta_penalty": 3.800889535341412e-05, "grad_rel": 0.51386758685112, "iteration": 14200, "loss": 0.13903104700148106, "lr": 3.870929463470224e-05, "mse": 0.00011692588504956803, "p_zero": 0.0, "point_rel": 0.07559248339384794, "residual_mse": 0.0001169258872323553, "temporal_rel": 0.8932811349630356, "tke_rel": 0.48160460591316223}
TRAIN {"angle_aug_abs_deg": 0.0, "aoa_effective_shift_abs_deg_mean": 0.7287406049668789, "aoa_meanfield_aug_fraction": 0.40625, "aoa_meanfield_lambda_mean": 0.14574811961501838, "delta_penalty": 4.065197063027881e-05, "grad_rel": 0.5077201366424561, "iteration": 14220, "loss": 0.13831593841314316, "lr": 3.846136298208269e-05, "mse": 0.00013778263128187972, "p_zero": 0.0, "point_rel": 0.07407769858837128, "residual_mse": 0.00013778263055428397, "temporal_rel": 0.8948638558387756, "tke_rel": 0.4955728992819786}
TRAIN {"angle_aug_abs_deg": 0.0, "aoa_effective_shift_abs_deg_mean": 0.91221814006567, "aoa_meanfield_aug_fraction": 0.50625, "aoa_meanfield_lambda_mean": 0.18244363311678172, "delta_penalty": 4.1312144821858966e-05, "grad_rel": 0.5175806239247323, "iteration": 14240, "loss": 0.14262004420161248, "lr": 3.821403869096642e-05, "mse": 0.00013895572192268446, "p_zero": 0.0, "point_rel": 0.07906205989420415, "residual_mse": 0.00013895572083129083, "temporal_rel": 0.8879395127296448, "tke_rel": 0.4852262601256371}
TRAIN {"angle_aug_abs_deg": 0.0, "aoa_effective_shift_abs_deg_mean": 0.8247211292386055, "aoa_meanfield_aug_fraction": 0.4625, "aoa_meanfield_lambda_mean": 0.16494423039257528, "delta_penalty": 3.754731369554065e-05, "grad_rel": 0.5062557756900787, "iteration": 14260, "loss": 0.13808696381747723, "lr": 3.796732420234426e-05, "mse": 0.00012593456503964262, "p_zero": 0.0, "point_rel": 0.07587779574096203, "residual_mse": 0.00012593456503964262, "temporal_rel": 0.8829043090343476, "tke_rel": 0.4681611776351929}
TRAIN {"angle_aug_abs_deg": 0.0, "aoa_effective_shift_abs_deg_mean": 0.763277830183506, "aoa_meanfield_aug_fraction": 0.425, "aoa_meanfield_lambda_mean": 0.15265556052327156, "delta_penalty": 3.6896611345582644e-05, "grad_rel": 0.5000592783093453, "iteration": 14280, "loss": 0.1353503666818142, "lr": 3.772122195118856e-05, "mse": 0.00011516349004523364, "p_zero": 0.0, "point_rel": 0.07361065484583378, "residual_mse": 0.00011516348895383999, "temporal_rel": 0.8804009854793549, "tke_rel": 0.46319176256656647}
TRAIN {"angle_aug_abs_deg": 0.0, "aoa_effective_shift_abs_deg_mean": 0.8809068150818348, "aoa_meanfield_aug_fraction": 0.4875, "aoa_meanfield_lambda_mean": 0.17618136182427407, "delta_penalty": 3.884093821397983e-05, "grad_rel": 0.5173942476511002, "iteration": 14300, "loss": 0.14106866009533406, "lr": 3.74757343664293e-05, "mse": 0.0001347627450741129, "p_zero": 0.0, "point_rel": 0.07770705092698335, "residual_mse": 0.00013476274471031503, "temporal_rel": 0.8918786406517029, "tke_rel": 0.4800522029399872}
TRAIN {"angle_aug_abs_deg": 0.0, "aoa_effective_shift_abs_deg_mean": 0.936382845044136, "aoa_meanfield_aug_fraction": 0.5375, "aoa_meanfield_lambda_mean": 0.18727657198905945, "delta_penalty": 3.987256577602239e-05, "grad_rel": 0.5089764729142189, "iteration": 14320, "loss": 0.13814809173345566, "lr": 3.723086387092978e-05, "mse": 0.00012856267276220023, "p_zero": 0.0, "point_rel": 0.07505707666277886, "residual_mse": 0.00012856267312599812, "temporal_rel": 0.8907025963068008, "tke_rel": 0.47826542258262633}
TRAIN {"angle_aug_abs_deg": 0.0, "aoa_effective_shift_abs_deg_mean": 0.7742908529937267, "aoa_meanfield_aug_fraction": 0.4625, "aoa_meanfield_lambda_mean": 0.1548581685870886, "delta_penalty": 3.713691457960522e-05, "grad_rel": 0.5133105099201203, "iteration": 14340, "loss": 0.13839698508381842, "lr": 3.6986612881462874e-05, "mse": 0.0001151229438619339, "p_zero": 0.0, "point_rel": 0.07543966546654701, "residual_mse": 0.00011512294458952965, "temporal_rel": 0.8884481728076935, "tke_rel": 0.47614899426698687}
TRAIN {"angle_aug_abs_deg": 0.0, "aoa_effective_shift_abs_deg_mean": 0.8500628307461738, "aoa_meanfield_aug_fraction": 0.5, "aoa_meanfield_lambda_mean": 0.17001256570219994, "delta_penalty": 4.190138843114255e-05, "grad_rel": 0.5116077691316605, "iteration": 14360, "loss": 0.14092440567910672, "lr": 3.674298380868736e-05, "mse": 0.00014780169585719704, "p_zero": 0.0, "point_rel": 0.07700801026076079, "residual_mse": 0.00014780169549339918, "temporal_rel": 0.8909897744655609, "tke_rel": 0.4911234945058823}
TRAIN {"angle_aug_abs_deg": 0.0, "aoa_effective_shift_abs_deg_mean": 0.9133486658334732, "aoa_meanfield_aug_fraction": 0.5125, "aoa_meanfield_lambda_mean": 0.18266973681747914, "delta_penalty": 3.993064583482919e-05, "grad_rel": 0.5145132526755333, "iteration": 14380, "loss": 0.13938175328075886, "lr": 3.649997905712377e-05, "mse": 0.00013164440642867702, "p_zero": 0.0, "point_rel": 0.07562238164246082, "residual_mse": 0.00013164440606487914, "temporal_rel": 0.8879841327667236, "tke_rel": 0.4893642783164978}
TRAIN {"angle_aug_abs_deg": 0.0, "aoa_effective_shift_abs_deg_mean": 0.767857038974762, "aoa_meanfield_aug_fraction": 0.43125, "aoa_meanfield_lambda_mean": 0.15357140861451626, "delta_penalty": 3.990565210187924e-05, "grad_rel": 0.5142668202519417, "iteration": 14400, "loss": 0.14032782278954983, "lr": 3.625760102513082e-05, "mse": 0.0001263589512745966, "p_zero": 0.0, "point_rel": 0.0771607557311654, "residual_mse": 0.0001263589498194051, "temporal_rel": 0.8954792529344558, "tke_rel": 0.47583298683166503}
TRAIN {"angle_aug_abs_deg": 0.0, "aoa_effective_shift_abs_deg_mean": 0.7794065572321415, "aoa_meanfield_aug_fraction": 0.4375, "aoa_meanfield_lambda_mean": 0.15588130801916122, "delta_penalty": 3.811886590483482e-05, "grad_rel": 0.5088213518261909, "iteration": 14420, "loss": 0.1383706584572792, "lr": 3.601585210488198e-05, "mse": 0.00011986815388809191, "p_zero": 0.0, "point_rel": 0.07509898226708174, "residual_mse": 0.00011986815497948556, "temporal_rel": 0.890372559428215, "tke_rel": 0.4815242990851402}
TRAIN {"angle_aug_abs_deg": 0.0, "aoa_effective_shift_abs_deg_mean": 0.7521726310253143, "aoa_meanfield_aug_fraction": 0.44375, "aoa_meanfield_lambda_mean": 0.1504345272667706, "delta_penalty": 4.339929319030489e-05, "grad_rel": 0.517763939499855, "iteration": 14440, "loss": 0.14258330687880516, "lr": 3.57747346823414e-05, "mse": 0.00015013619122328237, "p_zero": 0.0, "point_rel": 0.07923022247850894, "residual_mse": 0.0001501361904956866, "temporal_rel": 0.887146458029747, "tke_rel": 0.48210538923740387}
TRAIN {"angle_aug_abs_deg": 0.0, "aoa_effective_shift_abs_deg_mean": 0.8370135687291622, "aoa_meanfield_aug_fraction": 0.46875, "aoa_meanfield_lambda_mean": 0.16740271560847758, "delta_penalty": 4.104969711988815e-05, "grad_rel": 0.5172740995883942, "iteration": 14460, "loss": 0.14239300675690175, "lr": 3.553425113724069e-05, "mse": 0.0001321022522461135, "p_zero": 0.0, "point_rel": 0.07821791991591454, "residual_mse": 0.0001321022522461135, "temporal_rel": 0.8939341694116593, "tke_rel": 0.4926250442862511}
TRAIN {"angle_aug_abs_deg": 0.0, "aoa_effective_shift_abs_deg_mean": 0.7614557072520256, "aoa_meanfield_aug_fraction": 0.44375, "aoa_meanfield_lambda_mean": 0.15229114284738898, "delta_penalty": 3.6562601781042756e-05, "grad_rel": 0.5113188952207566, "iteration": 14480, "loss": 0.13718390129506589, "lr": 3.529440384305542e-05, "mse": 0.00010852793529920745, "p_zero": 0.0, "point_rel": 0.07461788840591907, "residual_mse": 0.00010852793748199474, "temporal_rel": 0.8877035617828369, "tke_rel": 0.470530566573143}
TRAIN {"angle_aug_abs_deg": 0.0, "aoa_effective_shift_abs_deg_mean": 0.8323427453637123, "aoa_meanfield_aug_fraction": 0.48125, "aoa_meanfield_lambda_mean": 0.16646855212748052, "delta_penalty": 4.350616591182188e-05, "grad_rel": 0.5199335470795632, "iteration": 14500, "loss": 0.1422371692955494, "lr": 3.505519516698148e-05, "mse": 0.00015237065636029002, "p_zero": 0.0, "point_rel": 0.07886955328285694, "residual_mse": 0.00015237065636029002, "temporal_rel": 0.8889917075634003, "tke_rel": 0.48087134063243864}
TRAIN {"angle_aug_abs_deg": 0.0, "aoa_effective_shift_abs_deg_mean": 0.8764182277023792, "aoa_meanfield_aug_fraction": 0.49375, "aoa_meanfield_lambda_mean": 0.17528364155441523, "delta_penalty": 3.878285469909315e-05, "grad_rel": 0.5137269139289856, "iteration": 14520, "loss": 0.1394548539072275, "lr": 3.481662746991196e-05, "mse": 0.00012202754751342582, "p_zero": 0.0, "point_rel": 0.07635071463882923, "residual_mse": 0.00012202754915051628, "temporal_rel": 0.8891045570373535, "tke_rel": 0.4781286209821701}
TRAIN {"angle_aug_abs_deg": 0.0, "aoa_effective_shift_abs_deg_mean": 0.8573919527232647, "aoa_meanfield_aug_fraction": 0.4875, "aoa_meanfield_lambda_mean": 0.1714783912524581, "delta_penalty": 4.2003752696473384e-05, "grad_rel": 0.5153270915150643, "iteration": 14540, "loss": 0.14084495082497597, "lr": 3.457870310641375e-05, "mse": 0.00014127890390227548, "p_zero": 0.0, "point_rel": 0.07731399536132813, "residual_mse": 0.0001412789035384776, "temporal_rel": 0.8916692137718201, "tke_rel": 0.4834625154733658}
TRAIN {"angle_aug_abs_deg": 0.0, "aoa_effective_shift_abs_deg_mean": 0.8566376686096191, "aoa_meanfield_aug_fraction": 0.46875, "aoa_meanfield_lambda_mean": 0.17132753431797026, "delta_penalty": 4.05280316954304e-05, "grad_rel": 0.516642227768898, "iteration": 14560, "loss": 0.14064168445765973, "lr": 3.434142442470422e-05, "mse": 0.00013600698839582036, "p_zero": 0.0, "point_rel": 0.07773903701454402, "residual_mse": 0.00013600698930531506, "temporal_rel": 0.8859816431999207, "tke_rel": 0.4755325630307198}
TRAIN {"angle_aug_abs_deg": 0.0, "aoa_effective_shift_abs_deg_mean": 0.8856829851865768, "aoa_meanfield_aug_fraction": 0.5125, "aoa_meanfield_lambda_mean": 0.17713659703731538, "delta_penalty": 3.79422433070431e-05, "grad_rel": 0.5075201228260994, "iteration": 14580, "loss": 0.14045369625091553, "lr": 3.4104793766628155e-05, "mse": 0.00012333983686403372, "p_zero": 0.0, "point_rel": 0.07701457776129246, "residual_mse": 0.00012333983722783158, "temporal_rel": 0.8913361996412277, "tke_rel": 0.4841411992907524}
TRAIN {"angle_aug_abs_deg": 0.0, "aoa_effective_shift_abs_deg_mean": 0.8774978622794152, "aoa_meanfield_aug_fraction": 0.5125, "aoa_meanfield_lambda_mean": 0.17549957148730755, "delta_penalty": 4.1257397879235216e-05, "grad_rel": 0.5209052607417106, "iteration": 14600, "loss": 0.14248955622315407, "lr": 3.386881346763468e-05, "mse": 0.00014568654933100333, "p_zero": 0.0, "point_rel": 0.07864816337823868, "residual_mse": 0.00014568654787581182, "temporal_rel": 0.8896513283252716, "tke_rel": 0.4882290706038475}
TRAIN {"angle_aug_abs_deg": 0.0, "aoa_effective_shift_abs_deg_mean": 0.8567218273878098, "aoa_meanfield_aug_fraction": 0.49375, "aoa_meanfield_lambda_mean": 0.17134436778724194, "delta_penalty": 4.248626200933359e-05, "grad_rel": 0.5285844594240189, "iteration": 14620, "loss": 0.14504058733582498, "lr": 3.3633485856753993e-05, "mse": 0.00014707249829370994, "p_zero": 0.0, "point_rel": 0.08083882592618466, "residual_mse": 0.00014707249738421524, "temporal_rel": 0.8925312966108322, "tke_rel": 0.49086816012859347}
TRAIN {"angle_aug_abs_deg": 0.0, "aoa_effective_shift_abs_deg_mean": 0.7158295676112175, "aoa_meanfield_aug_fraction": 0.425, "aoa_meanfield_lambda_mean": 0.14316591070964932, "delta_penalty": 3.7267380412231434e-05, "grad_rel": 0.5055668279528618, "iteration": 14640, "loss": 0.13679047673940659, "lr": 3.339881325657471e-05, "mse": 0.00011247108268435113, "p_zero": 0.0, "point_rel": 0.07414041738957167, "residual_mse": 0.00011247108413954265, "temporal_rel": 0.8922808021306992, "tke_rel": 0.47106079310178756}
TRAIN {"angle_aug_abs_deg": 0.0, "aoa_effective_shift_abs_deg_mean": 0.7819775722920894, "aoa_meanfield_aug_fraction": 0.425, "aoa_meanfield_lambda_mean": 0.1563955144956708, "delta_penalty": 4.280198418200598e-05, "grad_rel": 0.5209219798445701, "iteration": 14660, "loss": 0.14450260773301124, "lr": 3.3164797983220575e-05, "mse": 0.00015735599408799316, "p_zero": 0.0, "point_rel": 0.0804845817387104, "residual_mse": 0.00015735599081381224, "temporal_rel": 0.8929233998060226, "tke_rel": 0.4894738644361496}
TRAIN {"angle_aug_abs_deg": 0.0, "aoa_effective_shift_abs_deg_mean": 0.904726380109787, "aoa_meanfield_aug_fraction": 0.51875, "aoa_meanfield_lambda_mean": 0.1809452747926116, "delta_penalty": 3.977370479333331e-05, "grad_rel": 0.5084403097629547, "iteration": 14680, "loss": 0.137662810087204, "lr": 3.293144234632787e-05, "mse": 0.00013319700519787148, "p_zero": 0.0, "point_rel": 0.07449074611067771, "residual_mse": 0.00013319700556166936, "temporal_rel": 0.8918178409337998, "tke_rel": 0.47916951328516005}
TRAIN {"angle_aug_abs_deg": 0.0, "aoa_effective_shift_abs_deg_mean": 0.8344651281833648, "aoa_meanfield_aug_fraction": 0.46875, "aoa_meanfield_lambda_mean": 0.16689302660524846, "delta_penalty": 3.8959541143412935e-05, "grad_rel": 0.5233632251620293, "iteration": 14700, "loss": 0.14390191435813904, "lr": 3.269874864902256e-05, "mse": 0.00012176299460406881, "p_zero": 0.0, "point_rel": 0.079754389077425, "residual_mse": 0.00012176299314887728, "temporal_rel": 0.9012650966644287, "tke_rel": 0.48703029155731203}
TRAIN {"angle_aug_abs_deg": 0.0, "aoa_effective_shift_abs_deg_mean": 0.8160109780728817, "aoa_meanfield_aug_fraction": 0.46875, "aoa_meanfield_lambda_mean": 0.16320219412446021, "delta_penalty": 4.149783226239379e-05, "grad_rel": 0.5187647074460984, "iteration": 14720, "loss": 0.1425328642129898, "lr": 3.246671918789742e-05, "mse": 0.00013743535473622614, "p_zero": 0.0, "point_rel": 0.07928768135607242, "residual_mse": 0.0001374353554638219, "temporal_rel": 0.8859064728021622, "tke_rel": 0.48074097335338595}
TRAIN {"angle_aug_abs_deg": 0.0, "aoa_effective_shift_abs_deg_mean": 0.868049542605877, "aoa_meanfield_aug_fraction": 0.48125, "aoa_meanfield_lambda_mean": 0.17360990718007088, "delta_penalty": 4.2512919389992024e-05, "grad_rel": 0.5265491798520088, "iteration": 14740, "loss": 0.1452263616025448, "lr": 3.223535625298962e-05, "mse": 0.0001491194729169365, "p_zero": 0.0, "point_rel": 0.08133236691355705, "residual_mse": 0.0001491194723712397, "temporal_rel": 0.8926073849201203, "tke_rel": 0.486199189722538}
TRAIN {"angle_aug_abs_deg": 0.0, "aoa_effective_shift_abs_deg_mean": 0.8027044415473938, "aoa_meanfield_aug_fraction": 0.46875, "aoa_meanfield_lambda_mean": 0.16054088808596134, "delta_penalty": 3.940099431929411e-05, "grad_rel": 0.5115834847092628, "iteration": 14760, "loss": 0.13863328620791435, "lr": 3.200466212775794e-05, "mse": 0.00012322310722083784, "p_zero": 0.0, "point_rel": 0.07560886517167091, "residual_mse": 0.00012322310685703998, "temporal_rel": 0.8894504606723785, "tke_rel": 0.47715671360492706}
TRAIN {"angle_aug_abs_deg": 0.0, "aoa_effective_shift_abs_deg_mean": 0.9648819252848625, "aoa_meanfield_aug_fraction": 0.5375, "aoa_meanfield_lambda_mean": 0.19297638516873122, "delta_penalty": 4.0352639007323884e-05, "grad_rel": 0.5163082987070083, "iteration": 14780, "loss": 0.14056722745299338, "lr": 3.1774639089060214e-05, "mse": 0.00014349950361065568, "p_zero": 0.0, "point_rel": 0.0777915146201849, "residual_mse": 0.00014349950361065568, "temporal_rel": 0.8850480496883393, "tke_rel": 0.4739298775792122}
TRAIN {"angle_aug_abs_deg": 0.0, "aoa_effective_shift_abs_deg_mean": 0.7836290642619133, "aoa_meanfield_aug_fraction": 0.45, "aoa_meanfield_lambda_mean": 0.1567258108407259, "delta_penalty": 3.997696867372724e-05, "grad_rel": 0.5068550556898117, "iteration": 14800, "loss": 0.13859950490295886, "lr": 3.154528940713097e-05, "mse": 0.00013942275072622578, "p_zero": 0.0, "point_rel": 0.07541480455547571, "residual_mse": 0.0001394227503624279, "temporal_rel": 0.8892755925655365, "tke_rel": 0.4810164079070091}
TRAIN {"angle_aug_abs_deg": 0.0, "aoa_effective_shift_abs_deg_mean": 0.7368852734565735, "aoa_meanfield_aug_fraction": 0.4125, "aoa_meanfield_lambda_mean": 0.14737705700099468, "delta_penalty": 3.9762862070347185e-05, "grad_rel": 0.5095152378082275, "iteration": 14820, "loss": 0.13892077580094336, "lr": 3.131661534555903e-05, "mse": 0.00013303856758284383, "p_zero": 0.0, "point_rel": 0.07581080850213766, "residual_mse": 0.0001330385683104396, "temporal_rel": 0.889487138390541, "tke_rel": 0.47903199344873426}
TRAIN {"angle_aug_abs_deg": 0.0, "aoa_effective_shift_abs_deg_mean": 0.7646273307502269, "aoa_meanfield_aug_fraction": 0.4375, "aoa_meanfield_lambda_mean": 0.15292546562850476, "delta_penalty": 3.7800301834067794e-05, "grad_rel": 0.5004413217306137, "iteration": 14840, "loss": 0.13629530258476735, "lr": 3.1088619161265015e-05, "mse": 0.00012147800189268309, "p_zero": 0.0, "point_rel": 0.0731762770563364, "residual_mse": 0.00012147800152888522, "temporal_rel": 0.8902351260185242, "tke_rel": 0.4811358988285065}
TRAIN {"angle_aug_abs_deg": 0.0, "aoa_effective_shift_abs_deg_mean": 0.788009087741375, "aoa_meanfield_aug_fraction": 0.45625, "aoa_meanfield_lambda_mean": 0.15760181583464145, "delta_penalty": 4.054306100442773e-05, "grad_rel": 0.5123280107975006, "iteration": 14860, "loss": 0.1404325481504202, "lr": 3.0861303104479194e-05, "mse": 0.00012446117070794572, "p_zero": 0.0, "point_rel": 0.07730890214443206, "residual_mse": 0.00012446116888895631, "temporal_rel": 0.8880479305982589, "tke_rel": 0.4793190822005272}
TRAIN {"angle_aug_abs_deg": 0.0, "aoa_effective_shift_abs_deg_mean": 0.7713098667562008, "aoa_meanfield_aug_fraction": 0.45, "aoa_meanfield_lambda_mean": 0.1542619709856808, "delta_penalty": 3.787356954489951e-05, "grad_rel": 0.5031144708395004, "iteration": 14880, "loss": 0.13682047091424465, "lr": 3.063466941871936e-05, "mse": 0.00011067188388551586, "p_zero": 0.0, "point_rel": 0.07353944890201092, "residual_mse": 0.00011067188443121267, "temporal_rel": 0.893723475933075, "tke_rel": 0.48147742450237274}
TRAIN {"angle_aug_abs_deg": 0.0, "aoa_effective_shift_abs_deg_mean": 0.9863045081496239, "aoa_meanfield_aug_fraction": 0.5625, "aoa_meanfield_lambda_mean": 0.19726090328767895, "delta_penalty": 4.045692967338255e-05, "grad_rel": 0.5243660256266593, "iteration": 14900, "loss": 0.14241143986582755, "lr": 3.0408720340768443e-05, "mse": 0.00013556217381847092, "p_zero": 0.0, "point_rel": 0.0785723451524973, "residual_mse": 0.00013556217309087514, "temporal_rel": 0.8905824989080429, "tke_rel": 0.48691090792417524}
TRAIN {"angle_aug_abs_deg": 0.0, "aoa_effective_shift_abs_deg_mean": 0.7554370805621147, "aoa_meanfield_aug_fraction": 0.44375, "aoa_meanfield_lambda_mean": 0.1510874154046178, "delta_penalty": 4.017126020698925e-05, "grad_rel": 0.520504429936409, "iteration": 14920, "loss": 0.1410881344228983, "lr": 3.018345810065259e-05, "mse": 0.00013702371543331538, "p_zero": 0.0, "point_rel": 0.07835207544267178, "residual_mse": 0.00013702371434192172, "temporal_rel": 0.8777942091226578, "tke_rel": 0.4758792623877525}
TRAIN {"angle_aug_abs_deg": 0.0, "aoa_effective_shift_abs_deg_mean": 0.7652196049690246, "aoa_meanfield_aug_fraction": 0.43125, "aoa_meanfield_lambda_mean": 0.1530439192429185, "delta_penalty": 4.001415691163856e-05, "grad_rel": 0.5085099816322327, "iteration": 14940, "loss": 0.13784672394394876, "lr": 2.995888492161921e-05, "mse": 0.000133727978936804, "p_zero": 0.0, "point_rel": 0.07484237551689148, "residual_mse": 0.00013372797966439975, "temporal_rel": 0.8889548003673553, "tke_rel": 0.4777856349945068}
TRAIN {"angle_aug_abs_deg": 0.0, "aoa_effective_shift_abs_deg_mean": 0.8725913941860199, "aoa_meanfield_aug_fraction": 0.49375, "aoa_meanfield_lambda_mean": 0.17451827600598335, "delta_penalty": 4.024674381071236e-05, "grad_rel": 0.5112770467996597, "iteration": 14960, "loss": 0.13879863247275354, "lr": 2.9735003020114943e-05, "mse": 0.00013800734795950121, "p_zero": 0.0, "point_rel": 0.07650839034467935, "residual_mse": 0.00013800734814140014, "temporal_rel": 0.8829449832439422, "tke_rel": 0.4681755304336548}
TRAIN {"angle_aug_abs_deg": 0.0, "aoa_effective_shift_abs_deg_mean": 0.9028002560138703, "aoa_meanfield_aug_fraction": 0.5125, "aoa_meanfield_lambda_mean": 0.1805600542575121, "delta_penalty": 4.202819518468459e-05, "grad_rel": 0.5191898241639137, "iteration": 14980, "loss": 0.1423500545322895, "lr": 2.951181460576371e-05, "mse": 0.000153330455214018, "p_zero": 0.0, "point_rel": 0.07906224690377713, "residual_mse": 0.0001533304515760392, "temporal_rel": 0.8886913955211639, "tke_rel": 0.4798729598522186}
TRAIN {"angle_aug_abs_deg": 0.0, "aoa_effective_shift_abs_deg_mean": 0.883838526904583, "aoa_meanfield_aug_fraction": 0.50625, "aoa_meanfield_lambda_mean": 0.17676770612597464, "delta_penalty": 4.080443541170098e-05, "grad_rel": 0.5211183920502662, "iteration": 15000, "loss": 0.1436422135680914, "lr": 2.928932188134513e-05, "mse": 0.00013231865232228303, "p_zero": 0.0, "point_rel": 0.07930070869624614, "residual_mse": 0.00013231865304987877, "temporal_rel": 0.897462198138237, "tke_rel": 0.4926725134253502}
EVAL_TOP {"alpha": 1.0, "best_bound_abs": 0.0075, "best_bound_rel": 0.0075, "best_bounds": [{"abs": 0.0075, "coverage": 0.8318746566772461, "final_est": 81.78299078468471, "rel": 0.0075, "sps_raw": 0.4825123838186264, "sps_score_linear": 48.251238381862635, "sps_score_used": 48.251238381862635}], "best_final_est": 81.78299078468471, "iteration": 15000, "mean_t_neural_s": 0.01762683533, "mvpe": 0.0719745259732008, "mvpe_score": 96.52628325923096, "n": 640, "rel_l2": 0.08088534586131572, "rel_l2_score": 96.11293596630928, "time_score": 86.54248999999716, "tke": 0.454529644548893, "tke_score": 81.48200631602357}
TRAIN {"angle_aug_abs_deg": 0.0, "aoa_effective_shift_abs_deg_mean": 0.7265593513846398, "aoa_meanfield_aug_fraction": 0.41875, "aoa_meanfield_lambda_mean": 0.14531187135726215, "delta_penalty": 4.0433612593915316e-05, "grad_rel": 0.5197115734219551, "iteration": 15020, "loss": 0.14205809347331524, "lr": 2.9067527042772517e-05, "mse": 0.00013661121047334746, "p_zero": 0.0, "point_rel": 0.0783791383728385, "residual_mse": 0.00013661121010954957, "temporal_rel": 0.8951371818780899, "tke_rel": 0.4831229969859123}
TRAIN {"angle_aug_abs_deg": 0.0, "aoa_effective_shift_abs_deg_mean": 0.812306261062622, "aoa_meanfield_aug_fraction": 0.46875, "aoa_meanfield_lambda_mean": 0.16246125251054763, "delta_penalty": 3.761576999750105e-05, "grad_rel": 0.5103740438818931, "iteration": 15040, "loss": 0.13838106095790864, "lr": 2.8846432279071352e-05, "mse": 0.0001127947911299998, "p_zero": 0.0, "point_rel": 0.07590397745370865, "residual_mse": 0.00011279479149379767, "temporal_rel": 0.8878486424684524, "tke_rel": 0.4691903620958328}
TRAIN {"angle_aug_abs_deg": 0.0, "aoa_effective_shift_abs_deg_mean": 0.8874912641942501, "aoa_meanfield_aug_fraction": 0.5, "aoa_meanfield_lambda_mean": 0.1774982588365674, "delta_penalty": 4.073547488587792e-05, "grad_rel": 0.5125536665320396, "iteration": 15060, "loss": 0.14001843705773354, "lr": 2.8626039772357767e-05, "mse": 0.0001362653223623056, "p_zero": 0.0, "point_rel": 0.07720747403800488, "residual_mse": 0.00013626532527268864, "temporal_rel": 0.8832774519920349, "tke_rel": 0.4763773143291473}
TRAIN {"angle_aug_abs_deg": 0.0, "aoa_effective_shift_abs_deg_mean": 0.8643238514661788, "aoa_meanfield_aug_fraction": 0.5125, "aoa_meanfield_lambda_mean": 0.17286477386951446, "delta_penalty": 3.646015866252128e-05, "grad_rel": 0.5191979333758354, "iteration": 15080, "loss": 0.13971679471433163, "lr": 2.8406351697816773e-05, "mse": 0.00011519917361511035, "p_zero": 0.0, "point_rel": 0.07571615520864725, "residual_mse": 0.0001151991734332114, "temporal_rel": 0.8991319417953492, "tke_rel": 0.48672377318143845}
TRAIN {"angle_aug_abs_deg": 0.0, "aoa_effective_shift_abs_deg_mean": 0.7498012036085129, "aoa_meanfield_aug_fraction": 0.425, "aoa_meanfield_lambda_mean": 0.14996024183928966, "delta_penalty": 4.136051675232011e-05, "grad_rel": 0.5164703994989395, "iteration": 15100, "loss": 0.14274486452341079, "lr": 2.818737022368102e-05, "mse": 0.00014451554579864023, "p_zero": 0.0, "point_rel": 0.07969106324017047, "residual_mse": 0.00014451554507104446, "temporal_rel": 0.8833081960678101, "tke_rel": 0.4793886452913284}
TRAIN {"angle_aug_abs_deg": 0.0, "aoa_effective_shift_abs_deg_mean": 0.8762795224785804, "aoa_meanfield_aug_fraction": 0.4875, "aoa_meanfield_lambda_mean": 0.17525590397417545, "delta_penalty": 4.246522203175118e-05, "grad_rel": 0.5083818197250366, "iteration": 15120, "loss": 0.13800250478088855, "lr": 2.7969097511209237e-05, "mse": 0.00013728762169193943, "p_zero": 0.0, "point_rel": 0.07555757015943527, "residual_mse": 0.0001372876202367479, "temporal_rel": 0.8847736537456512, "tke_rel": 0.4705660879611969}
TRAIN {"angle_aug_abs_deg": 0.0, "aoa_effective_shift_abs_deg_mean": 0.9774466916918755, "aoa_meanfield_aug_fraction": 0.53125, "aoa_meanfield_lambda_mean": 0.19548933766782284, "delta_penalty": 3.6301457294030114e-05, "grad_rel": 0.5153038889169693, "iteration": 15140, "loss": 0.13909294158220292, "lr": 2.7751535714664922e-05, "mse": 0.00012063382728229044, "p_zero": 0.0, "point_rel": 0.07578589282929897, "residual_mse": 0.0001206338280098862, "temporal_rel": 0.8881491184234619, "tke_rel": 0.48160168528556824}
TRAIN {"angle_aug_abs_deg": 0.0, "aoa_effective_shift_abs_deg_mean": 0.8614304214715958, "aoa_meanfield_aug_fraction": 0.46875, "aoa_meanfield_lambda_mean": 0.17228608652949334, "delta_penalty": 3.937106857847539e-05, "grad_rel": 0.5098176717758178, "iteration": 15160, "loss": 0.13833966739475728, "lr": 2.753468698129524e-05, "mse": 0.00011546683872438734, "p_zero": 0.0, "point_rel": 0.07496001180261373, "residual_mse": 0.00011546683836058947, "temporal_rel": 0.8971523821353913, "tke_rel": 0.47970651239156725}
TRAIN {"angle_aug_abs_deg": 0.0, "aoa_effective_shift_abs_deg_mean": 0.8603431984782219, "aoa_meanfield_aug_fraction": 0.50625, "aoa_meanfield_lambda_mean": 0.1720686426386237, "delta_penalty": 4.156389404670335e-05, "grad_rel": 0.5252313032746315, "iteration": 15180, "loss": 0.14583190008997918, "lr": 2.731855345130963e-05, "mse": 0.00014531497763528022, "p_zero": 0.0, "point_rel": 0.08198347464203834, "residual_mse": 0.00014531497763528022, "temporal_rel": 0.8904272019863129, "tke_rel": 0.4868785604834557}
TRAIN {"angle_aug_abs_deg": 0.0, "aoa_effective_shift_abs_deg_mean": 0.867598831653595, "aoa_meanfield_aug_fraction": 0.4875, "aoa_meanfield_lambda_mean": 0.17351976856589318, "delta_penalty": 3.647003240985214e-05, "grad_rel": 0.5127783879637718, "iteration": 15200, "loss": 0.1375941328704357, "lr": 2.7103137257858736e-05, "mse": 0.00011158345969306538, "p_zero": 0.0, "point_rel": 0.07417730502784252, "residual_mse": 0.00011158345860167174, "temporal_rel": 0.8926379173994065, "tke_rel": 0.4818635225296021}
TRAIN {"angle_aug_abs_deg": 0.0, "aoa_effective_shift_abs_deg_mean": 0.8205961614847184, "aoa_meanfield_aug_fraction": 0.45625, "aoa_meanfield_lambda_mean": 0.16411922946572305, "delta_penalty": 4.182169641353539e-05, "grad_rel": 0.5148292556405067, "iteration": 15220, "loss": 0.13987542688846588, "lr": 2.6888440527013503e-05, "mse": 0.0001330984159721993, "p_zero": 0.0, "point_rel": 0.07742292024195194, "residual_mse": 0.00013309841669979506, "temporal_rel": 0.8811771720647812, "tke_rel": 0.470899823307991}
TRAIN {"angle_aug_abs_deg": 0.0, "aoa_effective_shift_abs_deg_mean": 0.7193295322358608, "aoa_meanfield_aug_fraction": 0.41875, "aoa_meanfield_lambda_mean": 0.1438659087754786, "delta_penalty": 3.975728513978538e-05, "grad_rel": 0.5107154741883277, "iteration": 15240, "loss": 0.13830128647387027, "lr": 2.6674465377743932e-05, "mse": 0.00011946497143071611, "p_zero": 0.0, "point_rel": 0.07542447224259377, "residual_mse": 0.00011946497070312035, "temporal_rel": 0.8886390447616577, "tke_rel": 0.47533795386552813}
TRAIN {"angle_aug_abs_deg": 0.0, "aoa_effective_shift_abs_deg_mean": 0.7143758051097393, "aoa_meanfield_aug_fraction": 0.425, "aoa_meanfield_lambda_mean": 0.14287516362965108, "delta_penalty": 4.109703058929881e-05, "grad_rel": 0.5092257887125016, "iteration": 15260, "loss": 0.13843618519604206, "lr": 2.646121392189832e-05, "mse": 0.00012579664135046187, "p_zero": 0.0, "point_rel": 0.07572373542934656, "residual_mse": 0.00012579664135046187, "temporal_rel": 0.8829279661178588, "tke_rel": 0.47579443603754046}
TRAIN {"angle_aug_abs_deg": 0.0, "aoa_effective_shift_abs_deg_mean": 0.8023846209049225, "aoa_meanfield_aug_fraction": 0.45625, "aoa_meanfield_lambda_mean": 0.16047692392021418, "delta_penalty": 4.313904937589541e-05, "grad_rel": 0.5147185117006302, "iteration": 15280, "loss": 0.14062232822179793, "lr": 2.624868826418253e-05, "mse": 0.0001459094120946247, "p_zero": 0.0, "point_rel": 0.07750080060213804, "residual_mse": 0.00014590940954803955, "temporal_rel": 0.8914654523134231, "tke_rel": 0.4768692210316658}
TRAIN {"angle_aug_abs_deg": 0.0, "aoa_effective_shift_abs_deg_mean": 0.8707188427448272, "aoa_meanfield_aug_fraction": 0.49375, "aoa_meanfield_lambda_mean": 0.17414376623928546, "delta_penalty": 3.893112070727511e-05, "grad_rel": 0.513783372938633, "iteration": 15300, "loss": 0.14001745283603667, "lr": 2.6036890502138967e-05, "mse": 0.00012591969716595485, "p_zero": 0.0, "point_rel": 0.07649986762553454, "residual_mse": 0.000125919696802157, "temporal_rel": 0.8928866505622863, "tke_rel": 0.4830946415662766}
TRAIN {"angle_aug_abs_deg": 0.0, "aoa_effective_shift_abs_deg_mean": 0.8734939128160477, "aoa_meanfield_aug_fraction": 0.49375, "aoa_meanfield_lambda_mean": 0.1746987845748663, "delta_penalty": 4.283660227883956e-05, "grad_rel": 0.5195775091648102, "iteration": 15320, "loss": 0.14301014691591263, "lr": 2.5825822726126007e-05, "mse": 0.00014616019452660112, "p_zero": 0.0, "point_rel": 0.07964678145945073, "residual_mse": 0.00014616019416280324, "temporal_rel": 0.8869651556015015, "tke_rel": 0.481934067606926}
TRAIN {"angle_aug_abs_deg": 0.0, "aoa_effective_shift_abs_deg_mean": 0.7919642776250839, "aoa_meanfield_aug_fraction": 0.475, "aoa_meanfield_lambda_mean": 0.15839285664260389, "delta_penalty": 3.941949416912394e-05, "grad_rel": 0.5075436994433403, "iteration": 15340, "loss": 0.1389643047004938, "lr": 2.561548701929742e-05, "mse": 0.00012857057590736075, "p_zero": 0.0, "point_rel": 0.07600108422338962, "residual_mse": 0.00012857057590736075, "temporal_rel": 0.8860415428876877, "tke_rel": 0.4788243368268013}
TRAIN {"angle_aug_abs_deg": 0.0, "aoa_effective_shift_abs_deg_mean": 0.7944664731621742, "aoa_meanfield_aug_fraction": 0.45625, "aoa_meanfield_lambda_mean": 0.15889329537749292, "delta_penalty": 3.954596713811043e-05, "grad_rel": 0.5191767260432243, "iteration": 15360, "loss": 0.14056019857525826, "lr": 2.5405885457581702e-05, "mse": 0.0001304126995819388, "p_zero": 0.0, "point_rel": 0.07675758115947247, "residual_mse": 0.00013041269903624197, "temporal_rel": 0.8971420556306839, "tke_rel": 0.4843465074896812}
TRAIN {"angle_aug_abs_deg": 0.0, "aoa_effective_shift_abs_deg_mean": 0.8090432941913605, "aoa_meanfield_aug_fraction": 0.4625, "aoa_meanfield_lambda_mean": 0.16180865727365018, "delta_penalty": 3.969989593315404e-05, "grad_rel": 0.5056546419858933, "iteration": 15380, "loss": 0.1368200272321701, "lr": 2.5197020109661647e-05, "mse": 0.0001274741431188886, "p_zero": 0.0, "point_rel": 0.07471710257232189, "residual_mse": 0.00012747414457408012, "temporal_rel": 0.8820325374603272, "tke_rel": 0.4669682800769806}
TRAIN {"angle_aug_abs_deg": 0.0, "aoa_effective_shift_abs_deg_mean": 0.9176986008882523, "aoa_meanfield_aug_fraction": 0.5125, "aoa_meanfield_lambda_mean": 0.18353971745818853, "delta_penalty": 3.995444712927565e-05, "grad_rel": 0.5160842582583427, "iteration": 15400, "loss": 0.14085417650640011, "lr": 2.498889303695394e-05, "mse": 0.0001317867383477278, "p_zero": 0.0, "point_rel": 0.07769794203341007, "residual_mse": 0.00013178673852962675, "temporal_rel": 0.8878484666347504, "tke_rel": 0.4789863765239716}
TRAIN {"angle_aug_abs_deg": 0.0, "aoa_effective_shift_abs_deg_mean": 0.760421159863472, "aoa_meanfield_aug_fraction": 0.425, "aoa_meanfield_lambda_mean": 0.15208423212170602, "delta_penalty": 3.724136568052927e-05, "grad_rel": 0.5107417210936547, "iteration": 15420, "loss": 0.1385445773601532, "lr": 2.478150629358878e-05, "mse": 0.00012112132462789304, "p_zero": 0.0, "point_rel": 0.07502284701913595, "residual_mse": 0.00012112132426409517, "temporal_rel": 0.8984302550554275, "tke_rel": 0.48117697685956956}
TRAIN {"angle_aug_abs_deg": 0.0, "aoa_effective_shift_abs_deg_mean": 0.8631096333265305, "aoa_meanfield_aug_fraction": 0.48125, "aoa_meanfield_lambda_mean": 0.1726219281554222, "delta_penalty": 4.238277069816832e-05, "grad_rel": 0.51145800948143, "iteration": 15440, "loss": 0.1413005121052265, "lr": 2.457486192638952e-05, "mse": 0.00015427920880028978, "p_zero": 0.0, "point_rel": 0.0775773361325264, "residual_mse": 0.00015427920916408767, "temporal_rel": 0.8874314993619918, "tke_rel": 0.48968714028596877}
TRAIN {"angle_aug_abs_deg": 0.0, "aoa_effective_shift_abs_deg_mean": 0.8542872309684754, "aoa_meanfield_aug_fraction": 0.475, "aoa_meanfield_lambda_mean": 0.1708574488759041, "delta_penalty": 4.5375019635685024e-05, "grad_rel": 0.5257771328091622, "iteration": 15460, "loss": 0.14430369287729264, "lr": 2.4368961974852736e-05, "mse": 0.00014541806031047598, "p_zero": 0.0, "point_rel": 0.08104809895157813, "residual_mse": 0.00014541806194756646, "temporal_rel": 0.8910674661397934, "tke_rel": 0.476539720594883}
TRAIN {"angle_aug_abs_deg": 0.0, "aoa_effective_shift_abs_deg_mean": 0.8385629050433636, "aoa_meanfield_aug_fraction": 0.45625, "aoa_meanfield_lambda_mean": 0.16771257985383273, "delta_penalty": 4.121417996429955e-05, "grad_rel": 0.5174187332391739, "iteration": 15480, "loss": 0.14048150107264518, "lr": 2.416380847112773e-05, "mse": 0.000139311743532744, "p_zero": 0.0, "point_rel": 0.07702467627823353, "residual_mse": 0.0001393117417137546, "temporal_rel": 0.8892979353666306, "tke_rel": 0.4828998401761055}
TRAIN {"angle_aug_abs_deg": 0.0, "aoa_effective_shift_abs_deg_mean": 0.8879694044589996, "aoa_meanfield_aug_fraction": 0.46875, "aoa_meanfield_lambda_mean": 0.17759387902915477, "delta_penalty": 4.3003589962609115e-05, "grad_rel": 0.51492899954319, "iteration": 15500, "loss": 0.14100236743688582, "lr": 2.395940343999682e-05, "mse": 0.00014069085991650355, "p_zero": 0.0, "point_rel": 0.07761376239359379, "residual_mse": 0.00014069086028030143, "temporal_rel": 0.8896971881389618, "tke_rel": 0.4821781352162361}
TRAIN {"angle_aug_abs_deg": 0.0, "aoa_effective_shift_abs_deg_mean": 0.8055783979594707, "aoa_meanfield_aug_fraction": 0.48125, "aoa_meanfield_lambda_mean": 0.16111568128690124, "delta_penalty": 4.036918808196788e-05, "grad_rel": 0.502721655368805, "iteration": 15520, "loss": 0.1370189744979143, "lr": 2.3755748898855146e-05, "mse": 0.00013243797984614504, "p_zero": 0.0, "point_rel": 0.07381310611963272, "residual_mse": 0.0001324379802099429, "temporal_rel": 0.8909862548112869, "tke_rel": 0.4815820068120956}
TRAIN {"angle_aug_abs_deg": 0.0, "aoa_effective_shift_abs_deg_mean": 0.8792948305606842, "aoa_meanfield_aug_fraction": 0.50625, "aoa_meanfield_lambda_mean": 0.17585896365344525, "delta_penalty": 3.975214531237725e-05, "grad_rel": 0.5204729035496711, "iteration": 15540, "loss": 0.14191583469510077, "lr": 2.3552846857690758e-05, "mse": 0.00013712446270801592, "p_zero": 0.0, "point_rel": 0.07823001351207495, "residual_mse": 0.00013712446234421806, "temporal_rel": 0.8905678927898407, "tke_rel": 0.4853293240070343}
TRAIN {"angle_aug_abs_deg": 0.0, "aoa_effective_shift_abs_deg_mean": 0.7841360837221145, "aoa_meanfield_aug_fraction": 0.45, "aoa_meanfield_lambda_mean": 0.15682721547782422, "delta_penalty": 3.646788936748635e-05, "grad_rel": 0.5017306923866272, "iteration": 15560, "loss": 0.13547652810811997, "lr": 2.335069931906494e-05, "mse": 0.00010017354015872116, "p_zero": 0.0, "point_rel": 0.07346319239586592, "residual_mse": 0.0001001735394311254, "temporal_rel": 0.8834737092256546, "tke_rel": 0.4658730685710907}
TRAIN {"angle_aug_abs_deg": 0.0, "aoa_effective_shift_abs_deg_mean": 0.8827828921377658, "aoa_meanfield_aug_fraction": 0.475, "aoa_meanfield_lambda_mean": 0.1765565788373351, "delta_penalty": 4.047406791869434e-05, "grad_rel": 0.5138220012187957, "iteration": 15580, "loss": 0.1398961391299963, "lr": 2.3149308278092257e-05, "mse": 0.00012807633120246465, "p_zero": 0.0, "point_rel": 0.07633479982614517, "residual_mse": 0.00012807633156626254, "temporal_rel": 0.890391930937767, "tke_rel": 0.4850503206253052}
TRAIN {"angle_aug_abs_deg": 0.0, "aoa_effective_shift_abs_deg_mean": 0.756581024825573, "aoa_meanfield_aug_fraction": 0.4375, "aoa_meanfield_lambda_mean": 0.15131620382890104, "delta_penalty": 3.70275222849159e-05, "grad_rel": 0.5075105890631676, "iteration": 15600, "loss": 0.13669923990964888, "lr": 2.2948675722420988e-05, "mse": 0.00011313228342260117, "p_zero": 0.0, "point_rel": 0.0742516603320837, "residual_mse": 0.00011313228324070224, "temporal_rel": 0.891380426287651, "tke_rel": 0.4676471874117851}
TRAIN {"angle_aug_abs_deg": 0.0, "aoa_effective_shift_abs_deg_mean": 0.7905703380703926, "aoa_meanfield_aug_fraction": 0.475, "aoa_meanfield_lambda_mean": 0.15811406783759593, "delta_penalty": 4.062821044499287e-05, "grad_rel": 0.5189966931939125, "iteration": 15620, "loss": 0.1413087196648121, "lr": 2.2748803632213482e-05, "mse": 0.00013950020293123088, "p_zero": 0.0, "point_rel": 0.07878524661064149, "residual_mse": 0.00013950020293123088, "temporal_rel": 0.8853954017162323, "tke_rel": 0.4689000084996223}
TRAIN {"angle_aug_abs_deg": 0.0, "aoa_effective_shift_abs_deg_mean": 0.7643167063593864, "aoa_meanfield_aug_fraction": 0.425, "aoa_meanfield_lambda_mean": 0.1528633400797844, "delta_penalty": 4.337115124144475e-05, "grad_rel": 0.521649569272995, "iteration": 15640, "loss": 0.14202952049672604, "lr": 2.2549693980126546e-05, "mse": 0.0001378200471663149, "p_zero": 0.0, "point_rel": 0.0785087326541543, "residual_mse": 0.0001378200444378308, "temporal_rel": 0.8927499502897263, "tke_rel": 0.4811889216303825}
TRAIN {"angle_aug_abs_deg": 0.0, "aoa_effective_shift_abs_deg_mean": 0.7776680372655391, "aoa_meanfield_aug_fraction": 0.44375, "aoa_meanfield_lambda_mean": 0.15553360488265752, "delta_penalty": 3.8400171433750074e-05, "grad_rel": 0.513728278875351, "iteration": 15660, "loss": 0.14032418429851531, "lr": 2.2351348731292046e-05, "mse": 0.00012105985288144439, "p_zero": 0.0, "point_rel": 0.07699588760733604, "residual_mse": 0.00012105985360904015, "temporal_rel": 0.8908934205770492, "tke_rel": 0.4809748068451881}
TRAIN {"angle_aug_abs_deg": 0.0, "aoa_effective_shift_abs_deg_mean": 0.8465006202459335, "aoa_meanfield_aug_fraction": 0.475, "aoa_meanfield_lambda_mean": 0.1693001238629222, "delta_penalty": 4.205716068099719e-05, "grad_rel": 0.5271515905857086, "iteration": 15680, "loss": 0.14456049352884293, "lr": 2.2153769843297583e-05, "mse": 0.00013386149275902427, "p_zero": 0.0, "point_rel": 0.08040337264537811, "residual_mse": 0.00013386149312282213, "temporal_rel": 0.8936989456415176, "tke_rel": 0.4899646878242493}
TRAIN {"angle_aug_abs_deg": 0.0, "aoa_effective_shift_abs_deg_mean": 0.7135364383459091, "aoa_meanfield_aug_fraction": 0.425, "aoa_meanfield_lambda_mean": 0.14270728789269924, "delta_penalty": 4.401735814099084e-05, "grad_rel": 0.5144053339958191, "iteration": 15700, "loss": 0.14230512455105782, "lr": 2.195695926616696e-05, "mse": 0.00016020141847548076, "p_zero": 0.0, "point_rel": 0.0784555971622467, "residual_mse": 0.00016020141847548076, "temporal_rel": 0.8916517645120621, "tke_rel": 0.48891590237617494}
TRAIN {"angle_aug_abs_deg": 0.0, "aoa_effective_shift_abs_deg_mean": 0.7743553973734378, "aoa_meanfield_aug_fraction": 0.45, "aoa_meanfield_lambda_mean": 0.1548710810020566, "delta_penalty": 3.901256241078954e-05, "grad_rel": 0.5025204718112946, "iteration": 15720, "loss": 0.13638660088181495, "lr": 2.1760918942341114e-05, "mse": 0.00012326692030910634, "p_zero": 0.0, "point_rel": 0.07357593663036824, "residual_mse": 0.00012326692067290423, "temporal_rel": 0.8887391656637191, "tke_rel": 0.4762153416872025}
TRAIN {"angle_aug_abs_deg": 0.0, "aoa_effective_shift_abs_deg_mean": 0.8117111921310425, "aoa_meanfield_aug_fraction": 0.45625, "aoa_meanfield_lambda_mean": 0.16234224177896978, "delta_penalty": 3.8834819679323115e-05, "grad_rel": 0.5086924001574517, "iteration": 15740, "loss": 0.13802237771451473, "lr": 2.1565650806658938e-05, "mse": 0.00012565533634187887, "p_zero": 0.0, "point_rel": 0.07550090420991182, "residual_mse": 0.00012565533670567676, "temporal_rel": 0.8835917562246323, "tke_rel": 0.4724144205451012}
TRAIN {"angle_aug_abs_deg": 0.0, "aoa_effective_shift_abs_deg_mean": 0.8106025248765946, "aoa_meanfield_aug_fraction": 0.49375, "aoa_meanfield_lambda_mean": 0.1621205046772957, "delta_penalty": 4.2153095273533835e-05, "grad_rel": 0.5258958652615547, "iteration": 15760, "loss": 0.14526573047041894, "lr": 2.137115678633807e-05, "mse": 0.00014825319340161514, "p_zero": 0.0, "point_rel": 0.0816602511331439, "residual_mse": 0.0001482531941292109, "temporal_rel": 0.888117116689682, "tke_rel": 0.4838034898042679}
TRAIN {"angle_aug_abs_deg": 0.0, "aoa_effective_shift_abs_deg_mean": 0.877889695763588, "aoa_meanfield_aug_fraction": 0.50625, "aoa_meanfield_lambda_mean": 0.17557793725281953, "delta_penalty": 3.931395558538497e-05, "grad_rel": 0.5139559164643288, "iteration": 15780, "loss": 0.1387958586215973, "lr": 2.117743880095594e-05, "mse": 0.0001256743100384483, "p_zero": 0.0, "point_rel": 0.07566385567188263, "residual_mse": 0.00012567430931085256, "temporal_rel": 0.8926460057497024, "tke_rel": 0.4767466217279434}
TRAIN {"angle_aug_abs_deg": 0.0, "aoa_effective_shift_abs_deg_mean": 0.9307351350784302, "aoa_meanfield_aug_fraction": 0.50625, "aoa_meanfield_lambda_mean": 0.1861470229923725, "delta_penalty": 3.8571691038669084e-05, "grad_rel": 0.513259568810463, "iteration": 15800, "loss": 0.14029797166585922, "lr": 2.0984498762430897e-05, "mse": 0.00012136702152929502, "p_zero": 0.0, "point_rel": 0.07650787718594074, "residual_mse": 0.00012136702116549714, "temporal_rel": 0.8924469888210297, "tke_rel": 0.48801015317440033}
TRAIN {"angle_aug_abs_deg": 0.0, "aoa_effective_shift_abs_deg_mean": 0.8003889515995979, "aoa_meanfield_aug_fraction": 0.45, "aoa_meanfield_lambda_mean": 0.1600777953863144, "delta_penalty": 4.214630462229252e-05, "grad_rel": 0.5099696755409241, "iteration": 15820, "loss": 0.14035108536481858, "lr": 2.0792338575003235e-05, "mse": 0.00014640892422903561, "p_zero": 0.0, "point_rel": 0.07790990378707648, "residual_mse": 0.0001464089227738441, "temporal_rel": 0.8788986563682556, "tke_rel": 0.4729985386133194}
TRAIN {"angle_aug_abs_deg": 0.0, "aoa_effective_shift_abs_deg_mean": 0.9062926307320595, "aoa_meanfield_aug_fraction": 0.5375, "aoa_meanfield_lambda_mean": 0.18125852271914483, "delta_penalty": 4.140232194913551e-05, "grad_rel": 0.5141038775444031, "iteration": 15840, "loss": 0.13872836343944073, "lr": 2.0600960135216408e-05, "mse": 0.00014380524789885384, "p_zero": 0.0, "point_rel": 0.07514511160552502, "residual_mse": 0.0001438052449884708, "temporal_rel": 0.8953703820705414, "tke_rel": 0.48277687281370163}
TRAIN {"angle_aug_abs_deg": 0.0, "aoa_effective_shift_abs_deg_mean": 0.8430820502340793, "aoa_meanfield_aug_fraction": 0.48125, "aoa_meanfield_lambda_mean": 0.16861641295254232, "delta_penalty": 3.9562752499477936e-05, "grad_rel": 0.5100910112261772, "iteration": 15860, "loss": 0.13859452605247496, "lr": 2.0410365331898362e-05, "mse": 0.0001296462511163554, "p_zero": 0.0, "point_rel": 0.07632028535008431, "residual_mse": 0.00012964625166205223, "temporal_rel": 0.8875650316476822, "tke_rel": 0.4659373492002487}
TRAIN {"angle_aug_abs_deg": 0.0, "aoa_effective_shift_abs_deg_mean": 1.0163360714912415, "aoa_meanfield_aug_fraction": 0.5625, "aoa_meanfield_lambda_mean": 0.20326721705496312, "delta_penalty": 4.055260187669773e-05, "grad_rel": 0.5193743735551835, "iteration": 15880, "loss": 0.14110459946095943, "lr": 2.0220556046142852e-05, "mse": 0.00013807035884383367, "p_zero": 0.0, "point_rel": 0.078024429269135, "residual_mse": 0.00013807035775244004, "temporal_rel": 0.8866015851497651, "tke_rel": 0.47748791724443435}
TRAIN {"angle_aug_abs_deg": 0.0, "aoa_effective_shift_abs_deg_mean": 0.8106500938534736, "aoa_meanfield_aug_fraction": 0.46875, "aoa_meanfield_lambda_mean": 0.16213002055883408, "delta_penalty": 4.03204862777784e-05, "grad_rel": 0.5084317103028297, "iteration": 15900, "loss": 0.1385975543409586, "lr": 2.0031534151290875e-05, "mse": 0.0001217912757965678, "p_zero": 0.0, "point_rel": 0.07562981769442559, "residual_mse": 0.0001217912745232752, "temporal_rel": 0.8871366590261459, "tke_rel": 0.47816369235515593}
TRAIN {"angle_aug_abs_deg": 0.0, "aoa_effective_shift_abs_deg_mean": 0.756362596154213, "aoa_meanfield_aug_fraction": 0.43125, "aoa_meanfield_lambda_mean": 0.15127251632511615, "delta_penalty": 3.94411988054344e-05, "grad_rel": 0.5104783579707146, "iteration": 15920, "loss": 0.13844186253845692, "lr": 1.9843301512912297e-05, "mse": 0.00012054566159349633, "p_zero": 0.0, "point_rel": 0.07542617283761502, "residual_mse": 0.00012054566286678892, "temporal_rel": 0.8875219643115997, "tke_rel": 0.478265155851841}
TRAIN {"angle_aug_abs_deg": 0.0, "aoa_effective_shift_abs_deg_mean": 0.8552266180515289, "aoa_meanfield_aug_fraction": 0.48125, "aoa_meanfield_lambda_mean": 0.1710453238338232, "delta_penalty": 3.858776453853352e-05, "grad_rel": 0.5113779440522194, "iteration": 15940, "loss": 0.1382948078215122, "lr": 1.9655859988787178e-05, "mse": 0.0001178467307909159, "p_zero": 0.0, "point_rel": 0.07620784640312195, "residual_mse": 0.0001178467307909159, "temporal_rel": 0.8833718299865723, "tke_rel": 0.4646502137184143}
TRAIN {"angle_aug_abs_deg": 0.0, "aoa_effective_shift_abs_deg_mean": 0.704470106959343, "aoa_meanfield_aug_fraction": 0.40625, "aoa_meanfield_lambda_mean": 0.14089402537792922, "delta_penalty": 3.9611324336874534e-05, "grad_rel": 0.5096138134598732, "iteration": 15960, "loss": 0.13759253583848477, "lr": 1.946921142888775e-05, "mse": 0.00012255056099093055, "p_zero": 0.0, "point_rel": 0.07514144629240035, "residual_mse": 0.00012255056062713266, "temporal_rel": 0.8870980560779571, "tke_rel": 0.4692730218172073}
TRAIN {"angle_aug_abs_deg": 0.0, "aoa_effective_shift_abs_deg_mean": 0.7693989917635917, "aoa_meanfield_aug_fraction": 0.45, "aoa_meanfield_lambda_mean": 0.1538797952234745, "delta_penalty": 3.8563572798011594e-05, "grad_rel": 0.5171355977654457, "iteration": 15980, "loss": 0.1400140095502138, "lr": 1.928335767535993e-05, "mse": 0.00012330870904406766, "p_zero": 0.0, "point_rel": 0.07716932147741318, "residual_mse": 0.00012330870649748248, "temporal_rel": 0.8868206977844239, "tke_rel": 0.4740878209471703}
TRAIN {"angle_aug_abs_deg": 0.0, "aoa_effective_shift_abs_deg_mean": 0.8492132283747196, "aoa_meanfield_aug_fraction": 0.4875, "aoa_meanfield_lambda_mean": 0.16984264384955167, "delta_penalty": 4.063024898641743e-05, "grad_rel": 0.512049400806427, "iteration": 16000, "loss": 0.13900910504162312, "lr": 1.909830056250521e-05, "mse": 0.00013769832985417453, "p_zero": 0.0, "point_rel": 0.07571572531014681, "residual_mse": 0.00013769833058177027, "temporal_rel": 0.8940011084079742, "tke_rel": 0.4791747614741325}
TRAIN {"angle_aug_abs_deg": 0.0, "aoa_effective_shift_abs_deg_mean": 0.9899030223488807, "aoa_meanfield_aug_fraction": 0.55, "aoa_meanfield_lambda_mean": 0.19798060730099679, "delta_penalty": 3.822296657745028e-05, "grad_rel": 0.5139586716890335, "iteration": 16020, "loss": 0.13874525241553784, "lr": 1.891404191676259e-05, "mse": 0.0001278829211514676, "p_zero": 0.0, "point_rel": 0.07551680374890565, "residual_mse": 0.00012788292224286124, "temporal_rel": 0.8914919674396515, "tke_rel": 0.4789197161793709}
TRAIN {"angle_aug_abs_deg": 0.0, "aoa_effective_shift_abs_deg_mean": 0.8301705554127693, "aoa_meanfield_aug_fraction": 0.46875, "aoa_meanfield_lambda_mean": 0.16603411054238676, "delta_penalty": 4.1691795013321097e-05, "grad_rel": 0.5110841616988182, "iteration": 16040, "loss": 0.13839496299624443, "lr": 1.873058355669055e-05, "mse": 0.00013518936175387352, "p_zero": 0.0, "point_rel": 0.07563938908278942, "residual_mse": 0.00013518936102627777, "temporal_rel": 0.8917683601379395, "tke_rel": 0.4715812176465988}
TRAIN {"angle_aug_abs_deg": 0.0, "aoa_effective_shift_abs_deg_mean": 0.8289340496063232, "aoa_meanfield_aug_fraction": 0.475, "aoa_meanfield_lambda_mean": 0.16578681040555238, "delta_penalty": 3.92589083276107e-05, "grad_rel": 0.5130620747804642, "iteration": 16060, "loss": 0.13900839425623418, "lr": 1.8547927292948994e-05, "mse": 0.00012899822177132593, "p_zero": 0.0, "point_rel": 0.07627710457891226, "residual_mse": 0.00012899822177132593, "temporal_rel": 0.8867902338504792, "tke_rel": 0.47320277988910675}
TRAIN {"angle_aug_abs_deg": 0.0, "aoa_effective_shift_abs_deg_mean": 0.7879631623625756, "aoa_meanfield_aug_fraction": 0.45625, "aoa_meanfield_lambda_mean": 0.15759262777864932, "delta_penalty": 4.081547340319958e-05, "grad_rel": 0.5154842540621758, "iteration": 16080, "loss": 0.13964851014316082, "lr": 1.8366074928281543e-05, "mse": 0.000130147304298589, "p_zero": 0.0, "point_rel": 0.07656092792749405, "residual_mse": 0.0001301473046623869, "temporal_rel": 0.8919274508953094, "tke_rel": 0.47596056163311007}
TRAIN {"angle_aug_abs_deg": 0.0, "aoa_effective_shift_abs_deg_mean": 0.7219735972583294, "aoa_meanfield_aug_fraction": 0.41875, "aoa_meanfield_lambda_mean": 0.14439471270889043, "delta_penalty": 3.8800723086751535e-05, "grad_rel": 0.5062259897589684, "iteration": 16100, "loss": 0.1384865004569292, "lr": 1.818502825749761e-05, "mse": 0.00013054571791144555, "p_zero": 0.0, "point_rel": 0.07622863203287125, "residual_mse": 0.00013054571718384977, "temporal_rel": 0.8860055834054947, "tke_rel": 0.46740625351667403}
TRAIN {"angle_aug_abs_deg": 0.0, "aoa_effective_shift_abs_deg_mean": 0.8387702912092209, "aoa_meanfield_aug_fraction": 0.46875, "aoa_meanfield_lambda_mean": 0.16775405891239642, "delta_penalty": 4.2808922444237396e-05, "grad_rel": 0.5112569436430932, "iteration": 16120, "loss": 0.1401170864701271, "lr": 1.8004789067454696e-05, "mse": 0.00014495468931272626, "p_zero": 0.0, "point_rel": 0.07720641382038593, "residual_mse": 0.00014495468931272626, "temporal_rel": 0.8857719451189041, "tke_rel": 0.47707205563783645}
TRAIN {"angle_aug_abs_deg": 0.0, "aoa_effective_shift_abs_deg_mean": 0.8331930786371231, "aoa_meanfield_aug_fraction": 0.4625, "aoa_meanfield_lambda_mean": 0.16663860846310855, "delta_penalty": 4.451994218470645e-05, "grad_rel": 0.5193190425634384, "iteration": 16140, "loss": 0.14406398236751555, "lr": 1.7825359137040923e-05, "mse": 0.00015065288152982248, "p_zero": 0.0, "point_rel": 0.08033705428242684, "residual_mse": 0.0001506528808022267, "temporal_rel": 0.8869386881589889, "tke_rel": 0.48804831206798555}
TRAIN {"angle_aug_abs_deg": 0.0, "aoa_effective_shift_abs_deg_mean": 0.815530814230442, "aoa_meanfield_aug_fraction": 0.49375, "aoa_meanfield_lambda_mean": 0.16310615986585617, "delta_penalty": 4.165795253356919e-05, "grad_rel": 0.5172770872712136, "iteration": 16160, "loss": 0.14298384971916675, "lr": 1.764674023715721e-05, "mse": 0.00015046531898406102, "p_zero": 0.0, "point_rel": 0.07921406459063292, "residual_mse": 0.00015046531898406102, "temporal_rel": 0.8878538697957993, "tke_rel": 0.4888173446059227}
TRAIN {"angle_aug_abs_deg": 0.0, "aoa_effective_shift_abs_deg_mean": 0.8269144549965859, "aoa_meanfield_aug_fraction": 0.48125, "aoa_meanfield_lambda_mean": 0.16538288965821266, "delta_penalty": 3.7523559512919746e-05, "grad_rel": 0.511865210533142, "iteration": 16180, "loss": 0.13648679964244365, "lr": 1.7468934130699973e-05, "mse": 0.000115780773012375, "p_zero": 0.0, "point_rel": 0.07420182414352894, "residual_mse": 0.00011578077155718347, "temporal_rel": 0.8828614830970765, "tke_rel": 0.4680945426225662}
TRAIN {"angle_aug_abs_deg": 0.0, "aoa_effective_shift_abs_deg_mean": 0.7172806218266488, "aoa_meanfield_aug_fraction": 0.43125, "aoa_meanfield_lambda_mean": 0.14345612488687037, "delta_penalty": 4.208012214803603e-05, "grad_rel": 0.5213772252202034, "iteration": 16200, "loss": 0.14215382114052771, "lr": 1.7291942572543753e-05, "mse": 0.0001333777274339809, "p_zero": 0.0, "point_rel": 0.07827973328530788, "residual_mse": 0.00013337772707018304, "temporal_rel": 0.8940760582685471, "tke_rel": 0.48650496304035185}
TRAIN {"angle_aug_abs_deg": 0.0, "aoa_effective_shift_abs_deg_mean": 0.7876246705651283, "aoa_meanfield_aug_fraction": 0.4375, "aoa_meanfield_lambda_mean": 0.1575249357149005, "delta_penalty": 4.19874204453663e-05, "grad_rel": 0.520311564207077, "iteration": 16220, "loss": 0.14270066134631634, "lr": 1.711576730952375e-05, "mse": 0.00014947807812859537, "p_zero": 0.0, "point_rel": 0.07955918852239847, "residual_mse": 0.00014947807994758477, "temporal_rel": 0.8930542498826981, "tke_rel": 0.4749915137887001}
TRAIN {"angle_aug_abs_deg": 0.0, "aoa_effective_shift_abs_deg_mean": 0.8337545424699784, "aoa_meanfield_aug_fraction": 0.46875, "aoa_meanfield_lambda_mean": 0.16675091199576855, "delta_penalty": 4.022574694317882e-05, "grad_rel": 0.5155771702528, "iteration": 16240, "loss": 0.1410542692989111, "lr": 1.694041008041865e-05, "mse": 0.00013095158046780853, "p_zero": 0.0, "point_rel": 0.07765834350138903, "residual_mse": 0.00013095158228679793, "temporal_rel": 0.8912091046571732, "tke_rel": 0.4814317524433136}
TRAIN {"angle_aug_abs_deg": 0.0, "aoa_effective_shift_abs_deg_mean": 0.8093842312693595, "aoa_meanfield_aug_fraction": 0.45, "aoa_meanfield_lambda_mean": 0.16187683995813132, "delta_penalty": 4.016514994873432e-05, "grad_rel": 0.5190503671765327, "iteration": 16260, "loss": 0.14354398474097252, "lr": 1.676587261593358e-05, "mse": 0.00013061310746707023, "p_zero": 0.0, "point_rel": 0.07898154556751251, "residual_mse": 0.00013061310819466597, "temporal_rel": 0.8957653015851974, "tke_rel": 0.4977289646863937}
TRAIN {"angle_aug_abs_deg": 0.0, "aoa_effective_shift_abs_deg_mean": 0.7669317215681076, "aoa_meanfield_aug_fraction": 0.43125, "aoa_meanfield_lambda_mean": 0.15338634280487895, "delta_penalty": 4.0549450386606625e-05, "grad_rel": 0.5057658657431603, "iteration": 16280, "loss": 0.13894561789929866, "lr": 1.659215663868281e-05, "mse": 0.00013088742725813062, "p_zero": 0.0, "point_rel": 0.07514122799038887, "residual_mse": 0.00013088742653053487, "temporal_rel": 0.8987426728010177, "tke_rel": 0.48692578822374344}
TRAIN {"angle_aug_abs_deg": 0.0, "aoa_effective_shift_abs_deg_mean": 0.8626041486859322, "aoa_meanfield_aug_fraction": 0.46875, "aoa_meanfield_lambda_mean": 0.17252082973718644, "delta_penalty": 4.054779819853138e-05, "grad_rel": 0.5112833172082901, "iteration": 16300, "loss": 0.1385428264737129, "lr": 1.6419263863172895e-05, "mse": 0.0001270313427085057, "p_zero": 0.0, "point_rel": 0.0760919764637947, "residual_mse": 0.00012703134198090992, "temporal_rel": 0.8796183407306671, "tke_rel": 0.4725688695907593}
TRAIN {"angle_aug_abs_deg": 0.0, "aoa_effective_shift_abs_deg_mean": 0.7546725504100322, "aoa_meanfield_aug_fraction": 0.4375, "aoa_meanfield_lambda_mean": 0.1509345093742013, "delta_penalty": 4.0856618488760434e-05, "grad_rel": 0.5193753346800805, "iteration": 16320, "loss": 0.14151516035199166, "lr": 1.6247195995785762e-05, "mse": 0.00013718408245040338, "p_zero": 0.0, "point_rel": 0.07808052487671376, "residual_mse": 0.00013718407954002032, "temporal_rel": 0.8937898725271225, "tke_rel": 0.47980559170246123}
TRAIN {"angle_aug_abs_deg": 0.0, "aoa_effective_shift_abs_deg_mean": 0.8464426383376121, "aoa_meanfield_aug_fraction": 0.48125, "aoa_meanfield_lambda_mean": 0.16928852964192628, "delta_penalty": 3.85371263291745e-05, "grad_rel": 0.5025602966547013, "iteration": 16340, "loss": 0.13685650043189526, "lr": 1.607595473476177e-05, "mse": 0.0001261967987375101, "p_zero": 0.0, "point_rel": 0.07406090293079615, "residual_mse": 0.00012619680019270162, "temporal_rel": 0.8870363593101501, "tke_rel": 0.4767912596464157}
TRAIN {"angle_aug_abs_deg": 0.0, "aoa_effective_shift_abs_deg_mean": 0.8225704923272132, "aoa_meanfield_aug_fraction": 0.48125, "aoa_meanfield_lambda_mean": 0.1645140951499343, "delta_penalty": 4.227774315950228e-05, "grad_rel": 0.5187706619501113, "iteration": 16360, "loss": 0.14050655178725718, "lr": 1.590554177018302e-05, "mse": 0.00014727703055541496, "p_zero": 0.0, "point_rel": 0.0766871526837349, "residual_mse": 0.00014727703346579802, "temporal_rel": 0.8966688811779022, "tke_rel": 0.48487911373376846}
TRAIN {"angle_aug_abs_deg": 0.0, "aoa_effective_shift_abs_deg_mean": 0.8863001465797424, "aoa_meanfield_aug_fraction": 0.49375, "aoa_meanfield_lambda_mean": 0.17726002894341947, "delta_penalty": 3.9704120354144834e-05, "grad_rel": 0.517272737622261, "iteration": 16380, "loss": 0.14055957943201064, "lr": 1.5735958783956716e-05, "mse": 0.0001288776920773671, "p_zero": 0.0, "point_rel": 0.07792245671153068, "residual_mse": 0.00012887769098597347, "temporal_rel": 0.8829416126012802, "tke_rel": 0.4725054085254669}
TRAIN {"angle_aug_abs_deg": 0.0, "aoa_effective_shift_abs_deg_mean": 0.749981202185154, "aoa_meanfield_aug_fraction": 0.425, "aoa_meanfield_lambda_mean": 0.14999624192714692, "delta_penalty": 4.389052355691092e-05, "grad_rel": 0.5106310680508613, "iteration": 16400, "loss": 0.13991029299795626, "lr": 1.556720744979842e-05, "mse": 0.0001503693949416629, "p_zero": 0.0, "point_rel": 0.07761076427996158, "residual_mse": 0.00015036939348647138, "temporal_rel": 0.8820717126131058, "tke_rel": 0.4688654005527496}
TRAIN {"angle_aug_abs_deg": 0.0, "aoa_effective_shift_abs_deg_mean": 0.8269813485443592, "aoa_meanfield_aug_fraction": 0.5, "aoa_meanfield_lambda_mean": 0.1653962705284357, "delta_penalty": 4.4168282511236614e-05, "grad_rel": 0.5261060401797295, "iteration": 16420, "loss": 0.1445228114724159, "lr": 1.539928943321572e-05, "mse": 0.00015882090665400028, "p_zero": 0.0, "point_rel": 0.0816920604556799, "residual_mse": 0.00015882090701779816, "temporal_rel": 0.8861284285783768, "tke_rel": 0.47177971005439756}
TRAIN {"angle_aug_abs_deg": 0.0, "aoa_effective_shift_abs_deg_mean": 0.8706064522266388, "aoa_meanfield_aug_fraction": 0.46875, "aoa_meanfield_lambda_mean": 0.17412128932774068, "delta_penalty": 3.7242871258058585e-05, "grad_rel": 0.5093500569462777, "iteration": 16440, "loss": 0.13772898800671102, "lr": 1.5232206391491633e-05, "mse": 0.00011675169207592262, "p_zero": 0.0, "point_rel": 0.07471538651734591, "residual_mse": 0.00011675169207592262, "temporal_rel": 0.8881149679422379, "tke_rel": 0.47823555767536163}
TRAIN {"angle_aug_abs_deg": 0.0, "aoa_effective_shift_abs_deg_mean": 0.7648642234504223, "aoa_meanfield_aug_fraction": 0.44375, "aoa_meanfield_lambda_mean": 0.1529728453606367, "delta_penalty": 3.99704580559046e-05, "grad_rel": 0.5186379835009575, "iteration": 16460, "loss": 0.14024446047842504, "lr": 1.5065959973668288e-05, "mse": 0.0001339269541858812, "p_zero": 0.0, "point_rel": 0.07767495699226856, "residual_mse": 0.0001339269529125886, "temporal_rel": 0.8859890311956405, "tke_rel": 0.4694880977272987}
TRAIN {"angle_aug_abs_deg": 0.0, "aoa_effective_shift_abs_deg_mean": 0.7752855151891709, "aoa_meanfield_aug_fraction": 0.43125, "aoa_meanfield_lambda_mean": 0.1550571046769619, "delta_penalty": 4.0402828744845465e-05, "grad_rel": 0.5217151328921318, "iteration": 16480, "loss": 0.14278127811849117, "lr": 1.4900551820530745e-05, "mse": 0.00012808358824258902, "p_zero": 0.0, "point_rel": 0.07926577366888524, "residual_mse": 0.00012808358787879114, "temporal_rel": 0.8954049646854401, "tke_rel": 0.47980656921863557}
TRAIN {"angle_aug_abs_deg": 0.0, "aoa_effective_shift_abs_deg_mean": 0.9500866651535034, "aoa_meanfield_aug_fraction": 0.525, "aoa_meanfield_lambda_mean": 0.1900173354893923, "delta_penalty": 3.8351186503859935e-05, "grad_rel": 0.5133451163768769, "iteration": 16500, "loss": 0.13964746780693532, "lr": 1.4735983564590725e-05, "mse": 0.00011511055927257985, "p_zero": 0.0, "point_rel": 0.07548956777900458, "residual_mse": 0.00011511055818118621, "temporal_rel": 0.8911798536777497, "tke_rel": 0.4947838351130486}
TRAIN {"angle_aug_abs_deg": 0.0, "aoa_effective_shift_abs_deg_mean": 0.7355523601174354, "aoa_meanfield_aug_fraction": 0.44375, "aoa_meanfield_lambda_mean": 0.14711047420278192, "delta_penalty": 4.217354162392439e-05, "grad_rel": 0.5086001828312874, "iteration": 16520, "loss": 0.1382229845970869, "lr": 1.4572256830070415e-05, "mse": 0.00014444463813561014, "p_zero": 0.0, "point_rel": 0.07543575912714004, "residual_mse": 0.0001444446388632059, "temporal_rel": 0.8929541796445847, "tke_rel": 0.47209038138389586}
TRAIN {"angle_aug_abs_deg": 0.0, "aoa_effective_shift_abs_deg_mean": 0.8625830128788948, "aoa_meanfield_aug_fraction": 0.48125, "aoa_meanfield_lambda_mean": 0.17251660227775573, "delta_penalty": 3.934458918593009e-05, "grad_rel": 0.5060161605477334, "iteration": 16540, "loss": 0.1372024394571781, "lr": 1.4409373232886646e-05, "mse": 0.00012760169011016842, "p_zero": 0.0, "point_rel": 0.07478639483451843, "residual_mse": 0.0001276016904739663, "temporal_rel": 0.880415889620781, "tke_rel": 0.4729043021798134}
TRAIN {"angle_aug_abs_deg": 0.0, "aoa_effective_shift_abs_deg_mean": 0.8670965112745762, "aoa_meanfield_aug_fraction": 0.4875, "aoa_meanfield_lambda_mean": 0.17341929972171782, "delta_penalty": 4.40055377112003e-05, "grad_rel": 0.5267235025763511, "iteration": 16560, "loss": 0.14413269571959972, "lr": 1.4247334380634737e-05, "mse": 0.00013877622332074678, "p_zero": 0.0, "point_rel": 0.07996811121702194, "residual_mse": 0.00013877622477593833, "temporal_rel": 0.8944999516010285, "tke_rel": 0.489770370721817}
TRAIN {"angle_aug_abs_deg": 0.0, "aoa_effective_shift_abs_deg_mean": 0.7798761084675789, "aoa_meanfield_aug_fraction": 0.4375, "aoa_meanfield_lambda_mean": 0.15597522296011448, "delta_penalty": 4.474025281524519e-05, "grad_rel": 0.5207568243145942, "iteration": 16580, "loss": 0.1429792858660221, "lr": 1.4086141872572704e-05, "mse": 0.00014905468378856312, "p_zero": 0.0, "point_rel": 0.07939536422491074, "residual_mse": 0.00014905468378856312, "temporal_rel": 0.8932984292507171, "tke_rel": 0.48213337659835814}
TRAIN {"angle_aug_abs_deg": 0.0, "aoa_effective_shift_abs_deg_mean": 0.7906708180904388, "aoa_meanfield_aug_fraction": 0.4375, "aoa_meanfield_lambda_mean": 0.15813416354358195, "delta_penalty": 3.904409704773571e-05, "grad_rel": 0.5114026173949242, "iteration": 16600, "loss": 0.13932579308748244, "lr": 1.3925797299605597e-05, "mse": 0.000120953964869841, "p_zero": 0.0, "point_rel": 0.07593934424221516, "residual_mse": 0.00012095396268705372, "temporal_rel": 0.8884972393512726, "tke_rel": 0.4837237700819969}
TRAIN {"angle_aug_abs_deg": 0.0, "aoa_effective_shift_abs_deg_mean": 0.8083958998322487, "aoa_meanfield_aug_fraction": 0.4625, "aoa_meanfield_lambda_mean": 0.16167918127030134, "delta_penalty": 3.618326154537499e-05, "grad_rel": 0.5011285498738289, "iteration": 16620, "loss": 0.13321192115545272, "lr": 1.3766302244269572e-05, "mse": 0.00010490197146282299, "p_zero": 0.0, "point_rel": 0.07170409988611937, "residual_mse": 0.00010490197182662086, "temporal_rel": 0.8861294537782669, "tke_rel": 0.45624692887067797}
TRAIN {"angle_aug_abs_deg": 0.0, "aoa_effective_shift_abs_deg_mean": 0.7947193756699562, "aoa_meanfield_aug_fraction": 0.46875, "aoa_meanfield_lambda_mean": 0.15894387513399125, "delta_penalty": 4.248530049153487e-05, "grad_rel": 0.5150151386857033, "iteration": 16640, "loss": 0.14029699452221395, "lr": 1.360765828071642e-05, "mse": 0.00014203296213963768, "p_zero": 0.0, "point_rel": 0.076807576790452, "residual_mse": 0.00014203296395862708, "temporal_rel": 0.8901644468307495, "tke_rel": 0.4835966542363167}
TRAIN {"angle_aug_abs_deg": 0.0, "aoa_effective_shift_abs_deg_mean": 0.8958506062626839, "aoa_meanfield_aug_fraction": 0.51875, "aoa_meanfield_lambda_mean": 0.17917012125253678, "delta_penalty": 3.909658480552025e-05, "grad_rel": 0.5046168863773346, "iteration": 16660, "loss": 0.13787271305918694, "lr": 1.3449866974698075e-05, "mse": 0.00012136918921896722, "p_zero": 0.0, "point_rel": 0.07511871345341206, "residual_mse": 0.00012136919012846192, "temporal_rel": 0.8893586426973343, "tke_rel": 0.47444661408662797}
TRAIN {"angle_aug_abs_deg": 0.0, "aoa_effective_shift_abs_deg_mean": 0.686404337733984, "aoa_meanfield_aug_fraction": 0.4, "aoa_meanfield_lambda_mean": 0.13728086929768324, "delta_penalty": 3.95731730350235e-05, "grad_rel": 0.5025637373328209, "iteration": 16680, "loss": 0.13746763207018375, "lr": 1.329292988355095e-05, "mse": 0.00011839393091577222, "p_zero": 0.0, "point_rel": 0.07465257793664933, "residual_mse": 0.00011839393018817646, "temporal_rel": 0.8920494914054871, "tke_rel": 0.4746467411518097}
TRAIN {"angle_aug_abs_deg": 0.0, "aoa_effective_shift_abs_deg_mean": 0.7719884820282459, "aoa_meanfield_aug_fraction": 0.44375, "aoa_meanfield_lambda_mean": 0.15439769718796015, "delta_penalty": 3.961797265219502e-05, "grad_rel": 0.509300385415554, "iteration": 16700, "loss": 0.13959725759923458, "lr": 1.3136848556180824e-05, "mse": 0.00012088852508895798, "p_zero": 0.0, "point_rel": 0.07641537394374609, "residual_mse": 0.00012088852290617069, "temporal_rel": 0.8882366418838501, "tke_rel": 0.4809704214334488}
TRAIN {"angle_aug_abs_deg": 0.0, "aoa_effective_shift_abs_deg_mean": 0.8496538311243057, "aoa_meanfield_aug_fraction": 0.5, "aoa_meanfield_lambda_mean": 0.1699307642877102, "delta_penalty": 3.95001355173008e-05, "grad_rel": 0.50543722063303, "iteration": 16720, "loss": 0.13711425922811032, "lr": 1.2981624533047383e-05, "mse": 0.00013188753873691895, "p_zero": 0.0, "point_rel": 0.074419223703444, "residual_mse": 0.00013188753910071683, "temporal_rel": 0.8861398667097091, "tke_rel": 0.47481540888547896}
TRAIN {"angle_aug_abs_deg": 0.0, "aoa_effective_shift_abs_deg_mean": 0.9288485556840896, "aoa_meanfield_aug_fraction": 0.5125, "aoa_meanfield_lambda_mean": 0.1857697159051895, "delta_penalty": 3.93703814552282e-05, "grad_rel": 0.5188967332243919, "iteration": 16740, "loss": 0.1398305419832468, "lr": 1.2827259346149072e-05, "mse": 0.00012526175887614955, "p_zero": 0.0, "point_rel": 0.0768801249563694, "residual_mse": 0.00012526175851235166, "temporal_rel": 0.8856102824211121, "tke_rel": 0.47600486874580383}
TRAIN {"angle_aug_abs_deg": 0.0, "aoa_effective_shift_abs_deg_mean": 0.7959081172943115, "aoa_meanfield_aug_fraction": 0.4875, "aoa_meanfield_lambda_mean": 0.15918162297457455, "delta_penalty": 4.00853172322968e-05, "grad_rel": 0.5206485539674759, "iteration": 16760, "loss": 0.14168551713228225, "lr": 1.2673754519007937e-05, "mse": 0.000131395653988875, "p_zero": 0.0, "point_rel": 0.07971766181290149, "residual_mse": 0.0001313956536250771, "temporal_rel": 0.8829006582498551, "tke_rel": 0.46051476448774337}
TRAIN {"angle_aug_abs_deg": 0.0, "aoa_effective_shift_abs_deg_mean": 0.92115728110075, "aoa_meanfield_aug_fraction": 0.50625, "aoa_meanfield_lambda_mean": 0.1842314526438713, "delta_penalty": 4.032713604829041e-05, "grad_rel": 0.5148331314325333, "iteration": 16780, "loss": 0.14128769412636757, "lr": 1.2521111566654682e-05, "mse": 0.0001329477572653559, "p_zero": 0.0, "point_rel": 0.07813992649316788, "residual_mse": 0.0001329477572653559, "temporal_rel": 0.8878839284181594, "tke_rel": 0.47913438975811007}
TRAIN {"angle_aug_abs_deg": 0.0, "aoa_effective_shift_abs_deg_mean": 0.9067852705717087, "aoa_meanfield_aug_fraction": 0.5125, "aoa_meanfield_lambda_mean": 0.18135705217719078, "delta_penalty": 3.94993020563561e-05, "grad_rel": 0.5151191994547843, "iteration": 16800, "loss": 0.14004459828138352, "lr": 1.2369331995613594e-05, "mse": 0.00012327585009188624, "p_zero": 0.0, "point_rel": 0.0755136888474226, "residual_mse": 0.00012327584790909895, "temporal_rel": 0.8934359312057495, "tke_rel": 0.4993879035115242}
TRAIN {"angle_aug_abs_deg": 0.0, "aoa_effective_shift_abs_deg_mean": 0.8794895961880684, "aoa_meanfield_aug_fraction": 0.48125, "aoa_meanfield_lambda_mean": 0.17589791379868985, "delta_penalty": 4.078137308169971e-05, "grad_rel": 0.507605929672718, "iteration": 16820, "loss": 0.1390035130083561, "lr": 1.2218417303887796e-05, "mse": 0.00012746372995025012, "p_zero": 0.0, "point_rel": 0.0756243396550417, "residual_mse": 0.0001274637306778459, "temporal_rel": 0.8942982107400894, "tke_rel": 0.48161807656288147}
TRAIN {"angle_aug_abs_deg": 0.0, "aoa_effective_shift_abs_deg_mean": 0.6880674943327904, "aoa_meanfield_aug_fraction": 0.40625, "aoa_meanfield_lambda_mean": 0.13761349879205226, "delta_penalty": 4.6096161895547993e-05, "grad_rel": 0.5182669490575791, "iteration": 16840, "loss": 0.14169734641909598, "lr": 1.2068368980944344e-05, "mse": 0.00015706514532212167, "p_zero": 0.0, "point_rel": 0.07921723425388336, "residual_mse": 0.00015706514423072804, "temporal_rel": 0.8831649601459504, "tke_rel": 0.46938531547784806}
TRAIN {"angle_aug_abs_deg": 0.0, "aoa_effective_shift_abs_deg_mean": 1.018781480938196, "aoa_meanfield_aug_fraction": 0.56875, "aoa_meanfield_lambda_mean": 0.20375629076734186, "delta_penalty": 3.663864899863256e-05, "grad_rel": 0.5130052372813225, "iteration": 16860, "loss": 0.1374942485243082, "lr": 1.1919188507699597e-05, "mse": 0.00011334936898492743, "p_zero": 0.0, "point_rel": 0.07487959545105696, "residual_mse": 0.00011334936789353378, "temporal_rel": 0.886076757311821, "tke_rel": 0.4717089384794235}
TRAIN {"angle_aug_abs_deg": 0.0, "aoa_effective_shift_abs_deg_mean": 0.8779073357582092, "aoa_meanfield_aug_fraction": 0.50625, "aoa_meanfield_lambda_mean": 0.17558146752417086, "delta_penalty": 3.937727879019803e-05, "grad_rel": 0.5192270815372467, "iteration": 16880, "loss": 0.1406514562666416, "lr": 1.1770877356504641e-05, "mse": 0.00013185393927415135, "p_zero": 0.0, "point_rel": 0.0769488863646984, "residual_mse": 0.00013185393800085876, "temporal_rel": 0.890509843826294, "tke_rel": 0.48597543984651564}
TRAIN {"angle_aug_abs_deg": 0.0, "aoa_effective_shift_abs_deg_mean": 0.8393142513930798, "aoa_meanfield_aug_fraction": 0.46875, "aoa_meanfield_lambda_mean": 0.16786284949630498, "delta_penalty": 4.107130498596234e-05, "grad_rel": 0.5093582004308701, "iteration": 16900, "loss": 0.13881054185330868, "lr": 1.1623436991130609e-05, "mse": 0.00012710006340057589, "p_zero": 0.0, "point_rel": 0.07604048065841199, "residual_mse": 0.00012710006340057589, "temporal_rel": 0.8911203533411026, "tke_rel": 0.4726188153028488}
TRAIN {"angle_aug_abs_deg": 0.0, "aoa_effective_shift_abs_deg_mean": 0.7064478181302547, "aoa_meanfield_aug_fraction": 0.4, "aoa_meanfield_lambda_mean": 0.14128956366330386, "delta_penalty": 4.1441522080276626e-05, "grad_rel": 0.5072166919708252, "iteration": 16920, "loss": 0.13736366666853428, "lr": 1.1476868866754415e-05, "mse": 0.00012845785058743787, "p_zero": 0.0, "point_rel": 0.07445781603455544, "residual_mse": 0.00012845785095123575, "temporal_rel": 0.8880324006080628, "tke_rel": 0.47695439010858537}
TRAIN {"angle_aug_abs_deg": 0.0, "aoa_effective_shift_abs_deg_mean": 0.811577531695366, "aoa_meanfield_aug_fraction": 0.45625, "aoa_meanfield_lambda_mean": 0.16231550611555576, "delta_penalty": 4.211843197481358e-05, "grad_rel": 0.5162925258278847, "iteration": 16940, "loss": 0.1415261968970299, "lr": 1.1331174429944298e-05, "mse": 0.0001430595648344024, "p_zero": 0.0, "point_rel": 0.07835431918501853, "residual_mse": 0.00014305956447060452, "temporal_rel": 0.8926083207130432, "tke_rel": 0.4767580509185791}
TRAIN {"angle_aug_abs_deg": 0.0, "aoa_effective_shift_abs_deg_mean": 0.8941670596599579, "aoa_meanfield_aug_fraction": 0.5, "aoa_meanfield_lambda_mean": 0.1788334112614393, "delta_penalty": 4.038925399072468e-05, "grad_rel": 0.5170542120933532, "iteration": 16960, "loss": 0.1402162868529558, "lr": 1.1186355118645503e-05, "mse": 0.00013740826307184761, "p_zero": 0.0, "point_rel": 0.07697491496801376, "residual_mse": 0.00013740826179855503, "temporal_rel": 0.8981645107269287, "tke_rel": 0.47497656345367434}
TRAIN {"angle_aug_abs_deg": 0.0, "aoa_effective_shift_abs_deg_mean": 0.7666177809238434, "aoa_meanfield_aug_fraction": 0.44375, "aoa_meanfield_lambda_mean": 0.15332355424761773, "delta_penalty": 4.2565538842609384e-05, "grad_rel": 0.517660667002201, "iteration": 16980, "loss": 0.1422186154872179, "lr": 1.1042412362166146e-05, "mse": 0.00015044339397718431, "p_zero": 0.0, "point_rel": 0.07875996809452772, "residual_mse": 0.00015044339288579068, "temporal_rel": 0.8888323068618774, "tke_rel": 0.4830464005470276}
TRAIN {"angle_aug_abs_deg": 0.0, "aoa_effective_shift_abs_deg_mean": 0.7413164168596268, "aoa_meanfield_aug_fraction": 0.43125, "aoa_meanfield_lambda_mean": 0.14826328605413436, "delta_penalty": 4.437763345777057e-05, "grad_rel": 0.5194071292877197, "iteration": 17000, "loss": 0.14362620748579502, "lr": 1.0899347581163167e-05, "mse": 0.0001447875281883171, "p_zero": 0.0, "point_rel": 0.08048890046775341, "residual_mse": 0.0001447875300073065, "temporal_rel": 0.8869769275188446, "tke_rel": 0.4782095357775688}
TRAIN {"angle_aug_abs_deg": 0.0, "aoa_effective_shift_abs_deg_mean": 0.9000576987862587, "aoa_meanfield_aug_fraction": 0.525, "aoa_meanfield_lambda_mean": 0.18001153990626334, "delta_penalty": 4.103562923774007e-05, "grad_rel": 0.5295316979289055, "iteration": 17020, "loss": 0.14395188242197038, "lr": 1.075716218762817e-05, "mse": 0.00013093148263578768, "p_zero": 0.0, "point_rel": 0.08034628927707672, "residual_mse": 0.0001309314804530004, "temporal_rel": 0.8889174699783325, "tke_rel": 0.48258323818445203}
TRAIN {"angle_aug_abs_deg": 0.0, "aoa_effective_shift_abs_deg_mean": 0.9106469213962555, "aoa_meanfield_aug_fraction": 0.5125, "aoa_meanfield_lambda_mean": 0.18212938755750657, "delta_penalty": 3.905048670276301e-05, "grad_rel": 0.5153691783547402, "iteration": 17040, "loss": 0.1387833073735237, "lr": 1.0615857584873572e-05, "mse": 0.00012057218536938308, "p_zero": 0.0, "point_rel": 0.07587360963225365, "residual_mse": 0.00012057218536938308, "temporal_rel": 0.8897367984056472, "tke_rel": 0.4741684377193451}
TRAIN {"angle_aug_abs_deg": 0.0, "aoa_effective_shift_abs_deg_mean": 0.7878236033022403, "aoa_meanfield_aug_fraction": 0.46875, "aoa_meanfield_lambda_mean": 0.15756472554057838, "delta_penalty": 4.387180933917989e-05, "grad_rel": 0.5134404361248016, "iteration": 17060, "loss": 0.14057797156274318, "lr": 1.0475435167518796e-05, "mse": 0.0001479425456636818, "p_zero": 0.0, "point_rel": 0.07753612175583839, "residual_mse": 0.00014794254493608606, "temporal_rel": 0.8877586394548416, "tke_rel": 0.47770377397537234}
TRAIN {"angle_aug_abs_deg": 0.0, "aoa_effective_shift_abs_deg_mean": 0.7766043439507484, "aoa_meanfield_aug_fraction": 0.43125, "aoa_meanfield_lambda_mean": 0.1553208686411381, "delta_penalty": 3.884192519763019e-05, "grad_rel": 0.5066851750016212, "iteration": 17080, "loss": 0.13688818439841272, "lr": 1.033589632147639e-05, "mse": 0.00011889699053426738, "p_zero": 0.0, "point_rel": 0.07327879667282104, "residual_mse": 0.00011889699089806527, "temporal_rel": 0.8988365799188613, "tke_rel": 0.48345950394868853}
TRAIN {"angle_aug_abs_deg": 0.0, "aoa_effective_shift_abs_deg_mean": 0.7711549185216426, "aoa_meanfield_aug_fraction": 0.44375, "aoa_meanfield_lambda_mean": 0.15423098467290403, "delta_penalty": 3.565938723113504e-05, "grad_rel": 0.4958468347787857, "iteration": 17100, "loss": 0.13287480734288692, "lr": 1.01972424239384e-05, "mse": 0.00010524482258915669, "p_zero": 0.0, "point_rel": 0.07031691875308752, "residual_mse": 0.00010524482277105563, "temporal_rel": 0.8898349702358246, "tke_rel": 0.4732142105698586}
TRAIN {"angle_aug_abs_deg": 0.0, "aoa_effective_shift_abs_deg_mean": 0.788304553180933, "aoa_meanfield_aug_fraction": 0.44375, "aoa_meanfield_lambda_mean": 0.15766090918332337, "delta_penalty": 4.11737682952662e-05, "grad_rel": 0.5152530461549759, "iteration": 17120, "loss": 0.13925666958093644, "lr": 1.005947484336285e-05, "mse": 0.00013964426088932668, "p_zero": 0.0, "point_rel": 0.07726532220840454, "residual_mse": 0.00013964426161692245, "temporal_rel": 0.885008943080902, "tke_rel": 0.46115945279598236}
TRAIN {"angle_aug_abs_deg": 0.0, "aoa_effective_shift_abs_deg_mean": 0.7125002250075341, "aoa_meanfield_aug_fraction": 0.41875, "aoa_meanfield_lambda_mean": 0.14250004645437003, "delta_penalty": 4.4612332294491354e-05, "grad_rel": 0.5179710403084755, "iteration": 17140, "loss": 0.14155065417289733, "lr": 9.922594939460153e-06, "mse": 0.00015013720840215684, "p_zero": 0.0, "point_rel": 0.07855961732566356, "residual_mse": 0.00015013720985734835, "temporal_rel": 0.888550677895546, "tke_rel": 0.4753169924020767}
TRAIN {"angle_aug_abs_deg": 0.0, "aoa_effective_shift_abs_deg_mean": 0.8237204343080521, "aoa_meanfield_aug_fraction": 0.4875, "aoa_meanfield_lambda_mean": 0.16474408730864526, "delta_penalty": 4.5066166785545646e-05, "grad_rel": 0.5297136723995208, "iteration": 17160, "loss": 0.1449008509516716, "lr": 9.786604063179677e-06, "mse": 0.00015541581742581912, "p_zero": 0.0, "point_rel": 0.08087702915072441, "residual_mse": 0.00015541581888101064, "temporal_rel": 0.8930543959140778, "tke_rel": 0.4873159691691399}
TRAIN {"angle_aug_abs_deg": 0.0, "aoa_effective_shift_abs_deg_mean": 0.7059958696365356, "aoa_meanfield_aug_fraction": 0.3875, "aoa_meanfield_lambda_mean": 0.14119917210191488, "delta_penalty": 4.1494217202853176e-05, "grad_rel": 0.5144771248102188, "iteration": 17180, "loss": 0.1419187977910042, "lr": 9.651503556696478e-06, "mse": 0.00013906767781008967, "p_zero": 0.0, "point_rel": 0.0778198542073369, "residual_mse": 0.0001390676770824939, "temporal_rel": 0.8978636920452118, "tke_rel": 0.49005549103021623}
TRAIN {"angle_aug_abs_deg": 0.0, "aoa_effective_shift_abs_deg_mean": 0.8614529013633728, "aoa_meanfield_aug_fraction": 0.48125, "aoa_meanfield_lambda_mean": 0.17229058369994163, "delta_penalty": 3.787235300478642e-05, "grad_rel": 0.5092422142624855, "iteration": 17200, "loss": 0.1377805642783642, "lr": 9.51729475339802e-06, "mse": 0.00012291219863982405, "p_zero": 0.0, "point_rel": 0.07509425245225429, "residual_mse": 0.0001229121997312177, "temporal_rel": 0.8808257281780243, "tke_rel": 0.4764212742447853}
TRAIN {"angle_aug_abs_deg": 0.0, "aoa_effective_shift_abs_deg_mean": 0.7940788611769676, "aoa_meanfield_aug_fraction": 0.45625, "aoa_meanfield_lambda_mean": 0.15881576994434, "delta_penalty": 3.999831578767043e-05, "grad_rel": 0.5072323992848397, "iteration": 17220, "loss": 0.13684769943356515, "lr": 9.383978977870979e-06, "mse": 0.00012422466834323133, "p_zero": 0.0, "point_rel": 0.07491408810019493, "residual_mse": 0.00012422466834323133, "temporal_rel": 0.8791338384151459, "tke_rel": 0.46521739661693573}
TRAIN {"angle_aug_abs_deg": 0.0, "aoa_effective_shift_abs_deg_mean": 0.8060078836977482, "aoa_meanfield_aug_fraction": 0.45625, "aoa_meanfield_lambda_mean": 0.16120158452540637, "delta_penalty": 3.8470296294690344e-05, "grad_rel": 0.5183170109987258, "iteration": 17240, "loss": 0.13979280255734922, "lr": 9.251557545888271e-06, "mse": 0.00011895895331690554, "p_zero": 0.0, "point_rel": 0.07668836861848831, "residual_mse": 0.00011895895440829917, "temporal_rel": 0.8930604875087738, "tke_rel": 0.47502347081899643}
TRAIN {"angle_aug_abs_deg": 0.0, "aoa_effective_shift_abs_deg_mean": 0.9149342074990272, "aoa_meanfield_aug_fraction": 0.5, "aoa_meanfield_lambda_mean": 0.1829868394881487, "delta_penalty": 3.683808317873627e-05, "grad_rel": 0.5038742542266845, "iteration": 17260, "loss": 0.13731279969215393, "lr": 9.120031764395946e-06, "mse": 0.0001240999969013501, "p_zero": 0.0, "point_rel": 0.07476632110774517, "residual_mse": 0.00012409999726514798, "temporal_rel": 0.8841008067131042, "tke_rel": 0.47378959506750107}
TRAIN {"angle_aug_abs_deg": 0.0, "aoa_effective_shift_abs_deg_mean": 0.7850773751735687, "aoa_meanfield_aug_fraction": 0.45, "aoa_meanfield_lambda_mean": 0.15701547525823117, "delta_penalty": 4.346033647379954e-05, "grad_rel": 0.5118403375148773, "iteration": 17280, "loss": 0.14013844951987267, "lr": 8.989402931500394e-06, "mse": 0.00014457844245043816, "p_zero": 0.0, "point_rel": 0.07670752219855785, "residual_mse": 0.00014457844245043816, "temporal_rel": 0.8956200897693634, "tke_rel": 0.48067465126514436}
TRAIN {"angle_aug_abs_deg": 0.0, "aoa_effective_shift_abs_deg_mean": 0.7116064503788948, "aoa_meanfield_aug_fraction": 0.425, "aoa_meanfield_lambda_mean": 0.14232128877192735, "delta_penalty": 4.451824561328977e-05, "grad_rel": 0.5149243146181106, "iteration": 17300, "loss": 0.13974615186452866, "lr": 8.859672336455452e-06, "mse": 0.00014479158071480924, "p_zero": 0.0, "point_rel": 0.07721311450004578, "residual_mse": 0.0001447915799872135, "temporal_rel": 0.8865137994289398, "tke_rel": 0.4694904923439026}
TRAIN {"angle_aug_abs_deg": 0.0, "aoa_effective_shift_abs_deg_mean": 0.7172274805605412, "aoa_meanfield_aug_fraction": 0.4125, "aoa_meanfield_lambda_mean": 0.143445491977036, "delta_penalty": 4.309046871640021e-05, "grad_rel": 0.5220865368843078, "iteration": 17320, "loss": 0.14253512583673, "lr": 8.73084125964968e-06, "mse": 0.00013967646973469527, "p_zero": 0.0, "point_rel": 0.08010242097079753, "residual_mse": 0.00013967646755190798, "temporal_rel": 0.8825309813022614, "tke_rel": 0.468045200407505}
TRAIN {"angle_aug_abs_deg": 0.0, "aoa_effective_shift_abs_deg_mean": 0.7127616204321384, "aoa_meanfield_aug_fraction": 0.40625, "aoa_meanfield_lambda_mean": 0.1425523268058896, "delta_penalty": 4.2488883809710384e-05, "grad_rel": 0.5125294893980026, "iteration": 17340, "loss": 0.1402185272425413, "lr": 8.602910972593836e-06, "mse": 0.00013445833537844009, "p_zero": 0.0, "point_rel": 0.07594321928918361, "residual_mse": 0.00013445833610603586, "temporal_rel": 0.903619310259819, "tke_rel": 0.4906267046928406}
TRAIN {"angle_aug_abs_deg": 0.0, "aoa_effective_shift_abs_deg_mean": 0.9289845913648606, "aoa_meanfield_aug_fraction": 0.525, "aoa_meanfield_lambda_mean": 0.18579691462218761, "delta_penalty": 3.9206900510180276e-05, "grad_rel": 0.5175564333796501, "iteration": 17360, "loss": 0.14007053412497045, "lr": 8.4758827379082e-06, "mse": 0.0001222753489855677, "p_zero": 0.0, "point_rel": 0.07725676149129868, "residual_mse": 0.0001222753513502539, "temporal_rel": 0.8889882981777191, "tke_rel": 0.4723886281251907}
TRAIN {"angle_aug_abs_deg": 0.0, "aoa_effective_shift_abs_deg_mean": 0.813191320002079, "aoa_meanfield_aug_fraction": 0.45, "aoa_meanfield_lambda_mean": 0.16263826619833707, "delta_penalty": 3.974696355726337e-05, "grad_rel": 0.5057491689920426, "iteration": 17380, "loss": 0.1384673472493887, "lr": 8.349757809310152e-06, "mse": 0.00012687605494647868, "p_zero": 0.0, "point_rel": 0.07637093532830477, "residual_mse": 0.00012687605494647868, "temporal_rel": 0.8871674209833145, "tke_rel": 0.46427158564329146}
TRAIN {"angle_aug_abs_deg": 0.0, "aoa_effective_shift_abs_deg_mean": 0.7865499377250671, "aoa_meanfield_aug_fraction": 0.4625, "aoa_meanfield_lambda_mean": 0.15730998553335668, "delta_penalty": 3.8825352930871304e-05, "grad_rel": 0.5101408660411835, "iteration": 17400, "loss": 0.13883933126926423, "lr": 8.224537431601839e-06, "mse": 0.00011769797201850451, "p_zero": 0.0, "point_rel": 0.07506383880972863, "residual_mse": 0.0001176979723823024, "temporal_rel": 0.8912983417510987, "tke_rel": 0.48913906663656237}
TRAIN {"angle_aug_abs_deg": 0.0, "aoa_effective_shift_abs_deg_mean": 0.8659633792936802, "aoa_meanfield_aug_fraction": 0.4875, "aoa_meanfield_lambda_mean": 0.17319267094135285, "delta_penalty": 4.2488827875786225e-05, "grad_rel": 0.5234137937426567, "iteration": 17420, "loss": 0.14323608428239823, "lr": 8.10022284065783e-06, "mse": 0.00014377980642166222, "p_zero": 0.0, "point_rel": 0.07943653054535389, "residual_mse": 0.0001437798049664707, "temporal_rel": 0.8917553395032882, "tke_rel": 0.48586170971393583}
TRAIN {"angle_aug_abs_deg": 0.0, "aoa_effective_shift_abs_deg_mean": 0.8361455664038658, "aoa_meanfield_aug_fraction": 0.5, "aoa_meanfield_lambda_mean": 0.1672291150316596, "delta_penalty": 4.06313121857238e-05, "grad_rel": 0.5164770439267159, "iteration": 17440, "loss": 0.13926782980561256, "lr": 7.976815263412915e-06, "mse": 0.00012881312450190306, "p_zero": 0.0, "point_rel": 0.07580496445298195, "residual_mse": 0.00012881312304671155, "temporal_rel": 0.8946677297353745, "tke_rel": 0.48060371577739713}
TRAIN {"angle_aug_abs_deg": 0.0, "aoa_effective_shift_abs_deg_mean": 0.8594995811581612, "aoa_meanfield_aug_fraction": 0.49375, "aoa_meanfield_lambda_mean": 0.1718999176286161, "delta_penalty": 3.7803215491294395e-05, "grad_rel": 0.5069727897644043, "iteration": 17460, "loss": 0.1363150842487812, "lr": 7.854315917850116e-06, "mse": 0.00011665802267089021, "p_zero": 0.0, "point_rel": 0.07451968267560005, "residual_mse": 0.00011665802267089021, "temporal_rel": 0.8825902938842773, "tke_rel": 0.46128912419080736}
TRAIN {"angle_aug_abs_deg": 0.0, "aoa_effective_shift_abs_deg_mean": 0.7593345269560814, "aoa_meanfield_aug_fraction": 0.43125, "aoa_meanfield_lambda_mean": 0.15186690501868724, "delta_penalty": 3.7172365500737216e-05, "grad_rel": 0.506631252169609, "iteration": 17480, "loss": 0.1379394456744194, "lr": 7.732726012988484e-06, "mse": 0.00011122579362563557, "p_zero": 0.0, "point_rel": 0.07501262072473765, "residual_mse": 0.00011122579362563557, "temporal_rel": 0.8880902677774429, "tke_rel": 0.47750897109508517}
TRAIN {"angle_aug_abs_deg": 0.0, "aoa_effective_shift_abs_deg_mean": 0.8056336387991905, "aoa_meanfield_aug_fraction": 0.48125, "aoa_meanfield_lambda_mean": 0.16112672900781036, "delta_penalty": 3.8155054880917305e-05, "grad_rel": 0.5017494261264801, "iteration": 17500, "loss": 0.1346847228705883, "lr": 7.612046748871283e-06, "mse": 0.00011615342318691547, "p_zero": 0.0, "point_rel": 0.07268534954637289, "residual_mse": 0.00011615342391451123, "temporal_rel": 0.8830203860998154, "tke_rel": 0.46578191220760345}
EVAL_TOP {"alpha": 1.0, "best_bound_abs": 0.0075, "best_bound_rel": 0.0075, "best_bounds": [{"abs": 0.0075, "coverage": 0.8331073379516601, "final_est": 81.83861116064492, "rel": 0.0075, "sps_raw": 0.48385332465171815, "sps_score_linear": 48.385332465171814, "sps_score_used": 48.385332465171814}], "best_final_est": 81.83861116064492, "iteration": 17500, "mean_t_neural_s": 0.01762683533, "mvpe": 0.07131159156560898, "mvpe_score": 96.55717701498943, "n": 640, "rel_l2": 0.08049856219440699, "rel_l2_score": 96.13080423811968, "time_score": 86.54248999999716, "tke": 0.451663850992918, "tke_score": 81.57725208494651}
TRAIN {"angle_aug_abs_deg": 0.0, "aoa_effective_shift_abs_deg_mean": 0.7868490606546402, "aoa_meanfield_aug_fraction": 0.4375, "aoa_meanfield_lambda_mean": 0.1573698094114661, "delta_penalty": 4.5171833608037557e-05, "grad_rel": 0.5234504923224449, "iteration": 17520, "loss": 0.1441300630569458, "lr": 7.492279316554166e-06, "mse": 0.00015239625063259154, "p_zero": 0.0, "point_rel": 0.08101949319243432, "residual_mse": 0.00015239624917740002, "temporal_rel": 0.882212108373642, "tke_rel": 0.47909717410802843}
TRAIN {"angle_aug_abs_deg": 0.0, "aoa_effective_shift_abs_deg_mean": 0.8677593529224396, "aoa_meanfield_aug_fraction": 0.4875, "aoa_meanfield_lambda_mean": 0.17355186939239503, "delta_penalty": 4.058039239680511e-05, "grad_rel": 0.5140049263834954, "iteration": 17540, "loss": 0.1402194369584322, "lr": 7.3734248980933006e-06, "mse": 0.00012233998131705448, "p_zero": 0.0, "point_rel": 0.07700818721204997, "residual_mse": 0.0001223399818627513, "temporal_rel": 0.8882490634918213, "tke_rel": 0.4802699014544487}
TRAIN {"angle_aug_abs_deg": 0.0, "aoa_effective_shift_abs_deg_mean": 0.6983146116137504, "aoa_meanfield_aug_fraction": 0.39375, "aoa_meanfield_lambda_mean": 0.13966292403638364, "delta_penalty": 4.0980933954415376e-05, "grad_rel": 0.5069892078638076, "iteration": 17560, "loss": 0.13884278647601606, "lr": 7.2554846665338225e-06, "mse": 0.00013292783914948815, "p_zero": 0.0, "point_rel": 0.07603617236018181, "residual_mse": 0.0001329278376942966, "temporal_rel": 0.8845595508813858, "tke_rel": 0.47707159370183944}
TRAIN {"angle_aug_abs_deg": 0.0, "aoa_effective_shift_abs_deg_mean": 0.8484121963381768, "aoa_meanfield_aug_fraction": 0.4875, "aoa_meanfield_lambda_mean": 0.16968244053423404, "delta_penalty": 4.150536387896864e-05, "grad_rel": 0.5120738536119461, "iteration": 17580, "loss": 0.1398519802838564, "lr": 7.138459785898227e-06, "mse": 0.00012667895480262815, "p_zero": 0.0, "point_rel": 0.07661715187132359, "residual_mse": 0.00012667895589402178, "temporal_rel": 0.8846173495054245, "tke_rel": 0.48293944597244265}
TRAIN {"angle_aug_abs_deg": 0.0, "aoa_effective_shift_abs_deg_mean": 0.8467581570148468, "aoa_meanfield_aug_fraction": 0.46875, "aoa_meanfield_lambda_mean": 0.16935162916779517, "delta_penalty": 4.018429390271194e-05, "grad_rel": 0.5049208387732506, "iteration": 17600, "loss": 0.13622212633490563, "lr": 7.022351411174826e-06, "mse": 0.00011841909272334306, "p_zero": 0.0, "point_rel": 0.07428587768226862, "residual_mse": 0.00011841909272334306, "temporal_rel": 0.8855548977851868, "tke_rel": 0.4626576855778694}
TRAIN {"angle_aug_abs_deg": 0.0, "aoa_effective_shift_abs_deg_mean": 0.9513416573405266, "aoa_meanfield_aug_fraction": 0.55, "aoa_meanfield_lambda_mean": 0.1902683351188898, "delta_penalty": 4.208978980386746e-05, "grad_rel": 0.5153448030352592, "iteration": 17620, "loss": 0.14018183536827564, "lr": 6.907160688306386e-06, "mse": 0.00014700342326250392, "p_zero": 0.0, "point_rel": 0.07697965316474438, "residual_mse": 0.0001470034221711103, "temporal_rel": 0.8853916168212891, "tke_rel": 0.48108866810798645}
TRAIN {"angle_aug_abs_deg": 0.0, "aoa_effective_shift_abs_deg_mean": 0.8005029380321502, "aoa_meanfield_aug_fraction": 0.46875, "aoa_meanfield_lambda_mean": 0.16010059081017972, "delta_penalty": 3.5729995943256654e-05, "grad_rel": 0.5024407252669334, "iteration": 17640, "loss": 0.13481360338628293, "lr": 6.792888754178866e-06, "mse": 0.00010131722465303027, "p_zero": 0.0, "point_rel": 0.0723944328725338, "residual_mse": 0.00010131722465303027, "temporal_rel": 0.8903201371431351, "tke_rel": 0.46903079450130464}
TRAIN {"angle_aug_abs_deg": 0.0, "aoa_effective_shift_abs_deg_mean": 0.5992974750697613, "aoa_meanfield_aug_fraction": 0.35, "aoa_meanfield_lambda_mean": 0.1198594968765974, "delta_penalty": 3.934412306989543e-05, "grad_rel": 0.5125500872731209, "iteration": 17660, "loss": 0.1393071547150612, "lr": 6.679536736610121e-06, "mse": 0.00012805643655156018, "p_zero": 0.0, "point_rel": 0.0774614306166768, "residual_mse": 0.00012805643691535807, "temporal_rel": 0.8832054078578949, "tke_rel": 0.46036845445632935}
TRAIN {"angle_aug_abs_deg": 0.0, "aoa_effective_shift_abs_deg_mean": 0.6652423791587353, "aoa_meanfield_aug_fraction": 0.39375, "aoa_meanfield_lambda_mean": 0.13304847609251738, "delta_penalty": 3.871995213557966e-05, "grad_rel": 0.5078850582242012, "iteration": 17680, "loss": 0.13896625563502313, "lr": 6.567105754338763e-06, "mse": 0.00012051476960550644, "p_zero": 0.0, "point_rel": 0.07526189424097537, "residual_mse": 0.00012051476978740539, "temporal_rel": 0.8920332252979278, "tke_rel": 0.4881360247731209}
TRAIN {"angle_aug_abs_deg": 0.0, "aoa_effective_shift_abs_deg_mean": 0.6911379337310791, "aoa_meanfield_aug_fraction": 0.4, "aoa_meanfield_lambda_mean": 0.13822758626192808, "delta_penalty": 4.4623764824791576e-05, "grad_rel": 0.5127818956971169, "iteration": 17700, "loss": 0.14074358269572257, "lr": 6.455596917013239e-06, "mse": 0.00015323504994739777, "p_zero": 0.0, "point_rel": 0.07858311608433724, "residual_mse": 0.00015323505031119566, "temporal_rel": 0.8824454635381699, "tke_rel": 0.46580844521522524}
TRAIN {"angle_aug_abs_deg": 0.0, "aoa_effective_shift_abs_deg_mean": 0.7541177116334439, "aoa_meanfield_aug_fraction": 0.44375, "aoa_meanfield_lambda_mean": 0.1508235413581133, "delta_penalty": 4.215782992105233e-05, "grad_rel": 0.5176939532160759, "iteration": 17720, "loss": 0.1411896888166666, "lr": 6.345011325180735e-06, "mse": 0.00013980389667267445, "p_zero": 0.0, "point_rel": 0.07776908837258815, "residual_mse": 0.00013980389740027023, "temporal_rel": 0.8959373295307159, "tke_rel": 0.4789048135280609}
TRAIN {"angle_aug_abs_deg": 0.0, "aoa_effective_shift_abs_deg_mean": 0.7797508269548417, "aoa_meanfield_aug_fraction": 0.4625, "aoa_meanfield_lambda_mean": 0.15595016703009607, "delta_penalty": 3.719282158272108e-05, "grad_rel": 0.5013343200087548, "iteration": 17740, "loss": 0.13415968231856823, "lr": 6.235350070276412e-06, "mse": 0.00011057248375436756, "p_zero": 0.0, "point_rel": 0.07133357860147953, "residual_mse": 0.00011057248375436756, "temporal_rel": 0.8939586699008941, "tke_rel": 0.47422356009483335}
TRAIN {"angle_aug_abs_deg": 0.0, "aoa_effective_shift_abs_deg_mean": 0.9180871456861496, "aoa_meanfield_aug_fraction": 0.5125, "aoa_meanfield_lambda_mean": 0.18361742794513702, "delta_penalty": 4.133771599299507e-05, "grad_rel": 0.530379182100296, "iteration": 17760, "loss": 0.1441263884305954, "lr": 6.126614234612561e-06, "mse": 0.00013360285647650015, "p_zero": 0.0, "point_rel": 0.08013105876743794, "residual_mse": 0.00013360285684029804, "temporal_rel": 0.8957114070653915, "tke_rel": 0.48545654863119125}
TRAIN {"angle_aug_abs_deg": 0.0, "aoa_effective_shift_abs_deg_mean": 0.8979863077402115, "aoa_meanfield_aug_fraction": 0.49375, "aoa_meanfield_lambda_mean": 0.1795972565189004, "delta_penalty": 4.252550415912992e-05, "grad_rel": 0.5233431950211525, "iteration": 17780, "loss": 0.14299005083739758, "lr": 6.018804891368003e-06, "mse": 0.0001463175960452645, "p_zero": 0.0, "point_rel": 0.07930194977670908, "residual_mse": 0.00014631759950134438, "temporal_rel": 0.8871189206838608, "tke_rel": 0.48632739037275313}
TRAIN {"angle_aug_abs_deg": 0.0, "aoa_effective_shift_abs_deg_mean": 0.7227060161530972, "aoa_meanfield_aug_fraction": 0.40625, "aoa_meanfield_lambda_mean": 0.1445412039756775, "delta_penalty": 3.890604302796419e-05, "grad_rel": 0.5014802157878876, "iteration": 17800, "loss": 0.13427561819553374, "lr": 5.911923104577423e-06, "mse": 0.00010983641623170115, "p_zero": 0.0, "point_rel": 0.07199935391545295, "residual_mse": 0.0001098364169592969, "temporal_rel": 0.8849806696176529, "tke_rel": 0.46951519399881364}
TRAIN {"angle_aug_abs_deg": 0.0, "aoa_effective_shift_abs_deg_mean": 0.798596566170454, "aoa_meanfield_aug_fraction": 0.43125, "aoa_meanfield_lambda_mean": 0.15971931163221598, "delta_penalty": 4.278222249922692e-05, "grad_rel": 0.5083663895726204, "iteration": 17820, "loss": 0.1394195407629013, "lr": 5.805969929120916e-06, "mse": 0.00013655708244186826, "p_zero": 0.0, "point_rel": 0.07662902437150479, "residual_mse": 0.00013655708607984707, "temporal_rel": 0.8854048281908036, "tke_rel": 0.476017564535141}
TRAIN {"angle_aug_abs_deg": 0.0, "aoa_effective_shift_abs_deg_mean": 0.8106133498251438, "aoa_meanfield_aug_fraction": 0.48125, "aoa_meanfield_lambda_mean": 0.16212266832590103, "delta_penalty": 4.247179940648493e-05, "grad_rel": 0.5217153385281563, "iteration": 17840, "loss": 0.14144410975277424, "lr": 5.700946410713519e-06, "mse": 0.000141014471410017, "p_zero": 0.0, "point_rel": 0.0781765254214406, "residual_mse": 0.00014101447177381488, "temporal_rel": 0.8922490626573563, "tke_rel": 0.47718722075223924}
TRAIN {"angle_aug_abs_deg": 0.0, "aoa_effective_shift_abs_deg_mean": 0.9463105201721191, "aoa_meanfield_aug_fraction": 0.54375, "aoa_meanfield_lambda_mean": 0.1892621021717787, "delta_penalty": 3.972860977228265e-05, "grad_rel": 0.5172586858272552, "iteration": 17860, "loss": 0.14196219444274902, "lr": 5.596853585895005e-06, "mse": 0.00013773398750345224, "p_zero": 0.0, "point_rel": 0.07872447557747364, "residual_mse": 0.0001377339869577554, "temporal_rel": 0.8916566491127014, "tke_rel": 0.4781171053647995}
TRAIN {"angle_aug_abs_deg": 0.0, "aoa_effective_shift_abs_deg_mean": 0.8681327164173126, "aoa_meanfield_aug_fraction": 0.50625, "aoa_meanfield_lambda_mean": 0.17362654358148574, "delta_penalty": 3.7075939781061605e-05, "grad_rel": 0.5129834711551666, "iteration": 17880, "loss": 0.13783449865877628, "lr": 5.4936924820195005e-06, "mse": 0.0001149250225353171, "p_zero": 0.0, "point_rel": 0.07487541548907757, "residual_mse": 0.0001149250225353171, "temporal_rel": 0.8894440710544587, "tke_rel": 0.475763164460659}
TRAIN {"angle_aug_abs_deg": 0.0, "aoa_effective_shift_abs_deg_mean": 0.9438450932502747, "aoa_meanfield_aug_fraction": 0.54375, "aoa_meanfield_lambda_mean": 0.1887690158560872, "delta_penalty": 4.2002517056971554e-05, "grad_rel": 0.5196064502000809, "iteration": 17900, "loss": 0.1408488541841507, "lr": 5.391464117245445e-06, "mse": 0.00014644126877101372, "p_zero": 0.0, "point_rel": 0.07786514945328235, "residual_mse": 0.00014644126895291265, "temporal_rel": 0.8918992400169372, "tke_rel": 0.47313093543052676}
TRAIN {"angle_aug_abs_deg": 0.0, "aoa_effective_shift_abs_deg_mean": 0.7918894194066525, "aoa_meanfield_aug_fraction": 0.46875, "aoa_meanfield_lambda_mean": 0.15837788246572018, "delta_penalty": 3.9400328660121886e-05, "grad_rel": 0.5070825323462487, "iteration": 17920, "loss": 0.1375917997211218, "lr": 5.2901695005255506e-06, "mse": 0.00012273470219952286, "p_zero": 0.0, "point_rel": 0.07456102836877107, "residual_mse": 0.000122734701835725, "temporal_rel": 0.8932044208049774, "tke_rel": 0.47651329040527346}
TRAIN {"angle_aug_abs_deg": 0.0, "aoa_effective_shift_abs_deg_mean": 0.8627108544111252, "aoa_meanfield_aug_fraction": 0.5, "aoa_meanfield_lambda_mean": 0.1725421693176031, "delta_penalty": 3.9085823664208875e-05, "grad_rel": 0.5111897692084313, "iteration": 17940, "loss": 0.13770009614527226, "lr": 5.18980963159678e-06, "mse": 0.00011752655118471011, "p_zero": 0.0, "point_rel": 0.07558670472353697, "residual_mse": 0.00011752654954761965, "temporal_rel": 0.8827469944953918, "tke_rel": 0.465451592206955}
TRAIN {"angle_aug_abs_deg": 0.0, "aoa_effective_shift_abs_deg_mean": 0.9416098684072495, "aoa_meanfield_aug_fraction": 0.525, "aoa_meanfield_lambda_mean": 0.18832197468727827, "delta_penalty": 4.261928106643609e-05, "grad_rel": 0.5226545721292496, "iteration": 17960, "loss": 0.14133626371622085, "lr": 5.090385500970522e-06, "mse": 0.00014438376201724167, "p_zero": 0.0, "point_rel": 0.07883116118609905, "residual_mse": 0.00014438376201724167, "temporal_rel": 0.884449964761734, "tke_rel": 0.4681270182132721}
TRAIN {"angle_aug_abs_deg": 0.0, "aoa_effective_shift_abs_deg_mean": 0.9178441241383553, "aoa_meanfield_aug_fraction": 0.51875, "aoa_meanfield_lambda_mean": 0.1835688218474388, "delta_penalty": 4.106189417143469e-05, "grad_rel": 0.5147941038012505, "iteration": 17980, "loss": 0.14077142104506493, "lr": 4.9918980899227905e-06, "mse": 0.0001316479365414125, "p_zero": 0.0, "point_rel": 0.07832281664013863, "residual_mse": 0.0001316479365414125, "temporal_rel": 0.8832722723484039, "tke_rel": 0.46980357319116595}
TRAIN {"angle_aug_abs_deg": 0.0, "aoa_effective_shift_abs_deg_mean": 0.795095969736576, "aoa_meanfield_aug_fraction": 0.4625, "aoa_meanfield_lambda_mean": 0.15901919826865196, "delta_penalty": 3.994089620391605e-05, "grad_rel": 0.500748972594738, "iteration": 18000, "loss": 0.1347170140594244, "lr": 4.8943483704846195e-06, "mse": 0.00012491648849390912, "p_zero": 0.0, "point_rel": 0.07188501991331578, "residual_mse": 0.0001249164874025155, "temporal_rel": 0.8923210144042969, "tke_rel": 0.47521428763866425}
TRAIN {"angle_aug_abs_deg": 0.0, "aoa_effective_shift_abs_deg_mean": 0.9077286213636399, "aoa_meanfield_aug_fraction": 0.50625, "aoa_meanfield_lambda_mean": 0.18154572015628218, "delta_penalty": 4.369101798147312e-05, "grad_rel": 0.5151128336787224, "iteration": 18020, "loss": 0.14157830663025378, "lr": 4.7977373054323095e-06, "mse": 0.0001470750528824283, "p_zero": 0.0, "point_rel": 0.07871968671679497, "residual_mse": 0.000147075050699641, "temporal_rel": 0.8870175093412399, "tke_rel": 0.474606791138649}
TRAIN {"angle_aug_abs_deg": 0.0, "aoa_effective_shift_abs_deg_mean": 0.8643755093216896, "aoa_meanfield_aug_fraction": 0.4875, "aoa_meanfield_lambda_mean": 0.17287510298192502, "delta_penalty": 4.17489681240113e-05, "grad_rel": 0.5121873050928116, "iteration": 18040, "loss": 0.1386191502213478, "lr": 4.7020658482781e-06, "mse": 0.00013234333564469126, "p_zero": 0.0, "point_rel": 0.0757430424913764, "residual_mse": 0.00013234333491709548, "temporal_rel": 0.885565385222435, "tke_rel": 0.47643000036478045}
TRAIN {"angle_aug_abs_deg": 0.0, "aoa_effective_shift_abs_deg_mean": 0.7844539761543274, "aoa_meanfield_aug_fraction": 0.45625, "aoa_meanfield_lambda_mean": 0.15689079239964485, "delta_penalty": 4.4018871267326173e-05, "grad_rel": 0.521093127131462, "iteration": 18060, "loss": 0.14246213287115098, "lr": 4.607334943260629e-06, "mse": 0.00015054821560624986, "p_zero": 0.0, "point_rel": 0.07821732368320226, "residual_mse": 0.00015054821597004775, "temporal_rel": 0.8966324925422668, "tke_rel": 0.49138985574245453}
TRAIN {"angle_aug_abs_deg": 0.0, "aoa_effective_shift_abs_deg_mean": 0.9609453946352005, "aoa_meanfield_aug_fraction": 0.56875, "aoa_meanfield_lambda_mean": 0.19218907169997693, "delta_penalty": 3.897058877555537e-05, "grad_rel": 0.5144237130880356, "iteration": 18080, "loss": 0.13865862786769867, "lr": 4.513545525335681e-06, "mse": 0.00012706507441180294, "p_zero": 0.0, "point_rel": 0.07491728533059358, "residual_mse": 0.0001270650729566114, "temporal_rel": 0.8936582893133164, "tke_rel": 0.486272306740284}
TRAIN {"angle_aug_abs_deg": 0.0, "aoa_effective_shift_abs_deg_mean": 0.7340011097490787, "aoa_meanfield_aug_fraction": 0.425, "aoa_meanfield_lambda_mean": 0.14680021889507772, "delta_penalty": 3.8945394226175265e-05, "grad_rel": 0.5096578374505043, "iteration": 18100, "loss": 0.13915628269314767, "lr": 4.420698520166965e-06, "mse": 0.00011947777347813826, "p_zero": 0.0, "point_rel": 0.07617985643446445, "residual_mse": 0.00011947777493332978, "temporal_rel": 0.8863984435796738, "tke_rel": 0.4783830434083939}
TRAIN {"angle_aug_abs_deg": 0.0, "aoa_effective_shift_abs_deg_mean": 0.8669656857848167, "aoa_meanfield_aug_fraction": 0.46875, "aoa_meanfield_lambda_mean": 0.1733931375667453, "delta_penalty": 4.1821201193670277e-05, "grad_rel": 0.5135959625244141, "iteration": 18120, "loss": 0.1394088264554739, "lr": 4.328794844116924e-06, "mse": 0.00013693707824131708, "p_zero": 0.0, "point_rel": 0.07681633681058883, "residual_mse": 0.00013693707987840753, "temporal_rel": 0.8842988103628159, "tke_rel": 0.47196116149425504}
TRAIN {"angle_aug_abs_deg": 0.0, "aoa_effective_shift_abs_deg_mean": 0.6504920706152916, "aoa_meanfield_aug_fraction": 0.36875, "aoa_meanfield_lambda_mean": 0.13009841265156866, "delta_penalty": 3.9424615169991736e-05, "grad_rel": 0.5141760841012001, "iteration": 18140, "loss": 0.1393713667988777, "lr": 4.2378354042377575e-06, "mse": 0.00012458185865398262, "p_zero": 0.0, "point_rel": 0.07619382999837399, "residual_mse": 0.00012458185792638688, "temporal_rel": 0.8966691642999649, "tke_rel": 0.4754443675279617}
TRAIN {"angle_aug_abs_deg": 0.0, "aoa_effective_shift_abs_deg_mean": 0.9533610463142395, "aoa_meanfield_aug_fraction": 0.5375, "aoa_meanfield_lambda_mean": 0.19067220836877824, "delta_penalty": 4.022385483040125e-05, "grad_rel": 0.5147529289126396, "iteration": 18160, "loss": 0.13996795415878296, "lr": 4.147821098262398e-06, "mse": 0.00013431407169264275, "p_zero": 0.0, "point_rel": 0.07680828738957643, "residual_mse": 0.000134314070965047, "temporal_rel": 0.8904273122549057, "tke_rel": 0.47807426303625106}
TRAIN {"angle_aug_abs_deg": 0.0, "aoa_effective_shift_abs_deg_mean": 0.9722199946641922, "aoa_meanfield_aug_fraction": 0.55, "aoa_meanfield_lambda_mean": 0.19444399662315845, "delta_penalty": 4.267030881237588e-05, "grad_rel": 0.5268108874559403, "iteration": 18180, "loss": 0.1432527631521225, "lr": 4.058752814595704e-06, "mse": 0.00013683580818906193, "p_zero": 0.0, "point_rel": 0.07936597988009453, "residual_mse": 0.00013683580782526407, "temporal_rel": 0.8913531839847565, "tke_rel": 0.4867020294070244}
TRAIN {"angle_aug_abs_deg": 0.0, "aoa_effective_shift_abs_deg_mean": 0.896116778254509, "aoa_meanfield_aug_fraction": 0.5125, "aoa_meanfield_lambda_mean": 0.17922335341572762, "delta_penalty": 4.182543416391127e-05, "grad_rel": 0.5179888755083084, "iteration": 18200, "loss": 0.14034323692321776, "lr": 3.970631432305676e-06, "mse": 0.0001304920922848396, "p_zero": 0.0, "point_rel": 0.07765351757407188, "residual_mse": 0.00013049209301243536, "temporal_rel": 0.8883616119623184, "tke_rel": 0.47048426121473313}
TRAIN {"angle_aug_abs_deg": 0.0, "aoa_effective_shift_abs_deg_mean": 0.8485727086663246, "aoa_meanfield_aug_fraction": 0.50625, "aoa_meanfield_lambda_mean": 0.16971454471349717, "delta_penalty": 4.0887298655434276e-05, "grad_rel": 0.5146726027131081, "iteration": 18220, "loss": 0.1387799061834812, "lr": 3.883457821114794e-06, "mse": 0.00012307312836128402, "p_zero": 0.0, "point_rel": 0.0758230809122324, "residual_mse": 0.00012307312763368828, "temporal_rel": 0.892092478275299, "tke_rel": 0.47393706291913984}
TRAIN {"angle_aug_abs_deg": 0.0, "aoa_effective_shift_abs_deg_mean": 0.7458804100751877, "aoa_meanfield_aug_fraction": 0.43125, "aoa_meanfield_lambda_mean": 0.14917608005926014, "delta_penalty": 3.9104572078940694e-05, "grad_rel": 0.5017517685890198, "iteration": 18240, "loss": 0.13613477796316148, "lr": 3.79723284139139e-06, "mse": 0.0001223258085701673, "p_zero": 0.0, "point_rel": 0.07263654340058565, "residual_mse": 0.00012232580784257152, "temporal_rel": 0.890937215089798, "tke_rel": 0.48677283674478533}
TRAIN {"angle_aug_abs_deg": 0.0, "aoa_effective_shift_abs_deg_mean": 0.7708482287824154, "aoa_meanfield_aug_fraction": 0.4375, "aoa_meanfield_lambda_mean": 0.15416964441537856, "delta_penalty": 4.1289955152024047e-05, "grad_rel": 0.5228995442390442, "iteration": 18260, "loss": 0.14146016240119935, "lr": 3.7119573441412208e-06, "mse": 0.00013539384617615723, "p_zero": 0.0, "point_rel": 0.07896658107638359, "residual_mse": 0.00013539384617615723, "temporal_rel": 0.8890255391597748, "tke_rel": 0.46563136875629424}
TRAIN {"angle_aug_abs_deg": 0.0, "aoa_effective_shift_abs_deg_mean": 0.8728692978620529, "aoa_meanfield_aug_fraction": 0.49375, "aoa_meanfield_lambda_mean": 0.17457386273890735, "delta_penalty": 3.7088795943418516e-05, "grad_rel": 0.5066688224673271, "iteration": 18280, "loss": 0.13712580427527427, "lr": 3.6276321709990138e-06, "mse": 0.00011576819160836749, "p_zero": 0.0, "point_rel": 0.07402033843100071, "residual_mse": 0.00011576818960747914, "temporal_rel": 0.8937370002269744, "tke_rel": 0.47763087004423144}
TRAIN {"angle_aug_abs_deg": 0.0, "aoa_effective_shift_abs_deg_mean": 0.8478938519954682, "aoa_meanfield_aug_fraction": 0.475, "aoa_meanfield_lambda_mean": 0.16957876794040203, "delta_penalty": 3.885957294187392e-05, "grad_rel": 0.5175494834780693, "iteration": 18300, "loss": 0.1410120792686939, "lr": 3.5442581542201775e-06, "mse": 0.00012162207458459307, "p_zero": 0.0, "point_rel": 0.0782548151910305, "residual_mse": 0.00012162207312940154, "temporal_rel": 0.8835204064846038, "tke_rel": 0.4741857573390007}
TRAIN {"angle_aug_abs_deg": 0.0, "aoa_effective_shift_abs_deg_mean": 0.7693050660192966, "aoa_meanfield_aug_fraction": 0.4625, "aoa_meanfield_lambda_mean": 0.15386101230978966, "delta_penalty": 4.396594677018584e-05, "grad_rel": 0.5124606877565384, "iteration": 18320, "loss": 0.14040218330919743, "lr": 3.461836116672597e-06, "mse": 0.00014367891180881996, "p_zero": 0.0, "point_rel": 0.07736195549368859, "residual_mse": 0.00014367891217261785, "temporal_rel": 0.889225035905838, "tke_rel": 0.47720976918935776}
TRAIN {"angle_aug_abs_deg": 0.0, "aoa_effective_shift_abs_deg_mean": 0.8821178615093231, "aoa_meanfield_aug_fraction": 0.46875, "aoa_meanfield_lambda_mean": 0.17642356865108014, "delta_penalty": 4.297788709664019e-05, "grad_rel": 0.5206007733941078, "iteration": 18340, "loss": 0.14166176430881022, "lr": 3.3803668718285173e-06, "mse": 0.0001484335578425089, "p_zero": 0.0, "point_rel": 0.07894876413047314, "residual_mse": 0.00014843355857010465, "temporal_rel": 0.8879850745201111, "tke_rel": 0.47031751871109007}
TRAIN {"angle_aug_abs_deg": 0.0, "aoa_effective_shift_abs_deg_mean": 0.8869882524013519, "aoa_meanfield_aug_fraction": 0.51875, "aoa_meanfield_lambda_mean": 0.17739764619618653, "delta_penalty": 3.625533263402758e-05, "grad_rel": 0.5161060228943825, "iteration": 18360, "loss": 0.1388940092176199, "lr": 3.299851223756485e-06, "mse": 0.00011079743944719667, "p_zero": 0.0, "point_rel": 0.07609165310859681, "residual_mse": 0.00011079743981099455, "temporal_rel": 0.8838651120662689, "tke_rel": 0.4751808360219002}
TRAIN {"angle_aug_abs_deg": 0.0, "aoa_effective_shift_abs_deg_mean": 0.8225908175110817, "aoa_meanfield_aug_fraction": 0.48125, "aoa_meanfield_lambda_mean": 0.16451816484332085, "delta_penalty": 4.076177092429134e-05, "grad_rel": 0.5172957986593246, "iteration": 18380, "loss": 0.14006434828042985, "lr": 3.2202899671134508e-06, "mse": 0.00013299517067935084, "p_zero": 0.0, "point_rel": 0.07621674574911594, "residual_mse": 0.00013299517158884555, "temporal_rel": 0.8939309626817703, "tke_rel": 0.4871587634086609}
TRAIN {"angle_aug_abs_deg": 0.0, "aoa_effective_shift_abs_deg_mean": 0.8026758939027786, "aoa_meanfield_aug_fraction": 0.45625, "aoa_meanfield_lambda_mean": 0.16053518019616603, "delta_penalty": 3.939191556128208e-05, "grad_rel": 0.5087794989347458, "iteration": 18400, "loss": 0.13888890631496906, "lr": 3.1416838871368894e-06, "mse": 0.00012566313662318863, "p_zero": 0.0, "point_rel": 0.07626585830003023, "residual_mse": 0.00012566313662318863, "temporal_rel": 0.8855310648679733, "tke_rel": 0.47311563044786453}
TRAIN {"angle_aug_abs_deg": 0.0, "aoa_effective_shift_abs_deg_mean": 0.872797628492117, "aoa_meanfield_aug_fraction": 0.5, "aoa_meanfield_lambda_mean": 0.1745595270767808, "delta_penalty": 3.659043240986648e-05, "grad_rel": 0.5218802377581596, "iteration": 18420, "loss": 0.14199917390942574, "lr": 3.0640337596370496e-06, "mse": 0.0001005834214083734, "p_zero": 0.0, "point_rel": 0.07777330707758665, "residual_mse": 0.0001005834214083734, "temporal_rel": 0.8998297452926636, "tke_rel": 0.48953107446432115}
TRAIN {"angle_aug_abs_deg": 0.0, "aoa_effective_shift_abs_deg_mean": 0.8227923333644866, "aoa_meanfield_aug_fraction": 0.46875, "aoa_meanfield_lambda_mean": 0.1645584687590599, "delta_penalty": 4.254268260410754e-05, "grad_rel": 0.5035243049263954, "iteration": 18440, "loss": 0.13634673170745373, "lr": 2.9873403509894067e-06, "mse": 0.00014286258601714508, "p_zero": 0.0, "point_rel": 0.07406090237200261, "residual_mse": 0.0001428625856533472, "temporal_rel": 0.8860421746969223, "tke_rel": 0.4684665441513062}
TRAIN {"angle_aug_abs_deg": 0.0, "aoa_effective_shift_abs_deg_mean": 0.7238600574433803, "aoa_meanfield_aug_fraction": 0.425, "aoa_meanfield_lambda_mean": 0.14477201430127024, "delta_penalty": 3.934530941478443e-05, "grad_rel": 0.5036817148327828, "iteration": 18460, "loss": 0.13664769679307937, "lr": 2.911604418126886e-06, "mse": 0.00012208572079543955, "p_zero": 0.0, "point_rel": 0.07329644747078419, "residual_mse": 0.00012208572225063107, "temporal_rel": 0.8920061022043229, "tke_rel": 0.48330713659524915}
TRAIN {"angle_aug_abs_deg": 0.0, "aoa_effective_shift_abs_deg_mean": 0.7749842271208763, "aoa_meanfield_aug_fraction": 0.425, "aoa_meanfield_lambda_mean": 0.15499684326350688, "delta_penalty": 4.454757563507883e-05, "grad_rel": 0.5115837901830673, "iteration": 18480, "loss": 0.13898052796721458, "lr": 2.8368267085325876e-06, "mse": 0.0001478943337133387, "p_zero": 0.0, "point_rel": 0.07741181906312704, "residual_mse": 0.0001478943340771366, "temporal_rel": 0.8829940676689148, "tke_rel": 0.4559979110956192}
TRAIN {"angle_aug_abs_deg": 0.0, "aoa_effective_shift_abs_deg_mean": 0.8878333017230033, "aoa_meanfield_aug_fraction": 0.50625, "aoa_meanfield_lambda_mean": 0.1775666605681181, "delta_penalty": 4.4094557324569905e-05, "grad_rel": 0.5189764991402626, "iteration": 18500, "loss": 0.1412353776395321, "lr": 2.763007960232329e-06, "mse": 0.0001521879523352254, "p_zero": 0.0, "point_rel": 0.07842406779527664, "residual_mse": 0.0001521879523352254, "temporal_rel": 0.8835054695606231, "tke_rel": 0.4745827287435532}
TRAIN {"angle_aug_abs_deg": 0.0, "aoa_effective_shift_abs_deg_mean": 0.7776368796825409, "aoa_meanfield_aug_fraction": 0.4375, "aoa_meanfield_lambda_mean": 0.155527376011014, "delta_penalty": 4.159858463026467e-05, "grad_rel": 0.5092647865414619, "iteration": 18520, "loss": 0.13828330785036086, "lr": 2.690148901787334e-06, "mse": 0.0001314677228947403, "p_zero": 0.0, "point_rel": 0.07547287698835134, "residual_mse": 0.0001314677243499318, "temporal_rel": 0.8882343351840973, "tke_rel": 0.4747359722852707}
TRAIN {"angle_aug_abs_deg": 0.0, "aoa_effective_shift_abs_deg_mean": 0.850236501544714, "aoa_meanfield_aug_fraction": 0.475, "aoa_meanfield_lambda_mean": 0.1700472991913557, "delta_penalty": 4.36976425589819e-05, "grad_rel": 0.5192210540175438, "iteration": 18540, "loss": 0.14099814295768737, "lr": 2.6182502522870992e-06, "mse": 0.00014624149753217353, "p_zero": 0.0, "point_rel": 0.07777419537305832, "residual_mse": 0.00014624149680457775, "temporal_rel": 0.8871702283620835, "tke_rel": 0.479596321284771}
TRAIN {"angle_aug_abs_deg": 0.0, "aoa_effective_shift_abs_deg_mean": 0.8787611968815326, "aoa_meanfield_aug_fraction": 0.5, "aoa_meanfield_lambda_mean": 0.17575223464518785, "delta_penalty": 3.912520451194723e-05, "grad_rel": 0.5156113654375076, "iteration": 18560, "loss": 0.1385720945894718, "lr": 2.547312721342274e-06, "mse": 0.00011787065450334922, "p_zero": 0.0, "point_rel": 0.07593256905674935, "residual_mse": 0.00011787065359385452, "temporal_rel": 0.8929873257875443, "tke_rel": 0.46799320727586746}
TRAIN {"angle_aug_abs_deg": 0.0, "aoa_effective_shift_abs_deg_mean": 0.7670199632644653, "aoa_meanfield_aug_fraction": 0.45625, "aoa_meanfield_lambda_mean": 0.15340399518609046, "delta_penalty": 3.827755776910635e-05, "grad_rel": 0.5050829112529754, "iteration": 18580, "loss": 0.1362611297518015, "lr": 2.4773370090776495e-06, "mse": 0.00011650710534922837, "p_zero": 0.0, "point_rel": 0.07409764677286149, "residual_mse": 0.00011650710534922837, "temporal_rel": 0.8867292910814285, "tke_rel": 0.465827277302742}
TRAIN {"angle_aug_abs_deg": 0.0, "aoa_effective_shift_abs_deg_mean": 0.8668014824390411, "aoa_meanfield_aug_fraction": 0.50625, "aoa_meanfield_lambda_mean": 0.17336029671132563, "delta_penalty": 4.081579063495155e-05, "grad_rel": 0.5125880599021911, "iteration": 18600, "loss": 0.13811808377504348, "lr": 2.408323806125255e-06, "mse": 0.0001290326743401238, "p_zero": 0.0, "point_rel": 0.07564512509852647, "residual_mse": 0.00012903267506771953, "temporal_rel": 0.8894983321428299, "tke_rel": 0.4676610425114632}
TRAIN {"angle_aug_abs_deg": 0.0, "aoa_effective_shift_abs_deg_mean": 0.8841092526912689, "aoa_meanfield_aug_fraction": 0.525, "aoa_meanfield_lambda_mean": 0.17682185173034667, "delta_penalty": 3.8464100725832395e-05, "grad_rel": 0.5036560535430908, "iteration": 18620, "loss": 0.13593290708959102, "lr": 2.3402737936175404e-06, "mse": 0.00011915669911104488, "p_zero": 0.0, "point_rel": 0.07427739836275578, "residual_mse": 0.00011915669765585334, "temporal_rel": 0.8820328384637832, "tke_rel": 0.4600527957081795}
TRAIN {"angle_aug_abs_deg": 0.0, "aoa_effective_shift_abs_deg_mean": 0.8321673527359963, "aoa_meanfield_aug_fraction": 0.4875, "aoa_meanfield_lambda_mean": 0.16643347032368183, "delta_penalty": 4.09170697821537e-05, "grad_rel": 0.513420195877552, "iteration": 18640, "loss": 0.1392142277210951, "lr": 2.2731876431806394e-06, "mse": 0.00011932548386539565, "p_zero": 0.0, "point_rel": 0.07648297436535359, "residual_mse": 0.0001193254809550126, "temporal_rel": 0.8890479892492295, "tke_rel": 0.4720315977931023}
TRAIN {"angle_aug_abs_deg": 0.0, "aoa_effective_shift_abs_deg_mean": 0.8142904818058014, "aoa_meanfield_aug_fraction": 0.44375, "aoa_meanfield_lambda_mean": 0.16285809520632027, "delta_penalty": 4.078122447026544e-05, "grad_rel": 0.521616867184639, "iteration": 18660, "loss": 0.143657049164176, "lr": 2.2070660169278043e-06, "mse": 0.00013292612911754986, "p_zero": 0.0, "point_rel": 0.07984023001044989, "residual_mse": 0.00013292612857185304, "temporal_rel": 0.8888927131891251, "tke_rel": 0.48808484226465226}
TRAIN {"angle_aug_abs_deg": 0.0, "aoa_effective_shift_abs_deg_mean": 0.7709669142961502, "aoa_meanfield_aug_fraction": 0.43125, "aoa_meanfield_lambda_mean": 0.15419338569045066, "delta_penalty": 4.1846428030112295e-05, "grad_rel": 0.5151545956730843, "iteration": 18680, "loss": 0.14054882377386094, "lr": 2.141909567452781e-06, "mse": 0.0001350504597212421, "p_zero": 0.0, "point_rel": 0.07733807042241096, "residual_mse": 0.00013505046081263572, "temporal_rel": 0.8894991368055344, "tke_rel": 0.47928514033555986}
TRAIN {"angle_aug_abs_deg": 0.0, "aoa_effective_shift_abs_deg_mean": 0.7003550872206687, "aoa_meanfield_aug_fraction": 0.4, "aoa_meanfield_lambda_mean": 0.1400710143148899, "delta_penalty": 4.427644571478595e-05, "grad_rel": 0.5176872178912163, "iteration": 18700, "loss": 0.14212767481803895, "lr": 2.077718937823402e-06, "mse": 0.0001438079603758524, "p_zero": 0.0, "point_rel": 0.07861160784959793, "residual_mse": 0.00014380796201294289, "temporal_rel": 0.8949239581823349, "tke_rel": 0.4809835270047188}
TRAIN {"angle_aug_abs_deg": 0.0, "aoa_effective_shift_abs_deg_mean": 0.8644755765795707, "aoa_meanfield_aug_fraction": 0.5, "aoa_meanfield_lambda_mean": 0.17289511300623417, "delta_penalty": 4.04855650231184e-05, "grad_rel": 0.5145350277423859, "iteration": 18720, "loss": 0.14051939100027083, "lr": 2.014494761575302e-06, "mse": 0.00013562271815317217, "p_zero": 0.0, "point_rel": 0.07656096443533897, "residual_mse": 0.00013562271851697005, "temporal_rel": 0.8966056078672409, "tke_rel": 0.4883456349372864}
TRAIN {"angle_aug_abs_deg": 0.0, "aoa_effective_shift_abs_deg_mean": 0.8666822001338005, "aoa_meanfield_aug_fraction": 0.5, "aoa_meanfield_lambda_mean": 0.17333644032478332, "delta_penalty": 4.0777039794193114e-05, "grad_rel": 0.5297794237732887, "iteration": 18740, "loss": 0.1461837500333786, "lr": 1.9522376627055574e-06, "mse": 0.00013461614344123518, "p_zero": 0.0, "point_rel": 0.08265500832349063, "residual_mse": 0.00013461614198604366, "temporal_rel": 0.8940974920988083, "tke_rel": 0.4786321043968201}
TRAIN {"angle_aug_abs_deg": 0.0, "aoa_effective_shift_abs_deg_mean": 0.9126429125666619, "aoa_meanfield_aug_fraction": 0.51875, "aoa_meanfield_lambda_mean": 0.18252857942134143, "delta_penalty": 4.139934326303773e-05, "grad_rel": 0.5171476453542709, "iteration": 18760, "loss": 0.13964070826768876, "lr": 1.8909482556665806e-06, "mse": 0.00012838284383178688, "p_zero": 0.0, "point_rel": 0.07642303556203842, "residual_mse": 0.0001283828474697657, "temporal_rel": 0.8882237046957016, "tke_rel": 0.4795734480023384}
TRAIN {"angle_aug_abs_deg": 0.0, "aoa_effective_shift_abs_deg_mean": 0.8319233790040016, "aoa_meanfield_aug_fraction": 0.475, "aoa_meanfield_lambda_mean": 0.1663846757262945, "delta_penalty": 4.206644844089169e-05, "grad_rel": 0.52276032269001, "iteration": 18780, "loss": 0.1416087791323662, "lr": 1.8306271453601093e-06, "mse": 0.0001443421348085394, "p_zero": 0.0, "point_rel": 0.07783418521285057, "residual_mse": 0.00014434213553613518, "temporal_rel": 0.8871490508317947, "tke_rel": 0.4879095837473869}
TRAIN {"angle_aug_abs_deg": 0.0, "aoa_effective_shift_abs_deg_mean": 0.8584476724267006, "aoa_meanfield_aug_fraction": 0.48125, "aoa_meanfield_lambda_mean": 0.17168953772634268, "delta_penalty": 3.9316172114922664e-05, "grad_rel": 0.5113542959094047, "iteration": 18800, "loss": 0.13865931183099747, "lr": 1.7712749271311293e-06, "mse": 0.00012564011649374152, "p_zero": 0.0, "point_rel": 0.07574220336973667, "residual_mse": 0.0001256401172213373, "temporal_rel": 0.8892673671245575, "tke_rel": 0.47550489753484726}
TRAIN {"angle_aug_abs_deg": 0.0, "aoa_effective_shift_abs_deg_mean": 0.8354046300053597, "aoa_meanfield_aug_fraction": 0.46875, "aoa_meanfield_lambda_mean": 0.1670809242874384, "delta_penalty": 4.2975300038960997e-05, "grad_rel": 0.5150211215019226, "iteration": 18820, "loss": 0.14150129109621049, "lr": 1.712892186762073e-06, "mse": 0.00013851876137778164, "p_zero": 0.0, "point_rel": 0.07778493613004685, "residual_mse": 0.00013851876246917527, "temporal_rel": 0.8993518441915512, "tke_rel": 0.48280117511749265}
TRAIN {"angle_aug_abs_deg": 0.0, "aoa_effective_shift_abs_deg_mean": 0.8199051506817341, "aoa_meanfield_aug_fraction": 0.46875, "aoa_meanfield_lambda_mean": 0.16398103050887586, "delta_penalty": 4.12191562645603e-05, "grad_rel": 0.5148916989564896, "iteration": 18840, "loss": 0.1402816392481327, "lr": 1.6554795004670292e-06, "mse": 0.00014039947473065695, "p_zero": 0.0, "point_rel": 0.07735950462520122, "residual_mse": 0.00014039947545825272, "temporal_rel": 0.8870857536792756, "tke_rel": 0.47572077065706253}
TRAIN {"angle_aug_abs_deg": 0.0, "aoa_effective_shift_abs_deg_mean": 0.7221718840301037, "aoa_meanfield_aug_fraction": 0.4125, "aoa_meanfield_lambda_mean": 0.1444343762472272, "delta_penalty": 4.038454007968539e-05, "grad_rel": 0.5042739793658256, "iteration": 18860, "loss": 0.13832936882972718, "lr": 1.5990374348860211e-06, "mse": 0.00013082622426736635, "p_zero": 0.0, "point_rel": 0.07610643804073333, "residual_mse": 0.00013082622244837695, "temporal_rel": 0.8873013764619827, "tke_rel": 0.4666620925068855}
TRAIN {"angle_aug_abs_deg": 0.0, "aoa_effective_shift_abs_deg_mean": 0.9606207042932511, "aoa_meanfield_aug_fraction": 0.54375, "aoa_meanfield_lambda_mean": 0.19212414249777793, "delta_penalty": 3.90839373721974e-05, "grad_rel": 0.5229772731661797, "iteration": 18880, "loss": 0.1409615334123373, "lr": 1.543566547079447e-06, "mse": 0.0001321059258771129, "p_zero": 0.0, "point_rel": 0.07760136052966118, "residual_mse": 0.00013210592660470866, "temporal_rel": 0.8889086365699768, "tke_rel": 0.48013070970773697}
TRAIN {"angle_aug_abs_deg": 0.0, "aoa_effective_shift_abs_deg_mean": 0.8191483661532402, "aoa_meanfield_aug_fraction": 0.48125, "aoa_meanfield_lambda_mean": 0.16382967364042997, "delta_penalty": 4.4126125612820036e-05, "grad_rel": 0.5201504066586494, "iteration": 18900, "loss": 0.14149913601577283, "lr": 1.489067384522605e-06, "mse": 0.00013983654425828718, "p_zero": 0.0, "point_rel": 0.07773319892585277, "residual_mse": 0.0001398365438944893, "temporal_rel": 0.8928041636943818, "tke_rel": 0.4856120929121971}
TRAIN {"angle_aug_abs_deg": 0.0, "aoa_effective_shift_abs_deg_mean": 0.6558074183762074, "aoa_meanfield_aug_fraction": 0.375, "aoa_meanfield_lambda_mean": 0.131161483284086, "delta_penalty": 3.861898949253373e-05, "grad_rel": 0.4952217012643814, "iteration": 18920, "loss": 0.13396995067596434, "lr": 1.4355404851001871e-06, "mse": 0.0001118284626500099, "p_zero": 0.0, "point_rel": 0.07293948400765657, "residual_mse": 0.00011182846410520141, "temporal_rel": 0.87895747423172, "tke_rel": 0.45331833958625795}
TRAIN {"angle_aug_abs_deg": 0.0, "aoa_effective_shift_abs_deg_mean": 0.7827733308076859, "aoa_meanfield_aug_fraction": 0.4625, "aoa_meanfield_lambda_mean": 0.15655466616153718, "delta_penalty": 4.316457034292398e-05, "grad_rel": 0.5067670986056327, "iteration": 18940, "loss": 0.13735876567661762, "lr": 1.3829863771011067e-06, "mse": 0.00012951307035109495, "p_zero": 0.0, "point_rel": 0.07570771109312772, "residual_mse": 0.0001295130707148928, "temporal_rel": 0.8845861315727234, "tke_rel": 0.4578707545995712}
TRAIN {"angle_aug_abs_deg": 0.0, "aoa_effective_shift_abs_deg_mean": 0.7840484641492367, "aoa_meanfield_aug_fraction": 0.4375, "aoa_meanfield_lambda_mean": 0.15680969506502151, "delta_penalty": 4.561778114293702e-05, "grad_rel": 0.5263428390026093, "iteration": 18960, "loss": 0.1448979191482067, "lr": 1.3314055792131898e-06, "mse": 0.00016050963840825717, "p_zero": 0.0, "point_rel": 0.08068524450063705, "residual_mse": 0.0001605096394996508, "temporal_rel": 0.8925156116485595, "tke_rel": 0.49155000895261763}
TRAIN {"angle_aug_abs_deg": 0.0, "aoa_effective_shift_abs_deg_mean": 0.9969504445791244, "aoa_meanfield_aug_fraction": 0.5625, "aoa_meanfield_lambda_mean": 0.1993900876492262, "delta_penalty": 3.90414224966662e-05, "grad_rel": 0.5071360483765602, "iteration": 18980, "loss": 0.13679730631411074, "lr": 1.2807986005180785e-06, "mse": 0.00011957665519730653, "p_zero": 0.0, "point_rel": 0.07364272698760033, "residual_mse": 0.00011957665610680124, "temporal_rel": 0.8953350812196732, "tke_rel": 0.47751393020153043}
TRAIN {"angle_aug_abs_deg": 0.0, "aoa_effective_shift_abs_deg_mean": 0.7939170464873314, "aoa_meanfield_aug_fraction": 0.4625, "aoa_meanfield_lambda_mean": 0.15878340769559146, "delta_penalty": 4.115120718779508e-05, "grad_rel": 0.500830352306366, "iteration": 19000, "loss": 0.1357389684766531, "lr": 1.231165940486228e-06, "mse": 0.00012983634460397297, "p_zero": 0.0, "point_rel": 0.07435291409492492, "residual_mse": 0.00012983634424017508, "temporal_rel": 0.8786269575357437, "tke_rel": 0.45791701823472974}
TRAIN {"angle_aug_abs_deg": 0.0, "aoa_effective_shift_abs_deg_mean": 0.8379299364984035, "aoa_meanfield_aug_fraction": 0.475, "aoa_meanfield_lambda_mean": 0.1675859904848039, "delta_penalty": 4.0101219929056243e-05, "grad_rel": 0.5145456209778786, "iteration": 19020, "loss": 0.1384233206510544, "lr": 1.18250808897195e-06, "mse": 0.00012540584357338956, "p_zero": 0.0, "point_rel": 0.0751791650429368, "residual_mse": 0.00012540584466478322, "temporal_rel": 0.8912574410438537, "tke_rel": 0.4791636899113655}
TRAIN {"angle_aug_abs_deg": 0.0, "aoa_effective_shift_abs_deg_mean": 0.9409237250685691, "aoa_meanfield_aug_fraction": 0.51875, "aoa_meanfield_lambda_mean": 0.18818474542349578, "delta_penalty": 4.169576823187526e-05, "grad_rel": 0.526712803542614, "iteration": 19040, "loss": 0.14287962913513183, "lr": 1.1348255262085984e-06, "mse": 0.00013350446497497614, "p_zero": 0.0, "point_rel": 0.07933321706950665, "residual_mse": 0.00013350446533877403, "temporal_rel": 0.8911674380302429, "tke_rel": 0.48116356432437896}
TRAIN {"angle_aug_abs_deg": 0.0, "aoa_effective_shift_abs_deg_mean": 0.9211636431515217, "aoa_meanfield_aug_fraction": 0.50625, "aoa_meanfield_lambda_mean": 0.18423272855579853, "delta_penalty": 4.054756172990892e-05, "grad_rel": 0.5150706946849823, "iteration": 19060, "loss": 0.13943235613405705, "lr": 1.088118722803815e-06, "mse": 0.00012957374055986293, "p_zero": 0.0, "point_rel": 0.07695195302367211, "residual_mse": 0.00012957374201505445, "temporal_rel": 0.8847930639982223, "tke_rel": 0.46951445043087003}
TRAIN {"angle_aug_abs_deg": 0.0, "aoa_effective_shift_abs_deg_mean": 0.6516722746193409, "aoa_meanfield_aug_fraction": 0.375, "aoa_meanfield_lambda_mean": 0.13033445421606302, "delta_penalty": 4.053087204738404e-05, "grad_rel": 0.5145472556352615, "iteration": 19080, "loss": 0.13977403715252876, "lr": 1.0423881397349002e-06, "mse": 0.00012417354391800473, "p_zero": 0.0, "point_rel": 0.07586506158113479, "residual_mse": 0.00012417354428180262, "temporal_rel": 0.8969828099012375, "tke_rel": 0.48738706260919573}
TRAIN {"angle_aug_abs_deg": 0.0, "aoa_effective_shift_abs_deg_mean": 0.9460238754749298, "aoa_meanfield_aug_fraction": 0.51875, "aoa_meanfield_lambda_mean": 0.18920477256178855, "delta_penalty": 4.105278594579431e-05, "grad_rel": 0.5154273808002472, "iteration": 19100, "loss": 0.1389185342937708, "lr": 9.976342283442406e-07, "mse": 0.00013935324150224915, "p_zero": 0.0, "point_rel": 0.07602183148264885, "residual_mse": 0.00013935324150224915, "temporal_rel": 0.889712905883789, "tke_rel": 0.47385464459657667}
TRAIN {"angle_aug_abs_deg": 0.0, "aoa_effective_shift_abs_deg_mean": 0.8802511781454087, "aoa_meanfield_aug_fraction": 0.475, "aoa_meanfield_lambda_mean": 0.17605023495852948, "delta_penalty": 3.905763269358431e-05, "grad_rel": 0.5098963946104049, "iteration": 19120, "loss": 0.13789449594914913, "lr": 9.538574303348758e-07, "mse": 0.00011826070967799752, "p_zero": 0.0, "point_rel": 0.07510813251137734, "residual_mse": 0.00011826071222458268, "temporal_rel": 0.8879551470279694, "tke_rel": 0.47438346445560453}
TRAIN {"angle_aug_abs_deg": 0.0, "aoa_effective_shift_abs_deg_mean": 0.862553495168686, "aoa_meanfield_aug_fraction": 0.5, "aoa_meanfield_lambda_mean": 0.1725107032805681, "delta_penalty": 3.9572974947077456e-05, "grad_rel": 0.5105513677000999, "iteration": 19140, "loss": 0.1369269784539938, "lr": 9.110581777661277e-07, "mse": 0.00012213718382554363, "p_zero": 0.0, "point_rel": 0.0747604589909315, "residual_mse": 0.00012213718418934149, "temporal_rel": 0.8904490649700165, "tke_rel": 0.462622395157814}
TRAIN {"angle_aug_abs_deg": 0.0, "aoa_effective_shift_abs_deg_mean": 0.8736317604780197, "aoa_meanfield_aug_fraction": 0.5, "aoa_meanfield_lambda_mean": 0.17472635135054587, "delta_penalty": 4.2024775575555394e-05, "grad_rel": 0.515052181482315, "iteration": 19160, "loss": 0.14148899279534816, "lr": 8.692368930493357e-07, "mse": 0.00015250060841935919, "p_zero": 0.0, "point_rel": 0.0781192610040307, "residual_mse": 0.00015250060660036978, "temporal_rel": 0.8868141829967499, "tke_rel": 0.48321560919284823}
TRAIN {"angle_aug_abs_deg": 0.0, "aoa_effective_shift_abs_deg_mean": 0.7928619235754013, "aoa_meanfield_aug_fraction": 0.4625, "aoa_meanfield_lambda_mean": 0.1585723850876093, "delta_penalty": 4.0067314148473085e-05, "grad_rel": 0.5059506177902222, "iteration": 19180, "loss": 0.13610565885901452, "lr": 8.283939889437158e-07, "mse": 0.00012822473054256988, "p_zero": 0.0, "point_rel": 0.0742848502472043, "residual_mse": 0.00012822473145206458, "temporal_rel": 0.8837287843227386, "tke_rel": 0.4613403081893921}
TRAIN {"angle_aug_abs_deg": 0.0, "aoa_effective_shift_abs_deg_mean": 0.7333264783024788, "aoa_meanfield_aug_fraction": 0.43125, "aoa_meanfield_lambda_mean": 0.146665295958519, "delta_penalty": 4.428436486705323e-05, "grad_rel": 0.5239300638437271, "iteration": 19200, "loss": 0.14428577572107315, "lr": 7.885298685522189e-07, "mse": 0.00015028139441710663, "p_zero": 0.0, "point_rel": 0.08075819928199053, "residual_mse": 0.00015028139478090452, "temporal_rel": 0.8869286298751831, "tke_rel": 0.48357993811368943}
TRAIN {"angle_aug_abs_deg": 0.0, "aoa_effective_shift_abs_deg_mean": 0.7299196399748326, "aoa_meanfield_aug_fraction": 0.41875, "aoa_meanfield_lambda_mean": 0.14598393104970456, "delta_penalty": 3.8408655291277684e-05, "grad_rel": 0.5051356256008148, "iteration": 19220, "loss": 0.13612359538674354, "lr": 7.49644925317623e-07, "mse": 0.00011044021393900039, "p_zero": 0.0, "point_rel": 0.07393021360039712, "residual_mse": 0.00011044021612178767, "temporal_rel": 0.8936179339885711, "tke_rel": 0.46289854049682616}
TRAIN {"angle_aug_abs_deg": 0.0, "aoa_effective_shift_abs_deg_mean": 0.7589750699698925, "aoa_meanfield_aug_fraction": 0.44375, "aoa_meanfield_lambda_mean": 0.1517950139939785, "delta_penalty": 4.23453366238391e-05, "grad_rel": 0.5067211881279945, "iteration": 19240, "loss": 0.1375096756964922, "lr": 7.117395430186371e-07, "mse": 0.00013929132528573974, "p_zero": 0.0, "point_rel": 0.07569474950432778, "residual_mse": 0.0001392913260133355, "temporal_rel": 0.8786340415477752, "tke_rel": 0.4635408863425255}
TRAIN {"angle_aug_abs_deg": 0.0, "aoa_effective_shift_abs_deg_mean": 0.802740502357483, "aoa_meanfield_aug_fraction": 0.4375, "aoa_meanfield_lambda_mean": 0.1605480968952179, "delta_penalty": 4.2394277352286734e-05, "grad_rel": 0.5212998405098915, "iteration": 19260, "loss": 0.14246185906231404, "lr": 6.748140957660591e-07, "mse": 0.00013166401404305362, "p_zero": 0.0, "point_rel": 0.07941845543682576, "residual_mse": 0.00013166401404305362, "temporal_rel": 0.8861824125051498, "tke_rel": 0.4766348272562027}
TRAIN {"angle_aug_abs_deg": 0.0, "aoa_effective_shift_abs_deg_mean": 0.8120104566216468, "aoa_meanfield_aug_fraction": 0.4625, "aoa_meanfield_lambda_mean": 0.1624020915478468, "delta_penalty": 3.538215560183744e-05, "grad_rel": 0.4986899420619011, "iteration": 19280, "loss": 0.1346720177680254, "lr": 6.388689479991564e-07, "mse": 9.699883594294079e-05, "p_zero": 0.0, "point_rel": 0.07264454364776611, "residual_mse": 9.699883485154714e-05, "temporal_rel": 0.8856304317712784, "tke_rel": 0.46580671817064284}
TRAIN {"angle_aug_abs_deg": 0.0, "aoa_effective_shift_abs_deg_mean": 0.9458243399858475, "aoa_meanfield_aug_fraction": 0.55, "aoa_meanfield_lambda_mean": 0.18916486091911794, "delta_penalty": 3.924659195035929e-05, "grad_rel": 0.51696667522192, "iteration": 19300, "loss": 0.13890688717365265, "lr": 6.039044544820256e-07, "mse": 0.00012167742843303131, "p_zero": 0.0, "point_rel": 0.07580927275121212, "residual_mse": 0.00012167742734163767, "temporal_rel": 0.8909634619951248, "tke_rel": 0.4762821152806282}
TRAIN {"angle_aug_abs_deg": 0.0, "aoa_effective_shift_abs_deg_mean": 0.9189066857099533, "aoa_meanfield_aug_fraction": 0.5125, "aoa_meanfield_lambda_mean": 0.18378133717924355, "delta_penalty": 3.7754619734187143e-05, "grad_rel": 0.5127174392342567, "iteration": 19320, "loss": 0.1386244636029005, "lr": 5.699209603001041e-07, "mse": 0.00011436711720307358, "p_zero": 0.0, "point_rel": 0.07504473924636841, "residual_mse": 0.00011436711720307358, "temporal_rel": 0.8919493466615677, "tke_rel": 0.48492368310689926}
TRAIN {"angle_aug_abs_deg": 0.0, "aoa_effective_shift_abs_deg_mean": 0.8715616077184677, "aoa_meanfield_aug_fraction": 0.5, "aoa_meanfield_lambda_mean": 0.17431231969967484, "delta_penalty": 4.4118759069533554e-05, "grad_rel": 0.5243196055293083, "iteration": 19340, "loss": 0.14263261258602142, "lr": 5.36918800856764e-07, "mse": 0.00015207876967906486, "p_zero": 0.0, "point_rel": 0.0797191958874464, "residual_mse": 0.00015207876967906486, "temporal_rel": 0.8853695422410965, "tke_rel": 0.47401725351810453}
TRAIN {"angle_aug_abs_deg": 0.0, "aoa_effective_shift_abs_deg_mean": 0.886726576089859, "aoa_meanfield_aug_fraction": 0.4875, "aoa_meanfield_lambda_mean": 0.17734531238675116, "delta_penalty": 4.183033815934323e-05, "grad_rel": 0.5238464698195457, "iteration": 19360, "loss": 0.1425326943397522, "lr": 5.048983018699796e-07, "mse": 0.00013321192209332368, "p_zero": 0.0, "point_rel": 0.07864990122616292, "residual_mse": 0.00013321192463990882, "temporal_rel": 0.8952249199151993, "tke_rel": 0.48545912504196165}
TRAIN {"angle_aug_abs_deg": 0.0, "aoa_effective_shift_abs_deg_mean": 0.8454829081892967, "aoa_meanfield_aug_fraction": 0.45625, "aoa_meanfield_lambda_mean": 0.1690965815447271, "delta_penalty": 4.423758800840005e-05, "grad_rel": 0.5182369574904442, "iteration": 19380, "loss": 0.1412565905600786, "lr": 4.7385977936916494e-07, "mse": 0.00015436751909874146, "p_zero": 0.0, "point_rel": 0.07857131063938141, "residual_mse": 0.00015436751727975205, "temporal_rel": 0.8856677860021591, "tke_rel": 0.4715749442577362}
TRAIN {"angle_aug_abs_deg": 0.0, "aoa_effective_shift_abs_deg_mean": 0.7542552903294564, "aoa_meanfield_aug_fraction": 0.4375, "aoa_meanfield_lambda_mean": 0.15085105448961258, "delta_penalty": 4.33146022260189e-05, "grad_rel": 0.5116881281137466, "iteration": 19400, "loss": 0.1384654249995947, "lr": 4.438035396919977e-07, "mse": 0.0001363734514598036, "p_zero": 0.0, "point_rel": 0.0753867719322443, "residual_mse": 0.00013637345327879302, "temporal_rel": 0.8917827636003495, "tke_rel": 0.4768011480569839}
TRAIN {"angle_aug_abs_deg": 0.0, "aoa_effective_shift_abs_deg_mean": 0.7317261755466461, "aoa_meanfield_aug_fraction": 0.425, "aoa_meanfield_lambda_mean": 0.14634523764252663, "delta_penalty": 3.9345421282632745e-05, "grad_rel": 0.5099085673689843, "iteration": 19420, "loss": 0.1387665703892708, "lr": 4.1472987948143224e-07, "mse": 0.00012531983702501748, "p_zero": 0.0, "point_rel": 0.07505422979593276, "residual_mse": 0.00012531983738881536, "temporal_rel": 0.8912637829780579, "tke_rel": 0.4881236106157303}
TRAIN {"angle_aug_abs_deg": 0.0, "aoa_effective_shift_abs_deg_mean": 0.8504897512495517, "aoa_meanfield_aug_fraction": 0.475, "aoa_meanfield_lambda_mean": 0.17009795093908905, "delta_penalty": 4.52339802905044e-05, "grad_rel": 0.5197589784860611, "iteration": 19440, "loss": 0.14344458952546119, "lr": 3.8663908568275836e-07, "mse": 0.00015331961676565698, "p_zero": 0.0, "point_rel": 0.07967455126345158, "residual_mse": 0.00015331961749325272, "temporal_rel": 0.8876658797264099, "tke_rel": 0.4882796347141266}
TRAIN {"angle_aug_abs_deg": 0.0, "aoa_effective_shift_abs_deg_mean": 0.7622715629637241, "aoa_meanfield_aug_fraction": 0.44375, "aoa_meanfield_lambda_mean": 0.15245430897921325, "delta_penalty": 3.4951117595483086e-05, "grad_rel": 0.4974101737141609, "iteration": 19460, "loss": 0.13145454041659832, "lr": 3.5953143554075876e-07, "mse": 9.719054323795718e-05, "p_zero": 0.0, "point_rel": 0.06962083764374256, "residual_mse": 9.719054214656353e-05, "temporal_rel": 0.8892620474100112, "tke_rel": 0.4610805571079254}
TRAIN {"angle_aug_abs_deg": 0.0, "aoa_effective_shift_abs_deg_mean": 0.9037810385227203, "aoa_meanfield_aug_fraction": 0.5125, "aoa_meanfield_lambda_mean": 0.18075620606541634, "delta_penalty": 4.11784617426747e-05, "grad_rel": 0.519160209596157, "iteration": 19480, "loss": 0.1409837007522583, "lr": 3.3340719659701133e-07, "mse": 0.00013671159958903445, "p_zero": 0.0, "point_rel": 0.07780585363507271, "residual_mse": 0.00013671160068042809, "temporal_rel": 0.8866489887237549, "tke_rel": 0.4791523262858391}
TRAIN {"angle_aug_abs_deg": 0.0, "aoa_effective_shift_abs_deg_mean": 0.9576674193143845, "aoa_meanfield_aug_fraction": 0.54375, "aoa_meanfield_lambda_mean": 0.19153348580002785, "delta_penalty": 4.154416910751024e-05, "grad_rel": 0.5161941319704055, "iteration": 19500, "loss": 0.13943660780787467, "lr": 3.082666266872021e-07, "mse": 0.0001336338800683734, "p_zero": 0.0, "point_rel": 0.07601560838520527, "residual_mse": 0.00013363388079596917, "temporal_rel": 0.8932408332824707, "tke_rel": 0.4806657344102859}
TRAIN {"angle_aug_abs_deg": 0.0, "aoa_effective_shift_abs_deg_mean": 0.7965185612440109, "aoa_meanfield_aug_fraction": 0.45, "aoa_meanfield_lambda_mean": 0.1593037113547325, "delta_penalty": 4.2334201043559e-05, "grad_rel": 0.5197603031992912, "iteration": 19520, "loss": 0.14419765621423722, "lr": 2.841099739386053e-07, "mse": 0.00013193082922953182, "p_zero": 0.0, "point_rel": 0.07983726151287555, "residual_mse": 0.00013193082850193605, "temporal_rel": 0.8947778761386871, "tke_rel": 0.49467052668333056}
TRAIN {"angle_aug_abs_deg": 0.0, "aoa_effective_shift_abs_deg_mean": 0.7941348403692245, "aoa_meanfield_aug_fraction": 0.48125, "aoa_meanfield_lambda_mean": 0.15882697161287068, "delta_penalty": 3.913648524758173e-05, "grad_rel": 0.5059571996331215, "iteration": 19540, "loss": 0.13602815978229046, "lr": 2.609374767676296e-07, "mse": 0.00012089807823940646, "p_zero": 0.0, "point_rel": 0.07363232597708702, "residual_mse": 0.00012089807860320434, "temporal_rel": 0.8890029966831208, "tke_rel": 0.4683222845196724}
TRAIN {"angle_aug_abs_deg": 0.0, "aoa_effective_shift_abs_deg_mean": 0.7427621878683567, "aoa_meanfield_aug_fraction": 0.425, "aoa_meanfield_lambda_mean": 0.14855244047939778, "delta_penalty": 4.328914446887211e-05, "grad_rel": 0.5152274310588837, "iteration": 19560, "loss": 0.14129995480179786, "lr": 2.3874936387747606e-07, "mse": 0.00015041596361697884, "p_zero": 0.0, "point_rel": 0.07660905420780181, "residual_mse": 0.00015041596434457462, "temporal_rel": 0.8972450911998748, "tke_rel": 0.4999857619404793}
TRAIN {"angle_aug_abs_deg": 0.0, "aoa_effective_shift_abs_deg_mean": 0.7232895702123642, "aoa_meanfield_aug_fraction": 0.43125, "aoa_meanfield_lambda_mean": 0.1446579134091735, "delta_penalty": 3.791402996284887e-05, "grad_rel": 0.4987054720520973, "iteration": 19580, "loss": 0.13509612269699572, "lr": 2.1754585425585047e-07, "mse": 0.00011452500766608864, "p_zero": 0.0, "point_rel": 0.07261638138443231, "residual_mse": 0.00011452500839368441, "temporal_rel": 0.8928133189678192, "tke_rel": 0.4696607291698456}
TRAIN {"angle_aug_abs_deg": 0.0, "aoa_effective_shift_abs_deg_mean": 0.7606082700192929, "aoa_meanfield_aug_fraction": 0.425, "aoa_meanfield_lambda_mean": 0.15212165899574756, "delta_penalty": 4.464560297492426e-05, "grad_rel": 0.5124877616763115, "iteration": 19600, "loss": 0.1406792115420103, "lr": 1.9732715717284297e-07, "mse": 0.00015150593571888749, "p_zero": 0.0, "point_rel": 0.07713014390319586, "residual_mse": 0.00015150593571888749, "temporal_rel": 0.8914028286933899, "tke_rel": 0.4845553979277611}
TRAIN {"angle_aug_abs_deg": 0.0, "aoa_effective_shift_abs_deg_mean": 0.7148323722183705, "aoa_meanfield_aug_fraction": 0.41875, "aoa_meanfield_lambda_mean": 0.14296647161245346, "delta_penalty": 3.661909422589815e-05, "grad_rel": 0.49460062980651853, "iteration": 19620, "loss": 0.13176702111959457, "lr": 1.780934721788187e-07, "mse": 9.9865250831499e-05, "p_zero": 0.0, "point_rel": 0.06995791289955378, "residual_mse": 9.986525046770111e-05, "temporal_rel": 0.8905028849840164, "tke_rel": 0.46073867827653886}
TRAIN {"angle_aug_abs_deg": 0.0, "aoa_effective_shift_abs_deg_mean": 0.8139342218637466, "aoa_meanfield_aug_fraction": 0.45625, "aoa_meanfield_lambda_mean": 0.16278684381395578, "delta_penalty": 3.703656429934199e-05, "grad_rel": 0.5129315808415413, "iteration": 19640, "loss": 0.1381350714713335, "lr": 1.5984498910249702e-07, "mse": 0.00010766422765300377, "p_zero": 0.0, "point_rel": 0.07531635463237762, "residual_mse": 0.00010766422583401436, "temporal_rel": 0.8886727929115296, "tke_rel": 0.47385866940021515}
TRAIN {"angle_aug_abs_deg": 0.0, "aoa_effective_shift_abs_deg_mean": 0.8723988994956017, "aoa_meanfield_aug_fraction": 0.5, "aoa_meanfield_lambda_mean": 0.17447977866977454, "delta_penalty": 4.010284128526109e-05, "grad_rel": 0.5198021322488785, "iteration": 19660, "loss": 0.14080543220043182, "lr": 1.4258188804903076e-07, "mse": 0.00012429155667632586, "p_zero": 0.0, "point_rel": 0.07841887958347797, "residual_mse": 0.0001242915564944269, "temporal_rel": 0.8861560940742492, "tke_rel": 0.46611252427101135}
TRAIN {"angle_aug_abs_deg": 0.0, "aoa_effective_shift_abs_deg_mean": 0.7001817651093006, "aoa_meanfield_aug_fraction": 0.41875, "aoa_meanfield_lambda_mean": 0.1400363514199853, "delta_penalty": 4.0336949678021486e-05, "grad_rel": 0.5121068164706231, "iteration": 19680, "loss": 0.14070815034210682, "lr": 1.2630433939825258e-07, "mse": 0.0001246595757038449, "p_zero": 0.0, "point_rel": 0.07689598519355059, "residual_mse": 0.000124659575340047, "temporal_rel": 0.896027359366417, "tke_rel": 0.48685899525880816}
TRAIN {"angle_aug_abs_deg": 0.0, "aoa_effective_shift_abs_deg_mean": 0.8386427141726017, "aoa_meanfield_aug_fraction": 0.46875, "aoa_meanfield_lambda_mean": 0.16772854402661325, "delta_penalty": 4.0989903573063204e-05, "grad_rel": 0.5129985690116883, "iteration": 19700, "loss": 0.13875326029956342, "lr": 1.1101250380300903e-07, "mse": 0.00013170237907615955, "p_zero": 0.0, "point_rel": 0.07672199904918671, "residual_mse": 0.00013170237762096803, "temporal_rel": 0.8836870729923249, "tke_rel": 0.46308907866477966}
TRAIN {"angle_aug_abs_deg": 0.0, "aoa_effective_shift_abs_deg_mean": 0.7207136824727058, "aoa_meanfield_aug_fraction": 0.41875, "aoa_meanfield_lambda_mean": 0.1441427394747734, "delta_penalty": 4.2157305870205164e-05, "grad_rel": 0.5148473098874092, "iteration": 19720, "loss": 0.14080602154135705, "lr": 9.670653218752881e-08, "mse": 0.00013346718460525154, "p_zero": 0.0, "point_rel": 0.07871412504464388, "residual_mse": 0.00013346718478715047, "temporal_rel": 0.889078214764595, "tke_rel": 0.46093262135982516}
TRAIN {"angle_aug_abs_deg": 0.0, "aoa_effective_shift_abs_deg_mean": 0.8469035118818283, "aoa_meanfield_aug_fraction": 0.49375, "aoa_meanfield_lambda_mean": 0.16938070245087147, "delta_penalty": 3.8813950141047826e-05, "grad_rel": 0.5196339681744575, "iteration": 19740, "loss": 0.14098187014460564, "lr": 8.338656574599044e-08, "mse": 0.00012488444763221197, "p_zero": 0.0, "point_rel": 0.07803538776934146, "residual_mse": 0.00012488444763221197, "temporal_rel": 0.8851742267608642, "tke_rel": 0.47597506940364837}
TRAIN {"angle_aug_abs_deg": 0.0, "aoa_effective_shift_abs_deg_mean": 0.8227610625326633, "aoa_meanfield_aug_fraction": 0.4625, "aoa_meanfield_lambda_mean": 0.16455221641808748, "delta_penalty": 4.423331429279642e-05, "grad_rel": 0.5226130649447441, "iteration": 19760, "loss": 0.14254530034959317, "lr": 7.105273594107913e-08, "mse": 0.0001505518308476894, "p_zero": 0.0, "point_rel": 0.07921802625060081, "residual_mse": 0.0001505518308476894, "temporal_rel": 0.8899960726499557, "tke_rel": 0.4790358304977417}
TRAIN {"angle_aug_abs_deg": 0.0, "aoa_effective_shift_abs_deg_mean": 0.7836365014314651, "aoa_meanfield_aug_fraction": 0.44375, "aoa_meanfield_lambda_mean": 0.15672729909420013, "delta_penalty": 3.999872978965868e-05, "grad_rel": 0.504968199133873, "iteration": 19780, "loss": 0.1376334208995104, "lr": 5.97051645027099e-08, "mse": 0.00012779392309312244, "p_zero": 0.0, "point_rel": 0.07484745159745217, "residual_mse": 0.00012779392309312244, "temporal_rel": 0.8895116657018661, "tke_rel": 0.4747826367616653}
TRAIN {"angle_aug_abs_deg": 0.0, "aoa_effective_shift_abs_deg_mean": 0.7673678904771805, "aoa_meanfield_aug_fraction": 0.45625, "aoa_meanfield_lambda_mean": 0.1534735769033432, "delta_penalty": 4.0257236469187775e-05, "grad_rel": 0.5170608893036842, "iteration": 19800, "loss": 0.1397230826318264, "lr": 4.9343963426839715e-08, "mse": 0.00013519381082005566, "p_zero": 0.0, "point_rel": 0.07706744894385338, "residual_mse": 0.00013519380936486414, "temporal_rel": 0.8868200063705445, "tke_rel": 0.4708959609270096}
TRAIN {"angle_aug_abs_deg": 0.0, "aoa_effective_shift_abs_deg_mean": 0.8840332984924316, "aoa_meanfield_aug_fraction": 0.5, "aoa_meanfield_lambda_mean": 0.17680666074156762, "delta_penalty": 4.203529060760047e-05, "grad_rel": 0.5156649351119995, "iteration": 19820, "loss": 0.1405384361743927, "lr": 3.9969234974346116e-08, "mse": 0.00013560436018451584, "p_zero": 0.0, "point_rel": 0.07760746274143457, "residual_mse": 0.0001356043605483137, "temporal_rel": 0.8863746374845505, "tke_rel": 0.4760540023446083}
TRAIN {"angle_aug_abs_deg": 0.0, "aoa_effective_shift_abs_deg_mean": 0.861796747148037, "aoa_meanfield_aug_fraction": 0.4875, "aoa_meanfield_lambda_mean": 0.17235934734344482, "delta_penalty": 4.213542952129501e-05, "grad_rel": 0.5173239946365357, "iteration": 19840, "loss": 0.13940850906074048, "lr": 3.1581071670005824e-08, "mse": 0.00013982701802888186, "p_zero": 0.0, "point_rel": 0.07705017700791358, "residual_mse": 0.00013982701693748822, "temporal_rel": 0.8866438001394272, "tke_rel": 0.46593954861164094}
TRAIN {"angle_aug_abs_deg": 0.0, "aoa_effective_shift_abs_deg_mean": 0.7916961818933487, "aoa_meanfield_aug_fraction": 0.4625, "aoa_meanfield_lambda_mean": 0.15833923853933812, "delta_penalty": 4.092712370038498e-05, "grad_rel": 0.5082357615232468, "iteration": 19860, "loss": 0.1384066253900528, "lr": 2.4179556301595484e-08, "mse": 0.0001301519208936952, "p_zero": 0.0, "point_rel": 0.07640668116509915, "residual_mse": 0.00013015192162129096, "temporal_rel": 0.879214733839035, "tke_rel": 0.4660017192363739}
TRAIN {"angle_aug_abs_deg": 0.0, "aoa_effective_shift_abs_deg_mean": 0.7563919737935066, "aoa_meanfield_aug_fraction": 0.41875, "aoa_meanfield_lambda_mean": 0.1512783957645297, "delta_penalty": 3.866173356072977e-05, "grad_rel": 0.5125880718231202, "iteration": 19880, "loss": 0.13867308981716633, "lr": 1.7764761919103368e-08, "mse": 0.00011916837884200504, "p_zero": 0.0, "point_rel": 0.07582771368324756, "residual_mse": 0.00011916837920580292, "temporal_rel": 0.8862595409154892, "tke_rel": 0.47553741931915283}
TRAIN {"angle_aug_abs_deg": 0.0, "aoa_effective_shift_abs_deg_mean": 1.0261107489466668, "aoa_meanfield_aug_fraction": 0.56875, "aoa_meanfield_lambda_mean": 0.2052221428602934, "delta_penalty": 4.157771581958514e-05, "grad_rel": 0.5197969660162925, "iteration": 19900, "loss": 0.14057333543896675, "lr": 1.2336751833941151e-08, "mse": 0.0001317175367148593, "p_zero": 0.0, "point_rel": 0.07753203697502613, "residual_mse": 0.00013171753562346566, "temporal_rel": 0.891428005695343, "tke_rel": 0.47435267418622973}
TRAIN {"angle_aug_abs_deg": 0.0, "aoa_effective_shift_abs_deg_mean": 0.8594334051012993, "aoa_meanfield_aug_fraction": 0.48125, "aoa_meanfield_lambda_mean": 0.17188668213784694, "delta_penalty": 4.0972174883791015e-05, "grad_rel": 0.5134657353162766, "iteration": 19920, "loss": 0.13975848779082298, "lr": 7.895579618388778e-09, "mse": 0.00013092721528664696, "p_zero": 0.0, "point_rel": 0.07604769356548786, "residual_mse": 0.00013092721856082789, "temporal_rel": 0.8878698855638504, "tke_rel": 0.48887690603733064}
TRAIN {"angle_aug_abs_deg": 0.0, "aoa_effective_shift_abs_deg_mean": 0.9278503052890301, "aoa_meanfield_aug_fraction": 0.5375, "aoa_meanfield_lambda_mean": 0.18557006120681763, "delta_penalty": 4.266983123670798e-05, "grad_rel": 0.5181571543216705, "iteration": 19940, "loss": 0.13949144408106803, "lr": 4.441289105017149e-09, "mse": 0.00013337947966647335, "p_zero": 0.0, "point_rel": 0.07663866952061653, "residual_mse": 0.00013337947966647335, "temporal_rel": 0.894051906466484, "tke_rel": 0.4702999532222748}
TRAIN {"angle_aug_abs_deg": 0.0, "aoa_effective_shift_abs_deg_mean": 0.9478359788656234, "aoa_meanfield_aug_fraction": 0.53125, "aoa_meanfield_lambda_mean": 0.1895671969279647, "delta_penalty": 4.6597743676102255e-05, "grad_rel": 0.5270777389407157, "iteration": 19960, "loss": 0.14550990089774132, "lr": 1.9739143862884544e-09, "mse": 0.00015944983315421268, "p_zero": 0.0, "point_rel": 0.08093255683779717, "residual_mse": 0.0001594498346094042, "temporal_rel": 0.8948774069547654, "tke_rel": 0.4962681412696838}
TRAIN {"angle_aug_abs_deg": 0.0, "aoa_effective_shift_abs_deg_mean": 0.8334221959114074, "aoa_meanfield_aug_fraction": 0.48125, "aoa_meanfield_lambda_mean": 0.16668444257229567, "delta_penalty": 3.878241313941544e-05, "grad_rel": 0.514166596531868, "iteration": 19980, "loss": 0.13854426331818104, "lr": 4.934798141786848e-10, "mse": 0.0001169955616205698, "p_zero": 0.0, "point_rel": 0.076607521250844, "residual_mse": 0.00011699556089297402, "temporal_rel": 0.8817541122436523, "tke_rel": 0.4622624725103378}
TRAIN {"angle_aug_abs_deg": 0.0, "aoa_effective_shift_abs_deg_mean": 0.8139419242739677, "aoa_meanfield_aug_fraction": 0.44375, "aoa_meanfield_lambda_mean": 0.1627883855253458, "delta_penalty": 4.270601075404556e-05, "grad_rel": 0.5188482344150543, "iteration": 20000, "loss": 0.14183712676167487, "lr": 0.0, "mse": 0.00014024116735527058, "p_zero": 0.0, "point_rel": 0.0783646322786808, "residual_mse": 0.00014024116699147272, "temporal_rel": 0.8896077424287796, "tke_rel": 0.4826435312628746}
EVAL_TOP {"alpha": 1.0, "best_bound_abs": 0.0075, "best_bound_rel": 0.0075, "best_bounds": [{"abs": 0.0075, "coverage": 0.8335043144226074, "final_est": 81.83595594663953, "rel": 0.0075, "sps_raw": 0.48400848317146306, "sps_score_linear": 48.400848317146306, "sps_score_used": 48.400848317146306}], "best_final_est": 81.83595594663953, "iteration": 20000, "mean_t_neural_s": 0.01762683533, "mvpe": 0.07124886624515056, "mvpe_score": 96.56010113481372, "n": 640, "rel_l2": 0.08037692848592996, "rel_l2_score": 96.13642473220334, "time_score": 86.54248999999716, "tke": 0.45278645008802415, "tke_score": 81.5399155490371}
DONE out_dir=/hy-tmp/realpde_runs/colleague80_v2_formal_ac_20260922_v1/C_aoa_meanfield/A1_aoa_meanfield best_iter=0 best_score=81.872474 alpha=1.0 abs=0.0075 rel=0.0075 primary={"alpha": 1.0, "base_mvpe_raw": 0.08762361109256744, "base_rel_l2_raw": 0.0979706197977066, "base_tke_raw": 0.7003257870674133, "experiment": "A1_aoa_meanfield", "mvpe_improvement_vs_base": 0.18687593936920166, "mvpe_raw": 0.0712488666176796, "rel_l2_improvement_vs_base": 0.17958128452301025, "rel_l2_raw": 0.08037693053483963, "tke_improvement_vs_base": 0.3534631133079529, "tke_raw": 0.4527864456176758, "trajectories": 16, "windows": 640}
