trajectory_id,horizon,alpha,windows,frame_rel_l2,frame_rmse,tke_contrib_rel_l2,tke_contrib_ratio,mvpe_probe_rel_l2,frame_rel_l2_improvement_vs_base,frame_rmse_improvement_vs_base,tke_contrib_rel_l2_improvement_vs_base,mvpe_probe_rel_l2_improvement_vs_base,tke_contrib_ratio_delta_vs_base
10125_0.h5,1,0.0,29,0.053843453775030345,0.004907978841427742,0.8106592063838685,1.1504802975013857,0.05491774463131558,0.0,0.0,0.0,0.0,0.0
10125_0.h5,1,0.5,29,0.04136582191973908,0.0037704395459257777,0.6973768563745074,1.0534291811423195,0.0446360964337851,0.23173906910625608,0.2317734717803004,0.1397410269534629,0.18721905399712302,-0.09705111635906616
10125_0.h5,1,1.0,29,0.03423927084517952,0.003120395922254865,0.7450190294943273,1.2209056389772712,0.037009482390207286,0.36409594027458503,0.3642197688555774,0.08097135809058931,0.32609245629684,0.07042534147588553
10125_0.h5,2,0.0,29,0.0498310285965522,0.004542596513794675,0.7485720952281502,0.9453322718631367,0.04895017801887317,0.0,0.0,0.0,0.0,0.0
10125_0.h5,2,0.5,29,0.041659366013943294,0.003797448673901249,0.6854323895071499,0.9266068139035543,0.042718357151359944,0.16398743539430582,0.1640356649838054,0.08434686000652547,0.12730946279930777,-0.01872545795958247
10125_0.h5,2,1.0,29,0.03824288401195698,0.0034855449087753446,0.76416585374315,1.119164931174714,0.03792361505256164,0.23254877354462244,0.23269766570932315,-0.02083133824304162,0.22526093698903693,0.17383265931157732
10125_0.h5,3,0.0,29,0.05155504793349246,0.004700218864449766,0.8468185513665676,1.1329039167557458,0.045046983396453834,0.0,0.0,0.0,0.0,0.0
10125_0.h5,3,0.5,29,0.04446419714777899,0.004053610473261195,0.7576976018176419,0.9468330867219412,0.03835558167138425,0.13753940826242417,0.13756984724247867,0.10524208451161732,0.14854272629488297,-0.18607083003380454
10125_0.h5,3,1.0,29,0.04072650192188549,0.003712659372882764,0.7361370064184432,0.9196139907818474,0.0344078190647945,0.21003852087531982,0.21010925662131086,0.13070278723760864,0.23617928503724983,-0.2132899259738984
10125_0.h5,4,0.0,29,0.04810466169929496,0.004385837478200326,0.7316601748939843,0.8519575820685937,0.036477520445686175,0.0,0.0,0.0,0.0,0.0
10125_0.h5,4,0.5,29,0.04447815613063991,0.004055266846946937,0.7343065141561455,0.8228835235238184,0.03218622698126037,0.07538781981930454,0.07537229386553423,-0.0036168966864222885,0.11764213718460936,-0.029074058544775294
10125_0.h5,4,1.0,29,0.04354870553069685,0.0039705741283600614,0.7623960461378122,0.8871301884977455,0.03144886590926523,0.09470924454427432,0.09468279476937269,-0.04200839720199534,0.1378562598274311,0.035172606429151765
10125_0.h5,5,0.0,29,0.04853216773332522,0.004426094642771668,0.716388196859689,0.7867401149825303,0.03162832694071648,0.0,0.0,0.0,0.0,0.0
10125_0.h5,5,0.5,29,0.04566156749203705,0.004164310009393693,0.730154652972534,0.8093170551038511,0.030286779222662593,0.0591484035302432,0.059145737835836654,-0.019216475331657712,0.04241601905053216,0.022576940121320832
10125_0.h5,5,1.0,29,0.044954130057058304,0.004099790852318227,0.7713626209454884,0.896847937065045,0.030222739291166187,0.07372507438628195,0.07372273229320414,-0.07673831635806039,0.04444078411687413,0.11010782208251468
10125_0.h5,6,0.0,29,0.04787422533352897,0.004366954318458319,0.6979622300745562,0.824616002903625,0.029075597389760836,0.0,0.0,0.0,0.0,0.0
10125_0.h5,6,0.5,29,0.04616944842182974,0.004211408912891943,0.7155112650265407,0.8553059634521554,0.028835861971578013,0.035609493413677806,0.03561873887915734,-0.025143244427581646,0.008245244799931384,0.03068996054853035
10125_0.h5,6,1.0,29,0.04576413362466156,0.004174371918171321,0.7499768391545749,0.9166214811788044,0.0290914512387902,0.04407573583001867,0.044099934701168575,-0.07452352983980615,-0.000545263053991274,0.09200547827517935
10125_0.h5,7,0.0,29,0.048555572934004296,0.004429493747923866,0.6926580675532484,0.8706314409558733,0.03189169283602697,0.0,0.0,0.0,0.0,0.0
10125_0.h5,7,0.5,29,0.046902319306715026,0.004278692544597714,0.7054184388383018,0.8906381119453011,0.02967649674928492,0.03404868951986906,0.03404479426048035,-0.018422323918247496,0.0694599718532225,0.020006670989427766
10125_0.h5,7,1.0,29,0.04646810027805197,0.00423903957924544,0.7305453921710285,0.940224265482264,0.02824426299655757,0.042991412309964394,0.042996825261959803,-0.0546984528045904,0.11436927660826512,0.0695928245263907
10125_0.h5,8,0.0,29,0.04943529047846328,0.004510284997850237,0.6731565110400809,0.8633897794643491,0.03453859540979148,0.0,0.0,0.0,0.0,0.0
10125_0.h5,8,0.5,29,0.04773600813952262,0.004355281830821937,0.6830972219554405,0.8934215528249408,0.03214955226907871,0.03437387183313845,0.034366601468018065,-0.014767310056914562,0.06917024599198063,0.030031773360591707
10125_0.h5,8,1.0,29,0.04711064962735982,0.004298233443108223,0.7054115245766852,0.9458666592480118,0.0305433190927289,0.04702391406228723,0.04701511209227027,-0.04791606856296715,0.11567570335908739,0.0824768797836627
10125_0.h5,9,0.0,29,0.05067871934180441,0.004624477789051133,0.655360021597978,0.8683749946855018,0.033175147656035534,0.0,0.0,0.0,0.0,0.0
10125_0.h5,9,0.5,29,0.04862772683582823,0.004437328853994989,0.6648049025647433,0.8890062997152839,0.031889285769409324,0.0404704880591632,0.040469204003798054,-0.014411744164277263,0.03875979392641149,0.020631305029782054
10125_0.h5,9,1.0,29,0.04772072176814636,0.004354567438225774,0.6830536690597541,0.932477516343597,0.031523431346343146,0.05836764646138215,0.058365584858985686,-0.04225715110642558,0.04978776060976753,0.06410252165809516
10125_0.h5,10,0.0,29,0.05118274769051254,0.004671004385108039,0.6496330428350499,0.8577607775137126,0.03276293675508925,0.0,0.0,0.0,0.0,0.0
10125_0.h5,10,0.5,29,0.049067912075402384,0.00447794683392641,0.651303478735661,0.8720743535070403,0.032284394488214053,0.041319306026670555,0.04133105757663802,-0.002571353041589841,0.014606207937109317,0.01431357599332772
10125_0.h5,10,1.0,29,0.048034208993976216,0.004383531928845097,0.662086301953495,0.9074865393477334,0.032491151968314154,0.06151562467053617,0.06154403476465431,-0.01916968241655037,0.008295495266701813,0.049725761834020776
10125_0.h5,11,0.0,29,0.051266875203704494,0.0046791004707335115,0.651234341899979,0.8123129620490899,0.033534461936195754,0.0,0.0,0.0,0.0,0.0
10125_0.h5,11,0.5,29,0.049415521074695816,0.004510082574483517,0.6516977190950906,0.8258362759130592,0.033588009995970086,0.036112092294536824,0.03612187797786248,-0.0007115367929764194,-0.0015968068870828578,0.013523313863969322
10125_0.h5,11,1.0,29,0.04861585883563049,0.004437017745845401,0.660146275100095,0.8593944381114053,0.03428098981063926,0.05171012193624869,0.05173702219096843,-0.013684679426019697,-0.02226151342054883,0.047081476062315386
10125_0.h5,12,0.0,29,0.050969575012068204,0.0046513522409227645,0.6594171003584528,0.7458554710669844,0.03450209341373901,0.0,0.0,0.0,0.0,0.0
10125_0.h5,12,0.5,29,0.049558415638139,0.004522674574101111,0.6575477541617496,0.760086261586803,0.03500898459808447,0.02768630842213371,0.027664571538904892,0.0028348464055406586,-0.01469160662997937,0.014230790519818681
10125_0.h5,12,1.0,29,0.04910407982337826,0.004481298640891077,0.6614534309142518,0.7923371709392878,0.036070543540214495,0.03660017153857453,0.036560034850843914,-0.0030880766584489017,-0.04545956408114393,0.04648169987230344
10125_0.h5,13,0.0,29,0.05142399320619429,0.004692768015376377,0.6867638796168136,0.6964224008180862,0.03572152532043548,0.0,0.0,0.0,0.0,0.0
10125_0.h5,13,0.5,29,0.049914763799256356,0.00455508676483683,0.6761922742718179,0.6932173398361554,0.035270435162073115,0.029348740011037155,0.029339027646033022,0.01539336249147849,0.012627964632414668,-0.0032050609819307407
10125_0.h5,13,1.0,29,0.04943972648726915,0.004511770260263089,0.673389454776987,0.7201281954657344,0.03555744972081826,0.03858639897856331,0.0385695083413945,0.019474560670385,0.004593185709327985,0.023705794647648215
10125_0.h5,14,0.0,29,0.0519055363384828,0.004736894148191043,0.7080959260075402,0.6376304797225664,0.035808941731044104,0.0,0.0,0.0,0.0,0.0
10125_0.h5,14,0.5,29,0.050376833437250426,0.004597388574385462,0.6957196792268938,0.6321672785375839,0.03461641281435407,0.029451634817209138,0.029450853120468468,0.01747820644926945,0.03330254565038393,-0.005463201184982447
10125_0.h5,14,1.0,29,0.04985935166778228,0.004550139164271553,0.691033781369886,0.6612371922612552,0.034043769859700854,0.03942131832252116,0.039425618997800393,0.024095809636775822,0.0492941646977787,0.023606712538688845
10125_0.h5,15,0.0,29,0.053108008495498356,0.004844412354333117,0.7273792705920022,0.616867476127937,0.03505764832321745,0.0,0.0,0.0,0.0,0.0
10125_0.h5,15,0.5,29,0.05137853434657837,0.004687098160411068,0.7247853875388592,0.5830778636445868,0.03345603361173482,0.03256522317282118,0.03247332853103191,0.003566066779758348,0.045685172511184646,-0.03378961248335022
10125_0.h5,15,1.0,29,0.050895386501495214,0.004643479142696535,0.7258265562105678,0.5925755688254843,0.03329260670852302,0.04166268057652156,0.04147731384939923,0.0021346695516504255,0.05034683440319365,-0.024291907302452675
10125_0.h5,16,0.0,29,0.05866629546899054,0.00534929689039407,0.7573906914681545,0.7901002668944541,0.03835830643704092,0.0,0.0,0.0,0.0,0.0
10125_0.h5,16,0.5,29,0.053541192037203804,0.004882947378881562,0.760907129077814,0.5712951275230973,0.03294818770077515,0.08736027033606941,0.08717959034017142,-0.004642831829426264,0.1410416475280425,-0.21880513937135682
10125_0.h5,16,1.0,29,0.05211093906154457,0.004753721773190397,0.7640162300095912,0.5210108119942078,0.03264910031988738,0.11173973667573678,0.1113370839956872,-0.00874784786249938,0.148838847369977,-0.26908945490024627
10125_0.h5,17,0.0,29,0.06271317859922236,0.005718067035709521,0.8003678750623446,0.9923689580984585,0.04149642213434515,0.0,0.0,0.0,0.0,0.0
10125_0.h5,17,0.5,29,0.05535612704119242,0.005048502489802373,0.7804365592808058,0.5735968088162277,0.0333499462651595,0.11731268805630535,0.11709630924676029,0.02490269337707529,0.19631754860241546,-0.41877214928223083
10125_0.h5,17,1.0,29,0.05380291742561215,0.004908409777085807,0.8012028603159048,0.4730697334557323,0.03390802929077927,0.14207956561335422,0.14159632154841428,-0.0010432518340333097,0.18286860537032257,-0.5192992246427262
10125_0.h5,18,0.0,29,0.06401907951764456,0.005839471275524735,0.8267879304127683,0.8101964250922377,0.03838504420166202,0.0,0.0,0.0,0.0,0.0
10125_0.h5,18,0.5,29,0.05862871003909911,0.005348006877475635,0.8317372083527476,0.5461926439277186,0.03503446403722291,0.08419942178424766,0.08416248233106283,-0.005986151657424887,0.08728868844949877,-0.26400378116451906
10125_0.h5,18,1.0,29,0.05696554414036795,0.005196392959753421,0.8472569237701464,0.48879396754934884,0.03608779947440673,0.11017864409207179,0.11012612023055579,-0.024757247420337913,0.05984739043639864,-0.3214024575428888
10125_0.h5,19,0.0,29,0.0732913292259509,0.00668753672782332,1.1065142923508957,1.2535257563504407,0.047590178547803105,0.0,0.0,0.0,0.0,0.0
10125_0.h5,19,0.5,29,0.06616734288349714,0.00603699525902008,0.9801190424208042,0.83376621090878,0.041869516582050244,0.09720094338159868,0.09727669473524969,0.11422830306290277,0.12020677669882252,-0.4197595454416607
10125_0.h5,19,1.0,29,0.06270898490597393,0.005720577150961211,0.9488651189937343,0.6853437279529261,0.03867283441516224,0.14438739796016675,0.14459129216279287,0.14247368917596237,0.18737782468463782,-0.5681820283975146
10125_0.h5,20,0.0,29,0.08579645367751638,0.007826574319662792,1.595978450796618,2.1548002495259717,0.053188341833953955,0.0,0.0,0.0,0.0,0.0
10125_0.h5,20,0.5,29,0.07348805388870326,0.0067041765026120016,1.0750526997933996,1.1912302919190723,0.043775061054540404,0.14346047256308259,0.14340856819451364,0.3263989878705462,0.17698015119178567,-0.9635699576068995
10125_0.h5,20,1.0,29,0.06878846277084519,0.006275206478750906,1.058725550227546,0.8303283030898047,0.04136991439449264,0.19823652584288887,0.1982179913649279,0.3366291695861602,0.22219958419378205,-1.3244719464361672
11400_10.h5,1,0.0,42,0.07364063188383595,0.007522559544796768,0.6796405544525527,0.9907508461811603,0.06759699810813301,0.0,0.0,0.0,0.0,0.0
11400_10.h5,1,0.5,42,0.05790295566961407,0.005914889555272228,0.5647176696005759,0.9948360044343965,0.05547828697193514,0.21370914142951947,0.21371316238188365,0.16909362470952993,0.17927883597451932,0.004085158253236187
11400_10.h5,1,1.0,42,0.04810990054752824,0.004914164013334055,0.542937090315055,1.1154388979430114,0.04683456613265768,0.34669353973742423,0.34674308869604076,0.20114082840099456,0.30715020720686814,0.12468805176185116
11400_10.h5,2,0.0,42,0.06731736530304519,0.006875388135648096,0.6175361741780039,0.7954366132615756,0.06481898712743601,0.0,0.0,0.0,0.0,0.0
11400_10.h5,2,0.5,42,0.057756002607457176,0.0058988736515785565,0.5554044127615388,0.8823445585591605,0.05756203777315314,0.14203411931743404,0.14203045192553188,0.10061234307312927,0.11195715446795707,0.08690794529758494
11400_10.h5,2,1.0,42,0.05407238238544952,0.005522248566516069,0.5653818905314161,1.0604761151897413,0.054462968021651674,0.19675432717799068,0.19680918988648133,0.0844554308353026,0.1597682957529729,0.2650395019281657
11400_10.h5,3,0.0,42,0.07286659161210407,0.007442954640037532,0.6854205357224263,1.0745713384204854,0.0846117865202916,0.0,0.0,0.0,0.0,0.0
11400_10.h5,3,0.5,42,0.06307278148338989,0.00644244066286862,0.6018725789409151,0.9588314422761938,0.06746619859392192,0.13440741376857956,0.13442430130997907,0.12189298748315525,0.20263829226981067,-0.11573989614429159
11400_10.h5,3,1.0,42,0.05753396690626659,0.005876389159971906,0.5831897319413782,0.9366181414229511,0.05406076538948199,0.21042050089921505,0.21047629010644175,0.1491504827372846,0.3610728763360038,-0.13795319699753428
11400_10.h5,4,0.0,42,0.06380347121228418,0.006514727685162672,0.6306703419083499,0.8217183226439541,0.051372234290514594,0.0,0.0,0.0,0.0,0.0
11400_10.h5,4,0.5,42,0.060960164536627115,0.006224638075879666,0.6202876237418073,0.8292187993641181,0.05048999892813214,0.04456351075628684,0.04452827858694497,0.016462987834698906,0.01717338898272036,0.007500476720164073
11400_10.h5,4,1.0,42,0.060902969770599356,0.006219080099859064,0.6216907272195413,0.8795346392489604,0.051599113702302205,0.04545993167102769,0.045381418777786675,0.014238206701835843,-0.004416382018827214,0.0578163166050063
11400_10.h5,5,0.0,42,0.06458823534842059,0.006593458705487244,0.6531327018539407,0.7581378233619158,0.049105947009880746,0.0,0.0,0.0,0.0,0.0
11400_10.h5,5,0.5,42,0.06235872311647898,0.006365696194549264,0.6480744664715157,0.7946125399096986,0.048301562849368575,0.034518859664063206,0.03454370780367977,0.007744575287789157,0.016380585438059425,0.03647471654778278
11400_10.h5,5,1.0,42,0.06231203027791136,0.006360812956753149,0.656747349614862,0.8632332561188094,0.04890824656941702,0.035241790679529594,0.0352843263491559,-0.005534323653770601,0.004025997918825297,0.10509543275689359
11400_10.h5,6,0.0,42,0.06601923798774878,0.0067384917451444315,0.6805890143089871,0.7287650270082737,0.04512535829860383,0.0,0.0,0.0,0.0,0.0
11400_10.h5,6,0.5,42,0.06439622086908485,0.006572700703567655,0.6801931008444615,0.7853116032915802,0.045437887335533916,0.024584002604893906,0.024603583093537273,0.0005817217971517685,-0.00692579624214873,0.056546576283306504
11400_10.h5,6,1.0,42,0.06446554676763275,0.006579608711434829,0.694636400211353,0.8657984955254461,0.04669043667217212,0.023533916286709533,0.023578426704178868,-0.02064004209152337,-0.034682901866658566,0.13703346851717235
11400_10.h5,7,0.0,42,0.06996941320918239,0.007141575980221415,0.7023105323191215,0.7752447639662202,0.05099384915799156,0.0,0.0,0.0,0.0,0.0
11400_10.h5,7,0.5,42,0.06778366763104272,0.006918569031874002,0.70928941385568,0.8103716843573567,0.049046242882340794,0.031238586660789935,0.031226573653354794,-0.00993703100751353,0.03819296459885968,0.03512692039113652
11400_10.h5,7,1.0,42,0.06722904088739734,0.00686194084470624,0.7268940025304491,0.8719786807632272,0.048982602318871686,0.039165289461444486,0.039155942090320695,-0.0350037043160234,0.03944096929981755,0.09673391679700694
11400_10.h5,8,0.0,42,0.07238669478187014,0.007387491493809078,0.7113387242943329,0.8173247045416965,0.057356073884551675,0.0,0.0,0.0,0.0,0.0
11400_10.h5,8,0.5,42,0.07020416762914233,0.00716491477964615,0.7191639653515304,0.8439127715593994,0.05503147682176707,0.030150943613389547,0.030128862327551076,-0.011000724113481075,0.04052922219647803,0.026588067017702888
11400_10.h5,8,1.0,42,0.06937319214945364,0.007080207354957719,0.7378363132392769,0.8930600047063363,0.054114581050898045,0.041630615149612415,0.041595193592963375,-0.03725031133547563,0.05651524963473309,0.07573530016463981
11400_10.h5,9,0.0,42,0.07416674678662927,0.007570161884763509,0.719573644076051,0.822842073378406,0.05912446630515842,0.0,0.0,0.0,0.0,0.0
11400_10.h5,9,0.5,42,0.0723297756767136,0.007382842456468595,0.7277041226351303,0.8568508032442714,0.057770888669088735,0.024768123040376344,0.024744441551762808,-0.011299022172385209,0.02289369732461477,0.03400872986586545
11400_10.h5,9,1.0,42,0.07162620188771715,0.007311142363269342,0.746564312274292,0.9088511480056755,0.05725037737311968,0.03425450095877902,0.03421584973176017,-0.03750925067982114,0.03169735050741984,0.08600907462726948
11400_10.h5,10,0.0,42,0.07617016528637868,0.007774127688251207,0.7281690707156662,0.8288112685086272,0.061365582147855875,0.0,0.0,0.0,0.0,0.0
11400_10.h5,10,0.5,42,0.07443768365560742,0.007597378855310648,0.7357309871223597,0.8625839376753733,0.06071814729694503,0.022744884749266503,0.02273551966578502,-0.010384836037132805,0.010550455617790777,0.03377266916674615
11400_10.h5,10,1.0,42,0.07375150164150306,0.007527375940911665,0.7540305607606543,0.9138691026395959,0.06059331536861461,0.03175342518664781,0.031740120208271216,-0.03551577660332472,0.01258468920543343,0.08505783413096868
11400_10.h5,11,0.0,42,0.07794031438441154,0.007955852477091487,0.7378524943262699,0.8273194088047456,0.06437946945751258,0.0,0.0,0.0,0.0,0.0
11400_10.h5,11,0.5,42,0.07632561575421003,0.0077909921159789,0.7454907779791344,0.8575662468513928,0.06430796435112371,0.020717117232009308,0.020721897695727076,-0.010352046935667047,0.0011106818212607283,0.030246838046647184
11400_10.h5,11,1.0,42,0.07569257434155727,0.007726297339128741,0.7631623639863874,0.905194909223184,0.0646594306722809,0.028839247834800075,0.02885361922229457,-0.03430207237183347,-0.004348610156737598,0.07787550041843838
11400_10.h5,12,0.0,42,0.07992318343895115,0.008158614315689774,0.744309065075325,0.8229267503193041,0.06593222422226099,0.0,0.0,0.0,0.0,0.0
11400_10.h5,12,0.5,42,0.07820902965998654,0.007983703963129338,0.7469085199030568,0.8474004051023671,0.06593565703415531,0.021447516292615654,0.02143873282795916,-0.003492440102780048,-5.2065768064490925e-05,0.02447365478306307
11400_10.h5,12,1.0,42,0.07748694817561075,0.00791001224732614,0.7595936815603036,0.8923953914430307,0.0664844082507882,0.030482210023594747,0.030471114179959402,-0.02053530878793164,-0.008375025035797012,0.06946864112372664
11400_10.h5,13,0.0,42,0.08178225278841234,0.008348417460242279,0.7565239751214753,0.8081928128043223,0.06603911245267635,0.0,0.0,0.0,0.0,0.0
11400_10.h5,13,0.5,42,0.0800428211928575,0.008170924605285939,0.7560926390421062,0.8325543531028692,0.06645359124437708,0.021269059438300264,0.021260658777740193,0.0005701552013600564,-0.00627626229831213,0.02436154029854687
11400_10.h5,13,1.0,42,0.07945364274715366,0.008110810261102561,0.7689583655537335,0.88593032688434,0.0676703973612943,0.028473292943925976,0.028461346149887157,-0.01643621463584366,-0.024701799403905156,0.07773751408001772
11400_10.h5,14,0.0,42,0.08388584106440374,0.00856475767623627,0.7517394992532429,0.8161148076202461,0.06870534429251196,0.0,0.0,0.0,0.0,0.0
11400_10.h5,14,0.5,42,0.08202262600648492,0.008374662486866073,0.7540451478637568,0.8429589809343273,0.0690183481161864,0.022211317598738956,0.022195045856070572,-0.0030670845589519935,-0.004555742015378561,0.026844173314081177
11400_10.h5,14,1.0,42,0.0812944559996639,0.008300451145568643,0.7703526278202231,0.8971716284369975,0.0698258323480393,0.030891805242201587,0.030859779185693714,-0.02476007790660195,-0.01630860112943866,0.08105682081675136
11400_10.h5,15,0.0,42,0.08974083759259929,0.009160578043281601,0.7949720666197823,0.9760788823926977,0.08205420191995468,0.0,0.0,0.0,0.0,0.0
11400_10.h5,15,0.5,42,0.08503489905963517,0.008680829174537334,0.7676214274540882,0.9004610601882284,0.0748865058629159,0.05243920893994658,0.05237102576688568,0.03440452855405196,0.08735318715342566,-0.07561782220446933
11400_10.h5,15,1.0,42,0.08215567292040481,0.008387564838318193,0.755672955332003,0.8733109539709174,0.07029296841667791,0.08452299839933763,0.0843847627639982,0.049434581336774475,0.14333493261868602,-0.10276792842178029
11400_10.h5,16,0.0,42,0.0950833613184052,0.009706224052526248,0.8240098214825218,1.106730859525959,0.08557197639911428,0.0,0.0,0.0,0.0,0.0
11400_10.h5,16,0.5,42,0.08661895025582976,0.00884280154876373,0.7585589365805686,0.9017711502983004,0.07401342827613547,0.08902094904102831,0.0889555504890488,0.07942973881573023,0.13507398811345495,-0.20495970922765872
11400_10.h5,16,1.0,42,0.08213971172086112,0.008386544238943852,0.7333912869913787,0.8159593387933745,0.06745881843517705,0.1361294911966746,0.1359622244902664,0.10997263883105945,0.2116716093999753,-0.2907715207325846
11400_10.h5,17,0.0,42,0.09451498038499632,0.009651120033971379,0.7676137218911796,0.974417160284426,0.07935677507114855,0.0,0.0,0.0,0.0,0.0
11400_10.h5,17,0.5,42,0.0856622291879877,0.008747867386812666,0.7288745418174759,0.7663913938737762,0.06836456651845738,0.09366505881869647,0.09359044794586702,0.050467023932638244,0.13851632129501157,-0.20802576641064985
11400_10.h5,17,1.0,42,0.08245211274452932,0.008421449326195098,0.7274856668388962,0.7155672988122378,0.06471134928629785,0.12762916091534116,0.1274122281608675,0.052276364931855945,0.18455167528821725,-0.25884986147218825
11400_10.h5,18,0.0,42,0.0929683114026846,0.009497831235351365,0.7596824431251328,0.7495156212073733,0.07194225194300534,0.0,0.0,0.0,0.0,0.0
11400_10.h5,18,0.5,42,0.08639786351861943,0.008826441221759492,0.7416302477764233,0.6296190912056735,0.06675506625362784,0.07067405855749942,0.07068877062091072,0.023762817624753185,0.07210207561318671,-0.11989653000169975
11400_10.h5,18,1.0,42,0.08444169637183466,0.008626635470806467,0.7332720065343373,0.6293892827005224,0.06658565369931335,0.09171528343585389,0.09172575748685308,0.03476510064145999,0.07445691647150043,-0.12012633850685084
11400_10.h5,19,0.0,42,0.103961763149112,0.010624776153663643,0.8138967599910619,0.9106726242174351,0.09132021665085788,0.0,0.0,0.0,0.0,0.0
11400_10.h5,19,0.5,42,0.0945127955884583,0.009658255878930086,0.7719998048112492,0.7140159828713109,0.08213700615763922,0.0908888737015846,0.09096853060761012,0.051476989760068426,0.10056054212320342,-0.19665664134612426
11400_10.h5,19,1.0,42,0.09135998976071719,0.009335041288610155,0.7449517192775083,0.6957691113041233,0.07885277801330208,0.12121546428873209,0.12138936824647928,0.08470981100147246,0.13652440932353693,-0.21490351291331178
11400_10.h5,20,0.0,42,0.14935083270405486,0.01526340695121391,1.4256713614474066,2.066190722178625,0.17526097995428452,0.0,0.0,0.0,0.0,0.0
11400_10.h5,20,0.5,42,0.12044487287780777,0.01230948346499923,0.9407054528510621,1.2107381904608152,0.1336090344407348,0.19354401514135178,0.1935297601417718,0.34016669038226666,0.2376566964558472,-0.8554525317178099
11400_10.h5,20,1.0,42,0.10107787631604515,0.010330330372048972,0.7790308058723886,0.8003573932358686,0.09787927721292922,0.3232185285746928,0.3231962952263817,0.4535691556001511,0.4415227095132056,-1.2658333289427564
11400_15.h5,1,0.0,42,0.08572640057822604,0.008438048041611875,0.592925857535281,0.9247980000480506,0.10601795536129087,0.0,0.0,0.0,0.0,0.0
11400_15.h5,1,0.5,42,0.0658035952025619,0.006477125500326599,0.5066352351550106,0.923389648991734,0.08449703592525439,0.23239988196500116,0.23239054004137805,0.1455335794241961,0.20299315679779817,-0.001408351056316537
11400_15.h5,1,1.0,42,0.05314476656978612,0.005231002337899633,0.48391287736084215,1.0130654915532769,0.06827679861900741,0.380065344965801,0.38006961893281865,0.1838560062595217,0.35598834757440956,0.08826749150522628
11400_15.h5,2,0.0,42,0.07898372903841533,0.007775401463747207,0.5981480575117546,0.7521891707386146,0.09952737145423624,0.0,0.0,0.0,0.0,0.0
11400_15.h5,2,0.5,42,0.0662232605128462,0.006519539636632083,0.5295112465966075,0.8220834424192822,0.08203039186702582,0.16155819281921746,0.16151729694866257,0.11474886535730033,0.17580068006976068,0.06989427168066764
11400_15.h5,2,1.0,42,0.06090213213028153,0.005995832498310727,0.5088115676291002,0.966950152448353,0.07249447440387478,0.2289281239094123,0.2288716503879209,0.14935514503597436,0.2716126896086216,0.21476098170973845
11400_15.h5,3,0.0,42,0.07914759477540635,0.007789859471728016,0.5882098804263391,0.9466143806666304,0.09734407054877355,0.0,0.0,0.0,0.0,0.0
11400_15.h5,3,0.5,42,0.07039420531836386,0.0069283996507064375,0.5481417081321378,0.8822666291640693,0.07913034765405352,0.11059577340134719,0.11058733782658103,0.06811883585695566,0.1871066495580146,-0.06434775150256111
11400_15.h5,3,1.0,42,0.06667333296060549,0.00656224102353758,0.546553853149617,0.8851582638165971,0.06878733679562543,0.15760759186932372,0.1575918606293054,0.07081830595319061,0.2933587386695522,-0.06145611685003327
11400_15.h5,4,0.0,42,0.07533400815259673,0.007413728653215747,0.6082412501764503,0.7722591481757213,0.06489695547366424,0.0,0.0,0.0,0.0,0.0
11400_15.h5,4,0.5,42,0.07239971984720235,0.007124978919027587,0.5962147236591377,0.7914375416580551,0.06474328368421184,0.03895038080876678,0.038947977150864954,0.019772625605092742,0.0023679352649256247,0.019178393482333855
11400_15.h5,4,1.0,42,0.07259209458477862,0.007143893193660149,0.5947075636107838,0.8434147076763553,0.06737574509492206,0.036396756724586865,0.03639672723098053,0.02225052405067951,-0.0381957767227421,0.07115555950063401
11400_15.h5,5,0.0,42,0.0780379420053703,0.00768106996583771,0.6464415739419896,0.7470465789003116,0.06569303096968983,0.0,0.0,0.0,0.0,0.0
11400_15.h5,5,0.5,42,0.07607445747920913,0.007487757664657131,0.6413950118876297,0.7712165046384158,0.0652410645099342,0.02516063950054004,0.025167366270630764,0.0078066793006305035,0.00687997574604482,0.02416992573810428
11400_15.h5,5,1.0,42,0.07617076389156166,0.007497146696457888,0.6440894227080749,0.8166225975813558,0.06655963540831884,0.023926542215582103,0.02394500638554753,0.003638613803210955,-0.013191725603722837,0.06957601868104424
11400_15.h5,6,0.0,42,0.08058042622250187,0.007931929470392746,0.6755182581149264,0.7149459307226321,0.06656288715436125,0.0,0.0,0.0,0.0,0.0
11400_15.h5,6,0.5,42,0.07896595835218773,0.007773078187157468,0.6743216935273397,0.7527176317285633,0.06605476073379894,0.02003548437254743,0.02002681489141045,0.0017713282701280475,0.007633779757538872,0.03777170100593119
11400_15.h5,6,1.0,42,0.0791001798488233,0.007786267415242761,0.6815656207355798,0.8085014569381553,0.06686193496213051,0.01836980074529837,0.018364012904261595,-0.008952182340013826,-0.004492710886710327,0.09355552621552321
11400_15.h5,7,0.0,42,0.08492156534513541,0.008359968115104551,0.7030075109544198,0.7439570512389453,0.07581731614149521,0.0,0.0,0.0,0.0,0.0
11400_15.h5,7,0.5,42,0.08274476982641286,0.008145848636996657,0.7053847859162448,0.7648605108278943,0.07158770180051985,0.025633012178657877,0.025612475449640626,-0.0033815783256674337,0.055786917240406964,0.020903459588949014
11400_15.h5,7,1.0,42,0.0822359460740009,0.00809583027629859,0.7143378835450421,0.8055402229723108,0.06920363022228616,0.0316247028681077,0.031595555768774375,-0.01611700076324918,0.08723186543382988,0.06158317173336547
11400_15.h5,8,0.0,42,0.08724168650872884,0.008588314431349836,0.7150765838568688,0.7649715081651113,0.0787018435184431,0.0,0.0,0.0,0.0,0.0
11400_15.h5,8,0.5,42,0.08534400789173997,0.00840149396199619,0.719498233564609,0.7820132787669982,0.07530862544591185,0.021751970794363196,0.021752867905219686,-0.00618346315284346,0.043114848659626115,0.01704177060188694
11400_15.h5,8,1.0,42,0.08480892254680593,0.00834871815355103,0.7307307597048014,0.8162531730983285,0.07332831957930402,0.027885338526548287,0.027897939661385762,-0.021891607418466297,0.06827697673790623,0.051281664933217175
11400_15.h5,9,0.0,42,0.08833939577947929,0.008696297566440156,0.7269782640286868,0.761974138419592,0.07751398465778518,0.0,0.0,0.0,0.0,0.0
11400_15.h5,9,0.5,42,0.08704740211755564,0.008569090419306672,0.7319845545492396,0.7886588630372946,0.07614535782617875,0.014625339584038333,0.0146277362477093,-0.006886437694587411,0.017656514984344507,0.02668472461770255
11400_15.h5,9,1.0,42,0.08685747606203108,0.008550312113651393,0.744433746455831,0.8293366682897582,0.07544563638384118,0.016775298318176257,0.016787081131185544,-0.02401101008221529,0.026683549853300792,0.06736252987016611
11400_15.h5,10,0.0,42,0.09077829184748507,0.008935922108683299,0.7398990324536158,0.757215701877481,0.07831135400035681,0.0,0.0,0.0,0.0,0.0
11400_15.h5,10,0.5,42,0.08965847646229445,0.008825686601983948,0.7432601722311221,0.7839651349247289,0.07818396320268733,0.012335717740448282,0.01233622063382045,-0.004542700598431981,0.0016267219395657007,0.02674943304724786
11400_15.h5,10,1.0,42,0.08952859182649404,0.008812839223791825,0.7533197321632034,0.8247186548240418,0.0784053500344523,0.013766507339558864,0.013773943348484585,-0.018138555560861525,-0.0012002861563988887,0.06750295294656083
11400_15.h5,11,0.0,42,0.09324882999956408,0.009180112090415303,0.7452073307724826,0.7699837018813535,0.08022471332943637,0.0,0.0,0.0,0.0,0.0
11400_15.h5,11,0.5,42,0.09194477961194077,0.009051794349323282,0.7484097648865529,0.7896664850951668,0.0801643346082769,0.013984630023019085,0.013977796766337258,-0.004297373337364574,0.000752619967758883,0.019682783213813337
11400_15.h5,11,1.0,42,0.09159243599822012,0.009017113387496773,0.7576038068432605,0.8243575973092104,0.08043174279628253,0.017763161225204716,0.01775563318978557,-0.016634935753956803,-0.002580619590325073,0.05437389542785698
11400_15.h5,12,0.0,42,0.09679541139567308,0.009527945973717273,0.74361198391484,0.7940893830708976,0.0850619674429047,0.0,0.0,0.0,0.0,0.0
11400_15.h5,12,0.5,42,0.09501540027823965,0.0093528881198428,0.7441745255145564,0.8037408911350209,0.08383748012903489,0.01838941631393276,0.018373094721293226,-0.0007564988352593005,0.014395238561719315,0.009651508064123293
11400_15.h5,12,1.0,42,0.09426472869768358,0.009279093259106776,0.7513111446049086,0.8326242479761587,0.08326739551025078,0.026144655635015113,0.026118191192199602,-0.010353734012643834,0.021097230485039864,0.038534864905261146
11400_15.h5,13,0.0,42,0.099303998470962,0.009773252082505287,0.7382001011967695,0.8145548568774278,0.09134223394085933,0.0,0.0,0.0,0.0,0.0
11400_15.h5,13,0.5,42,0.09726281029763044,0.009572706164663422,0.7384504579583294,0.8219981386104158,0.08945343767818721,0.020554944461057434,0.020519875692232903,-0.00033914484860408933,0.02067823591762652,0.007443281732988027
11400_15.h5,13,1.0,42,0.0963858508797411,0.009486666199967592,0.7469774379737574,0.8532120932249815,0.08878328366783617,0.02938600294200855,0.029323492335852075,-0.011890186363775923,0.028014973606623084,0.03865723634755369
11400_15.h5,14,0.0,42,0.1024192177193197,0.010081277647167501,0.7398923610926973,0.8297097406829023,0.101596162801297,0.0,0.0,0.0,0.0,0.0
11400_15.h5,14,0.5,42,0.10004148051629241,0.009847801537680997,0.7404257754065005,0.836348780468632,0.09763435903465163,0.023215732906137543,0.0231593769815579,-0.0007209350195418462,0.0389956043359031,0.006639039785729772
11400_15.h5,14,1.0,42,0.09887460793194622,0.00973345276497822,0.7488139887979351,0.8646534866630314,0.09497668852871298,0.034608834809571554,0.03450206356403729,-0.012058007589187847,0.06515476657844321,0.03494374598012917
11400_15.h5,15,0.0,42,0.11016542466023785,0.010841249826564283,0.7734164280722178,0.9656760397334249,0.12284977869729391,0.0,0.0,0.0,0.0,0.0
11400_15.h5,15,0.5,42,0.10408530853469446,0.010243852375849386,0.7451127850434522,0.8799362341781942,0.10733124607097749,0.05519078371726094,0.05510411255823067,0.036595606197962316,0.12632120945496061,-0.08573980555523064
11400_15.h5,15,1.0,42,0.1004407227139201,0.009886202732034399,0.7324189872410958,0.8437361825029688,0.09674858920323175,0.0882736301004583,0.08809381849957332,0.05300823636926144,0.21246427767994924,-0.12193985723045608
11400_15.h5,16,0.0,42,0.11489034949147683,0.011309333526258323,0.7825816947660361,1.010642391619307,0.12305476149245255,0.0,0.0,0.0,0.0,0.0
11400_15.h5,16,0.5,42,0.10560158901784587,0.010395737946016689,0.7287579730645221,0.8542150897678692,0.10339843189424706,0.0808489182489609,0.0807824420528781,0.06877712839629535,0.1597364405879661,-0.15642730185143783
11400_15.h5,16,1.0,42,0.10081829169046379,0.009925759586135393,0.7075423134379226,0.7918909705574086,0.0933246449287786,0.12248250495623203,0.12233912254073243,0.09588696212802117,0.2416007003962819,-0.21875142106189838
11400_15.h5,17,0.0,42,0.11425907134438704,0.011248561627948996,0.7436588237593957,0.8779405821758678,0.11053567458163889,0.0,0.0,0.0,0.0,0.0
11400_15.h5,17,0.5,42,0.10544959171732743,0.010381790688409082,0.7081277720494294,0.7435682520482192,0.09348602954525645,0.0771009209457606,0.07705615777454355,0.04777869982144134,0.15424563247035683,-0.1343723301276486
11400_15.h5,17,1.0,42,0.10226458996524095,0.010068794527989363,0.6992355320769144,0.71630292157065,0.08916771531393627,0.10497618471791748,0.10488159633035188,0.059736118584473585,0.19331278656033146,-0.16163766060521778
11400_15.h5,18,0.0,42,0.11427365416853379,0.011249960250002336,0.7505849554405711,0.7404227215283588,0.10889590780565445,0.0,0.0,0.0,0.0,0.0
11400_15.h5,18,0.5,42,0.10759117549510237,0.01059151856494879,0.7225557377324736,0.6555239437219483,0.09867094546705255,0.05847785932858962,0.05852835658271849,0.03734316482755129,0.09389666282823317,-0.08489877780641042
11400_15.h5,18,1.0,42,0.10565030838190163,0.010399568719993865,0.7095925379801643,0.6568403654626666,0.0955382497285812,0.07546223886316106,0.07559062530983562,0.05461396096907578,0.12266446321300284,-0.0835823560656922
11400_15.h5,19,0.0,42,0.13095141684869058,0.012893728704734557,0.8150469965288734,0.923134780907175,0.14546615876608648,0.0,0.0,0.0,0.0,0.0
11400_15.h5,19,0.5,42,0.11903671707237444,0.01172011085200126,0.7563780249668837,0.7571050878272637,0.12127844791961902,0.09098564996882108,0.09102237836773674,0.07198231735329308,0.16627723624270552,-0.16602969307991133
11400_15.h5,19,1.0,42,0.11421249207413682,0.011244032645565635,0.7283935748044001,0.7343602251730332,0.1110040649188123,0.12782545754273855,0.12794561580647779,0.10631708612327051,0.23690798010752567,-0.1887745557341418
11400_15.h5,20,0.0,42,0.1834283820688356,0.01805550477502094,1.383396999637996,1.9080828151453224,0.24655271193973174,0.0,0.0,0.0,0.0,0.0
11400_15.h5,20,0.5,42,0.14892951702444182,0.014661127237400035,0.9380554187110439,1.1899718544731832,0.18361159602834698,0.1880781188564773,0.18799682312492805,0.3219188570189815,0.2552846221653823,-0.7181109606721392
11400_15.h5,20,1.0,42,0.12569993430752893,0.012375825024019092,0.769985190285036,0.840975998442147,0.13193708200958967,0.31471927686546775,0.3145677632263959,0.4434098162085621,0.4648727204353734,-1.0671068167031754
13950_5.h5,1,0.0,42,0.04883315107581578,0.0059510564529099775,0.7209583284154285,0.824712127513561,0.04391108845250132,0.0,0.0,0.0,0.0,0.0
13950_5.h5,1,0.5,42,0.038055531950456356,0.0046375229595505725,0.6471599059919159,0.8188134129162938,0.035218212862157754,0.22070292184558526,0.22072274120624524,0.10236156448280698,0.19796538634533423,-0.005898714597267207
13950_5.h5,1,1.0,42,0.03265187237212975,0.003978836108500771,0.6595052912454932,0.9914649256440281,0.030030239688562825,0.3313584797868938,0.3314067611381539,0.08523798775582636,0.3161126096647189,0.16675279813046706
13950_5.h5,2,0.0,42,0.04682543076118956,0.005707016576177079,0.7413421490714024,0.6880490468735863,0.04165753750121225,0.0,0.0,0.0,0.0,0.0
13950_5.h5,2,0.5,42,0.03963242619780395,0.00483017007563324,0.6871255425565692,0.7316454839772786,0.0350878176532306,0.1536132064661624,0.15364358747512274,0.07313304198708293,0.15770783013255318,0.04359643710369232
13950_5.h5,2,1.0,42,0.037746644081761,0.004600203756688804,0.7128024407499852,0.9482432610655112,0.03118927932220193,0.1938858122999555,0.1939389529913873,0.03849735018731326,0.25129325464102836,0.2601942141919249
13950_5.h5,3,0.0,42,0.04989074168313573,0.00608107247445817,0.7481672941323306,0.914699172914811,0.04216389686679748,0.0,0.0,0.0,0.0,0.0
13950_5.h5,3,0.5,42,0.0436157632029789,0.005315928510361406,0.7332994318893574,0.7847002183031672,0.03452072031375502,0.12577440760472647,0.12582385217583492,0.019872376618943033,0.18127301129657158,-0.1299989546116438
13950_5.h5,3,1.0,42,0.04122959756156647,0.00502467475874583,0.75854344417898,0.8124573667851331,0.03080602959398363,0.17360223218523407,0.1737189813391372,-0.01386875653082753,0.26937423048669284,-0.10224180612967781
13950_5.h5,4,0.0,42,0.0475346733623215,0.005793237024202613,0.8030566412614994,0.6738915436059253,0.0330942533051903,0.0,0.0,0.0,0.0,0.0
13950_5.h5,4,0.5,42,0.04534665761431632,0.005526425290976546,0.7989035116076278,0.6657019503781476,0.03060185572406941,0.04602988919956519,0.04605572534170399,0.005171652210418931,0.07531209597437871,-0.00818959322777768
13950_5.h5,4,1.0,42,0.04547295305110531,0.005541705847505554,0.8030575419918028,0.7267332337284641,0.030770337794668312,0.04337297735278889,0.043418071044949214,-1.1216273636538432e-06,0.07022111933123809,0.05284169012253881
13950_5.h5,5,0.0,42,0.0497092324450524,0.00605839307629864,0.8121252058346168,0.6003550135375113,0.03137464414626276,0.0,0.0,0.0,0.0,0.0
13950_5.h5,5,0.5,42,0.04773017162333332,0.005817137989853975,0.8113663574075753,0.6162775970326017,0.03001269553928923,0.039812741504441695,0.0398216298292845,0.0009343983188671023,0.043409212886188486,0.015922583495090348
13950_5.h5,5,1.0,42,0.04763709652813275,0.005805731106814105,0.8231781053150558,0.6860651053062419,0.030265218523224634,0.04168513201667612,0.04170445302946535,-0.013609846611126963,0.03536058027833522,0.08571009176873057
13950_5.h5,6,0.0,42,0.04986392514021703,0.006076673523499544,0.8033295443845586,0.5907191608589926,0.031144118860179818,0.0,0.0,0.0,0.0,0.0
13950_5.h5,6,0.5,42,0.04860190101953824,0.005922799618210092,0.8067505307554041,0.6202784504614733,0.030407606765864487,0.025309361770658567,0.02532206225896383,-0.004258509343717076,0.02364851282586833,0.029559289602480776
13950_5.h5,6,1.0,42,0.04850665309480979,0.005911132558443696,0.8198013092550133,0.6799189675570536,0.030022099334085103,0.027219518752095828,0.027242037015099307,-0.020504368332517675,0.036026690340220324,0.08919980669806105
13950_5.h5,7,0.0,42,0.05113954120492599,0.0062314804102568105,0.8091348624559541,0.6235385316578248,0.03062414095357175,0.0,0.0,0.0,0.0,0.0
13950_5.h5,7,0.5,42,0.049925431819568176,0.006083426267329743,0.814778249092958,0.6387736102562835,0.02917755223098409,0.023741108284343837,0.023759064167701682,-0.006974593357496284,0.04723687514307051,0.01523507859845874
13950_5.h5,7,1.0,42,0.049724612678889515,0.006058860515263863,0.8262511852164514,0.6773150929519888,0.028592461153552746,0.027667994133279028,0.02770126577126375,-0.02115385648882362,0.06634242583650485,0.05377656129416397
13950_5.h5,8,0.0,42,0.052618414303445125,0.006411586656295855,0.8128634975868716,0.6234143888459854,0.032820763657673904,0.0,0.0,0.0,0.0,0.0
13950_5.h5,8,0.5,42,0.05131306453207098,0.00625256977271811,0.814493605111493,0.6358208420632823,0.03067007115418148,0.024807850800032116,0.024801487073655593,-0.0020053890099145377,0.06552841140213883,0.012406453217296831
13950_5.h5,8,1.0,42,0.05095155674443622,0.0062085763003031265,0.8208718681621763,0.668187756907258,0.029702324239824624,0.03167821723772024,0.031663044871019896,-0.009852048467029029,0.09501422484787769,0.04477336806127252
13950_5.h5,9,0.0,42,0.05363832187443559,0.006536403631676679,0.8177404606776748,0.6073928945865154,0.034000555998299535,0.0,0.0,0.0,0.0,0.0
13950_5.h5,9,0.5,42,0.052244660962015334,0.006366736612595937,0.8144366612092773,0.621017403216521,0.03208422339347989,0.02598255992576992,0.025957243255068096,0.004040156537759687,0.056361801992752314,0.013624508630005638
13950_5.h5,9,1.0,42,0.051804677647234766,0.006313290057796649,0.815576719220257,0.6550010368783952,0.031166968670054057,0.03418533919635447,0.03413399576470144,0.0026460002426988982,0.08333944093111867,0.04760814229187982
13950_5.h5,10,0.0,42,0.05463218484835557,0.006656720650909519,0.8137395199310785,0.5879183553782724,0.035621336852276315,0.0,0.0,0.0,0.0,0.0
13950_5.h5,10,0.5,42,0.05321284430768994,0.006483966112420373,0.8092843282380923,0.5991542630765446,0.03435588042209905,0.025979933707673264,0.02595189847204149,0.005474960455851496,0.03552523689453835,0.011235907698272207
13950_5.h5,10,1.0,42,0.05269455195700142,0.006421011220908687,0.8087848404939652,0.6300797869359116,0.033798775602335906,0.03546687537268556,0.03540924163140691,0.006088778184858201,0.05116487507188938,0.042161431557639184
13950_5.h5,11,0.0,42,0.056164284327841256,0.00684348936750402,0.8190455653863918,0.5676891190366012,0.03825264765914713,0.0,0.0,0.0,0.0,0.0
13950_5.h5,11,0.5,42,0.05474036431895727,0.006670201106553931,0.8176806741814507,0.5722723933437323,0.03705899473471133,0.025352766903826374,0.0253216234649154,0.001666441114661521,0.031204452436127572,0.004583274307131013
13950_5.h5,11,1.0,42,0.054135651885413374,0.006596727208928089,0.8189940351893108,0.5932123233393319,0.03658411671812459,0.03611961706102018,0.03605794432116294,6.291493325738529e-05,0.04361870466823914,0.025523204302730695
13950_5.h5,12,0.0,42,0.057557431271374554,0.0070122037421201005,0.8280911718068223,0.5462481925372693,0.0410814906089954,0.0,0.0,0.0,0.0,0.0
13950_5.h5,12,0.5,42,0.056040905669210446,0.006827620263703621,0.8302501323964913,0.543155524328003,0.03939248812365253,0.02634804175005523,0.026323176736543608,-0.002607153249754246,0.041113466437194934,-0.003092668209266347
13950_5.h5,12,1.0,42,0.05529083412804982,0.0067364176347392835,0.8335344619619628,0.5600872708214992,0.03819836624186081,0.03937974807524114,0.039329448704443215,-0.006573298134870509,0.07018061721702207,0.013839078284229922
13950_5.h5,13,0.0,42,0.05885037358676598,0.0071677604465614315,0.8365690548184388,0.5052998827826035,0.04058415787348976,0.0,0.0,0.0,0.0,0.0
13950_5.h5,13,0.5,42,0.05731920301401243,0.006981332645078338,0.8360102794084211,0.5018831345040274,0.038807914651192,0.026018026385101423,0.02600921206463147,0.0006679369823677783,0.0437669109171791,-0.003416748278576076
13950_5.h5,13,1.0,42,0.05669214730314674,0.0069050389174263845,0.8359235548230385,0.5356763576761311,0.037617415293456004,0.0366731110115599,0.036653223987288985,0.0007716039598673063,0.07310100136318665,0.030376474893527572
13950_5.h5,14,0.0,42,0.05971574084356918,0.007272259827048943,0.8511856625215731,0.46799667417188107,0.039814602764323734,0.0,0.0,0.0,0.0,0.0
13950_5.h5,14,0.5,42,0.05836726239744231,0.007108111831342321,0.8489309749655009,0.4793860802207661,0.03790144719929654,0.02258162466173419,0.022571800184597146,0.00264887868222885,0.04805160499407246,0.011389406048885053
13950_5.h5,14,1.0,42,0.057924586927863404,0.007054314980915557,0.8496513006906364,0.5280340946446926,0.03666983844977827,0.029994669586330125,0.0299693425862958,0.0018026171004704716,0.07898519880156529,0.060037420472811576
13950_5.h5,15,0.0,42,0.06354532405500792,0.00773701908178787,0.8460571474422113,0.6370680289850978,0.04466229615730742,0.0,0.0,0.0,0.0,0.0
13950_5.h5,15,0.5,42,0.060180644303013675,0.007327845972446476,0.8461454643075756,0.5361181988606128,0.03871113793974315,0.052949289377792974,0.05288511053366074,-0.00010438640655818787,0.13324792340732738,-0.100949830124485
13950_5.h5,15,1.0,42,0.05833278636195768,0.007103504750071437,0.8488440175200577,0.5007753497359875,0.03471238154548303,0.08202865860811426,0.0818809317929251,-0.0032939501619619893,0.2227810808647025,-0.13629267924911037
13950_5.h5,16,0.0,42,0.06831379530608243,0.008315673971404678,0.8840402621213198,0.8946621057521646,0.045686031884179724,0.0,0.0,0.0,0.0,0.0
13950_5.h5,16,0.5,42,0.06117926637323389,0.007447869546797772,0.8509573993261331,0.5865317584851946,0.03661887647505814,0.10443760152516823,0.10435767775300564,0.037422348520419146,0.19846668741351958,-0.3081303472669701
13950_5.h5,16,1.0,42,0.05775355480447163,0.007031961970631207,0.8506377539389934,0.46343482014667503,0.03120866282356853,0.15458430400909895,0.15437257463289256,0.03778392185687851,0.3168883018186671,-0.4312272856054896
13950_5.h5,17,0.0,42,0.0681901107225929,0.008300794627248387,0.8363688485111398,0.8423339294109059,0.042774091509001876,0.0,0.0,0.0,0.0,0.0
13950_5.h5,17,0.5,42,0.060877796150554254,0.007411475678702559,0.8383374778698773,0.5376194042468723,0.03443170138458451,0.10723423814028088,0.10713660420250948,-0.0023537813038374544,0.19503371854576257,-0.30471452516403363
13950_5.h5,17,1.0,42,0.058297148520081526,0.007098610772700563,0.8553544838941762,0.465505024066324,0.03151329643298132,0.14507913387554616,0.14482756272532105,-0.022700074753900346,0.2632620513670221,-0.3768289053445819
13950_5.h5,18,0.0,42,0.06787717675626448,0.008265844278447707,0.9127298222769318,0.8590455753290301,0.04192949522284941,0.0,0.0,0.0,0.0,0.0
13950_5.h5,18,0.5,42,0.062393109889899344,0.0075979462094525,0.9000561169168506,0.6065449808089033,0.035757200756120086,0.08079397418159417,0.0808021596458911,0.013885494974257395,0.14720650544263514,-0.25250059452012685
13950_5.h5,18,1.0,42,0.061418835043036996,0.007479110005853917,0.8920197769515328,0.574355528350676,0.035356876785428926,0.09514747109206234,0.09517893709238079,0.022690225321809754,0.15675405588567037,-0.2846900469783541
13950_5.h5,19,0.0,42,0.07881404226227272,0.009600152223632294,1.320031359463113,1.5105174686203078,0.05243055136526591,0.0,0.0,0.0,0.0,0.0
13950_5.h5,19,0.5,42,0.07107831459658215,0.00865708601902872,1.1243805088526801,1.0301809864175748,0.0452428245391698,0.0981516420633276,0.0982345053114958,0.14821682015949111,0.13709042989118403,-0.48033648220273295
13950_5.h5,19,1.0,42,0.06801382143875899,0.008282500632435175,1.0207045586195103,0.8471701075615446,0.0424457363381704,0.1370342202164101,0.13725319771008537,0.22675734079934728,0.19043887136594617,-0.6633473610587631
13950_5.h5,20,0.0,42,0.10143504620413096,0.012353888730165923,1.7133979477055363,2.8190348359927615,0.0752371356315909,0.0,0.0,0.0,0.0,0.0
13950_5.h5,20,0.5,42,0.08386766255597289,0.010214483882092024,1.1419688183540975,1.6018028317781134,0.05894412954171859,0.1731885014653115,0.17317663245985582,0.3335063696770836,0.21655537459125607,-1.217232004214648
13950_5.h5,20,1.0,42,0.07392929247224508,0.00900412893696684,1.1148935866195453,1.0438709288323789,0.047625752582267235,0.27116617738343085,0.2711502318310174,0.3493084381754201,0.36699141743681796,-1.7751639071603826
16500_10.h5,1,0.0,42,0.06926838841131679,0.009965182141209668,0.6228027159603003,0.9684183733841846,0.08569993326448605,0.0,0.0,0.0,0.0,0.0
16500_10.h5,1,0.5,42,0.05501770887622835,0.007915498096262411,0.5610704583094026,0.9942604967693329,0.07143576949887973,0.2057313568559972,0.20568455407062403,0.0991200842079063,0.16644311404052603,0.025842123385148352
16500_10.h5,1,1.0,42,0.04706587441848483,0.006771873052990556,0.5704180300455356,1.1240907772139044,0.06091145157855203,0.3205288083359624,0.3204466353920028,0.0841112033912581,0.28924738610276535,0.1556724038297198
16500_10.h5,2,0.0,42,0.06499874224163651,0.009351954170580589,0.6436685344021287,0.774552267311868,0.08140535462402508,0.0,0.0,0.0,0.0,0.0
16500_10.h5,2,0.5,42,0.055663339913665046,0.00800906738801764,0.5892827690512545,0.8837343471230293,0.06999980254260602,0.14362435342620294,0.1435942433066456,0.0844934348101859,0.14010813089748464,0.10918207981116135
16500_10.h5,2,1.0,42,0.05334509172368392,0.00767568163670707,0.6091273006436237,1.0920750552984693,0.06384068092639177,0.17929040033774013,0.1792430227199726,0.05366307643201562,0.2157680385861186,0.3175227879866013
16500_10.h5,3,0.0,42,0.06798686414247802,0.0097843069335466,0.6528960598063062,1.0243768157396689,0.08915635055396447,0.0,0.0,0.0,0.0,0.0
16500_10.h5,3,0.5,42,0.05984923822758245,0.008612863290883446,0.6170925737374835,0.9439076180213607,0.07241398996743657,0.11969409116799079,0.11972678807189996,0.05483795702403904,0.18778651753353337,-0.08046919771830818
16500_10.h5,3,1.0,42,0.05705076878791659,0.008209962198363336,0.6271030573010045,0.9727773332869522,0.06259712261575613,0.1608560049429988,0.1609050846294945,0.039505526366560795,0.2978949651167315,-0.05159948245271673
16500_10.h5,4,0.0,42,0.06433986911499992,0.00925999067348153,0.6637086851329591,0.7915796948968731,0.06501495679050044,0.0,0.0,0.0,0.0,0.0
16500_10.h5,4,0.5,42,0.06209541754604406,0.008937113666134509,0.656834670226691,0.8192827514013329,0.06364601545562869,0.034884304239789055,0.03486796247772328,0.01035697597492058,0.021055790889516923,0.02770305650445981
16500_10.h5,4,1.0,42,0.062386702430371734,0.008979337930310773,0.6647698586488422,0.885112180243017,0.06320282902585561,0.03035701986177708,0.030308102142530324,-0.0015988543462717164,0.02787247510575297,0.09353248534614389
16500_10.h5,5,0.0,42,0.06609742731053171,0.009512359771364675,0.6753685417423627,0.7393243468218144,0.06219181666446339,0.0,0.0,0.0,0.0,0.0
16500_10.h5,5,0.5,42,0.06457226669709784,0.009293039417524284,0.6739330553611312,0.7862066238833069,0.06120292849945651,0.023074432326518957,0.02305635605800127,0.002125486001358756,0.015900615515737737,0.046882277061492506
16500_10.h5,5,1.0,42,0.06479726660895758,0.009325711833218503,0.6865571146697129,0.8583218308789337,0.06095719071119731,0.01967036773558306,0.019621623091679474,-0.016566618425082558,0.019851903666476267,0.1189974840571193
16500_10.h5,6,0.0,42,0.06846183644144922,0.009854782968078271,0.7011431362106022,0.7429740764465981,0.06242236181374873,0.0,0.0,0.0,0.0,0.0
16500_10.h5,6,0.5,42,0.06731735384138375,0.009690255676721373,0.7005448092689849,0.7840281944641975,0.0616589269766959,0.016717088812601033,0.01669517146037991,0.0008533591940314,0.012230149819237979,0.041054118017599395
16500_10.h5,6,1.0,42,0.06763425308841846,0.00973617113425683,0.7113127352300673,0.8459476434938886,0.06169727822793771,0.012088243553597056,0.0120359661096191,-0.014504312306938827,0.01161576660579533,0.10297356704729055
16500_10.h5,7,0.0,42,0.07198698437163663,0.01036124549368705,0.7173618013640066,0.7722315715452094,0.0702555880627604,0.0,0.0,0.0,0.0,0.0
16500_10.h5,7,0.5,42,0.0703825723471116,0.01013058061542307,0.7176519422686066,0.79824455418492,0.0668259767458682,0.022287529315607513,0.022262273237760866,-0.00040445547009659855,0.04881620681658061,0.026012982639710636
16500_10.h5,7,1.0,42,0.07007347528246591,0.010086390252776736,0.7253275670308629,0.8423427380745093,0.06451905742570908,0.026581320302183076,0.02652723951746716,-0.011104251232376683,0.08165230404059509,0.07011116652929994
16500_10.h5,8,0.0,42,0.07408743369567024,0.01066170329905398,0.7246858018353708,0.771918212693631,0.07158681628274581,0.0,0.0,0.0,0.0,0.0
16500_10.h5,8,0.5,42,0.07252885568631258,0.010437555629403218,0.725733124938782,0.796431425848042,0.06784450028752678,0.02103700899885186,0.02102362665359947,-0.001445209911328016,0.05227660887219843,0.024513213154411018
16500_10.h5,8,1.0,42,0.07202924665440819,0.010365839703563223,0.7327945835503835,0.8351431515260715,0.06488668034158401,0.027780514705320836,0.0277501246463131,-0.011189375719071748,0.09359455119079929,0.06322493883244051
16500_10.h5,9,0.0,42,0.07535233559438392,0.010842934181209338,0.7282095810021835,0.7502661102058936,0.07030791150635436,0.0,0.0,0.0,0.0,0.0
16500_10.h5,9,0.5,42,0.07409557256265378,0.01066211988671256,0.7274159509227937,0.780987768103987,0.06799357015911835,0.01667848808954253,0.016675771656912364,0.0010898374590150306,0.0329172250697114,0.030721657898093335
16500_10.h5,9,1.0,42,0.07376297004467013,0.01061434867206455,0.7326884876550525,0.8238174612533123,0.06621719404394573,0.02109245237293289,0.02108151772616329,-0.0061505736393978605,0.05818288973124908,0.07355135104741872
16500_10.h5,10,0.0,42,0.07678090312653565,0.011046481838306314,0.7232023896610942,0.7477395889379046,0.06918078194405819,0.0,0.0,0.0,0.0,0.0
16500_10.h5,10,0.5,42,0.07543126649237568,0.010852292262412749,0.7211187207687566,0.7750345043651389,0.0674210144930881,0.01757776451177917,0.0175793142772539,0.0028811698110040584,0.025437229842141584,0.02729491542723428
16500_10.h5,10,1.0,42,0.0749745110694325,0.010786631966377073,0.7249147827677855,0.8144178272603917,0.06616762055175734,0.023526579963851324,0.023523315000451017,-0.0023677923789684474,0.043554890644881494,0.0666782383224871
16500_10.h5,11,0.0,42,0.0792287905129532,0.011399549313130149,0.7283515207923926,0.7339964600316895,0.07090973699756489,0.0,0.0,0.0,0.0,0.0
16500_10.h5,11,0.5,42,0.07774157714008763,0.011185547326178989,0.7254623848519075,0.7527730727857145,0.06934791710668098,0.01877112301269357,0.018772846283025335,0.003966677981727784,0.022025464442740006,0.01877661275402498
16500_10.h5,11,1.0,42,0.07713211290269338,0.011097890509036368,0.7272941944418498,0.7837585154171385,0.06833023896622031,0.026463582198910762,0.02646234476536069,0.0014516704096292354,0.036377204888422665,0.04976205538544898
16500_10.h5,12,0.0,42,0.08135490948680466,0.011706394110955273,0.7370457402557622,0.7028436575921833,0.07691805758228656,0.0,0.0,0.0,0.0,0.0
16500_10.h5,12,0.5,42,0.07983364939823352,0.011487427245854151,0.7317124133449641,0.7187038810158187,0.07559515311786107,0.018699056985834073,0.018704894353095858,0.007236086744015879,0.017198880289069463,0.015860223423635467
16500_10.h5,12,1.0,42,0.07920565718758729,0.011397048315027036,0.7311069403655304,0.7496599980090437,0.07499092409518743,0.026418224945182422,0.02642537001541234,0.008057573045834321,0.025054370165776718,0.04681634041686045
16500_10.h5,13,0.0,42,0.08338159664778207,0.011998282807944596,0.7506857256386075,0.6703202255987206,0.08249043190857465,0.0,0.0,0.0,0.0,0.0
16500_10.h5,13,0.5,42,0.08192979744454489,0.011789252171299964,0.7440792724466254,0.6938971311177702,0.08136696958942247,0.01741150639474831,0.017421712755947283,0.008800557898396066,0.013619304604894467,0.023576905519049562
16500_10.h5,13,1.0,42,0.08141936400129274,0.011715764349650677,0.7440694152911553,0.7374717552552986,0.08082380340649388,0.023533162296929033,0.023546574357028116,0.008813688766792005,0.020203900786068374,0.067151529656578
16500_10.h5,14,0.0,42,0.08626692062845687,0.012410940918928961,0.7573418163594853,0.6750325561464826,0.08878894528299754,0.0,0.0,0.0,0.0,0.0
16500_10.h5,14,0.5,42,0.08433362054767705,0.01213280983175768,0.7521866724333748,0.6907409589821101,0.08587585682503103,0.02241067684688025,0.022410153185652537,0.006806891967079176,0.032809134613341784,0.015708402835627466
16500_10.h5,14,1.0,42,0.08336832875956486,0.011994050304429285,0.7533984804798288,0.7270344452367427,0.08354586248994973,0.03360027050665171,0.03359057280369793,0.005206811236981412,0.059051076418764725,0.052001889090260045
16500_10.h5,15,0.0,42,0.09261153406879152,0.013321671671537175,0.7926341088890319,0.8165840355196459,0.10002283310059369,0.0,0.0,0.0,0.0,0.0
16500_10.h5,15,0.5,42,0.08771901310625674,0.012618374435080237,0.7782216276514401,0.7337271011524132,0.09043214015974484,0.05282841939429095,0.052793467201236344,0.01818301922155796,0.09588503588179131,-0.08285693436723263
16500_10.h5,15,1.0,42,0.08480069393638565,0.012199260285602361,0.7743095131910358,0.7007713795026371,0.08323748472646836,0.08433982020645525,0.08425454504579455,0.023118606040913536,0.16781516633551252,-0.11581265601700874
16500_10.h5,16,0.0,42,0.09552971998695747,0.013741956542644233,0.7855219362070093,0.8233359583558334,0.09784883775188014,0.0,0.0,0.0,0.0,0.0
16500_10.h5,16,0.5,42,0.08900308160866961,0.012803656009412724,0.7732661446966427,0.6885484242150627,0.08595856140211375,0.06832050150653568,0.0682799811162087,0.015602099630145583,0.12151678673912425,-0.13478753414077072
16500_10.h5,16,1.0,42,0.08578406092946793,0.012341563326005087,0.7751631243529706,0.6407100811070308,0.07811637414877491,0.1020170378267633,0.10190639246263267,0.013187170690684313,0.20166272851540412,-0.18262587724880264
16500_10.h5,17,0.0,42,0.0950740811731247,0.013679835456355231,0.7787966961432753,0.7192155784430883,0.08894158519416721,0.0,0.0,0.0,0.0,0.0
16500_10.h5,17,0.5,42,0.08920173300177454,0.012835572417744143,0.7770436115401355,0.590946503747178,0.07695795940730706,0.06176602601772119,0.061715876722688856,0.0022510170007414843,0.13473591414745822,-0.1282690746959102
16500_10.h5,17,1.0,42,0.08792404276186115,0.012652872191690362,0.7839852013067256,0.5808468810142018,0.0723447051514641,0.07520491729227152,0.0750713170448094,-0.006662207465882419,0.18660427522705691,-0.13836869742888647
16500_10.h5,18,0.0,42,0.09932922898245021,0.014295729632706353,0.8075292356629201,0.667802456594628,0.0799729976292869,0.0,0.0,0.0,0.0,0.0
16500_10.h5,18,0.5,42,0.09420084547462186,0.013557103103028545,0.8067809532125064,0.5632318580002069,0.07753643501300121,0.05163015519565195,0.05166763422749321,0.0009266320244113446,0.03046731632569688,-0.10457059859442108
16500_10.h5,18,1.0,42,0.09318495493392852,0.01341036307103707,0.8036231926684883,0.5653215249637549,0.07919461195946076,0.06185766376589197,0.061932240215546996,0.004837029821248895,0.00973310608456035,-0.10248093163087313
16500_10.h5,19,0.0,42,0.1161393002930767,0.01671834044137904,0.9190597866159992,1.0099413649681581,0.1093064238074709,0.0,0.0,0.0,0.0,0.0
16500_10.h5,19,0.5,42,0.1068472901660632,0.015379390066591085,0.8608200511306979,0.7739959409649102,0.09948800448785572,0.0800074574546702,0.0800887133195326,0.06336882141230593,0.08982472372263361,-0.23594542400324792
16500_10.h5,19,1.0,42,0.10270942240847601,0.014781930236048966,0.826122856289168,0.6992737885810031,0.09544080724692507,0.1156359462362051,0.11582550386025914,0.10112174602810908,0.12685088467415528,-0.31066757638715503
16500_10.h5,20,0.0,42,0.15977343478705855,0.02299394212716917,1.5908068455733244,2.314072862501653,0.1969570535349332,0.0,0.0,0.0,0.0,0.0
16500_10.h5,20,0.5,42,0.13564183414782105,0.019521129650421815,1.1146563437022279,1.476307789492703,0.15804198702036748,0.1510363764251511,0.15103162639710876,0.29931383762652375,0.19758148193288017,-0.8377650730089501
16500_10.h5,20,1.0,42,0.11837706840521924,0.01703682665200294,0.9071101222254414,0.9929725365024529,0.12242692831539195,0.259094175680777,0.2590732568700095,0.42977984740911757,0.3784080025665202,-1.3211003259992002
20325_20.h5,1,0.0,42,0.10222268045390605,0.017204792639185482,0.6705312068196891,1.1325131214711113,0.15418853683046982,0.0,0.0,0.0,0.0,0.0
20325_20.h5,1,0.5,42,0.08088769600574712,0.013613890942095665,0.5962303991507955,1.0758069205009524,0.12778157491122377,0.20871086879569,0.20871519770085523,0.11080887349195923,0.17126410602287823,-0.05670620097015888
20325_20.h5,1,1.0,42,0.06664682884408865,0.011216198355799909,0.5729899548197699,1.1161561387452972,0.10736313965023549,0.348023075229955,0.3480770974098232,0.14546862399224447,0.30368922452204616,-0.016356982725814095
20325_20.h5,2,0.0,42,0.09413065304706156,0.01583902268176215,0.6656851703740448,0.880873002272735,0.12149814534293224,0.0,0.0,0.0,0.0,0.0
20325_20.h5,2,0.5,42,0.08058398541414187,0.013559271437222945,0.6131948355774929,0.9481802601440746,0.10864514744972542,0.14391345639710895,0.1439325702313835,0.07885159101119521,0.10578760570318857,0.06730725787133962
20325_20.h5,2,1.0,42,0.07567330352364686,0.012732448890480107,0.614620167700179,1.1011099756429286,0.10773020748295876,0.19608224235081806,0.19613418414124184,0.07671044053027753,0.1133180907503818,0.22023697337019355
20325_20.h5,3,0.0,42,0.09810511932067237,0.016507527647861293,0.716213470854029,1.1411010580884284,0.17073250328232586,0.0,0.0,0.0,0.0,0.0
20325_20.h5,3,0.5,42,0.08716372236306404,0.01466462555424561,0.6230666764654792,1.0288625434257315,0.13859017255173858,0.11152727842717991,0.11164010340788066,0.1300545133247486,0.18826134516071746,-0.11223851466269696
20325_20.h5,3,1.0,42,0.08304883727379946,0.013970553571803056,0.6162281241161518,1.0128611235029155,0.11760335508991562,0.15347091111177424,0.15368588986654985,0.13960271735555663,0.31118356007792536,-0.12823993458551297
20325_20.h5,4,0.0,42,0.09123145114841658,0.015344962621897643,0.6381822888121503,0.858846275838681,0.11008556638255021,0.0,0.0,0.0,0.0,0.0
20325_20.h5,4,0.5,42,0.08950628648183433,0.01505409360363966,0.6382740217922994,0.8788584788913276,0.11242801453681886,0.018909758037014335,0.01895534224651063,-0.00014374103098324653,-0.0212784312352865,0.020012203052646615
20325_20.h5,4,1.0,42,0.09098432045817818,0.015302536166303842,0.6546883762303658,0.9328754646736795,0.11641289844275662,0.0027088321749519917,0.0027648458089599703,-0.025864220470515287,-0.05747649095267193,0.07402918883499854
20325_20.h5,5,0.0,42,0.09725446102916317,0.016358239390644378,0.6692301382479787,0.8289901079736058,0.11277951750323181,0.0,0.0,0.0,0.0,0.0
20325_20.h5,5,0.5,42,0.09592150122169665,0.01613418442301203,0.6746198196935388,0.8484415048985736,0.11183700005905729,0.013705898869428856,0.013696765420885604,-0.008053554580895073,0.008357168615724109,0.01945139692496778
20325_20.h5,5,1.0,42,0.09655240132540366,0.01624077035683487,0.6883125274551836,0.8869333523185849,0.1127094893331471,0.007218791779114331,0.007181031589297615,-0.02851394179162625,0.0006209298606256741,0.057943244344979106
20325_20.h5,6,0.0,42,0.10199004360676887,0.01715437068836677,0.7040711239061498,0.8341693950438466,0.11099292404666866,0.0,0.0,0.0,0.0,0.0
20325_20.h5,6,0.5,42,0.10051085052022388,0.016905939200117476,0.7092145746920104,0.8464527415506036,0.1093568960794557,0.014503308697936701,0.014482110289115169,-0.00730530000623375,0.014739930326775341,0.012283346506756998
20325_20.h5,6,1.0,42,0.10071595199700492,0.016941068719686276,0.7211488297436459,0.8749882622067657,0.11047667897755825,0.012492313609319794,0.012434263696140313,-0.024255654375867408,0.004651152977043327,0.04081886716291916
20325_20.h5,7,0.0,42,0.10696051922193392,0.01798974883313411,0.7368929305059548,0.8518599195641682,0.12179581067730638,0.0,0.0,0.0,0.0,0.0
20325_20.h5,7,0.5,42,0.10491922403469396,0.017646713538645706,0.7395370098188698,0.8518806660408907,0.11387722904693806,0.019084566923281754,0.01906837597735611,-0.003588145853291813,0.06501522167579576,2.0746476722566243e-05
20325_20.h5,7,1.0,42,0.10451668722698791,0.0175795796471301,0.7484641439108933,0.8690562146601761,0.11042206422737331,0.022847981785459215,0.02280016190379186,-0.015702706493592844,0.09338372466740585,0.017196295096007952
20325_20.h5,8,0.0,42,0.10916913309955245,0.018358682553507075,0.7509840804844582,0.8305196948868693,0.12325639600371308,0.0,0.0,0.0,0.0,0.0
20325_20.h5,8,0.5,42,0.10766604720944531,0.018105668138858107,0.7554416495708685,0.8355450036933243,0.11962068123350386,0.013768414637280846,0.0137817304652198,-0.00593563725549906,0.029497169218704822,0.00502530880645502
20325_20.h5,8,1.0,42,0.10737962757564053,0.018057458183325322,0.7656462603431254,0.852954769319924,0.11873828767701418,0.01639204666286076,0.016407733469099628,-0.019523955619949573,0.036656177473847196,0.022435074433054703
20325_20.h5,9,0.0,42,0.11009214751818916,0.018507151793459763,0.7515499016439253,0.7973107728765134,0.11789618689791455,0.0,0.0,0.0,0.0,0.0
20325_20.h5,9,0.5,42,0.10923159976844264,0.018361932598662093,0.7575262277111146,0.8093444514474191,0.1194887318644796,0.007816613347508161,0.007846652819316513,-0.007952001662320463,-0.01350802776975324,0.012033678570905648
20325_20.h5,9,1.0,42,0.10933267967072674,0.01837852207158754,0.7688141162483448,0.831636904744285,0.12254487565955903,0.006898474274352195,0.006950271079404047,-0.022971481423463835,-0.03943035719780963,0.03432613186777156
20325_20.h5,10,0.0,42,0.11192433602858769,0.018815472846992518,0.7598754716198273,0.7772543865555198,0.1192008357687054,0.0,0.0,0.0,0.0,0.0
20325_20.h5,10,0.5,42,0.11111450956273011,0.01867892284109327,0.7623418262486401,0.7853658521197806,0.12201918725954333,0.007235481527902321,0.007257325234910295,-0.003245735282855433,-0.02364372256841052,0.008111465564260789
20325_20.h5,10,1.0,42,0.11123545459234688,0.018698969966324162,0.7698099051604621,0.8045154363737669,0.12569686738176356,0.0061548851722904585,0.006191865685000741,-0.013073765257164638,-0.05449652740407718,0.027261049818247063
20325_20.h5,11,0.0,42,0.11426613305774712,0.01921482713568558,0.7651874321384291,0.7655631777381062,0.12137386320905981,0.0,0.0,0.0,0.0,0.0
20325_20.h5,11,0.5,42,0.11320193226332494,0.019035730822314415,0.7619563930056549,0.7692972370373626,0.12373290896102951,0.009313352661408092,0.009320735081636555,0.0042225460025455686,-0.01943619235309635,0.0037340592992564092
20325_20.h5,11,1.0,42,0.11315831630730445,0.019028362827680622,0.7642546574282681,0.7860323649240012,0.12726057159966858,0.0096950576763003,0.00970418868138867,0.0012190146766448695,-0.04850062637018682,0.020469187185894966
20325_20.h5,12,0.0,42,0.11734732829389938,0.019730230932425468,0.7678810194543418,0.7659225550770108,0.11831322698649915,0.0,0.0,0.0,0.0,0.0
20325_20.h5,12,0.5,42,0.11603046999241073,0.019508756191244522,0.7615932921792787,0.7687329225185577,0.12237106107270372,0.011221885667397014,0.01122514693008303,0.008188413459589317,-0.03429738322214493,0.002810367441546946
20325_20.h5,12,1.0,42,0.11585639675225064,0.01947955753065846,0.761980446022305,0.78865262583312,0.12798958382528494,0.01270528748566535,0.012705041447590992,0.007684228783555347,-0.08178592609844015,0.022730070756109222
20325_20.h5,13,0.0,42,0.12094478638809167,0.02034567292043387,0.7492676453153473,0.7646506593818989,0.12632355518942787,0.0,0.0,0.0,0.0,0.0
20325_20.h5,13,0.5,42,0.11959692213574129,0.02011906209848497,0.7444900433044027,0.7734512851023416,0.1291496159071965,0.011144459323987,0.011138035238997035,0.006376362359719723,-0.02237160530774207,0.008800625720442712
20325_20.h5,13,1.0,42,0.11938111647718226,0.02008306126698716,0.7463710959035612,0.7995155460594509,0.13328995897728427,0.01292879137337799,0.012907494113058249,0.003865840771179907,-0.0551473062756187,0.03486488667755194
20325_20.h5,14,0.0,42,0.12617977597204696,0.021231665502732925,0.7344880305814152,0.8083336371389346,0.14570932656156843,0.0,0.0,0.0,0.0,0.0
20325_20.h5,14,0.5,42,0.12363490345451156,0.020804128400520695,0.7325190694225449,0.8011519623078314,0.14091520214016112,0.020168624471953223,0.02013676704529832,0.0026807259980965448,0.0329019736384657,-0.007181674831103213
20325_20.h5,14,1.0,42,0.12238318953046597,0.020594383666485597,0.7360525154679619,0.812448329129145,0.13808474036567828,0.030088708054308744,0.030015630952988537,-0.002130034556598881,0.05232737241887153,0.004114691990210417
20325_20.h5,15,0.0,42,0.1353211754763552,0.022762135884466718,0.7633019177847509,0.9375827103505007,0.17437852468065,0.0,0.0,0.0,0.0,0.0
20325_20.h5,15,0.5,42,0.1284807296133297,0.021613212443338237,0.7401434159476677,0.8384731674706414,0.15174771844545273,0.05054970767838718,0.05047520351165846,0.030339897355811107,0.1297797780812886,-0.09910954287985929
20325_20.h5,15,1.0,42,0.12458855405383129,0.020960971978184778,0.7315378414529708,0.7913043143207122,0.13611061776921765,0.07931220952480733,0.0791298283879891,0.04161403972882116,0.21945309482067632,-0.14627839602978843
20325_20.h5,16,0.0,42,0.13627768746674876,0.02293453543873582,0.764207412724158,0.8789769170662841,0.16087968995105828,0.0,0.0,0.0,0.0,0.0
20325_20.h5,16,0.5,42,0.1291931894807607,0.02174452539599201,0.7401825000405504,0.7787233308738227,0.1384854790710961,0.05198575142916673,0.051887252999854305,0.031437686004597065,0.13919849601136602,-0.10025358619246139
20325_20.h5,16,1.0,42,0.12575441787387337,0.021168831639910075,0.7330781360319054,0.738498270779615,0.1271400389194175,0.0772193143902814,0.07698886264962312,0.040734067968912546,0.2097197666275018,-0.14047864628666906
20325_20.h5,17,0.0,42,0.13630137748422422,0.022941965879694888,0.791253525840167,0.8071592777495431,0.15466897658092896,0.0,0.0,0.0,0.0,0.0
20325_20.h5,17,0.5,42,0.12955144417202677,0.02180773394229703,0.7602217070055856,0.6995017372820073,0.13068212553627603,0.04952212102903142,0.04943917811340326,0.03921855362556681,0.15508508283238076,-0.10765754046753584
20325_20.h5,17,1.0,42,0.1278784621495864,0.021528447572982355,0.7520691582406943,0.6755922487917804,0.12490348345423197,0.061796259803850506,0.0616127804445733,0.04952188687926029,0.1924464348616317,-0.13156702895776273
20325_20.h5,18,0.0,42,0.14103992547799088,0.023750589680824958,0.7905133682141775,0.734119190094364,0.13197080051289492,0.0,0.0,0.0,0.0,0.0
20325_20.h5,18,0.5,42,0.13482340925732536,0.022702092639813282,0.7781637576036262,0.6525794126929154,0.12740500183672324,0.04407628690668586,0.04414614774209924,0.015622266627128512,0.03459703705991812,-0.08153977740144858
20325_20.h5,18,1.0,42,0.13293899861893388,0.02238261118274168,0.7675206591271719,0.6422965370956968,0.13510290043626325,0.05743711811816821,0.057597664582943686,0.029085794132675646,-0.023733279719420075,-0.09182265299866721
20325_20.h5,19,0.0,42,0.16107964493026924,0.02713551151489319,0.8554534506020006,0.9558984184012377,0.16192160004619088,0.0,0.0,0.0,0.0,0.0
20325_20.h5,19,0.5,42,0.1502121680121269,0.025301132881277038,0.8123091432035823,0.8094193047303913,0.15801296270872345,0.06746648170752323,0.06760066537199283,0.05043443026392236,0.024139073084458396,-0.14647911367084643
20325_20.h5,19,1.0,42,0.14602421750544295,0.024590430425051907,0.7876303793088366,0.7927143294947585,0.17415816712977591,0.09346573511099887,0.09379152806625479,0.07928318162190529,-0.07557093729369235,-0.16318408890647917
20325_20.h5,20,0.0,42,0.23867767815880034,0.040180531334339194,1.862974352005359,2.6749028070522933,0.45265890911471535,0.0,0.0,0.0,0.0,0.0
20325_20.h5,20,0.5,42,0.20790192863584586,0.03500117814604579,1.3661881631358144,1.9107247530290306,0.3601401547840317,0.1289427220859687,0.12890205819321787,0.26666292444380124,0.20438955793806546,-0.7641780540232628
20325_20.h5,20,1.0,42,0.1826429274750464,0.030750781170887344,1.037707241469258,1.38407097092315,0.27172459899245904,0.2347716431465875,0.2346845561843771,0.44298361362181915,0.3997144571309055,-1.2908318361291433
20325_5.h5,1,0.0,42,0.0515705462745567,0.00916450105036774,0.8712783096921116,1.1710244608773759,0.04595818152287016,0.0,0.0,0.0,0.0,0.0
20325_5.h5,1,0.5,42,0.04037112111657203,0.007174161252365367,0.7637890177666862,0.9296796361459275,0.03726068443213741,0.21716708406306162,0.2171792863641504,0.12336964059556299,0.18924806862527,-0.24134482473144836
20325_5.h5,1,1.0,42,0.033790107085004975,0.006004410459497804,0.7334669485017382,0.9492505486557415,0.03131958951051557,0.344778957641642,0.3448186184389309,0.15817145871457827,0.31851982666176615,-0.22177391222163434
20325_5.h5,2,0.0,42,0.04727022706297591,0.008401402641213281,0.8487290618198111,0.8132515787979623,0.03841027275554291,0.0,0.0,0.0,0.0,0.0
20325_5.h5,2,0.5,42,0.040549119425741596,0.007206867333635614,0.7972098946454057,0.7562798880860883,0.03207223770696451,0.14218479696067665,0.14218284238846557,0.06070154716269527,0.16500885294191947,-0.05697169071187402
20325_5.h5,2,1.0,42,0.03851813558506649,0.006845850755561237,0.7988569364082052,0.9172790089922389,0.029633198482080254,0.18515018906614122,0.18515383110211225,0.05876094934780729,0.2285085120150846,0.10402743019427663
20325_5.h5,3,0.0,42,0.05050659131232903,0.008975372745988731,0.8324867332043573,0.9797637206137155,0.04571446063794326,0.0,0.0,0.0,0.0,0.0
20325_5.h5,3,0.5,42,0.04439011002018086,0.007888345353431126,0.8154582899149245,0.7177263010055663,0.035434377411506186,0.12110263498726925,0.12111222824070667,0.020454912505197376,0.2248759601005671,-0.2620374196081492
20325_5.h5,3,1.0,42,0.04234779940383013,0.007525285760565341,0.8348516413503339,0.7144366285122479,0.03004197223590301,0.16153915155440868,0.1615628705862341,-0.0028407757765385178,0.34283437195433075,-0.26532709210146765
20325_5.h5,4,0.0,42,0.04880788722888717,0.008670977623017368,0.8860689900115443,0.5360251081151575,0.0344796012194157,0.0,0.0,0.0,0.0,0.0
20325_5.h5,4,0.5,42,0.04658510238519293,0.008276387861712212,0.8816454196637101,0.49070943611206175,0.031236826502700994,0.045541509167777994,0.04550695186407894,0.004992354317440384,0.09404907835444098,-0.04531567200309572
20325_5.h5,4,1.0,42,0.046476779484444716,0.00825754619614973,0.8713675668039655,0.5377229410243602,0.03001098126181507,0.04776088203758133,0.047679909329966796,0.01659173650506285,0.12960184571636868,0.0016978329092027789
20325_5.h5,5,0.0,42,0.04930041771633572,0.008760039634498706,0.878011040630304,0.4735805146499709,0.030535604187492366,0.0,0.0,0.0,0.0,0.0
20325_5.h5,5,0.5,42,0.047611043904903776,0.008459937653494606,0.8804918952368416,0.44152465938666713,0.028173209487900926,0.03426692692853528,0.034258062009473234,-0.002825539192259585,0.07736525156293117,-0.03205585526330379
20325_5.h5,5,1.0,42,0.04726655748847034,0.00839889099424633,0.8818059248053113,0.4625534730759662,0.02725459806921308,0.041254421809725494,0.041226827197231364,-0.004322137193494724,0.10744854099278678,-0.011027041574004692
20325_5.h5,6,0.0,42,0.05057479778468653,0.00898688830386813,0.8687046592082424,0.46070029226910836,0.030280223088322806,0.0,0.0,0.0,0.0,0.0
20325_5.h5,6,0.5,42,0.04925551878057057,0.008752421847498288,0.873681549576602,0.43290044927277227,0.02840712075720156,0.026085700030528236,0.026089837599174714,-0.005729093674823549,0.06185893431688705,-0.027799842996336088
20325_5.h5,6,1.0,42,0.048903642517920724,0.008689909758417677,0.8791262041555944,0.43754629594378125,0.027293315419208472,0.03304324169283801,0.03304575904461038,-0.011996649076166488,0.09864219495351734,-0.02315399632532711
20325_5.h5,7,0.0,42,0.05200556087737458,0.00924268680922121,0.8685948749154183,0.4914429449346526,0.03685074569290968,0.0,0.0,0.0,0.0,0.0
20325_5.h5,7,0.5,42,0.050434354468332394,0.00896346026559141,0.8707022449521896,0.4534746305790078,0.03395384216424076,0.030212276966822493,0.030210538276729593,-0.0024261829048628503,0.07861180212769214,-0.03796831435564485
20325_5.h5,7,1.0,42,0.04976111035957555,0.00884386013142394,0.8729607489494772,0.44262237746034055,0.0316741025341534,0.043157894654598405,0.04315051305204576,-0.005026364027860497,0.1404759404842193,-0.04882056747431207
20325_5.h5,8,0.0,42,0.05249129258600832,0.009330412708475533,0.8765742029991562,0.47618183143162396,0.03901540617205975,0.0,0.0,0.0,0.0,0.0
20325_5.h5,8,0.5,42,0.051006790462078525,0.00906655113538976,0.878379359372987,0.4486570606736081,0.035812553906527496,0.02828092147849859,0.028279732240149236,-0.002059330935880288,0.08209198826247066,-0.02752477075801585
20325_5.h5,8,1.0,42,0.0502987829632301,0.008940725743553134,0.8799250750699357,0.44198989046742493,0.033188396442670645,0.04176901567408986,0.04176524416421756,-0.0038226907195244575,0.14935150754785742,-0.03419194096419903
20325_5.h5,9,0.0,42,0.05225259538604478,0.009287449068327925,0.8837798201589765,0.4368778396485101,0.03701083447514587,0.0,0.0,0.0,0.0,0.0
20325_5.h5,9,0.5,42,0.05106744442090466,0.009076780081191796,0.8828483887634252,0.4249554950365935,0.03485595428336011,0.02268118849186651,0.022683191647806966,0.0010539179265076637,0.05822295612472195,-0.011922344611916602
20325_5.h5,9,1.0,42,0.05056729647732007,0.00898788018315123,0.881813790984755,0.42968261952306414,0.03309983875340039,0.03225292248688583,0.03225523854534873,0.0022245689812965264,0.10567164391745498,-0.007195220125445989
20325_5.h5,10,0.0,42,0.0526413397395337,0.009355578264854123,0.8837540038918086,0.418756282196074,0.03656368140801481,0.0,0.0,0.0,0.0,0.0
20325_5.h5,10,0.5,42,0.05156287598453833,0.009163900041627645,0.882342665496947,0.412205745097521,0.03511202871780129,0.020487011925067855,0.02048812139668066,0.0015969810474933954,0.03970203858890753,-0.006550537098553022
20325_5.h5,10,1.0,42,0.05114289600044027,0.009089276537520887,0.8810965776859712,0.42179258374846107,0.0341154445662423,0.028465152036548425,0.02846448608459029,0.0030069750112982074,0.06695816032451962,0.003036301552387044
20325_5.h5,11,0.0,42,0.053215577755919,0.009456948266062434,0.8747397263036307,0.4204591724702427,0.03590778064962922,0.0,0.0,0.0,0.0,0.0
20325_5.h5,11,0.5,42,0.05202057269184725,0.009244604957882634,0.8754364050415198,0.41225902486506383,0.03412711837831178,0.022455925773329333,0.02245368190728325,-0.0007964411778038638,0.04958987269896398,-0.008200147605178898
20325_5.h5,11,1.0,42,0.05150103231197169,0.009152328000275722,0.8757910833672413,0.4210316299065558,0.03314438526734741,0.03221886365325821,0.032211264904544734,-0.0012019084443017913,0.07695812250959455,0.0005724574363130674
20325_5.h5,12,0.0,42,0.05400153706433364,0.009596524211124105,0.8773860478524922,0.4268920222777775,0.035448669733657553,0.0,0.0,0.0,0.0,0.0
20325_5.h5,12,0.5,42,0.052668357886516665,0.00935957429223008,0.8798489793038426,0.4078605183468588,0.033397878803079074,0.02468780057554132,0.024691222955427694,-0.002807124021835916,0.05785240873598452,-0.01903150393091868
20325_5.h5,12,1.0,42,0.05207185166405591,0.009253565504916243,0.8807163526323382,0.4150897496809186,0.03250040855413175,0.035733897684779525,0.03573780450741848,-0.003795712033485499,0.08316986791542447,-0.011802272596858898
20325_5.h5,13,0.0,42,0.054991829672255854,0.00977403098306187,0.8828047197031837,0.40869625817447897,0.03787409592075301,0.0,0.0,0.0,0.0,0.0
20325_5.h5,13,0.5,42,0.053721462870395836,0.009548186391633694,0.8838316443616399,0.3942741496665647,0.03616494191905496,0.023101009903311764,0.02310659663546777,-0.0011632523428299901,0.04512725545381324,-0.014422108507914255
20325_5.h5,13,1.0,42,0.05325861639735359,0.00946588696532918,0.8826571956034102,0.4178878499518442,0.03544297370958271,0.031517650626138316,0.03152680999954838,0.00016710841761602424,0.06418957738970543,0.009191591777365227
20325_5.h5,14,0.0,42,0.05559101107261271,0.00988053060987563,0.8786713797883691,0.42770218588001574,0.038486151733761596,0.0,0.0,0.0,0.0,0.0
20325_5.h5,14,0.5,42,0.05414818148029271,0.00962409805392742,0.8819889857832836,0.4076117277248826,0.036001984859100035,0.02595436860170397,0.025953318305790618,-0.0037757073591193624,0.06454703218566671,-0.020090458155133162
20325_5.h5,14,1.0,42,0.053523461139706734,0.009513077349262064,0.8839548352683438,0.4221309938949778,0.03429142814703799,0.037192162779794646,0.03718962828234085,-0.00601300509099012,0.10899306368019712,-0.0055711919850379155
20325_5.h5,15,0.0,42,0.05911182585260696,0.010506774722405719,0.8673683580695672,0.7353447561780715,0.04315569077116527,0.0,0.0,0.0,0.0,0.0
20325_5.h5,15,0.5,42,0.05511375952102239,0.009796368546630895,0.8771812685747665,0.5102569008596343,0.03633736214976485,0.0676356426809348,0.06761410561700554,-0.01131342919522571,0.15799373152326235,-0.22508785531843722
20325_5.h5,15,1.0,42,0.05307701719137568,0.009434679754397204,0.8930133170192951,0.39878549637476557,0.03246067379093528,0.10209139329038552,0.10203844627241032,-0.029566398994314014,0.2478240248068495,-0.3365592598033059
20325_5.h5,16,0.0,42,0.059799134900043134,0.010629266803280147,0.8815539498786197,0.7916503888374068,0.039314818119831965,0.0,0.0,0.0,0.0,0.0
20325_5.h5,16,0.5,42,0.054568236174528585,0.009699729115233377,0.8840536526100348,0.4826218074638633,0.03339526543114123,0.0874744882891404,0.08745078143677032,-0.0028355640987818287,0.15056797848200343,-0.3090285813735435
20325_5.h5,16,1.0,42,0.052478865242089154,0.00932879984783923,0.8980286421967973,0.36310227953419566,0.03053511543944923,0.12241430699942613,0.1223477573297529,-0.01868824060109553,0.22331790150019548,-0.42854810930321113
20325_5.h5,17,0.0,42,0.05975806543736776,0.01062161778435375,0.8544981107876737,0.7011498913285662,0.043617136810456696,0.0,0.0,0.0,0.0,0.0
20325_5.h5,17,0.5,42,0.05512597891806862,0.00979882127195617,0.8747177946792497,0.4336228154358057,0.03739958651805485,0.07751399723864916,0.07746433067941927,-0.023662643177686515,0.14254833643530818,-0.2675270758927605
20325_5.h5,17,1.0,42,0.054441984826107126,0.009677894499358384,0.8882646656543453,0.4015347047630075,0.03485285554564651,0.08896005204238744,0.08884929811591646,-0.039516242856927564,0.20093664797156174,-0.2996151865655587
20325_5.h5,18,0.0,42,0.06456734998627944,0.011478616079979034,0.9463951853421373,1.062311203698352,0.05567860155615478,0.0,0.0,0.0,0.0,0.0
20325_5.h5,18,0.5,42,0.060240012732084874,0.010709549885510426,0.9205978870463726,0.7462233824591447,0.04680532800252465,0.0670205181893655,0.06699990566023117,0.027258484294210072,0.15936595578250967,-0.3160878212392073
20325_5.h5,18,1.0,42,0.05996851422599175,0.010661314363267864,0.9166180377601101,0.6946824989568847,0.04154392873366838,0.07122540666861732,0.07120211278228095,0.03146375641298538,0.25386185046747,-0.36762870474146725
20325_5.h5,19,0.0,42,0.08101945611811062,0.014402287709305713,1.6963163510800219,2.4468063628528856,0.06685122106542785,0.0,0.0,0.0,0.0,0.0
20325_5.h5,19,0.5,42,0.07315150119109505,0.013003674973440056,1.3104257095703487,1.7053374090343165,0.05829990251192552,0.0971119198275735,0.0971104566229416,0.2274874266607062,0.12791566731642912,-0.741468953818569
20325_5.h5,19,1.0,42,0.06902563696600515,0.01226998575349437,1.1168081647525105,1.3183310963552313,0.05261331808858229,0.14803628321845075,0.14805300372062447,0.34162742460069206,0.21297895161721592,-1.1284752664976543
20325_5.h5,20,0.0,42,0.10419975420733744,0.01852099915224622,2.5808593553172194,4.539484866376573,0.09090417546247405,0.0,0.0,0.0,0.0,0.0
20325_5.h5,20,0.5,42,0.08810733548897347,0.01566126640460994,1.6544113847087072,2.8443794718935336,0.07475636549162928,0.154438163897615,0.15440488518619966,0.3589687941343245,0.1776355144160645,-1.6951053944830394
20325_5.h5,20,1.0,42,0.07718705936820777,0.013720678723610597,1.3022592611370274,1.8611985606812556,0.0626107797206024,0.25923952551154406,0.2591825845450374,0.4954164168403653,0.3112441821063696,-2.6782863056953174
22875_15.h5,1,0.0,42,0.10914246876031267,0.019619472234335848,0.7493192050139651,1.0966362494638848,0.12351295017207621,0.0,0.0,0.0,0.0,0.0
22875_15.h5,1,0.5,42,0.08737540426734006,0.01570639619228015,0.6771995892206318,1.0174624412244944,0.10229185856694649,0.19943716447146864,0.1994485883879924,0.09624685355820972,0.17181268503071823,-0.07917380823939046
22875_15.h5,1,1.0,42,0.07307251209519454,0.013134615851626725,0.6580531492662813,1.063981358905424,0.08681462596789627,0.33048507217049683,0.33053164250565514,0.12179863419620063,0.2971212666611269,-0.032654890558460936
22875_15.h5,2,0.0,42,0.1012518471593454,0.01821794697773479,0.7659167917967399,0.8275475501845461,0.11032055323002271,0.0,0.0,0.0,0.0,0.0
22875_15.h5,2,0.5,42,0.08900698686907901,0.01601444441626027,0.7276989220723161,0.893224443062223,0.09609362031195093,0.12093468547784614,0.12095229853108869,0.04989820060579908,0.12895994899887842,0.06567689287767697
22875_15.h5,2,1.0,42,0.08499461781466133,0.01529205426889919,0.7408228732144038,1.0651669034857105,0.0909352910752059,0.1605622988694636,0.16060496346879827,0.03276324380285367,0.17571759375062035,0.23761935330116446
22875_15.h5,3,0.0,42,0.10483108823772518,0.018884953798112537,0.7955168414885165,1.0563028725774408,0.1422728351248971,0.0,0.0,0.0,0.0,0.0
22875_15.h5,3,0.5,42,0.09548202098626456,0.0171997610177715,0.7384764549704548,0.9541275505471968,0.11032772347454314,0.08918220166006252,0.08923467848300826,0.07170229911328052,0.22453416087695377,-0.10217532203024404
22875_15.h5,3,1.0,42,0.09286132743381496,0.016726792793613894,0.7549340337300875,0.9758559760112219,0.08738713480519583,0.11418140367642104,0.11427939022622025,0.051014391703503414,0.38577779286902336,-0.08044689656621895
22875_15.h5,4,0.0,42,0.10131006831989628,0.01826058349375745,0.7540021216156043,0.7316982794321194,0.08958767282093341,0.0,0.0,0.0,0.0,0.0
22875_15.h5,4,0.5,42,0.10033040563576638,0.018085050936623694,0.7572637885203611,0.7582469225576185,0.08761222498759305,0.009669943968811823,0.00961264776636317,-0.004325806004057409,0.02205044255685551,0.026548643125499094
22875_15.h5,4,1.0,42,0.1023012536508573,0.0184416470723068,0.7729515853928044,0.8250159961452231,0.08711410012705156,-0.009783680412012385,-0.00991554177944276,-0.02513184410754299,0.02761063677617781,0.09331771671310374
22875_15.h5,5,0.0,42,0.1050608666756029,0.018945928589806933,0.7731955736779484,0.6990243143653487,0.09353440267558133,0.0,0.0,0.0,0.0,0.0
22875_15.h5,5,0.5,42,0.10444558630984613,0.018836705575089936,0.7822938406253651,0.7117708552977087,0.09085041259617485,0.005856418143366127,0.005764986086549517,-0.01176709652402419,0.028695218044164417,0.01274654093235994
22875_15.h5,5,1.0,42,0.1057764729995408,0.01907858599904661,0.7982946269678092,0.7487906341247661,0.08972821180330108,-0.006811349902028585,-0.0070018953471115974,-0.032461454959537894,0.040692951078992845,0.049766319759417366
22875_15.h5,6,0.0,42,0.10787915893933911,0.019454999251596328,0.789794097153966,0.7353149041851585,0.10097151129742146,0.0,0.0,0.0,0.0,0.0
22875_15.h5,6,0.5,42,0.10704781368078392,0.019306876806204836,0.7970510167320678,0.7260963810879084,0.09745522328436255,0.007706263811554703,0.007613592962710469,-0.009188368973954475,0.03482455563828635,-0.00921852309725013
22875_15.h5,6,1.0,42,0.10803334519290228,0.0194865968190354,0.8106508768611851,0.7381066726590433,0.09530049115783208,-0.0014292496815799804,-0.0016241361426154732,-0.02640786982629617,0.05616455638546236,0.002791768473884737
22875_15.h5,7,0.0,42,0.11194432430296304,0.020178446592962824,0.8093562386949955,0.7922790343412265,0.11118157617361628,0.0,0.0,0.0,0.0,0.0
22875_15.h5,7,0.5,42,0.10999239812594908,0.019828125995829258,0.807182263100427,0.7602519313391909,0.10220869578687404,0.01743658009611393,0.01736112814827573,0.002686055275330723,0.08070474169866582,-0.032027103002035595
22875_15.h5,7,1.0,42,0.10988624142459273,0.01981079039940088,0.8121907597078856,0.749233304337916,0.09582632993762298,0.018384879190483705,0.01822024266675537,-0.0035021920847368992,0.13810962899118484,-0.04304573000331047
22875_15.h5,8,0.0,42,0.1147711530459047,0.020703097932937897,0.7993075821732415,0.7629883327639336,0.11786291424966533,0.0,0.0,0.0,0.0,0.0
22875_15.h5,8,0.5,42,0.11326715230473784,0.020432856154191242,0.8012600778457333,0.7433107244865381,0.11129521940322824,0.013104344613191321,0.013053204869243773,-0.002442733831178101,0.05572316693718382,-0.01967760827739551
22875_15.h5,8,1.0,42,0.11310759417219238,0.020405238536523523,0.8083302141961187,0.7380912578022054,0.10591813726388193,0.014494573153298829,0.0143871896553458,-0.01128806009614669,0.10134466012337995,-0.024897074961728216
22875_15.h5,9,0.0,42,0.11602898224201764,0.020927192736090477,0.7814259821604337,0.6995935509452034,0.11562651147654615,0.0,0.0,0.0,0.0,0.0
22875_15.h5,9,0.5,42,0.11523101946490509,0.020783490124532473,0.7874530011121567,0.7004020114904461,0.112970385264434,0.00687727119288295,0.006866788745639063,-0.007712846884179392,0.022971602084967624,0.0008084605452427507
22875_15.h5,9,1.0,42,0.1154291542654258,0.020819486283951853,0.7978063564962263,0.7125549064211915,0.11084623871514905,0.005169639214284483,0.005146722424593353,-0.020962157273687332,0.041342359121218863,0.01296135547598809
22875_15.h5,10,0.0,42,0.11740841524953856,0.021165004985429562,0.7782885099810631,0.6511571430598947,0.12120436404923994,0.0,0.0,0.0,0.0,0.0
22875_15.h5,10,0.5,42,0.11661885891504253,0.02102285479511405,0.7829665063547322,0.6597857047014605,0.12008875033293201,0.006724870042900344,0.006716284282161533,-0.006010619858415778,0.009204402209929574,0.00862856164156578
22875_15.h5,10,1.0,42,0.11675299862891415,0.02104728750384489,0.7925638393181883,0.6802312513243196,0.11955735349315103,0.005582364937226969,0.005561892457181528,-0.018341950515847305,0.01358870671867729,0.029074108264424914
22875_15.h5,11,0.0,42,0.11917027229589945,0.021480386386619962,0.7936656005223771,0.6200973751211911,0.12727064095424515,0.0,0.0,0.0,0.0,0.0
22875_15.h5,11,0.5,42,0.11812720913962,0.021292847088468084,0.7946954581023868,0.6283881505368775,0.12673913727660385,0.008752712704134136,0.008730722752207876,-0.001297596342000773,0.004176168782181078,0.008290775415686347
22875_15.h5,11,1.0,42,0.11808608168997975,0.02128600172775331,0.8009721485347713,0.6506567181362767,0.12696062700309826,0.00909782771350609,0.009049402341651192,-0.00920607874095225,0.002435863831771967,0.03055934301508556
22875_15.h5,12,0.0,42,0.12102918042365776,0.021806155702599885,0.7912827949005474,0.5887514071482686,0.1286053974351505,0.0,0.0,0.0,0.0,0.0
22875_15.h5,12,0.5,42,0.11997073178217017,0.021615835763843853,0.7910029694589152,0.5976838375748014,0.1280943676678613,0.008745400388423086,0.00872780793422201,0.0003536351901438639,0.003973626126748564,0.0089324304265328
22875_15.h5,12,1.0,42,0.12003664192603056,0.02162824589377223,0.7957426363637442,0.6249970422829672,0.1284941442468889,0.008200819787037017,0.008158696620076067,-0.005636216902400015,0.0008650740208451246,0.036245635134698584
22875_15.h5,13,0.0,42,0.12278448176584444,0.022121737460574664,0.7982384383158615,0.5658665147237578,0.1337791674298681,0.0,0.0,0.0,0.0,0.0
22875_15.h5,13,0.5,42,0.12151738149133748,0.021893938791023866,0.7973962450245735,0.5795958902369013,0.13165706113677397,0.010319710245822344,0.010297503528227892,0.0010550648163033527,0.01586275601697551,0.01372937551314346
22875_15.h5,13,1.0,42,0.12142492874741768,0.021877958326090925,0.8013492996379196,0.6133892719835712,0.13046474092800034,0.011072677905824335,0.01101989095197442,-0.003897158007852175,0.02477535602548353,0.047522757259813364
22875_15.h5,14,0.0,42,0.12770324469915031,0.022998503194166516,0.7976288248263023,0.6153070932211222,0.1414485416536851,0.0,0.0,0.0,0.0,0.0
22875_15.h5,14,0.5,42,0.12455618158942462,0.022433138392665822,0.7984992218246868,0.5946946277366437,0.13228277788353482,0.024643564203397528,0.024582678130292246,-0.0010912306216792622,0.06479928080553299,-0.02061246548447848
22875_15.h5,14,1.0,42,0.12289032439860963,0.022134804189281328,0.8028761764970239,0.5974965266908279,0.12444075858269635,0.03768831647057369,0.037554574643112515,-0.006578688617308037,0.12024007368439094,-0.017810566530294336
22875_15.h5,15,0.0,42,0.13769710696885143,0.024780849768336118,0.8143050642811528,0.7631478060354155,0.1591150481669731,0.0,0.0,0.0,0.0,0.0
22875_15.h5,15,0.5,42,0.129488085752897,0.02330599822950698,0.8082433384784987,0.6199889851116684,0.1322600245517498,0.05961651189818684,0.059515777409442916,0.007444047775885032,0.1687773967616315,-0.1431588209237471
22875_15.h5,15,1.0,42,0.12482617927684624,0.022470742762901248,0.8166310356595936,0.5450562579983496,0.11232780152187766,0.09347275317060033,0.09322146040313051,-0.0028563882019991826,0.2940466485357034,-0.21809154803706599
22875_15.h5,16,0.0,42,0.1376450462183941,0.024764716003548397,0.8252376098234263,0.6583307601675354,0.14035524615965306,0.0,0.0,0.0,0.0,0.0
22875_15.h5,16,0.5,42,0.12985906151423604,0.023365857137449424,0.8289657698309953,0.5260408087191359,0.11585758963021878,0.05656567321576145,0.05648596438168474,-0.0045176806815272474,0.1745403695246872,-0.1322899514483995
22875_15.h5,16,1.0,42,0.12644067250753346,0.022753952716724035,0.8418531634683472,0.4730974411090961,0.10099147708470618,0.08140048638643527,0.08119468386135542,-0.020134266115762633,0.2804581243095885,-0.18523331905843937
22875_15.h5,17,0.0,42,0.13794345275627057,0.024797471562947853,0.8631781027936402,0.5619898658401997,0.12957402815179453,0.0,0.0,0.0,0.0,0.0
22875_15.h5,17,0.5,42,0.13121193011532245,0.023589900113786207,0.8655895560029976,0.4492358997470608,0.10653267207021265,0.04879914563862564,0.048697361990969634,-0.002793691361670181,0.1778238772864975,-0.11275396609313892
22875_15.h5,17,1.0,42,0.12980097836240928,0.02333994235784707,0.8721619016089361,0.43862527945425467,0.0994875468267094,0.05902762495185654,0.058777331446912884,-0.010407815937661491,0.23219530761086737,-0.12336458638594505
22875_15.h5,18,0.0,42,0.14146048606097933,0.025430693609288395,0.8788792848841075,0.5476812614228003,0.12325160118367813,0.0,0.0,0.0,0.0,0.0
22875_15.h5,18,0.5,42,0.13691264178129758,0.024612049957798216,0.883442711838527,0.45698154935041463,0.11733840511074625,0.03214921994344988,0.032191164899693314,-0.005192325081391891,0.04797662680357084,-0.09069971207238564
22875_15.h5,18,1.0,42,0.13684656220015542,0.024599258769596587,0.8764759456493368,0.4591561295883696,0.12142220616756745,0.032616343894329436,0.0326941471776504,0.002734549870620273,0.014842768763582925,-0.08852513183443067
22875_15.h5,19,0.0,42,0.16365341306900807,0.029423859146388114,0.9016437690146015,0.9962021181941981,0.16596326767568786,0.0,0.0,0.0,0.0,0.0
22875_15.h5,19,0.5,42,0.15477710118989424,0.0278243854642445,0.8682840040173073,0.7626672608407477,0.1567017596935021,0.05423847699021678,0.05435975186619779,0.03699883051790265,0.055804565141991835,-0.23353485735345048
22875_15.h5,19,1.0,42,0.1524160772067211,0.027395129648315225,0.8515620092926649,0.6874585047215334,0.15887556660441954,0.06866545372658073,0.0689484505747412,0.05554495183465924,0.04270644444720473,-0.30874361347266477
22875_15.h5,20,0.0,42,0.24760392093493455,0.044511738907701034,2.0956572745194344,3.2254946529293806,0.3893020120076867,0.0,0.0,0.0,0.0,0.0
22875_15.h5,20,0.5,42,0.2168799438696979,0.03898867646565704,1.4909863772370997,2.203883835956753,0.3163522792784533,0.12408517986801315,0.1240810307028567,0.2885352030765598,0.1873859637997275,-1.0216108169726277
22875_15.h5,20,1.0,42,0.19125737494700767,0.034381935683616915,1.10794794147826,1.469209542421994,0.24645631594737316,0.22756726054727394,0.22757599394373573,0.4713124350295641,0.3669277107601825,-1.7562851105073867
24150_10.h5,1,0.0,42,0.0884273386599,0.01767595997637652,0.6510133820527623,1.045434054078281,0.09071263063315323,0.0,0.0,0.0,0.0,0.0
24150_10.h5,1,0.5,42,0.0705566363646819,0.014102918533988283,0.6176835600797661,1.030864690815721,0.0777735412087092,0.2020947657822264,0.2021412951355127,0.051196830805384175,0.14263823388355257,-0.014569363262559865
24150_10.h5,1,1.0,42,0.059348837721169515,0.011861411359597372,0.6312732987294837,1.1154724226096877,0.06886032764995564,0.3288406207787071,0.32895235249175414,0.03032208533261571,0.2408959240920867,0.07003836853140677
24150_10.h5,2,0.0,42,0.08344906193391036,0.016678627052466317,0.6856787167733884,0.819788235406518,0.09213794378564491,0.0,0.0,0.0,0.0,0.0
24150_10.h5,2,0.5,42,0.0723659406028476,0.0144616612745652,0.6582090129556529,0.9100848660914497,0.08190408624413704,0.13281301280343127,0.13292255836929268,0.04006206280836633,0.11107104327524941,0.09029663068493166
24150_10.h5,2,1.0,42,0.06905051837307327,0.013797895051690516,0.6838456968054555,1.0922429928647124,0.07786566115142128,0.1725429049429026,0.1727199721963817,0.002673292787267245,0.15490124966786212,0.27245475745819436
24150_10.h5,3,0.0,42,0.08827289213834441,0.017639852894754806,0.7511138712951035,1.0936252375179651,0.1092176615393423,0.0,0.0,0.0,0.0,0.0
24150_10.h5,3,0.5,42,0.07915114219703706,0.015812772129213743,0.7143486512305833,1.0074555829895575,0.0913797795165902,0.103335800157215,0.10357687087539957,0.048947598319716845,0.16332415262641886,-0.08616965452840764
24150_10.h5,3,1.0,42,0.07613808018718861,0.015207775941753968,0.7239747930592192,1.0362858080888884,0.07924984283845712,0.13746929161602284,0.13787399291317293,0.0361317761168356,0.2743861961381603,-0.05733942942907677
24150_10.h5,4,0.0,42,0.08519305975306686,0.01701544607018996,0.7251047198460764,0.8166443429765231,0.08510550828069248,0.0,0.0,0.0,0.0,0.0
24150_10.h5,4,0.5,42,0.08386973178331064,0.016750526339631207,0.7247477857281974,0.8471543319129818,0.08300144035932627,0.015533283739214254,0.015569367353987729,0.0004922518197850723,0.024723052172212268,0.030509988936458732
24150_10.h5,4,1.0,42,0.08516125294304426,0.017008993396647472,0.7392467079763515,0.9151777512186979,0.08182900351012849,0.0003733497788996898,0.0003792244714521109,-0.01950337343449804,0.03849932673872902,0.09853340824217482
24150_10.h5,5,0.0,42,0.09097010457689525,0.018153632827498562,0.73536755968159,0.7783916207249886,0.08854765399492819,0.0,0.0,0.0,0.0,0.0
24150_10.h5,5,0.5,42,0.08961344180990923,0.017883492160480473,0.7387934406834681,0.7973658433307305,0.08645141541647111,0.014913281382888388,0.01488080482760934,-0.004658732842881319,0.02367356427734546,0.018974222605741886
24150_10.h5,5,1.0,42,0.08999117824848424,0.017960230513166295,0.7507605770260865,0.8403318016170447,0.08497666331699696,0.010760967385538667,0.01065364250616041,-0.020932412834693936,0.04032846175840821,0.06194018089205611
24150_10.h5,6,0.0,42,0.09524385751179335,0.0190023185555817,0.7463441359480959,0.7755895148388112,0.09280500244420109,0.0,0.0,0.0,0.0,0.0
24150_10.h5,6,0.5,42,0.09399875431834086,0.018753682530004548,0.7491630153334718,0.7801208818407588,0.08975808391635491,0.013072792576658498,0.013084509916507892,-0.003776916370884509,0.0328314039933153,0.004531367001947562
24150_10.h5,6,1.0,42,0.09431451229951693,0.018816914832470704,0.7602260879609561,0.80457512364499,0.0875165354175069,0.0097575343602746,0.009756900062941831,-0.018599934459491374,0.05698471943766048,0.02898560880617873
24150_10.h5,7,0.0,42,0.09982826833455234,0.019910681596686384,0.7650601763101387,0.8170981742035596,0.10618400469526809,0.0,0.0,0.0,0.0,0.0
24150_10.h5,7,0.5,42,0.0979252106816183,0.019530584454454335,0.7631010801034526,0.7991641130092336,0.10057468910013002,0.019063314276436816,0.019090112027872808,0.002560708644037346,0.052826370706548054,-0.017934061194325945
24150_10.h5,7,1.0,42,0.09759263869462834,0.019464159788321098,0.7686866501236942,0.8007878748501867,0.09633307613376522,0.02239475528546475,0.022426244234632242,-0.0047401157789259685,0.09277224559173036,-0.016310299353372915
24150_10.h5,8,0.0,42,0.10296500096203255,0.020526322485035838,0.7734436420375052,0.8107731087421493,0.11095611905499164,0.0,0.0,0.0,0.0,0.0
24150_10.h5,8,0.5,42,0.10137653858143808,0.020208966337792848,0.774058209113363,0.7956085306319571,0.10596710595495389,0.015427206970844431,0.015460935463444514,-0.0007945854648683248,0.04496383924139524,-0.015164578110192117
24150_10.h5,8,1.0,42,0.10099164964130265,0.02013178815880031,0.7809265073455921,0.7948019548186074,0.10168744901719459,0.019165262975693653,0.01922089680327055,-0.009674738922637705,0.08353455507220242,-0.01597115392354187
24150_10.h5,9,0.0,42,0.10504256060141341,0.02093388300485937,0.7715574429652486,0.7699752755217527,0.10724748019011689,0.0,0.0,0.0,0.0,0.0
24150_10.h5,9,0.5,42,0.10415445378400194,0.02075643328907883,0.7739724011650948,0.771484250983752,0.10531332203469798,0.008454733132233994,0.008476674668495443,-0.0031299784894369687,0.018034532391719038,0.0015089754619992402
24150_10.h5,9,1.0,42,0.10419874722964324,0.020764994284503454,0.7813425010069113,0.7850073936903177,0.10380331752712915,0.00803306171269036,0.008067720657305322,-0.012682215862057866,0.03211415929663142,0.015032118168564979
24150_10.h5,10,0.0,42,0.10842715541872394,0.02161549043554864,0.7839931989081264,0.7279054209642035,0.10797019219320687,0.0,0.0,0.0,0.0,0.0
24150_10.h5,10,0.5,42,0.10768819309170591,0.021468420440984844,0.7879561014776596,0.7427722578452531,0.1073477453909328,0.006815288330347724,0.00680391661722024,-0.005054766514623443,0.005764987443573677,0.014866836881049617
24150_10.h5,10,1.0,42,0.10781318253290813,0.021493809895253062,0.7973772641092045,0.7700492387141578,0.10720849250388904,0.005662537981788507,0.005629321280421373,-0.01707165983036374,0.007054721991740176,0.04214381774995424
24150_10.h5,11,0.0,42,0.1134278485355053,0.022617623625405963,0.8103368925529191,0.6905388423870578,0.11505046864953997,0.0,0.0,0.0,0.0,0.0
24150_10.h5,11,0.5,42,0.11231353172808634,0.02239632390080928,0.8129067869140977,0.7065798881298015,0.11332814471703655,0.009824014312236229,0.009784393279411607,-0.003171390053687828,0.014970160076008598,0.016041045742743787
24150_10.h5,11,1.0,42,0.11211407801450077,0.0223577142966917,0.8214523485201474,0.7368324865909174,0.11224001672656654,0.011582433573121165,0.0114914516670227,-0.013717079981647728,0.02442799195833323,0.04629364420385962
24150_10.h5,12,0.0,42,0.11690766319029719,0.023316770941648374,0.8201590087062984,0.6744423888321476,0.12093928947964831,0.0,0.0,0.0,0.0,0.0
24150_10.h5,12,0.5,42,0.11562635126953731,0.023061930131708677,0.8229649228733239,0.6879995846139373,0.11871685919626634,0.010960033635042499,0.010929506944913236,-0.0034211831330750453,0.01837641260291978,0.01355719578178971
24150_10.h5,12,1.0,42,0.11530015341591097,0.022997882796206456,0.8312027203761545,0.7196143752360327,0.11708392010114049,0.013750251527734125,0.01367634250213956,-0.013465329957511818,0.03187855158646857,0.04517198640388509
24150_10.h5,13,0.0,42,0.11979534610015594,0.023904713369286002,0.8276109172467224,0.6715436068908677,0.12803571464178798,0.0,0.0,0.0,0.0,0.0
24150_10.h5,13,0.5,42,0.11845049301408472,0.023636753340168664,0.8302427759242939,0.6848218443249017,0.12565453425827205,0.01122625485757045,0.011209506049197238,-0.0031800676171926945,0.018597782581038946,0.013278237434034001
24150_10.h5,13,1.0,42,0.11811310029827907,0.0235702029237627,0.8385989502092455,0.7190638955159433,0.12393844286601235,0.014042664065350374,0.013993493264516488,-0.013276810072875511,0.03200100680688012,0.047520288625075624
24150_10.h5,14,0.0,42,0.12483481941576072,0.024909008738939205,0.8237581241893627,0.7126081737186168,0.14184774846525625,0.0,0.0,0.0,0.0,0.0
24150_10.h5,14,0.5,42,0.12214279280574306,0.024372098097698296,0.8254418307839307,0.689708425889199,0.13516847164165718,0.021564709450589303,0.02155487787041399,-0.002043933219141092,0.04708764781864028,-0.022899747829417838
24150_10.h5,14,1.0,42,0.12071775842859592,0.02408857631317927,0.8329933908138271,0.690970755173478,0.12929931304959424,0.0329800692341532,0.03293717684065789,-0.011211138747253768,0.08846411417475253,-0.021637418545138898
24150_10.h5,15,0.0,42,0.132595722763092,0.026454837310051688,0.815927993899703,0.8280308423369114,0.1578737654317,0.0,0.0,0.0,0.0,0.0
24150_10.h5,15,0.5,42,0.1260669510584304,0.025152741171351783,0.8087736070940051,0.6984154549574088,0.14009137749794545,0.04923817728514901,0.049219585947147926,0.008768404637649163,0.1126367505400867,-0.12961538737950262
24150_10.h5,15,1.0,42,0.12228988524574207,0.024401099910156345,0.8177591047851015,0.6305157841702547,0.12619499568845288,0.07772375535644782,0.07763182875878094,-0.002244206472983956,0.20065885966944974,-0.1975150581666567
24150_10.h5,16,0.0,42,0.13197968545820665,0.02635134152227115,0.8015526593015283,0.7061568623617281,0.14112011924123863,0.0,0.0,0.0,0.0,0.0
24150_10.h5,16,0.5,42,0.12597174664904492,0.02515274452967546,0.8131210648295802,0.5954035257600696,0.12366453310450577,0.045521693647801786,0.045485236172233656,-0.014432495973667692,0.1236931079040069,-0.11075333660165854
24150_10.h5,16,1.0,42,0.12329672996053058,0.024621090508128968,0.8320844432118135,0.5542412508877428,0.11181189213186664,0.06579009085777565,0.06566083220772045,-0.03809080233966222,0.2076828397464069,-0.15191561147398536
24150_10.h5,17,0.0,42,0.13171343619918838,0.026313784922370628,0.8435690711656089,0.5834138928666387,0.12289677023272591,0.0,0.0,0.0,0.0,0.0
24150_10.h5,17,0.5,42,0.12653382675518085,0.025280466746376046,0.8490407338269635,0.4902419441084905,0.11006212584392258,0.03932483726394076,0.03926908192960521,-0.006486324414187061,0.104434350589513,-0.09317194875814822
24150_10.h5,17,1.0,42,0.12564636150926578,0.025105842629703383,0.8545759381925196,0.48792104315803864,0.10530699548907521,0.04606268627558574,0.045905303863767344,-0.01304797366705479,0.14312641992414832,-0.09549284970860006
24150_10.h5,18,0.0,42,0.13515582969760429,0.02701242608804713,0.8810830704462796,0.5327262747867315,0.11508519872152241,0.0,0.0,0.0,0.0,0.0
24150_10.h5,18,0.5,42,0.13207199538746264,0.02639432267497599,0.8716186548972292,0.466187531264407,0.11703936445663117,0.02281687972351154,0.02288218803658848,0.010741797075111803,-0.01698016562353377,-0.06653874352232453
24150_10.h5,18,1.0,42,0.13265988881573135,0.02651086100855045,0.8560163861067399,0.47957568467563894,0.12347203943476619,0.018467134473276636,0.018567938987110177,0.028449853572652506,-0.07287505957684304,-0.05315059011109258
24150_10.h5,19,0.0,42,0.15491151328135006,0.030981977543111563,0.9033519322697321,0.8877083533282689,0.1533997816470397,0.0,0.0,0.0,0.0,0.0
24150_10.h5,19,0.5,42,0.14888827060676058,0.029773394040412876,0.8631238960344373,0.7280490832779383,0.15270158112167037,0.03888182709602783,0.03900924339051426,0.04453196456249242,0.0045515092516613675,-0.15965927005033065
24150_10.h5,19,1.0,42,0.14805813783000357,0.029603605625245027,0.8383226902984885,0.702725028263582,0.15702765288153125,0.04424058164675848,0.04448947508107015,0.0719866085943418,-0.023649780954962285,-0.18498332506468695
24150_10.h5,20,0.0,42,0.23132354649840584,0.04625831558238789,2.000410251363785,2.9729126611480656,0.32440357728067387,0.0,0.0,0.0,0.0,0.0
24150_10.h5,20,0.5,42,0.20643393795994588,0.041279152686876194,1.5134837279091269,2.1122556858481887,0.2760236796969985,0.10759651974569517,0.10763822315673399,0.24341333140174348,0.14913490778745986,-0.860656975299877
24150_10.h5,20,1.0,42,0.1858595661079971,0.03716292309411436,1.194952890964719,1.4990409369858597,0.22970842322913454,0.19653848939551022,0.19662178299757316,0.40264608714634575,0.29190539403210436,-1.473871724162206
25425_15.h5,1,0.0,42,0.13086547308930283,0.02487298679945657,0.7645348093325917,1.0539774418654742,0.13990584753721558,0.0,0.0,0.0,0.0,0.0
25425_15.h5,1,0.5,42,0.10586969112270316,0.0201223810261629,0.7108692667575471,0.9703655986920735,0.11557566573131887,0.19100364195789443,0.1909945842691262,0.07019372031195337,0.17390396637584982,-0.08361184317340065
25425_15.h5,1,1.0,42,0.08773150381164213,0.016674799698036428,0.6912110941207691,0.9982778206368427,0.09874547005402576,0.3296054204322174,0.32960203643895547,0.09590631363904967,0.29420055135465994,-0.05569962122863148
25425_15.h5,2,0.0,42,0.12335590699367643,0.023433281586477027,0.7995719659465789,0.8161410359062942,0.13507720983070123,0.0,0.0,0.0,0.0,0.0
25425_15.h5,2,0.5,42,0.1085841907450024,0.020627949185787694,0.7686982382791805,0.8564596073657413,0.11643003115442488,0.11974875471047586,0.11971572954204779,0.03861281908608227,0.13804829622737813,0.04031857145944717
25425_15.h5,2,1.0,42,0.10165413161823715,0.019311565060189138,0.770847109543908,0.988156544627029,0.1082462957862077,0.17592814081089592,0.17589156307780918,0.03592529206381656,0.19863390780814916,0.1720155087207348
25425_15.h5,3,0.0,42,0.12942398628450802,0.024561225507116976,0.8091911802605252,1.012340139837448,0.1853153971719434,0.0,0.0,0.0,0.0,0.0
25425_15.h5,3,0.5,42,0.11782943538023957,0.022358708867439948,0.764382956145616,0.8989730345055372,0.14119011090405922,0.08958579655227561,0.08967454164853528,0.055374088605961824,0.2381091206735665,-0.11336710533191086
25425_15.h5,3,1.0,42,0.11296873313088518,0.021433857431038414,0.7746157610321376,0.8992524617585085,0.1085473345193247,0.12714222167017675,0.12732948016671075,0.04272836885994702,0.4142562562213331,-0.1130876780789396
25425_15.h5,4,0.0,42,0.12433792297942871,0.02357733949580005,0.8081723828495971,0.6898374680084994,0.11352072680502917,0.0,0.0,0.0,0.0,0.0
25425_15.h5,4,0.5,42,0.12293309314591697,0.0233114636920112,0.8116387354403443,0.7131179907038943,0.10967717130820273,0.011298482392569587,0.01127675172324727,-0.00428912527117653,0.03385774214983417,0.023280522695394823
25425_15.h5,4,1.0,42,0.12445065897845142,0.023600041982017744,0.8259028535923703,0.7728326783343936,0.10799286344068916,-0.0009066903831211892,-0.0009628943173056737,-0.0219389713371001,0.048694749583783614,0.08299521032589419
25425_15.h5,5,0.0,42,0.13097307175481251,0.024809392459059058,0.8295937977145297,0.6633021428426225,0.12027349748400949,0.0,0.0,0.0,0.0,0.0
25425_15.h5,5,0.5,42,0.12959807536805895,0.02455013370186455,0.8334479358246168,0.6692580928396656,0.11511397175399199,0.01049831364822551,0.010450024426125748,-0.004645813554422729,0.04289827632811183,0.005955949997043186
25425_15.h5,5,1.0,42,0.13027074034052166,0.024679205992251537,0.842001983004675,0.6987665098366417,0.11133895863385704,0.005362410798500972,0.005247466943108625,-0.014956940763454218,0.07428518366101655,0.035464366994019225
25425_15.h5,6,0.0,42,0.13724416597604244,0.025981912566168087,0.8445624012644279,0.6962326149565167,0.12736950796955493,0.0,0.0,0.0,0.0,0.0
25425_15.h5,6,0.5,42,0.1355556408128089,0.025662801070764383,0.8453206650821321,0.6791225666674856,0.12048572235730527,0.012303074241627798,0.012282063323514891,-0.0008978185822254847,0.05404578946709193,-0.017110048289031066
25425_15.h5,6,1.0,42,0.13577711624168773,0.02570564109418057,0.8513607976965115,0.6829966601560875,0.11545800017968988,0.010689341320423096,0.010633223065620645,-0.008049608201721403,0.09351930442184209,-0.013235954800429162
25425_15.h5,7,0.0,42,0.1450841583940917,0.02746785714301821,0.8515324308231058,0.7268973416250166,0.14536338768129387,0.0,0.0,0.0,0.0,0.0
25425_15.h5,7,0.5,42,0.14230459020589792,0.0269423081203847,0.8480140387099271,0.6854988147863442,0.1339548709856204,0.019158316241830065,0.019133237074050125,0.004131835718550136,0.078482738175354,-0.0413985268386724
25425_15.h5,7,1.0,42,0.14154785141319573,0.02680023238186273,0.8505019046882796,0.665850932816392,0.12587257263185928,0.024374177167505118,0.02430567327037292,0.0012102018637506484,0.13408338482154658,-0.061046408808624664
25425_15.h5,8,0.0,42,0.1482560394746027,0.028066253693401412,0.8312452018656143,0.6781024727577184,0.14918641354152842,0.0,0.0,0.0,0.0,0.0
25425_15.h5,8,0.5,42,0.1464735438132184,0.027729652507674347,0.8321224640798144,0.6493121560374456,0.14069429878882544,0.012023089701446277,0.011993092822580764,-0.0010553591313744448,0.056922842711404575,-0.02879031672027277
25425_15.h5,8,1.0,42,0.1461543298832088,0.027670415413677346,0.8366379252338777,0.6346800354478521,0.13384510491801752,0.014176215679590709,0.014103709175020018,-0.006487524206046702,0.10283314853762071,-0.04342243730986628
25425_15.h5,9,0.0,42,0.14811067420077573,0.02803479948912015,0.8075741920805745,0.6092269590648955,0.14309078914870715,0.0,0.0,0.0,0.0,0.0
25425_15.h5,9,0.5,42,0.14756393962724865,0.0279318838521886,0.8123090906080408,0.6031824420118698,0.1399551210089156,0.0036913921057839527,0.0036709960052145885,-0.005863112731806952,0.02191383637232447,-0.0060445170530257775
25425_15.h5,9,1.0,42,0.14806996734446218,0.02802844016778384,0.8193777299713667,0.6078387596942567,0.13784969191465035,0.00027484080086193075,0.00022683669768275294,-0.014616041481442688,0.03662777503176662,-0.0013881993706388318
25425_15.h5,10,0.0,42,0.14911881338218164,0.028253787849370684,0.8066075110824711,0.573415281295667,0.14081079269996116,0.0,0.0,0.0,0.0,0.0
25425_15.h5,10,0.5,42,0.14879093351551725,0.028192047090282772,0.8099513231975882,0.5779109660367056,0.13970622087752776,0.002198782697016566,0.002185220594741799,-0.004145525635671055,0.007844369037727228,0.004495684741038564
25425_15.h5,10,1.0,42,0.14942403318573727,0.02831260999984234,0.8162662433632116,0.5936316574711047,0.13927403713998843,-0.002046822910086954,-0.00208192086615977,-0.011974513190161629,0.010913620543613112,0.0202163761754377
25425_15.h5,11,0.0,42,0.15008999304326054,0.028444039561357506,0.8087575051579893,0.5563384195486017,0.13730440494798635,0.0,0.0,0.0,0.0,0.0
25425_15.h5,11,0.5,42,0.14968584645315683,0.028368066912563116,0.8113244408018536,0.5638543681716107,0.1364397324353051,0.0026926951085087802,0.002670951452957593,-0.0031739249744122677,0.006297485597849484,0.007515948623008972
25425_15.h5,11,1.0,42,0.1503301351305908,0.0284909504053024,0.8173673206207803,0.5849976636785444,0.1365427895775801,-0.0015999873306746792,-0.0016492328328998607,-0.010645731764936217,0.005546911409686883,0.028659244129942696
25425_15.h5,12,0.0,42,0.1503621002214242,0.028539024215252493,0.814216105390821,0.5564133203645456,0.14566548545311767,0.0,0.0,0.0,0.0,0.0
25425_15.h5,12,0.5,42,0.14995750587998286,0.028462335323218717,0.8159602299210159,0.5647890383560451,0.14477471318163052,0.0026908000144022504,0.0026871588690404735,-0.002142090433543631,0.006115191040047985,0.008375717991499498
25425_15.h5,12,1.0,42,0.15074918190567344,0.028612830127794395,0.8214416693929371,0.5915092004717759,0.14534100445688167,-0.0025743301249396833,-0.0025861400160436254,-0.00887425826420829,0.002227576390018804,0.035095880107230304
25425_15.h5,13,0.0,42,0.15339251367053053,0.029151242450611806,0.8299450976441852,0.5575771297577672,0.15571741134159542,0.0,0.0,0.0,0.0,0.0
25425_15.h5,13,0.5,42,0.15280509058725444,0.029039963388960328,0.8327875163304751,0.5672676481142571,0.15360813066288848,0.0038295420631661026,0.003817300817967162,-0.0034248273703383347,0.013545567323103302,0.00969051835648993
25425_15.h5,13,1.0,42,0.1534679856743893,0.029166425693763702,0.8391473902855401,0.5964898639692711,0.15300829747845301,-0.000492018821862894,-0.0005208437745876093,-0.01108783299940641,0.017397629717844754,0.038912734211503874
25425_15.h5,14,0.0,42,0.1604091286081873,0.030484234236128265,0.8368290176103919,0.6238581332898061,0.185150408716866,0.0,0.0,0.0,0.0,0.0
25425_15.h5,14,0.5,42,0.15740590174166683,0.029915598673510208,0.8419414468031196,0.5918157634876167,0.1733481068782772,0.01872229400270664,0.01865343108878692,-0.006109287662283247,0.06374440067608489,-0.03204236980218944
25425_15.h5,14,1.0,42,0.15612922310943222,0.02967546814584783,0.8497715600529718,0.5839494573945152,0.16368372259254838,0.026681184143884318,0.026530634951030807,-0.015466173101332137,0.11594187813619528,-0.0399086758952909
25425_15.h5,15,0.0,42,0.17105515991090586,0.03251009775133484,0.8604179885916539,0.7775387640589495,0.21027082940021785,0.0,0.0,0.0,0.0,0.0
25425_15.h5,15,0.5,42,0.16234593635470124,0.030859345285879553,0.8541871147343452,0.6227266265549527,0.1800030511419912,0.05091470821892086,0.05077660725850974,0.007241682461227361,0.14394663465476065,-0.1548121375039968
25425_15.h5,15,1.0,42,0.15752437913916342,0.02994906844315328,0.8601469770399629,0.534981397896122,0.15697499644224208,0.07910185684424809,0.07877642595142331,0.0003149766221584027,0.2534627989531322,-0.24255736616282753
25425_15.h5,16,0.0,42,0.16895148067136406,0.03211956665299652,0.8605335353296288,0.6630070586895703,0.19845766612019156,0.0,0.0,0.0,0.0,0.0
25425_15.h5,16,0.5,42,0.16062602262614029,0.030541649217859408,0.8642349030632356,0.5182670946271055,0.16724907711128253,0.04927721267751439,0.04912636126707848,-0.00430124751871408,0.1572556486178177,-0.1447399640624648
25425_15.h5,16,1.0,42,0.15710220230970912,0.029878135053233043,0.8775829458966439,0.45553365317227473,0.1468022847695869,0.07013420844001694,0.06978399254195322,-0.019812604468092188,0.2602841319282708,-0.2074734055172956
25425_15.h5,17,0.0,42,0.16634760736212584,0.03161253020113253,0.88338804057331,0.5385305909417286,0.17133116803162002,0.0,0.0,0.0,0.0,0.0
25425_15.h5,17,0.5,42,0.1595287435715785,0.030318310956533985,0.8868657710795976,0.42108781920238547,0.14450672108333068,0.0409916553575862,0.04094007143256684,-0.0039368095860010666,0.1565648985906566,-0.11744277173934314
25425_15.h5,17,1.0,42,0.15846432008659037,0.03011843326061634,0.894575693793841,0.405610000832841,0.1332042748248343,0.04739044582934193,0.047262807848979405,-0.012664483450863129,0.22253331746240834,-0.13292059010888763
25425_15.h5,18,0.0,42,0.16810462966389728,0.031954261663885056,0.8998401349446867,0.5226182210627309,0.15473117369667508,0.0,0.0,0.0,0.0,0.0
25425_15.h5,18,0.5,42,0.16378192659858962,0.03112826117929376,0.9022585335608149,0.4264325996035924,0.14045834297926585,0.025714360597624997,0.025849462374680554,-0.002687586963740829,0.09224276127697939,-0.0961856214591385
25425_15.h5,18,1.0,42,0.163767256176319,0.03112139165089443,0.8987434167473883,0.4139854774696116,0.13788898099656224,0.02580163018859316,0.02606444241307382,0.001218792266212687,0.10884808986926686,-0.10863274359311931
25425_15.h5,19,0.0,42,0.1945294226507909,0.03701355736882144,0.9265894121046069,0.9135492221577363,0.1942372265047172,0.0,0.0,0.0,0.0,0.0
25425_15.h5,19,0.5,42,0.18472344512407352,0.03513987752791426,0.8961352004712333,0.6950193517357247,0.17671688185482898,0.05040871140773684,0.05062144722369988,0.03286699722178077,0.09020075587551046,-0.21852987042201155
25425_15.h5,19,1.0,42,0.18109128214148568,0.03443968113768491,0.8811974331591647,0.6154888446859836,0.17298939893751233,0.0690802467112066,0.06953874239887703,0.04898823400360386,0.10939111904323262,-0.2980603774717526
25425_15.h5,20,0.0,42,0.2789466221497016,0.0530204278682182,1.751567851597272,2.7781289499180453,0.4188851868201903,0.0,0.0,0.0,0.0,0.0
25425_15.h5,20,0.5,42,0.24808076341871727,0.04715344042721895,1.3048046997880807,1.9175990033936796,0.3391281742862723,0.1106514877044098,0.11065522623811319,0.2550647132520636,0.19040303893141575,-0.8605299465243657
25425_15.h5,20,1.0,42,0.22234629995465774,0.04226162046428209,1.038890220027365,1.2931963262203303,0.26376336420884555,0.20290735825676465,0.20291815506802446,0.4068798310724926,0.37032062123966203,-1.484932623697715
26700_0.h5,1,0.0,42,0.0726382463990916,0.016761241710822015,1.2225856468969856,1.5483894168958112,0.047442689524530596,0.0,0.0,0.0,0.0,0.0
26700_0.h5,1,0.5,42,0.05973904481446387,0.013784971627596504,1.0580256452804133,1.2235348861618998,0.04023047434091157,0.17758140131517608,0.1775685915503421,0.13459997836081095,0.15201952620940462,-0.32485453073391146
26700_0.h5,1,1.0,42,0.05005324322328221,0.011549891174033974,0.9881935624509038,1.1043989610451928,0.03494622233173768,0.31092439996034693,0.31091673437435696,0.19171833485939127,0.2634013231128376,-0.44399045585061847
26700_0.h5,2,0.0,42,0.06685598404056825,0.01542093203519111,1.0842475403258987,1.208055615373765,0.04347275464488468,0.0,0.0,0.0,0.0,0.0
26700_0.h5,2,0.5,42,0.05876385007471458,0.013554299252864208,1.0245883680073593,1.0372337053084133,0.03814322805220601,0.12103828972053354,0.1210453932399923,0.05502357173953765,0.12259463740482757,-0.17082191006535163
26700_0.h5,2,1.0,42,0.05444022480843548,0.01255694200833335,1.0132843500137996,1.041020692552826,0.03544833834797932,0.18570901932426687,0.18572094217924284,0.06544925182930939,0.18458495125175078,-0.1670349228209389
26700_0.h5,3,0.0,42,0.07069414457186361,0.01630632935378871,1.1799618058844334,1.377728913888325,0.056393809153931426,0.0,0.0,0.0,0.0,0.0
26700_0.h5,3,0.5,42,0.06273821747329678,0.01447051184424486,1.0413283729592242,1.0162577586003547,0.04250201686510791,0.11254011413179066,0.11258312460843967,0.1174897630023688,0.24633541335902231,-0.36147115528797036
26700_0.h5,3,1.0,42,0.058695771311889154,0.013537391328993691,0.9770918398062757,0.8953862369504496,0.03377888772613967,0.16972230631884366,0.1698075615130188,0.1719292650545564,0.4010178026113206,-0.48234267693787547
26700_0.h5,4,0.0,42,0.06484685682063283,0.014950421375347819,0.9087624574999719,0.577006950186423,0.038493421380242865,0.0,0.0,0.0,0.0,0.0
26700_0.h5,4,0.5,42,0.06217763296855576,0.014335278690434782,0.9010033463406896,0.5322837461054,0.03378693606817219,0.041161961935336056,0.04114550817459661,0.008538107065544698,0.12226726394568632,-0.04472320408102304
26700_0.h5,4,1.0,42,0.06167062792339558,0.01421895839251602,0.9032322645782258,0.5840613694629938,0.031203808871435014,0.0489804603178029,0.04892591081331854,0.00608541085308445,0.18937294341285338,0.0070544192765708
26700_0.h5,5,0.0,42,0.0672918798177132,0.01551633230274261,0.9071515356717624,0.4651311414141744,0.03352060333218787,0.0,0.0,0.0,0.0,0.0
26700_0.h5,5,0.5,42,0.06485938809336207,0.014955952865332219,0.910239797917792,0.40355528851143,0.03106386872030816,0.03614836932688614,0.03611545734370103,-0.003404351009274942,0.07329028620199851,-0.061575852902744366
26700_0.h5,5,1.0,42,0.06383471877867353,0.014720395473210867,0.9099690782911002,0.4072370465372797,0.029664221009966546,0.05137560502700722,0.051296712006551726,-0.003105922779760517,0.1150451345998974,-0.057894094876894675
26700_0.h5,6,0.0,42,0.06957534238464408,0.016047762823758638,0.8937246167413648,0.4708625827208046,0.035446370881584595,0.0,0.0,0.0,0.0,0.0
26700_0.h5,6,0.5,42,0.06712751750461264,0.01548343094819637,0.9024503438136772,0.3895944092768017,0.03375172095417787,0.03518236197098035,0.03516576620429468,-0.009763328556538386,0.04780884150504516,-0.08126817344400289
26700_0.h5,6,1.0,42,0.06577452497400892,0.01517180344535354,0.9089487969639615,0.3588514032595696,0.032615250076683054,0.054628799232097514,0.05458451673452225,-0.01703453159666335,0.07987054060793541,-0.11201117946123501
26700_0.h5,7,0.0,42,0.07333474042963369,0.016918010689868156,0.8849718862998127,0.5907375900641582,0.04072285151927137,0.0,0.0,0.0,0.0,0.0
26700_0.h5,7,0.5,42,0.07036482241752443,0.016233521468540242,0.8794422621318128,0.47038918873239005,0.037570814556394314,0.04049810491875894,0.04045920255493396,0.00624836139272178,0.07740216721772086,-0.1203484013317681
26700_0.h5,7,1.0,42,0.06843138447367073,0.01578827983755953,0.8894029854313181,0.3974022128063036,0.03539911981037842,0.06686266191489199,0.06677681395397139,-0.005007050732461549,0.1307308184539483,-0.19333537725785455
26700_0.h5,8,0.0,42,0.07422488399886021,0.017128855563627858,0.9112360473845316,0.6264470105164248,0.04096602342863685,0.0,0.0,0.0,0.0,0.0
26700_0.h5,8,0.5,42,0.07163384639100481,0.016531397952953813,0.8925248717941944,0.5216357470230975,0.038042506143153076,0.03490793744986098,0.03488018265170689,0.020533840429209138,0.07136443913275026,-0.10481126349332737
26700_0.h5,8,1.0,42,0.06991653800137006,0.01613571111708179,0.8917286037533374,0.45301619710656105,0.03609878437978732,0.058044496203676244,0.057980782362071714,0.021407673332486388,0.11881160633831844,-0.17343081340986377
26700_0.h5,9,0.0,42,0.07369370383153886,0.017005087337472517,0.8968942421573752,0.5714752323177155,0.04030268530985345,0.0,0.0,0.0,0.0,0.0
26700_0.h5,9,0.5,42,0.0719830612430464,0.01661034712666687,0.8875238476089758,0.5190594952654984,0.03865426843137731,0.023212873007481427,0.02321306577095883,0.010447602524306543,0.0409009192762928,-0.052415737052217026
26700_0.h5,9,1.0,42,0.0709486505450926,0.01637174958485094,0.883485360444127,0.4887889078042,0.037482515506547964,0.037249495461937454,0.03724401645535513,0.014950348751258336,0.06997473695917711,-0.08268632451351549
26700_0.h5,10,0.0,42,0.07448205631237419,0.01718757909454944,0.9106207288441055,0.5951492929482922,0.03820555004789224,0.0,0.0,0.0,0.0,0.0
26700_0.h5,10,0.5,42,0.07314213849647243,0.01687832759255871,0.9037340477566014,0.5565625007773571,0.03705242611652583,0.017989806971523525,0.01799273186116135,0.007562622801531971,0.030182105215627475,-0.03858679217093508
26700_0.h5,10,1.0,42,0.07242654741194103,0.016713229164157704,0.900364351868372,0.5369226001720663,0.0368175617670034,0.027597370456750703,0.027598414400441196,0.011263061174493938,0.03632949346754433,-0.05822669277622594
26700_0.h5,11,0.0,42,0.07596399285094388,0.017527923698905268,0.915695857466431,0.5784321642562692,0.03712246941625335,0.0,0.0,0.0,0.0,0.0
26700_0.h5,11,0.5,42,0.07465858471590975,0.017226928663841245,0.9118445238760412,0.5445529131822707,0.03657322227439134,0.017184564502758515,0.017172315457011145,0.004205909155301613,0.014795544329320176,-0.03387925107399847
26700_0.h5,11,1.0,42,0.07402218693997893,0.017080374265312503,0.9100924032287474,0.5315613846074227,0.03714049226923747,0.025562188585520396,0.025533511058170366,0.006119339944583135,-0.0004854971468095659,-0.04687077964884645
26700_0.h5,12,0.0,42,0.07755053472337152,0.017884523351664953,0.9059002065047077,0.5888824399099775,0.040480799429130444,0.0,0.0,0.0,0.0,0.0
26700_0.h5,12,0.5,42,0.07624522306299124,0.017583514600969588,0.9038103551385639,0.5547733618419335,0.04035494728699979,0.016831755771077872,0.016830683422566217,0.0023069333146608084,0.0031089342084507088,-0.034109078068043974
26700_0.h5,12,1.0,42,0.0756759785101146,0.017452329940483076,0.9050938179012699,0.5501647106475684,0.04153752306169523,0.024172060449919597,0.024165777453702297,0.0008901516940250653,-0.02610431729281415,-0.03871772926240902
26700_0.h5,13,0.0,42,0.0784890731605356,0.01809958333262932,0.9229685782756043,0.6139231937469254,0.039692123391096165,0.0,0.0,0.0,0.0,0.0
26700_0.h5,13,0.5,42,0.07719190445078443,0.01780058426101537,0.9228151274394311,0.5831047933928163,0.04052503186002763,0.016526742609102363,0.016519666012140943,0.00016625792013413854,-0.020984225528188905,-0.0308184003541091
26700_0.h5,13,1.0,42,0.07665950630716345,0.017677990676149336,0.9296030953904191,0.5862304539209209,0.04267423089603103,0.023309828740493588,0.023292948170798522,-0.007188237249864171,-0.07513096428607335,-0.02769273982600451
26700_0.h5,14,0.0,42,0.08082282686146201,0.018628265083721864,0.9590716478600948,0.6836886635723592,0.043569242655745674,0.0,0.0,0.0,0.0,0.0
26700_0.h5,14,0.5,42,0.07870942768907013,0.018141712323629062,0.9393576842628242,0.6113374733776608,0.043002945239920584,0.026148543109169475,0.026119059284698043,0.020555256368235852,0.01299764194433184,-0.07235119019469849
26700_0.h5,14,1.0,42,0.07750305559593752,0.017864293628668964,0.9309131745305809,0.5763382037865107,0.04331507163662604,0.04107467400533882,0.0410114120461218,0.029360135285347866,0.00583372589530462,-0.10735045978584856
26700_0.h5,15,0.0,42,0.08371193276659963,0.019295264230622583,0.9691805007801961,0.8984074350554423,0.051152348724587134,0.0,0.0,0.0,0.0,0.0
26700_0.h5,15,0.5,42,0.07885162315322132,0.01817603642240398,0.9427047602600899,0.6538570508723529,0.04405036696661843,0.058059937845773124,0.05800531129510689,0.027317657029617415,0.13883979787921308,-0.2445503841830894
26700_0.h5,15,1.0,42,0.07609920831392758,0.017542951164933852,0.9373049867192393,0.5262046820670664,0.040051932858365884,0.09093953754355877,0.09081570714681997,0.03288914091368611,0.21700696337499104,-0.3722027529883759
26700_0.h5,16,0.0,42,0.08134919635504173,0.018755618393136587,0.9449884282109696,0.8116952886975458,0.04195627104226573,0.0,0.0,0.0,0.0,0.0
26700_0.h5,16,0.5,42,0.07583440861101479,0.01748505139472421,0.9212381993176922,0.5387825042429291,0.03546186647332115,0.06779154547462418,0.06774327413684889,0.02513282510584891,0.15478984208111046,-0.27291278445461675
26700_0.h5,16,1.0,42,0.0733704931253299,0.016918212255836066,0.9217253180998267,0.4338247096276372,0.03306424381086021,0.09807968101970499,0.097965638817481,0.024617349182977977,0.21193559414391006,-0.3778705790699086
26700_0.h5,17,0.0,42,0.07986752769345337,0.01841845951851866,0.9338603691987023,0.807069736200092,0.041008717790203895,0.0,0.0,0.0,0.0,0.0
26700_0.h5,17,0.5,42,0.07394204172459798,0.017052255616851343,0.9091771479840522,0.48199664478271637,0.03412754351993346,0.07419142848140392,0.07417579631421845,0.02643138313689175,0.16779784009521503,-0.32507309141737567
26700_0.h5,17,1.0,42,0.07228767707564392,0.016671134751971434,0.9066218371423441,0.3998395999161285,0.033740444875317785,0.09490528675060972,0.09486812753207707,0.029167671051005373,0.1772372633562892,-0.40723013628396354
26700_0.h5,18,0.0,42,0.07888247907306571,0.01820208209755218,1.0542525378691199,1.0221164555306157,0.04862106723260965,0.0,0.0,0.0,0.0,0.0
26700_0.h5,18,0.5,42,0.07479668456055678,0.017258995175084096,0.9729921152949809,0.7341803674238422,0.04258831330958558,0.051795969910180206,0.05181203542615109,0.07707870709838127,0.12407695401177787,-0.2879360881067735
26700_0.h5,18,1.0,42,0.0739628644094698,0.017065889397184123,0.9324493072949996,0.6297963097256014,0.040668773141739195,0.062366379979501785,0.06242102932393934,0.1155351551918592,0.16355655158340365,-0.3923201458050143
26700_0.h5,19,0.0,42,0.09438209029930865,0.021779198807349073,1.646314886547724,2.1305924830938783,0.06133694907006436,0.0,0.0,0.0,0.0,0.0
26700_0.h5,19,0.5,42,0.08685468776648923,0.020042082587741993,1.3427188951404123,1.5706388276264693,0.057135403503177105,0.07975456475850651,0.07976033622600087,0.184409430958827,0.0684994221360421,-0.5599536554674089
26700_0.h5,19,1.0,42,0.08232346810402204,0.01899592795421103,1.1503853050469226,1.2345761165510862,0.05528286675603663,0.12776388144239836,0.12779491466870996,0.3012361642071717,0.09870204511007274,-0.896016366542792
26700_0.h5,20,0.0,42,0.11721208969105874,0.027045782868205852,2.291266543919289,3.7788591879322464,0.10959518029702921,0.0,0.0,0.0,0.0,0.0
26700_0.h5,20,0.5,42,0.10258457590295986,0.023671032445552815,1.6701816086572585,2.574264004507161,0.08979897697435321,0.12479526494795279,0.12477917311908482,0.2710662087352106,0.18063023637557363,-1.2045951834250852
26700_0.h5,20,1.0,42,0.09186345815113028,0.02119746115655599,1.3062372108963392,1.7858876038423837,0.07121604064568658,0.2162629435815111,0.21623784159433446,0.4299060428552428,0.3501900315992542,-1.9929715840898627
3750_0.h5,1,0.0,42,0.07822687399841713,0.0028349479362792585,0.5881295526930388,1.2315440575436267,0.09883824280061916,0.0,0.0,0.0,0.0,0.0
3750_0.h5,1,0.5,42,0.06053771458879035,0.002193894852116151,0.47634538110587726,1.0886546580395402,0.08076434462895792,0.22612637454980888,0.2261251700461423,0.19006725826869786,0.182863410553754,-0.14288939950408652
3750_0.h5,1,1.0,42,0.049994215486352314,0.0018117460395858497,0.4553850841976268,1.1136182434550579,0.06558236000009199,0.36090741031830165,0.360924404853909,0.22570616947843636,0.3364677665062541,-0.11792581408856884
3750_0.h5,2,0.0,42,0.0804957012272687,0.002917113767689495,0.6078211993931921,1.2535916093477917,0.11062003329734742,0.0,0.0,0.0,0.0,0.0
3750_0.h5,2,0.5,42,0.06253259643859668,0.002266147599296541,0.494054516057908,0.999587072519468,0.08282229493067879,0.22315607560154838,0.22315419288859384,0.18717129881100092,0.2512902730009863,-0.2540045368283237
3750_0.h5,2,1.0,42,0.053718540321326516,0.0019467041127928357,0.4420490209270935,0.9969790705769587,0.06114523217791823,0.3326533031911916,0.33266088749952116,0.27273181427629456,0.4472499206942071,-0.256612538770833
3750_0.h5,3,0.0,42,0.07551423390371298,0.0027364592247569814,0.6445879872376481,1.3400577782985548,0.08291735311102687,0.0,0.0,0.0,0.0,0.0
3750_0.h5,3,0.5,42,0.0634694255815461,0.0023000801193365427,0.5002884854869913,1.0536501678403407,0.06441455208773468,0.15950381404286018,0.15946852102617848,0.22386315694315928,0.22314751169778435,-0.28640761045821406
3750_0.h5,3,1.0,42,0.056403130844916674,0.00204411362055111,0.4373185879594441,0.9213053932452198,0.051925756964071965,0.2530794801303894,0.2530078277586457,0.3215533075111241,0.3737648994349465,-0.418752385053335
3750_0.h5,4,0.0,42,0.0669530725791719,0.002427016801284025,0.5200166071876015,1.1234739360806654,0.055179601434355775,0.0,0.0,0.0,0.0,0.0
3750_0.h5,4,0.5,42,0.06046484341215471,0.002191802646328873,0.4939041652856429,0.9488038333749859,0.049390353966896006,0.09690711594071899,0.0969149265183129,0.05021463072724175,0.10491644225351882,-0.1746701027056795
3750_0.h5,4,1.0,42,0.05839327629983103,0.002116667905299522,0.48960242709005813,0.8902297200684097,0.046524961955356235,0.12784769913612137,0.1278725783110819,0.05848693998838206,0.1568449074300673,-0.23324421601225565
3750_0.h5,5,0.0,42,0.06484629878208578,0.002350600689516637,0.6014869009509262,1.00951076807825,0.04619815173532037,0.0,0.0,0.0,0.0,0.0
3750_0.h5,5,0.5,42,0.06056665418326937,0.0021954694610487276,0.5730461958285992,0.9089351233094741,0.04534496912939534,0.06599674428910807,0.06599641919606924,0.047283997502461705,0.018467894793997464,-0.1005756447687759
3750_0.h5,5,1.0,42,0.058849897730668,0.0021332317729388247,0.5601776523256883,0.8641174362733268,0.044994698719646696,0.0924709839117962,0.09247377385161515,0.0686785507048111,0.026049808714611045,-0.1453933318049232
3750_0.h5,6,0.0,42,0.06456780856783587,0.0023404767498737557,0.6660580933809092,0.8456092770212708,0.04780358468715619,0.0,0.0,0.0,0.0,0.0
3750_0.h5,6,0.5,42,0.06075153595107869,0.002202207635335423,0.6442083324350149,0.797807302247458,0.04591276395256872,0.05910488061164021,0.05907732881593075,0.03280458741216552,0.03955395284604024,-0.04780197477381276
3750_0.h5,6,1.0,42,0.05946815136073744,0.002155748545500378,0.6265113058855087,0.7901169269801148,0.04600459221398331,0.07898142000189856,0.0789275964323688,0.059374381736975845,0.03763300356963051,-0.055492350041155936
3750_0.h5,7,0.0,42,0.0733016108133691,0.002656794955804274,0.7266168670643504,0.9398285063274159,0.07333238057591375,0.0,0.0,0.0,0.0,0.0
3750_0.h5,7,0.5,42,0.06426674409491842,0.0023294813482767286,0.7107419775969814,0.739077605656827,0.057145285369102454,0.12325604605680585,0.1231986709446532,0.021847675421444612,0.22073598429079222,-0.20075090067058887
3750_0.h5,7,1.0,42,0.0599944956057699,0.0021747976455598022,0.7023032077812168,0.6829167377501039,0.04622313365638306,0.18153919211243552,0.18142059069762118,0.0334614573170654,0.3696763517920596,-0.256911768577312
3750_0.h5,8,0.0,42,0.07099147765901001,0.0025730768822737797,0.7636310852523416,0.7832254439115399,0.07214816246482579,0.0,0.0,0.0,0.0,0.0
3750_0.h5,8,0.5,42,0.06484568128643313,0.002350455177870619,0.7632414555402208,0.6680341171683853,0.059926275975734834,0.08657090365264253,0.08651964732839013,0.0005102329117364635,0.16939983045374807,-0.11519132674315458
3750_0.h5,8,1.0,42,0.06142295880274357,0.0022265090882739092,0.7647662434526608,0.6245406501032393,0.05008312872143151,0.13478404974504754,0.134690026709818,-0.001486526966020696,0.30582946245029585,-0.15868479380830058
3750_0.h5,9,0.0,42,0.06968749554121667,0.0025260969519635655,0.793302657851923,0.7004074015235394,0.06461189581552443,0.0,0.0,0.0,0.0,0.0
3750_0.h5,9,0.5,42,0.064999082065747,0.00235622524297638,0.7913172762615239,0.6359007559214245,0.057296880441764717,0.06727768646380328,0.06724670993135962,0.002502678606642994,0.11321468409849877,-0.06450664560211494
3750_0.h5,9,1.0,42,0.06252788721215594,0.0022667026784910834,0.794551927634543,0.6256794053690599,0.05196880603426074,0.10273878080216248,0.10268579488639651,-0.0015747707010118628,0.19567743093874534,-0.07472799615447956
3750_0.h5,10,0.0,42,0.0699650000830254,0.002536394743812473,0.8060263428217207,0.7342296770597557,0.05857811648128272,0.0,0.0,0.0,0.0,0.0
3750_0.h5,10,0.5,42,0.06559919998600086,0.0023781877605265718,0.7966127553550899,0.6748113738582043,0.054561058335724194,0.062399772626938854,0.062374748123038226,0.011679007206732095,0.06857608927801706,-0.05941830320155139
3750_0.h5,10,1.0,42,0.06324287957093769,0.0022928198662497067,0.7963269064437094,0.6635921191147508,0.05157264282035253,0.09607833208190919,0.09603192805732086,0.012033646870716064,0.11959199239819573,-0.07063755794500493
3750_0.h5,11,0.0,42,0.06931265867838451,0.002512922022327154,0.8012552837143428,0.8602943403594805,0.0550639273833068,0.0,0.0,0.0,0.0,0.0
3750_0.h5,11,0.5,42,0.06541503453893996,0.0023716599231253235,0.7768915993972414,0.7851793571335064,0.052446056865066065,0.056232500870148416,0.05621427881435459,0.0304068937981411,0.04754238650682174,-0.0751149832259741
3750_0.h5,11,1.0,42,0.0632908772381846,0.0022946834617358415,0.7661727339275404,0.7567301467224715,0.0506708871246944,0.0868785234186642,0.08684653111090457,0.04378448479512287,0.07978072882509646,-0.10356419363700897
3750_0.h5,12,0.0,42,0.07005206998887843,0.0025395735475088202,0.8557770488011629,1.0433179402572734,0.05567852504198614,0.0,0.0,0.0,0.0,0.0
3750_0.h5,12,0.5,42,0.06638194693340425,0.002406524512876911,0.7859382904534216,0.9259026972007623,0.05251311183021304,0.052391357686601636,0.052390305751303434,0.08160859004757925,0.056851599595824864,-0.11741524305651108
3750_0.h5,12,1.0,42,0.06435466692346428,0.0023330143906630718,0.7467289450361544,0.8687750931254244,0.050606731603881835,0.08133097375022147,0.0813361586036252,0.1274258335366335,0.09109065720185228,-0.17454284713184898
3750_0.h5,13,0.0,42,0.07081682459725913,0.0025672551495239723,0.8158086482750962,1.1043421834562313,0.05695671512632206,0.0,0.0,0.0,0.0,0.0
3750_0.h5,13,0.5,42,0.06709842159133182,0.0024324707687967814,0.7456962514389723,0.9927917408220058,0.05356221837934572,0.052507338857314734,0.052501357627886325,0.08594220836511846,0.059597832133538864,-0.11155044263422542
3750_0.h5,13,1.0,42,0.06506878347376198,0.002358898040582156,0.7052771663471122,0.9346365516437357,0.05127755355013918,0.08116773317903925,0.08115948622420732,0.1354870191210722,0.09971013187097066,-0.16970563181249554
3750_0.h5,14,0.0,42,0.07286638862872932,0.002641047198501118,0.6819232698520076,1.0414760656820756,0.06213557454608646,0.0,0.0,0.0,0.0,0.0
3750_0.h5,14,0.5,42,0.06780873947614702,0.0024578326226688666,0.6541249130091836,0.9323241025146329,0.05617712850552929,0.06940990555127091,0.06937194304449834,0.04076464035148242,0.09589427769976988,-0.10915196316744269
3750_0.h5,14,1.0,42,0.06543158475413635,0.002371798056419574,0.6413920910703206,0.8901292088199051,0.052540540964893634,0.10203337937433643,0.1019478721297945,0.05943656797411112,0.1544209360142974,-0.15134685686217053
3750_0.h5,15,0.0,42,0.0775214009760555,0.0028095729389175173,0.6169493198970959,1.0409822172677352,0.07139566016020804,0.0,0.0,0.0,0.0,0.0
3750_0.h5,15,0.5,42,0.06903105990730736,0.0025020609604336453,0.5933820913407568,0.8390412809451616,0.058633698072058704,0.1095225442503368,0.10945150212129795,0.03819961834185992,0.17874982960465913,-0.2019409363225736
3750_0.h5,15,1.0,42,0.0655351908687945,0.002375656915588783,0.5887144499625855,0.7910129132675892,0.05062987166266851,0.1546180790897117,0.154441985583729,0.04576529874320934,0.2908550526872672,-0.24996930400014605
3750_0.h5,16,0.0,42,0.07897084631089289,0.002861726037412916,0.592524506642759,0.9473814951754566,0.07270473823460388,0.0,0.0,0.0,0.0,0.0
3750_0.h5,16,0.5,42,0.06982668170164331,0.002530559248383564,0.5687220068303956,0.7474257495961196,0.0574541616083422,0.11579165016480608,0.11572274379162317,0.040171333920394625,0.20976042272583495,-0.19995574557933693
3750_0.h5,16,1.0,42,0.06542788019674342,0.002371454089107284,0.5604443216476167,0.6867814641672535,0.04680079204473523,0.17149323765422797,0.17132036466665135,0.05414153277289491,0.356289656202072,-0.26060003100820306
3750_0.h5,17,0.0,42,0.08142899866634744,0.0029501914344824097,0.5888760671397387,0.9370795932586543,0.0690098968868883,0.0,0.0,0.0,0.0,0.0
3750_0.h5,17,0.5,42,0.07090738362146848,0.0025691942881322307,0.5685546413650309,0.6948618251996594,0.053000396267589345,0.1292121383929934,0.12914319453883927,0.03450883285750117,0.2319884732698495,-0.24221776805899486
3750_0.h5,17,1.0,42,0.06579915303829616,0.0023844287360362433,0.5655770229150325,0.6116013135115858,0.04260422647545946,0.19194446553486488,0.19177152093705585,0.0395652761673152,0.38263599284475747,-0.32547827974706856
3750_0.h5,18,0.0,42,0.07850266168138688,0.002844908643299172,0.6798590569380313,0.6955729675444532,0.0524065042409701,0.0,0.0,0.0,0.0,0.0
3750_0.h5,18,0.5,42,0.0712305854297024,0.0025813377507406966,0.6362518949635486,0.5854166852552917,0.04538466776254938,0.09263477308832069,0.09264652247420446,0.06414147392678982,0.13398788146856055,-0.11015628228916152
3750_0.h5,18,1.0,42,0.06902626475793065,0.002501434520576752,0.5984702525353258,0.6003761443506972,0.04085811495139013,0.12071433911269658,0.12073291827188559,0.11971423131327641,0.22036175579426887,-0.095196823193756
3750_0.h5,19,0.0,42,0.08717391845448744,0.003158691631758751,0.7026716282225882,0.9147923690138887,0.046014316595552676,0.0,0.0,0.0,0.0,0.0
3750_0.h5,19,0.5,42,0.07791561884813819,0.0028230959502138354,0.6445539527545181,0.7238314724163479,0.0439780007598707,0.10620492654787461,0.1062451548516804,0.08270958031289677,0.04425396238262924,-0.19096089659754079
3750_0.h5,19,1.0,42,0.07428878225373933,0.002691567014926585,0.6123360176254815,0.6885950562883941,0.04441831553137777,0.1478095332777234,0.14788547642179062,0.12856020788203892,0.034684880321120826,-0.2261973127254946
3750_0.h5,20,0.0,42,0.09975799962368544,0.003614696469627663,0.782862813380672,1.2390662625398392,0.06443323888074966,0.0,0.0,0.0,0.0,0.0
3750_0.h5,20,0.5,42,0.0835523738160461,0.003027269699676761,0.6749715459781582,0.7859671950569437,0.04305957268067498,0.16244938620232363,0.1625106768678175,0.13781631412099138,0.3317180165292042,-0.4530990674828955
3750_0.h5,20,1.0,42,0.08214494439945437,0.0029757792115877543,0.6517174870082085,0.7874733808182247,0.04273004257396501,0.17655782283799137,0.17675543808681704,0.1675201888899699,0.336832304006198,-0.4515928817216145
3750_20.h5,1,0.0,42,0.1314025200394491,0.004352558373957437,0.6491189800763715,0.9275960122348071,0.16412432692661202,0.0,0.0,0.0,0.0,0.0
3750_20.h5,1,0.5,42,0.10103176240869226,0.0033467575820419365,0.6123394953153772,0.9104824693869136,0.12031850131310684,0.23112766499180581,0.23108266575664682,0.056660621380485554,0.26690635345662617,-0.01711354284789357
3750_20.h5,1,1.0,42,0.08049138387308506,0.0026665754889563117,0.6231757908393081,1.0133394177944153,0.08720595201124356,0.3874441384463534,0.3873544568842151,0.03996677039702501,0.4686591948661115,0.08574340555960813
3750_20.h5,2,0.0,42,0.1313577781427009,0.0043510498216857065,0.6801830904433332,0.9218672098132821,0.15524998980211852,0.0,0.0,0.0,0.0,0.0
3750_20.h5,2,0.5,42,0.10835496537226007,0.0035890648732327065,0.6397585581224968,0.8431781944615446,0.11953819734569462,0.17511572664887531,0.17512668888672656,0.059431839586732926,0.23002766378240735,-0.07868901535173745
3750_20.h5,2,1.0,42,0.09467186407501244,0.003135862863021313,0.6365972976912522,0.888339556633755,0.09501762021200144,0.2792823888040692,0.2792859214362201,0.06407950059986423,0.38797019997804316,-0.033527653179527106
3750_20.h5,3,0.0,42,0.12867966258503719,0.004261706805319979,0.7661053312658103,1.1644128680669554,0.15396080592170677,0.0,0.0,0.0,0.0,0.0
3750_20.h5,3,0.5,42,0.11263573672655076,0.00373040218405094,0.6787327337233844,0.9183139702434734,0.11379351674120766,0.12468113092761557,0.12466944478813036,0.11404776076686873,0.2608929522032072,-0.24609889782348204
3750_20.h5,3,1.0,42,0.10493110103528698,0.003475033832879133,0.660752181608221,0.8145654502675553,0.09030233078610651,0.18455567160083364,0.1845910590233062,0.13751783907249115,0.4134719531669139,-0.3498474177994001
3750_20.h5,4,0.0,42,0.12510809379232038,0.004142798076422629,0.7311875446679661,0.946170038098981,0.1050770226948802,0.0,0.0,0.0,0.0,0.0
3750_20.h5,4,0.5,42,0.1155545448730075,0.003826302339752954,0.7063923843088804,0.8203683900271217,0.09191809891276845,0.0763623569804508,0.0763966118626217,0.03391080789039591,0.125231220343217,-0.12580164807185934
3750_20.h5,4,1.0,42,0.11128940070218388,0.0036849771651564925,0.7037280782505067,0.7781033757017676,0.0858057892879552,0.11045402956163297,0.11051007141083546,0.03755461456872722,0.18340102253262625,-0.16806666239721346
3750_20.h5,5,0.0,42,0.1234904170243397,0.004088417209059895,0.7717748281202345,0.8793547026274418,0.10373035272155869,0.0,0.0,0.0,0.0,0.0
3750_20.h5,5,0.5,42,0.11714541794174439,0.0038784018984071044,0.7590258667135954,0.7887077018373302,0.0942416842114514,0.05138049765711561,0.05136836577915738,0.016519016871398784,0.09147436850598134,-0.09064700079011156
3750_20.h5,5,1.0,42,0.11414177692410518,0.0037790123378896915,0.759583369984165,0.7514251100597171,0.08891675632761875,0.075703364888564,0.0756783995734498,0.015796651681117213,0.14280869586652012,-0.12792959256772463
3750_20.h5,6,0.0,42,0.12699033804855164,0.004203703427578558,0.8132960743168001,0.7387165702080833,0.10162725805987256,0.0,0.0,0.0,0.0,0.0
3750_20.h5,6,0.5,42,0.12084839101112224,0.004000469354437111,0.8091477172701025,0.7016266266434341,0.09480158970554106,0.04836546726162094,0.04834643467189481,0.005100672655013572,0.06716375591192503,-0.03708994356464923
3750_20.h5,6,1.0,42,0.1177496908203459,0.003898046795380203,0.8090118463984762,0.7075275170427497,0.09270577315491768,0.07276653775559527,0.07271127410965361,0.005267734658528589,0.08778633877634379,-0.031189053165333602
3750_20.h5,7,0.0,42,0.1419261028807559,0.00469808936023475,0.847904886900436,0.889520034138682,0.12982263917055561,0.0,0.0,0.0,0.0,0.0
3750_20.h5,7,0.5,42,0.12924496844003142,0.004278535914932554,0.8437762740520266,0.6953505335617253,0.10740995104165457,0.0893502617441626,0.0893029938624309,0.004869193363776669,0.17264082961259308,-0.1941695005769567
3750_20.h5,7,1.0,42,0.12203078116858833,0.004040097782538295,0.8514776769840469,0.6395922398982393,0.09759940139885012,0.14018084981085766,0.14005514311110867,-0.004213668465423481,0.2482096957632477,-0.24992779424044265
3750_20.h5,8,0.0,42,0.14315175190463345,0.004738677681177636,0.8698591162103704,0.849285744567788,0.13089438402439438,0.0,0.0,0.0,0.0,0.0
3750_20.h5,8,0.5,42,0.13328320227863863,0.004412223209811066,0.8632685992031336,0.6887982027332892,0.11373025929758382,0.0689376797328276,0.0688914700114065,0.0075765338138307214,0.13112957331776542,-0.16048754183449887
3750_20.h5,8,1.0,42,0.12697257152004843,0.00420364918172567,0.8727598193902525,0.6181350988796681,0.10444780261032148,0.11302118325009014,0.11290670846365791,-0.00333468158903627,0.20204519553065114,-0.23115064568811994
3750_20.h5,9,0.0,42,0.14136039236849493,0.004679769517518155,0.8754887498899151,0.7412445180360324,0.12469795075089538,0.0,0.0,0.0,0.0,0.0
3750_20.h5,9,0.5,42,0.1351560354487212,0.00447454515153756,0.8759316396576787,0.6684721992247421,0.11569551036946375,0.04389034874493236,0.04385351996767417,-0.0005058771661192729,0.07219397213203183,-0.07277231881129032
3750_20.h5,9,1.0,42,0.13133888145724537,0.004348396844310716,0.8836554655819375,0.6456544617679831,0.11036538664031446,0.0708933439087076,0.07080961401346486,-0.009328178909265628,0.11493824897902738,-0.09559005626804928
3750_20.h5,10,0.0,42,0.14219471023565164,0.004707136678453778,0.8864143202833104,0.7508917561135646,0.12022824538496144,0.0,0.0,0.0,0.0,0.0
3750_20.h5,10,0.5,42,0.13740031341742992,0.0045485652268240015,0.8875819214722347,0.7079955541336135,0.11493268426802479,0.033717124992035385,0.0336874542767398,-0.0013172183280514282,0.04404589869860176,-0.04289620197995114
3750_20.h5,10,1.0,42,0.1345531090644694,0.004454481502535391,0.8957098958815424,0.7045272860148153,0.11120077466939382,0.05374040397507207,0.053674918146073614,-0.010486716409614294,0.07508610548762784,-0.04636447009874933
3750_20.h5,11,0.0,42,0.14488636928137127,0.004797245242458919,0.923947598649605,0.8818592809185991,0.12253150981455427,0.0,0.0,0.0,0.0,0.0
3750_20.h5,11,0.5,42,0.14051181108176108,0.004652458632082294,0.9130787916689007,0.813156637444104,0.11899326758152806,0.03019302796603829,0.03018119838760025,0.011763445239307502,0.02887618244793666,-0.06870264347449506
3750_20.h5,11,1.0,42,0.13793101150351475,0.0045670896371366836,0.9132641053613555,0.7893824389405358,0.11655746158285643,0.04800560475326099,0.04797661859877411,0.011562877920635262,0.04875519970935871,-0.09247684197806327
3750_20.h5,12,0.0,42,0.14775188181962098,0.004893209299934261,1.0042259496461283,1.083405842747015,0.12292433695919883,0.0,0.0,0.0,0.0,0.0
3750_20.h5,12,0.5,42,0.14353335777023019,0.004753381061005488,0.9518278767143544,0.9599441462696651,0.11991662926431516,0.028551406570515803,0.028575977514522344,0.052177573135048005,0.02446795947235403,-0.12346169647734995
3750_20.h5,12,1.0,42,0.14128155089462938,0.00467870417142129,0.9285354695633966,0.9010727609749177,0.11931342596563303,0.04379186813262215,0.04383730908789307,0.07537196196673046,0.02937506992422767,-0.18233308177209728
3750_20.h5,13,0.0,42,0.15093801817594285,0.004998821715413806,0.9918373698735281,1.1058703794506681,0.1270030100844846,0.0,0.0,0.0,0.0,0.0
3750_20.h5,13,0.5,42,0.1471052598352253,0.0048717517119497965,0.9396362185105974,0.9981136072448816,0.12629708377008778,0.025392928746751253,0.025419991089538296,0.052630756763668796,0.005558343175703029,-0.1077567722057865
3750_20.h5,13,1.0,42,0.14519234815651036,0.004808281516295569,0.9164757508462981,0.9430408323551266,0.12753486002588724,0.038066420169469706,0.0381170223636319,0.07598183060680563,-0.004187695559725979,-0.16282954709554154
3750_20.h5,14,0.0,42,0.15576668503540253,0.005158531070905384,0.9020232955732991,1.0413268953197323,0.13987259415836922,0.0,0.0,0.0,0.0,0.0
3750_20.h5,14,0.5,42,0.15057155442058937,0.00498659345819816,0.876397165611295,0.9475258487250576,0.13594547139682553,0.03335200086997048,0.03333073123800079,0.028409609915580836,0.028076427588790254,-0.0938010465946747
3750_20.h5,14,1.0,42,0.14781151784603022,0.004895338791685272,0.8696276552685906,0.9049040369099105,0.13448690233841387,0.051071043770137825,0.05102078006363908,0.03591441647204763,0.03850426777569782,-0.13642285840982182
3750_20.h5,15,0.0,42,0.16546239307930322,0.005477615669717717,0.8524478501687648,1.0688364032522388,0.16436060795255947,0.0,0.0,0.0,0.0,0.0
3750_20.h5,15,0.5,42,0.15482890457190787,0.005126096081705755,0.8194698372272475,0.8702392465776136,0.14517431542495723,0.0642652889850257,0.06417383204800076,0.03868625269567916,0.11673291287131349,-0.19859715667462519
3750_20.h5,15,1.0,42,0.148831515914034,0.004928149718606099,0.8150934587935604,0.7923093304754166,0.13371114835337866,0.10051152322750656,0.10031115438588889,0.043820148490971045,0.18647691792444188,-0.2765270727768222
3750_20.h5,16,0.0,42,0.1736308164836593,0.005747068460891717,0.8405908821370448,1.0906070074626635,0.20742103229852538,0.0,0.0,0.0,0.0,0.0
3750_20.h5,16,0.5,42,0.158192168682878,0.005236801570237841,0.7788996242324642,0.7963466525645099,0.16106339562202518,0.08891651904565145,0.08878733464307875,0.0733903486411156,0.22349535224461303,-0.2942603548981536
3750_20.h5,16,1.0,42,0.1495907688153203,0.004952967747475664,0.7718353754410159,0.6864286320741034,0.13475066832916555,0.13845495952385534,0.13817491801600024,0.08179425706026089,0.35035195401385755,-0.40417837538856005
3750_20.h5,17,0.0,42,0.17960293002002414,0.0059455215462260675,0.7978366618727396,1.0267967925728254,0.22212012905432788,0.0,0.0,0.0,0.0,0.0
3750_20.h5,17,0.5,42,0.1614734398791772,0.005346081628515445,0.7494024173327684,0.7217562385742076,0.16551691952413086,0.10094206224155511,0.10082209156085187,0.0607069677974974,0.2548315173918909,-0.30504055399861785
3750_20.h5,17,1.0,42,0.15144158310961023,0.005014776202179473,0.7556489936910298,0.6173118878692784,0.13725951751801693,0.1567978145304989,0.15654561787559018,0.05287757532059745,0.3820482722462091,-0.40948490470354704
3750_20.h5,18,0.0,42,0.1714814970857564,0.005679944479571878,0.8050628112445212,0.7736359589334155,0.17426940728012294,0.0,0.0,0.0,0.0,0.0
3750_20.h5,18,0.5,42,0.16094938768770992,0.005330937792139036,0.7738586622786501,0.630660248033651,0.1542178572125155,0.06141834295264803,0.06144543994893914,0.03875989367541843,0.11506064306155772,-0.14297571089976457
3750_20.h5,18,1.0,42,0.15596182356673136,0.00516552722798986,0.7537678344367796,0.6031199267430432,0.1421209985601743,0.09050348744776704,0.0905673028023668,0.06371549659391951,0.18447534321542092,-0.17051603219037237
3750_20.h5,19,0.0,42,0.18707119118757262,0.006197015132164272,0.9135203376953346,0.9763703838926684,0.21100730774037055,0.0,0.0,0.0,0.0,0.0
3750_20.h5,19,0.5,42,0.17230154089906527,0.005707791709348835,0.8066260543860434,0.7635917716163687,0.17414952249372276,0.0789520299451032,0.07894501019954392,0.11701357802166545,0.17467539698671797,-0.21277861227629968
3750_20.h5,19,1.0,42,0.16425954487330727,0.005441298092273617,0.7576466089580108,0.6816373580768151,0.14992682701323395,0.12194099032272998,0.12194855487253342,0.17062973018265604,0.28947092582353484,-0.29473302581585326
3750_20.h5,20,0.0,42,0.21639670292527238,0.0071703682617941114,1.0323071747650228,1.5734673914913802,0.2921698845640931,0.0,0.0,0.0,0.0,0.0
3750_20.h5,20,0.5,42,0.18516265248427657,0.00613512915101853,0.8030612642764358,0.9313559108692822,0.19536659150927801,0.14433699783208698,0.1443773977818752,0.22207141061551638,0.33132536297928894,-0.642111480622098
3750_20.h5,20,1.0,42,0.17862582347376052,0.005917181223383794,0.7890955061947957,0.8208132447969545,0.16457789849106683,0.17454461616522488,0.17477303712386394,0.23560009512245006,0.4367047831209192,-0.7526541466944257
8850_10.h5,1,0.0,42,0.07717774478346086,0.00611530032869022,0.6249775468703583,0.9153471991866189,0.07121955098016872,0.0,0.0,0.0,0.0,0.0
8850_10.h5,1,0.5,42,0.060024369463816646,0.004756214968500365,0.5287792558269926,0.9290025412901692,0.05757043517241618,0.22225805337758675,0.22224343648563616,0.1539227953469512,0.19164843950719612,0.01365534210355035
8850_10.h5,1,1.0,42,0.049216033828248046,0.003899792128122435,0.5089640676097777,1.0432085126568682,0.048785633927998416,0.3623027730813533,0.36228935317757394,0.18562823551266838,0.3149966089847588,0.12786131347024932
8850_10.h5,2,0.0,42,0.07037093161245003,0.00557537327939743,0.6021246878028613,0.7561460578445571,0.0611435686028578,0.0,0.0,0.0,0.0,0.0
8850_10.h5,2,0.5,42,0.05979494584416725,0.004737535075424934,0.5373689849612588,0.834996003039091,0.054828654532319214,0.150289125437863,0.1502748178437745,0.10754533762416307,0.10328010312180946,0.07884994519453392
8850_10.h5,2,1.0,42,0.05528706093106908,0.004380367890224023,0.5318920481642883,0.9916519672888459,0.05339141370179224,0.21434803171928318,0.2143363913568419,0.11664135528946717,0.12678610487094188,0.23550590944428873
8850_10.h5,3,0.0,42,0.07437348984628522,0.005892060923682456,0.6260272189009238,1.0088796958125923,0.08029225615342586,0.0,0.0,0.0,0.0,0.0
8850_10.h5,3,0.5,42,0.06494958879851596,0.005145410859498537,0.566067936993181,0.9197061245901376,0.06519021693613516,0.12671048605150215,0.12672137539902983,0.09577743602428257,0.18808836543879248,-0.08917357122245473
8850_10.h5,3,1.0,42,0.05944075191230197,0.004708927275719745,0.5539693373298733,0.9016453140835461,0.053168138540198494,0.20078038511902785,0.20080132627401104,0.11510343223982811,0.3378173551556136,-0.1072343817290462
8850_10.h5,4,0.0,42,0.0667432637830762,0.005288315572132198,0.6012204911349187,0.8294718118357005,0.05106930453017331,0.0,0.0,0.0,0.0,0.0
8850_10.h5,4,0.5,42,0.06360083531697518,0.005039280910897567,0.594072218546956,0.8254408441673174,0.04973552916651097,0.0470823314291956,0.04709149025579484,0.0118896023894145,0.02611696744126024,-0.0040309676683830675
8850_10.h5,4,1.0,42,0.06355864333296439,0.005035828958618383,0.5995186540442174,0.8627841058537535,0.05114700975403656,0.04771448487239427,0.04774424106691799,0.002830637205143649,-0.0015215641681070036,0.033312294018053024
8850_10.h5,5,0.0,42,0.06841039913281259,0.005420913321246084,0.643717015044284,0.7887980747572689,0.050278426582919734,0.0,0.0,0.0,0.0,0.0
8850_10.h5,5,0.5,42,0.06583143758627427,0.0052164342570753695,0.6391889486366531,0.8046157009271849,0.049663764896582405,0.037698384737260504,0.03772040836168755,0.007034249991542341,0.012225157549901056,0.015817626169916
8850_10.h5,5,1.0,42,0.06554058677292375,0.0051932785160681855,0.6458482638994527,0.849924353789695,0.05077341671807336,0.0419499432289141,0.041991965502516604,-0.0033108474770113805,-0.009844980616831478,0.06112627903242607
8850_10.h5,6,0.0,42,0.0695276216029353,0.005509692431838515,0.6731994118797031,0.7442759726604481,0.049137485169503614,0.0,0.0,0.0,0.0,0.0
8850_10.h5,6,0.5,42,0.06748685968686284,0.005348053130488675,0.6702663010095613,0.7845845531630176,0.04988205408161497,0.029351815422754224,0.029337263985151907,0.004356971824963418,-0.015152767984419668,0.04030858050256947
8850_10.h5,6,1.0,42,0.06739772509337162,0.0053411274307579425,0.6797569744212639,0.8502334627580946,0.05213122645961719,0.030633818048994677,0.030594266951544546,-0.009740891667226581,-0.060925814167868575,0.10595749009764655
8850_10.h5,7,0.0,42,0.07282928235468333,0.005772773009769316,0.7053502347660805,0.7702267910030766,0.055267305960793545,0.0,0.0,0.0,0.0,0.0
8850_10.h5,7,0.5,42,0.07042868420047253,0.005582703984255639,0.7069212936027294,0.7903111123953922,0.05329993031751045,0.032961991064524465,0.0329250821385183,-0.0022273457343782166,0.03559745873407949,0.02008432139231564
8850_10.h5,7,1.0,42,0.06999723403769777,0.005548756841805627,0.7160900782112586,0.8406559742681294,0.053921440951913056,0.038886121425628084,0.03880564290066213,-0.015226256284921691,0.024351919918717213,0.07042918326505287
8850_10.h5,8,0.0,42,0.0752425043834704,0.005964837282623524,0.7305573324884843,0.7810060320402819,0.05951655388736468,0.0,0.0,0.0,0.0,0.0
8850_10.h5,8,0.5,42,0.0729322359437575,0.0057818187219892524,0.731714179888304,0.7924866779124242,0.056338196725540426,0.030704300164421716,0.030682909183027074,-0.0015835135017796542,0.05340290984991014,0.01148064587214237
8850_10.h5,8,1.0,42,0.07218852585180581,0.005723003710851384,0.7401688399659171,0.8289072328045245,0.055171306574442136,0.04058847531310372,0.04054319679040341,-0.013156404090413076,0.07300905427330262,0.047901200764242646
8850_10.h5,9,0.0,42,0.07678609576914781,0.00608778338962193,0.7458184400746917,0.7737452393962476,0.06024889088090396,0.0,0.0,0.0,0.0,0.0
8850_10.h5,9,0.5,42,0.0748351622787392,0.005933139885630654,0.7474470527925972,0.7937432684530159,0.05807797020482952,0.025407379693766052,0.025402267803237177,-0.0021836584219376842,0.036032541750283364,0.019998029056768285
8850_10.h5,9,1.0,42,0.07416778881306166,0.005880246931531222,0.7569258820348344,0.8333488060834882,0.05689243917754153,0.03409871188083213,0.034090644296658534,-0.014892957003088236,0.05570976750422241,0.05960356668724054
8850_10.h5,10,0.0,42,0.07861970288916718,0.006234510966619984,0.7515029850137596,0.7736961376556635,0.06169945356497726,0.0,0.0,0.0,0.0,0.0
8850_10.h5,10,0.5,42,0.07686045623412079,0.006095001483784425,0.7531427620283611,0.798127087546382,0.06012164199127862,0.02237666374199443,0.022376972882476753,-0.0021819966750651343,0.025572537235471815,0.02443094989071848
8850_10.h5,10,1.0,42,0.07626310678990661,0.006047605315283396,0.7632119711509665,0.8416715079003428,0.059150556982306146,0.02997462484159663,0.029979200026641117,-0.015580757988596039,0.0413114936259007,0.06797537024467937
8850_10.h5,11,0.0,42,0.0799644177390679,0.006341190990547522,0.749346579571512,0.7895440106790285,0.06158764481824839,0.0,0.0,0.0,0.0,0.0
8850_10.h5,11,0.5,42,0.07834661834891093,0.006212917543881894,0.7525190651983559,0.8102411085648706,0.060813570091097946,0.020231490904317084,0.02022860482468336,-0.004233669323823408,0.012568669080216033,0.020697097885842175
8850_10.h5,11,1.0,42,0.07780715067430935,0.0061701270925539715,0.7628844082231584,0.8504101855470387,0.06041629174878843,0.026977837465132715,0.026976619730985196,-0.018066177948510287,0.019019286626672405,0.06086617486801027
8850_10.h5,12,0.0,42,0.08187540001568301,0.006492735477329615,0.7534681957987148,0.8216943411471336,0.06086159121134516,0.0,0.0,0.0,0.0,0.0
8850_10.h5,12,0.5,42,0.08016704344266881,0.006357368938890737,0.7530437987222972,0.8315961997381534,0.060877908162375496,0.02086532185109291,0.02084892244748482,0.0005632581159815686,-0.00026809931691840205,0.009901858591019774
8850_10.h5,12,1.0,42,0.07950768131745287,0.006305161688345593,0.7603242408279423,0.8635021071440967,0.061494960350052516,0.02891856037071716,0.028889793776284978,-0.009099315760713322,-0.010406713431266423,0.04180776599696312
8850_10.h5,13,0.0,42,0.08420140987326409,0.006676845247426617,0.7529321183192911,0.8271511154560598,0.06577125308379711,0.0,0.0,0.0,0.0,0.0
8850_10.h5,13,0.5,42,0.0822698132962042,0.006523840461087502,0.7463546889863706,0.8323557178239256,0.06633070253373637,0.022940192806358506,0.022915730508818677,0.008735753427019044,-0.008505987398878867,0.005204602367865796
8850_10.h5,13,1.0,42,0.08160411278264393,0.006471197718422903,0.7513223424244295,0.8692608222949787,0.06796572377196565,0.03084624229605526,0.030800104148433594,0.002138009331378976,-0.03336519505524138,0.0421097068389189
8850_10.h5,14,0.0,42,0.08650644158939051,0.00685915390994337,0.7431576678878775,0.8153433776408282,0.07447882287144171,0.0,0.0,0.0,0.0,0.0
8850_10.h5,14,0.5,42,0.0845148836958631,0.006701455136942726,0.7387710947937844,0.8335672879892748,0.07449176813725535,0.023022076240061917,0.022990994963976052,0.005902614322153332,-0.00017381136428507027,0.018223910348446615
8850_10.h5,14,1.0,42,0.08378805551057271,0.006644031354897803,0.7458241330055341,0.8796255763624333,0.07527969263998847,0.0314240885288154,0.03136284122939936,-0.0035880207294838318,-0.010752986388213426,0.06428219872160512
8850_10.h5,15,0.0,42,0.09210557823578991,0.007302622790765972,0.7615182923026604,0.936967894049152,0.08762199903123878,0.0,0.0,0.0,0.0,0.0
8850_10.h5,15,0.5,42,0.08782017376429893,0.006963402216423613,0.7394784504355908,0.8794184716127325,0.08051223619714883,0.04652708938562178,0.04645188229786379,0.02894197301607304,0.08114129913373924,-0.057549422436419584
8850_10.h5,15,1.0,42,0.08556767899703062,0.006785343219802047,0.7327174328491235,0.8684158001017391,0.07593456676644153,0.07098266320007562,0.07083476523229637,0.03782031205901781,0.1333846795783611,-0.0685520939474129
8850_10.h5,16,0.0,42,0.10010979934193995,0.00793708804146379,0.7941719870861521,1.0830204000458779,0.09705117864970962,0.0,0.0,0.0,0.0,0.0
8850_10.h5,16,0.5,42,0.0910755211560765,0.007221557220382376,0.7343868239612351,0.8906515272214839,0.08223110464888966,0.09024369487551887,0.09015029408057984,0.07527986896676009,0.1527036992957148,-0.19236887282439397
8850_10.h5,16,1.0,42,0.08662036253313421,0.006869044292805675,0.7135365060385188,0.8170525127185714,0.07339399265352883,0.13474641740845528,0.13456367663790492,0.10153402834502889,0.2437599040560603,-0.2659678873273065
8850_10.h5,17,0.0,42,0.10088127279333885,0.007999422327253513,0.7604641549250312,0.9748777863950453,0.08853762441549248,0.0,0.0,0.0,0.0,0.0
8850_10.h5,17,0.5,42,0.0913429802402084,0.00724402804165323,0.7149539379387725,0.7817163696459656,0.07410738367074646,0.09454968488224957,0.09443110448447056,0.059845315116456965,0.1629842774753847,-0.19316141674907972
8850_10.h5,17,1.0,42,0.08787560153202419,0.006969893645667025,0.7073373592964523,0.7353788672816072,0.06797027909077628,0.128920570698563,0.12870037853595395,0.06986101223116337,0.23230062315877187,-0.23949891911343812
8850_10.h5,18,0.0,42,0.10104915951785953,0.008014274591926093,0.761894577897443,0.7574518854767844,0.08057542064051716,0.0,0.0,0.0,0.0,0.0
8850_10.h5,18,0.5,42,0.0936191447619664,0.007425294165791915,0.7318878308294691,0.6454840942420983,0.07168514707472673,0.0735287140570422,0.07349142076159221,0.03938438195843552,0.11033480799875561,-0.11196779123468614
8850_10.h5,18,1.0,42,0.09066508590641867,0.0071909454306971566,0.7159254011056642,0.6347994536441346,0.06813702508406315,0.10276259259341558,0.10273283648883103,0.06033535101225862,0.1543696012701843,-0.12265243183264984
8850_10.h5,19,0.0,42,0.1121560813373983,0.008894449886720956,0.7946595320021087,0.8265630214044736,0.09202939801076417,0.0,0.0,0.0,0.0,0.0
8850_10.h5,19,0.5,42,0.10135770049836237,0.00803831452677146,0.7536869806502968,0.6650309893986671,0.08050068207698527,0.0962799405103254,0.09625500968055045,0.0515598815615832,0.12527209981782617,-0.16153203200580646
8850_10.h5,19,1.0,42,0.09696831200929838,0.007689887176640464,0.7258999517539687,0.6594689555416798,0.07565143283921738,0.13541636928639345,0.13542857910513995,0.08652709428263361,0.177964493146322,-0.16709406586279374
8850_10.h5,20,0.0,42,0.14830452318161194,0.011756668679673383,1.0846800536400514,1.5132078992931919,0.16034628059175754,0.0,0.0,0.0,0.0,0.0
8850_10.h5,20,0.5,42,0.11970181680447564,0.009490697694545094,0.8173203319140401,0.890694140857687,0.11774131463582665,0.19286469329131495,0.19273920588117144,0.24648717456247615,0.26570598207016316,-0.6225137584355049
8850_10.h5,20,1.0,42,0.10366065247046147,0.008220400565870058,0.7473995628079075,0.6788695229019664,0.08540854471906391,0.30102838236754337,0.3007882768625889,0.31094928841022973,0.46734938656597524,-0.8343383763912254
8850_20.h5,1,0.0,42,0.10828983094126185,0.008220945522192182,0.6074035535692458,0.916665416814898,0.12104656484862925,0.0,0.0,0.0,0.0,0.0
8850_20.h5,1,0.5,42,0.08364700437031938,0.006350251358545977,0.5525165533062449,0.9178499522457048,0.08855427588570032,0.22756362584321632,0.22755219075425392,0.09036331766660233,0.26842801366202396,0.0011845354308067657
8850_20.h5,1,1.0,42,0.06688353092840167,0.0050777687052258585,0.5358302132815446,1.0004917837675098,0.06356044281469737,0.3823655430334878,0.38233762874129473,0.11783490542180641,0.474909156701962,0.08382636695261181
8850_20.h5,2,0.0,42,0.10458734119452322,0.007939934119198832,0.6273699789768467,0.7869519789555541,0.11375324733803954,0.0,0.0,0.0,0.0,0.0
8850_20.h5,2,0.5,42,0.08691385912900704,0.006598302051641559,0.5806403586927977,0.8231057813190719,0.08821445309292303,0.16898299415265816,0.16897269516546676,0.0744849480369757,0.2245104631538395,0.03615380236351773
8850_20.h5,2,1.0,42,0.07743060434544584,0.005878491713386055,0.5679340151462254,0.9311498559030353,0.07456750843663132,0.2596560591263932,0.259629661262326,0.09473829769086661,0.34448017809074327,0.1441978769474812
8850_20.h5,3,0.0,42,0.10805449811614544,0.008203347637644118,0.6650051281656536,1.0292794929488427,0.11289584552699441,0.0,0.0,0.0,0.0,0.0
8850_20.h5,3,0.5,42,0.09375719770887855,0.007117862491172022,0.6022523608076252,0.8875295199415612,0.08897881259936778,0.13231564309242383,0.13232221702892877,0.09436433600313021,0.2118504256377428,-0.14174997300728154
8850_20.h5,3,1.0,42,0.08652759054901482,0.0065688646392461,0.6004612173232824,0.8374041637789992,0.0795668740625251,0.19922268801796494,0.19924585310728304,0.09705776408132183,0.29521875945824816,-0.1918753291698435
8850_20.h5,4,0.0,42,0.10117821499278207,0.007681611772238975,0.6529832122536283,0.7510750982209055,0.08918033550589695,0.0,0.0,0.0,0.0,0.0
8850_20.h5,4,0.5,42,0.09583378238666987,0.0072758562264209695,0.6460086886504888,0.7461823677831251,0.08706137365623506,0.052821969694696325,0.052821667880221246,0.010681015181184361,0.02376041576477106,-0.004892730437780379
8850_20.h5,4,1.0,42,0.09405227551320343,0.007140622029658236,0.6482144546810419,0.7766512818389847,0.08811048443812472,0.07042958289081291,0.07042659257212824,0.007303032425792555,0.011996490725261766,0.02557618361807923
8850_20.h5,5,0.0,42,0.10329114842516875,0.007840947458744049,0.6985127141461638,0.6875526834117817,0.0932003660549711,0.0,0.0,0.0,0.0,0.0
8850_20.h5,5,0.5,42,0.09979298370115451,0.007575328974079493,0.6928994412987401,0.6984799043893781,0.09019183884476113,0.03386703291955895,0.03387581488871527,0.008036035327266822,0.03228020808883403,0.010927220977596463
8850_20.h5,5,1.0,42,0.09880661240131036,0.007500387204068217,0.6933581655491503,0.7332530089860864,0.08966493985563703,0.04341646009587441,0.04343355907786972,0.007379319649627569,0.03793360851446459,0.0457003255743047
8850_20.h5,6,0.0,42,0.10639891271063914,0.008077784929339218,0.7341726664321724,0.629753209380363,0.09481234605864756,0.0,0.0,0.0,0.0,0.0
8850_20.h5,6,0.5,42,0.1038587058298776,0.007884961146308284,0.7298120507911693,0.6532065220836032,0.09194519410927754,0.02387436878861582,0.02387087360181883,0.005939496034623848,0.030240280602238268,0.023453312703240137
8850_20.h5,6,1.0,42,0.10358585613764852,0.007864299149658735,0.729781853332567,0.6983053151907297,0.09150650852405995,0.026438771800619487,0.02642875262809785,0.005980627310661513,0.03486716310703608,0.06855210581036664
8850_20.h5,7,0.0,42,0.11266768655983841,0.00855298994965393,0.7635014546570118,0.6389770678084281,0.1056712690853453,0.0,0.0,0.0,0.0,0.0
8850_20.h5,7,0.5,42,0.10929890145579992,0.008297535744364109,0.7625207934630153,0.634978152375454,0.0989631033078574,0.02990018883763379,0.029867240204129786,0.0012844260977041833,0.06348145371539027,-0.003998915432974148
8850_20.h5,7,1.0,42,0.10841273238509191,0.0082305538952929,0.7632769421993992,0.6612809871363858,0.09688506678094885,0.0377655235912443,0.03769863594590994,0.00029405635869206304,0.0831465580043359,0.022303919327957722
8850_20.h5,8,0.0,42,0.1168153651924223,0.008866004813884052,0.7931378191020315,0.6292307421456391,0.10540765769510096,0.0,0.0,0.0,0.0,0.0
8850_20.h5,8,0.5,42,0.11383788138859013,0.008640233657746228,0.7922918372316787,0.6212982548397915,0.10217129806305375,0.02548880276946064,0.025464813168640466,0.0010666265685207454,0.030703268650638327,-0.007932487305847613
8850_20.h5,8,1.0,42,0.11282805976490762,0.008563801520582762,0.7935875075491858,0.6385383774052847,0.10218534937540039,0.03413339864106624,0.034085622514894665,-0.0005669739058256074,0.030569964176809017,0.009307635259645619
8850_20.h5,9,0.0,42,0.1194264083792751,0.009062774470525602,0.8100061966081684,0.5925449363617423,0.10136141323979476,0.0,0.0,0.0,0.0,0.0
8850_20.h5,9,0.5,42,0.11748904056107701,0.008915682987801432,0.8088092350574938,0.6054802959362695,0.10074432626189884,0.01622227315122282,0.016230292743414032,0.0014777190047271516,0.006087987116320637,0.012935359574527183
8850_20.h5,9,1.0,42,0.11704101155683322,0.008881599908367791,0.8106999309019693,0.636175522193325,0.10207117393044436,0.019973780127979013,0.019991070366700114,-0.0008564555391130657,-0.007002276980595079,0.043630585831582636
8850_20.h5,10,0.0,42,0.1233120006648528,0.009355321104503031,0.8175972839953944,0.5993173760729362,0.10651537914100125,0.0,0.0,0.0,0.0,0.0
8850_20.h5,10,0.5,42,0.12156404860370687,0.009222490682095958,0.8170117453738208,0.6102452587302352,0.10645156368158283,0.014175036101284677,0.014198381960736528,0.0007161699690491075,0.0005991196757976214,0.010927882657298937
8850_20.h5,10,1.0,42,0.12121759749098493,0.0091959711213335,0.8189672549804156,0.6405920964646072,0.10829128074626446,0.016984585138312802,0.017033085384191793,-0.0016756060860749766,-0.016672724817627937,0.041274720391671016
8850_20.h5,11,0.0,42,0.12733878729730816,0.00965770880917618,0.8125336423903051,0.6515279838171849,0.1153499149345482,0.0,0.0,0.0,0.0,0.0
8850_20.h5,11,0.5,42,0.1254568271382439,0.00951479263610128,0.8126656324683359,0.6461983196930154,0.11387839912082393,0.014779158801554226,0.014798144766914989,-0.00016244260070563676,0.012756973549215345,-0.005329664124169464
8850_20.h5,11,1.0,42,0.12495741723399173,0.009476721739118342,0.815451831190523,0.6633290815940751,0.11436238948219171,0.018701058128945847,0.018740166392869018,-0.0035914682764803807,0.00856112857054836,0.011801097776890201
8850_20.h5,12,0.0,42,0.13183235658818293,0.009998153234708821,0.8178029680224893,0.7091265190249588,0.1274590497167763,0.0,0.0,0.0,0.0,0.0
8850_20.h5,12,0.5,42,0.12965881716145658,0.009833227753341627,0.8133358871741142,0.6901638620443121,0.12555219042934676,0.016487146880913572,0.016495594485854803,0.00546229473729698,0.014960564131513032,-0.018962656980646697
8850_20.h5,12,1.0,42,0.12892750685401702,0.009777673062459616,0.813047295826099,0.6982299130137094,0.12583429483645447,0.02203442166508529,0.022052089728311297,0.005815180896065808,0.012747269683338724,-0.010896606011249421
8850_20.h5,13,0.0,42,0.13589437526218512,0.010306485108767006,0.8187752347591045,0.7515703517562036,0.1412278660853734,0.0,0.0,0.0,0.0,0.0
8850_20.h5,13,0.5,42,0.13347018611761036,0.010122592580991355,0.8094980178740284,0.7336563961099289,0.13923600335056546,0.017838774709385108,0.017842409496058642,0.011330602699293424,0.01410389316230165,-0.017913955646274626
8850_20.h5,13,1.0,42,0.13257472362966874,0.01005464182803345,0.8057922038654792,0.7453445757287023,0.1388079797772087,0.024428175383356954,0.024435418872272074,0.01585664825029187,0.017134623465186793,-0.006225776027501295
8850_20.h5,14,0.0,42,0.1412204501820128,0.010712751492860483,0.8034900164168205,0.7996835753606524,0.16281166199174354,0.0,0.0,0.0,0.0,0.0
8850_20.h5,14,0.5,42,0.1378512559378207,0.010457263752576284,0.7939273351191551,0.7768782861094182,0.15644154083079792,0.023857693696980098,0.02384893745126715,0.011901431383441796,0.03912570563445672,-0.02280528925123415
8850_20.h5,14,1.0,42,0.13606325992545606,0.010321735050867002,0.7900386875208831,0.7814299498690135,0.15156668411105242,0.0365187212610486,0.036500094513914005,0.016741127607190265,0.06906739814044383,-0.018253625491638892
8850_20.h5,15,0.0,42,0.15058970613527045,0.01142311548238216,0.809382096919181,0.9638274863297327,0.19298375718692373,0.0,0.0,0.0,0.0,0.0
8850_20.h5,15,0.5,42,0.14280080549148758,0.010832747311272655,0.7762324401754702,0.8398838272041962,0.16995269647950476,0.05172266314661855,0.0516818876619104,0.04095674573219632,0.11934196454218238,-0.12394365912553651
8850_20.h5,15,1.0,42,0.13806312421773292,0.010473946594819279,0.7641189182384162,0.7797449517502768,0.15420552641480603,0.08318352056737033,0.08309194536523612,0.05592312809123634,0.20094038657645774,-0.1840825345794559
8850_20.h5,16,0.0,42,0.15864294287382846,0.012032104425620364,0.8113457591161518,1.0388248024626223,0.21206041996522312,0.0,0.0,0.0,0.0,0.0
8850_20.h5,16,0.5,42,0.14620640649542738,0.011089422177081743,0.7543143181706062,0.8231127800502468,0.1756346046081566,0.07839325313255241,0.07834724626652467,0.07029240037893758,0.1717709290731395,-0.21571202241237553
8850_20.h5,16,1.0,42,0.13937131642732417,0.010571849251267487,0.741260113848094,0.7248535072981146,0.154224468235833,0.12147799389873493,0.12136323977071761,0.0863819703013009,0.2727333640991324,-0.3139712951645077
8850_20.h5,17,0.0,42,0.15698803798270108,0.011908067547317875,0.7884749761896699,0.8870109434485077,0.1999417879042587,0.0,0.0,0.0,0.0,0.0
8850_20.h5,17,0.5,42,0.145688662871916,0.011051695271854619,0.7423919643620748,0.7143861533674687,0.16570579330010812,0.07197602604620223,0.07191530213112884,0.0584457506188627,0.17122981125158465,-0.17262479008103904
8850_20.h5,17,1.0,42,0.1411140370141504,0.010705679558405738,0.734076428641739,0.6636369862529791,0.15016188798931793,0.1011159905718414,0.10097255361832058,0.06899210398637323,0.24897196547415934,-0.22337395719552866
8850_20.h5,18,0.0,42,0.15551093511129774,0.011798192512628916,0.7829500447454566,0.7167189905780481,0.1650401149298722,0.0,0.0,0.0,0.0,0.0
8850_20.h5,18,0.5,42,0.1476978347142604,0.011205129208414277,0.7588298157900644,0.6295105080513782,0.15207441786207235,0.05024148553569929,0.05026730184134709,0.030806855580720827,0.07856088244551418,-0.0872084825266699
8850_20.h5,18,1.0,42,0.14476065828412676,0.010981914982926824,0.7452000779994502,0.6204956066261802,0.14726807220708343,0.06912875174647426,0.06918665963691806,0.048215038749093164,0.10768316981807935,-0.09622338395186791
8850_20.h5,19,0.0,42,0.17594133393636507,0.013352300365909897,0.817167874091544,0.9125770624566863,0.1906285725550152,0.0,0.0,0.0,0.0,0.0
8850_20.h5,19,0.5,42,0.15959183167692134,0.01211088713842429,0.7714051596310453,0.7241911314025018,0.15919074288532817,0.0929258741743828,0.09297373437277456,0.05600160739477644,0.16491667145340505,-0.18838593105418455
8850_20.h5,19,1.0,42,0.15264460833334223,0.011582435744071404,0.7502893042807524,0.6961070647016389,0.15018112258921018,0.13241189595305025,0.13255128879194333,0.08184189801286723,0.21217936757162636,-0.2164699977550475
8850_20.h5,20,0.0,42,0.22582522199358698,0.01713826511856394,1.2569814720241728,1.7710431693624837,0.3347730632569364,0.0,0.0,0.0,0.0,0.0
8850_20.h5,20,0.5,42,0.1854021704192656,0.014070988432740204,0.8827927515732396,1.074474008656859,0.22286802354520244,0.17900149158480327,0.1789724143373942,0.29768833413937323,0.33427133779233453,-0.6965691607056248
8850_20.h5,20,1.0,42,0.16252893572769253,0.01233527681763956,0.7641665160411448,0.7811927050288426,0.152307611185779,0.2802888256108609,0.28024938742030825,0.3920622276074016,0.5450422154518334,-0.9898504643336411
8850_5.h5,1,0.0,42,0.05551826457949199,0.0044288266775540965,0.6837094883346498,0.9435177785478286,0.05300248445050341,0.0,0.0,0.0,0.0,0.0
8850_5.h5,1,0.5,42,0.04209576010398318,0.0033580696530760394,0.5765168156737089,0.8759212867567718,0.04161338779024762,0.24176736389679898,0.24176990937685616,0.1567810224808145,0.21487854349340063,-0.06759649179105676
8850_5.h5,1,1.0,42,0.034426992692999814,0.0027462578646289975,0.5581727595753071,0.9984162647309127,0.033406357426792835,0.3798978956968897,0.3799129962462946,0.1836112133899439,0.3697209145358177,0.05489848618308413
8850_5.h5,2,0.0,42,0.0505054352084256,0.004028565729648372,0.6912732981830386,0.7501791397824948,0.04295110523266993,0.0,0.0,0.0,0.0,0.0
8850_5.h5,2,0.5,42,0.04196803746313192,0.0033475845921554833,0.6017126168432032,0.766851439822807,0.03730963659470042,0.16903918776388294,0.16903811013462777,0.12955900593186387,0.13134629731666214,0.01667230004031217
8850_5.h5,2,1.0,42,0.03862612874124775,0.0030809798392556534,0.5950195289766946,0.9350969334147479,0.03330764749189216,0.23520847643732556,0.2352166885149537,0.1392412660221941,0.2245217599998488,0.18491779363225302
8850_5.h5,3,0.0,42,0.051256062199377415,0.004088305276577249,0.6702691689943991,0.9646597493686713,0.037305124809562315,0.0,0.0,0.0,0.0,0.0
8850_5.h5,3,0.5,42,0.044452172554395396,0.003545579404116809,0.6267079949923074,0.8395454125673694,0.03225336041606167,0.13274312057988458,0.13275081867536398,0.06499056799441671,0.13541743712932808,-0.1251143368013019
8850_5.h5,3,1.0,42,0.04111611933665522,0.003279462816304776,0.6175230914573081,0.8280813192695279,0.029711828425438788,0.1978291430832032,0.19784297051066613,0.07869387400919192,0.20354566357534765,-0.1365784300991434
8850_5.h5,4,0.0,42,0.04670733002691118,0.0037255343467111684,0.6762500616127513,0.7586973492600899,0.032750288815238685,0.0,0.0,0.0,0.0,0.0
8850_5.h5,4,0.5,42,0.04388298354113559,0.003500238932284959,0.6653601623687011,0.7395559022413281,0.027635944202321114,0.060469020261879614,0.0604733156265479,0.016103361555456885,0.15616181712992616,-0.01914144701876186
8850_5.h5,4,1.0,42,0.04416389333172891,0.003522655072772652,0.6636012973561345,0.7939166611290318,0.026986104084950106,0.054454765316639286,0.05445642290685482,0.01870427076405945,0.17600408847712234,0.035219311868941894
8850_5.h5,5,0.0,42,0.048242602589937074,0.0038479286328473574,0.7002791376296365,0.7037417674310229,0.024625612314354544,0.0,0.0,0.0,0.0,0.0
8850_5.h5,5,0.5,42,0.04572772421439275,0.0036472798475685945,0.6879360929284944,0.7213233540788926,0.023460049446027684,0.05212982385964604,0.05214462232120154,0.017625892359040995,0.04733132534728657,0.017581586647869685
8850_5.h5,5,1.0,42,0.04551275574717265,0.0036300994035336894,0.6936203042265735,0.7886886569270496,0.02422832514683099,0.056585812046007655,0.056609477487237214,0.009508827330773184,0.016133087878264507,0.08494688949602669
8850_5.h5,6,0.0,42,0.04913126391405259,0.00391932853482408,0.7097630298156734,0.6711468153901847,0.02461531245275855,0.0,0.0,0.0,0.0,0.0
8850_5.h5,6,0.5,42,0.04718443777294096,0.00376399583697374,0.7063750119012244,0.7157494332726833,0.02411668685497435,0.03962499610263026,0.03963247695878902,0.00477344940793667,0.020256724294731465,0.04460261788249853
8850_5.h5,6,1.0,42,0.04690779577885921,0.003741893809349171,0.7206118587072876,0.7939964527706952,0.02433405185990533,0.04525566732993047,0.04527171526917506,-0.0152851422740794,0.011426245081918474,0.12284963738051047
8850_5.h5,7,0.0,42,0.05125230309759889,0.004088256716479397,0.716357611536156,0.7137846028265148,0.028492041205637825,0.0,0.0,0.0,0.0,0.0
8850_5.h5,7,0.5,42,0.049014744466148785,0.003909752832429434,0.7165636896684117,0.7462023579076446,0.025974037799127932,0.043657718701716974,0.043662591766908676,-0.0002876749390765543,0.08837567615238628,0.03241775508112976
8850_5.h5,7,1.0,42,0.048388861895808495,0.003859796599370341,0.7326517866477386,0.8123231154597347,0.02477491523519973,0.055869512758043194,0.055882037981654475,-0.02274586721657279,0.13046190490917076,0.09853851263321989
8850_5.h5,8,0.0,42,0.05236309587314354,0.0041765053303148714,0.7192459570774474,0.7427582066521109,0.032102972342859776,0.0,0.0,0.0,0.0,0.0
8850_5.h5,8,0.5,42,0.050300388736900965,0.004011974907981934,0.7198749659448779,0.7740934615358368,0.02870854861211733,0.039392383163129874,0.03939428046187432,-0.0008745393161282422,0.10573549684091543,0.031335254883725905
8850_5.h5,8,1.0,42,0.049557567975113036,0.003952707721595823,0.7340114981420134,0.8318492001957322,0.026262889084663447,0.05357834274786322,0.05358489718536441,-0.02052919577687118,0.18191721301766806,0.08909099354362127
8850_5.h5,9,0.0,42,0.05351115663992158,0.004268156240670816,0.7201927363404084,0.7646978077537767,0.033229128487488074,0.0,0.0,0.0,0.0,0.0
8850_5.h5,9,0.5,42,0.051609722436331926,0.00411644581208667,0.7221700856811919,0.7952621825093282,0.03036806888262154,0.035533416262789275,0.03554472236477968,-0.0027455835653540372,0.08610095223965397,0.030564374755551516
8850_5.h5,9,1.0,42,0.05093667213028312,0.004062708589185113,0.736679513850184,0.8508521834123316,0.028418816040412135,0.04811117290852551,0.04813498848238351,-0.02289217410543687,0.1447619202197009,0.08615437565855488
8850_5.h5,10,0.0,42,0.05479666787178251,0.004370213066415387,0.736088647031227,0.7524725721860295,0.031791709879485895,0.0,0.0,0.0,0.0,0.0
8850_5.h5,10,0.5,42,0.05303266601290653,0.004229440768307666,0.735982960582424,0.7849371236889692,0.03029443202341811,0.032191772372063276,0.032211769991156824,0.00014357842527434883,0.047096487157928135,0.0324645515029397
8850_5.h5,10,1.0,42,0.052415321824216106,0.004180119683910487,0.749386822449942,0.8425330095908377,0.029441772605660714,0.043457862312694995,0.04349750907244021,-0.018065997176221815,0.07391666829916299,0.09006043740480818
8850_5.h5,11,0.0,42,0.05602605139424096,0.004468191266447439,0.7455909423926228,0.7346854733344889,0.031294504205714786,0.0,0.0,0.0,0.0,0.0
8850_5.h5,11,0.5,42,0.0543458816816039,0.004334112049783528,0.7485974683841585,0.7649890495896391,0.030582875661039767,0.02998907955897412,0.030007492667276536,-0.004032406807260358,0.022739728995133435,0.030303576255150233
8850_5.h5,11,1.0,42,0.05373723757306446,0.004285495118280116,0.7631617303629221,0.8184257498759886,0.030427558341425624,0.04085267057409969,0.04088816643531468,-0.023566257274953095,0.027702815120197566,0.08374027654149974
8850_5.h5,12,0.0,42,0.057361694891997494,0.004574545563715633,0.7570936579818617,0.7176604480456864,0.03306143854607698,0.0,0.0,0.0,0.0,0.0
8850_5.h5,12,0.5,42,0.05563798079695285,0.00443706365790653,0.761682689537068,0.7352940085240034,0.032029525586964966,0.030049915684850492,0.030053675035960237,-0.006061378941462747,0.0312119800133277,0.01763356047831699
8850_5.h5,12,1.0,42,0.054867110972251484,0.004375580320781214,0.7743273871145491,0.7768651441245241,0.03128900590229552,0.043488671742404006,0.04349399085945749,-0.02276300818398913,0.05361026990133122,0.059204696078837715
8850_5.h5,13,0.0,42,0.058575054133674975,0.004670581779558921,0.7745900232455449,0.6994148754120156,0.034274383600111105,0.0,0.0,0.0,0.0,0.0
8850_5.h5,13,0.5,42,0.05659155389563275,0.004512398619349703,0.7736063536941373,0.7016265519215557,0.032453723629199654,0.033862542124428074,0.03386797783983053,0.001269922826124259,0.05312013753926559,0.002211676509540017
8850_5.h5,13,1.0,42,0.055715343885187216,0.004442517221861226,0.7831902956324318,0.7443566952526739,0.031103952837715106,0.048821299284872555,0.04883001057723313,-0.011102999172196482,0.09250146696688433,0.04494181984065826
8850_5.h5,14,0.0,42,0.059266726925027005,0.004725723756180278,0.7758103753861979,0.6402134000016526,0.03380543069878292,0.0,0.0,0.0,0.0,0.0
8850_5.h5,14,0.5,42,0.05739384884196184,0.004576346977932362,0.7687166184611468,0.6582556441181084,0.03218047886391517,0.031600835413677864,0.0316092911805439,0.009143673699284816,0.04806777494854553,0.01804224411645583
8850_5.h5,14,1.0,42,0.056626158345771914,0.004515095682494379,0.7740152374415472,0.7148105286030796,0.031104987650359083,0.0445539802222491,0.04457054295872476,0.0023138875189147035,0.07988192999182986,0.07459712860142698
8850_5.h5,15,0.0,42,0.06262283509148694,0.004992952992692685,0.7804092999263625,0.7158144339839275,0.040435311196446916,0.0,0.0,0.0,0.0,0.0
8850_5.h5,15,0.5,42,0.05934646069267582,0.004731828110545346,0.77045986984755,0.6661281659989351,0.03600295860539975,0.05231916431162209,0.05229868627433554,0.012748989638836083,0.1096158891794714,-0.04968626798499243
8850_5.h5,15,1.0,42,0.05762184701625796,0.004594438091693786,0.7667130421121267,0.6676780373870028,0.033165295486490755,0.07985885768223278,0.07981547224300645,0.01755009559154186,0.17979373707886748,-0.0481363965969247
8850_5.h5,16,0.0,42,0.07044184190244433,0.005616087259512471,0.84279323474267,1.0163384331702703,0.04774067508694842,0.0,0.0,0.0,0.0,0.0
8850_5.h5,16,0.5,42,0.06202812268550019,0.004945463422251074,0.7724438403150189,0.7178469850600019,0.038426551275328055,0.11944206723890605,0.119411221064185,0.08347171231047068,0.1950982845269128,-0.2984914481102684
8850_5.h5,16,1.0,42,0.05785557501653738,0.004613106149879724,0.7516115969462276,0.6022894612617692,0.03276878953494108,0.17867600485713886,0.17859072754503735,0.10818980746123674,0.3136085848124177,-0.4140489719085011
8850_5.h5,17,0.0,42,0.07260683096852694,0.005788424108715134,0.8351543245110026,1.0513640139995455,0.04801229489758807,0.0,0.0,0.0,0.0,0.0
8850_5.h5,17,0.5,42,0.0626497732998054,0.004994712952727921,0.7626348936703654,0.6617764255305539,0.03737167242438135,0.13713665141283538,0.13712042191106721,0.08683356921261054,0.2216228675572277,-0.38958758846899155
8850_5.h5,17,1.0,42,0.05855792927514048,0.004668800374544562,0.7610337043573191,0.5341623462417195,0.03238584979763018,0.1934928367755958,0.19342462009389572,0.08875080686085457,0.32546757311412955,-0.517201667757826
8850_5.h5,18,0.0,42,0.07100363282886459,0.005661464484799016,0.8208820422545053,0.8509822551730593,0.04715039694529451,0.0,0.0,0.0,0.0,0.0
8850_5.h5,18,0.5,42,0.06354276543691653,0.005066557994458949,0.8085383476328099,0.580606486165123,0.038762880602363665,0.10507726287654173,0.10507996507571238,0.01503711128555596,0.17788856269147257,-0.27037576900793625
8850_5.h5,18,1.0,42,0.0607497330543743,0.004843854390973267,0.7985331408804127,0.5083463554110293,0.03533295863234826,0.14441373442404826,0.14441671338238105,0.027225472386644745,0.2506328488953601,-0.3426358997620299
8850_5.h5,19,0.0,42,0.07732079370826779,0.006165972416683116,0.9454356881495938,1.0370409313152593,0.05133224658631891,0.0,0.0,0.0,0.0,0.0
8850_5.h5,19,0.5,42,0.0690043890201617,0.005502702240810882,0.893447537802164,0.6884293171475411,0.043086366860547266,0.10755715622221851,0.10756943610023961,0.05498856347297498,0.1606374213898002,-0.34861161416771824
8850_5.h5,19,1.0,42,0.06615310953982487,0.005275128399480772,0.8620718618686511,0.6108430922817035,0.038155873971909095,0.1444331289533669,0.1444774574067199,0.08817503646821523,0.2566880175846733,-0.4261978390335558
8850_5.h5,20,0.0,42,0.09807478465298464,0.007820628529930086,1.1901708393381956,1.9027490203967792,0.05634776546873057,0.0,0.0,0.0,0.0,0.0
8850_5.h5,20,0.5,42,0.07967513306505095,0.006353481385589842,0.8740799232181328,0.9925316843251961,0.04317796291836545,0.1876083812270063,0.18759964608028235,0.265584490623067,0.23372359916691854,-0.9102173360715831
8850_5.h5,20,1.0,42,0.07099994935613012,0.005661744246182524,0.909528373420115,0.683226759555529,0.03853821536253391,0.27606316335694925,0.276049971621253,0.23580015292101597,0.31606488665606136,-1.2195222608412501
