{
  "real_root": "/hy-tmp/realpde_data/train_real",
  "split_manifest": "/hy-tmp/realpde_runs/colleague_incremental_screen_20260921/colleague_dev16_manifest.json",
  "allow_train_dev_overlap": true,
  "checkpoint": "/hy-tmp/realpde_assets/colleague-80pt/20260921/extracted/handoff_colleague_80pt_archive_20260921/checkpoints/cno_final_all81.pt",
  "resume_checkpoint": "/hy-tmp/realpde_assets/colleague-80pt/20260921/extracted/handoff_colleague_80pt_archive_20260921/checkpoints/residual_model_best.pth",
  "resume_iteration": 34000,
  "optimizer_policy": "reset_identically_for_each_screen_arm",
  "realpdebench_root": "tools/colleague_80pt/submission",
  "device": "cuda:0",
  "train_trajectories": 81,
  "fit_trajectories": 81,
  "val_trajectories": 16,
  "train_windows": 3260,
  "val_windows": 640,
  "train_window_mode": "fixed",
  "angle_augmentation": {
    "kind": "global_uv_component_rotation",
    "max_abs_degrees": 2.0,
    "training_only": true,
    "same_angle_for_past_and_future": true,
    "spatial_grid_rotated": false,
    "physical_exact_aoa_claimed": false
  },
  "phase_counts_equalized": true,
  "updates": 5000,
  "eval_interval": 1000,
  "batch_size": 8,
  "test_batch_size": 32,
  "lr": 0.0002,
  "weight_decay": 1e-05,
  "corrector_config": {
    "hidden": 96,
    "blocks": 2,
    "dropout": 0.0,
    "include_pressure": true,
    "max_delta": 0.04,
    "history_context": false
  },
  "train_alpha": 1.0,
  "eval_alphas": [
    0.0,
    0.025,
    0.05,
    0.075,
    0.1,
    0.15,
    0.2,
    0.3,
    0.5,
    0.75,
    1.0
  ],
  "abs_widths": [
    0.0075
  ],
  "rel_widths": [
    0.0075
  ],
  "loss_weights": {
    "point": 1.0,
    "mse": 0.05,
    "tke": 0.06,
    "temporal": 0.03,
    "grad": 0.015,
    "p_zero": 0.01
  },
  "residual_mse": 0.25,
  "delta_penalty": 0.02,
  "fixed_time_seconds": 0.01762683533,
  "trainable_parameters": 1087849,
  "total_parameters": 9048316
}
EVAL_TOP {"alpha": 1.0, "best_bound_abs": 0.0075, "best_bound_rel": 0.0075, "best_bounds": [{"abs": 0.0075, "coverage": 0.8336610794067383, "final_est": 81.87250866545573, "rel": 0.0075, "sps_raw": 0.4845867499113083, "sps_score_linear": 48.45867499113083, "sps_score_used": 48.45867499113083}], "best_final_est": 81.87250866545573, "iteration": 0, "mean_t_neural_s": 0.01762683533, "mvpe": 0.07111691720783711, "mvpe_score": 96.56625289393546, "n": 640, "rel_l2": 0.0804204160347581, "rel_l2_score": 96.13441516844765, "time_score": 86.54248999999716, "tke": 0.44915822222828866, "tke_score": 81.66071027376759}
TRAIN {"angle_aug_abs_deg": 0.9399376422166824, "delta_penalty": 3.831372523563914e-05, "grad_rel": 0.48871397227048874, "iteration": 20, "loss": 0.13912057206034661, "lr": 0.00019999210442038165, "mse": 0.0001333287915258552, "p_zero": 0.0, "point_rel": 0.07643441520631314, "residual_mse": 0.0001333287915258552, "temporal_rel": 0.8881220519542694, "tke_rel": 0.4778504177927971}
TRAIN {"angle_aug_abs_deg": 1.0156764000654221, "delta_penalty": 3.614257211665972e-05, "grad_rel": 0.49603394865989686, "iteration": 40, "loss": 0.14134733825922013, "lr": 0.00019996841892833, "mse": 0.00012178049673821079, "p_zero": 0.0, "point_rel": 0.07733714915812015, "residual_mse": 0.0001217804981934023, "temporal_rel": 0.9023304343223572, "tke_rel": 0.491041924059391}
TRAIN {"angle_aug_abs_deg": 0.9870080322027206, "delta_penalty": 3.7168824019317984e-05, "grad_rel": 0.5001696243882179, "iteration": 60, "loss": 0.14326013661921025, "lr": 0.00019992894726405893, "mse": 0.0001271756906135124, "p_zero": 0.0, "point_rel": 0.07832265757024288, "residual_mse": 0.0001271756909773103, "temporal_rel": 0.9035965949296951, "tke_rel": 0.5048023149371147}
TRAIN {"angle_aug_abs_deg": 1.0626346528530122, "delta_penalty": 3.5577986272983254e-05, "grad_rel": 0.49156012386083603, "iteration": 80, "loss": 0.14031449109315872, "lr": 0.00019987369566060176, "mse": 0.0001256357594684232, "p_zero": 0.0, "point_rel": 0.07732608802616596, "residual_mse": 0.0001256357580132317, "temporal_rel": 0.8944975316524506, "tke_rel": 0.47902789562940595}
TRAIN {"angle_aug_abs_deg": 1.0404784202575683, "delta_penalty": 3.819791290879948e-05, "grad_rel": 0.5002790004014969, "iteration": 100, "loss": 0.14393642246723176, "lr": 0.00019980267284282714, "mse": 0.000137808598447009, "p_zero": 0.0, "point_rel": 0.08096837177872658, "residual_mse": 0.00013780859735561534, "temporal_rel": 0.8853531241416931, "tke_rel": 0.48101951330900194}
TRAIN {"angle_aug_abs_deg": 1.0415160030126571, "delta_penalty": 3.7227080247248524e-05, "grad_rel": 0.4885928049683571, "iteration": 120, "loss": 0.13677108213305472, "lr": 0.00019971589002606136, "mse": 0.00012606760974449572, "p_zero": 0.0, "point_rel": 0.07405728790909052, "residual_mse": 0.00012606761083588935, "temporal_rel": 0.8925471663475036, "tke_rel": 0.4761653125286102}
TRAIN {"angle_aug_abs_deg": 1.0028971314430237, "delta_penalty": 4.11490815167781e-05, "grad_rel": 0.5052053451538085, "iteration": 140, "loss": 0.1439456194639206, "lr": 0.00019961336091431727, "mse": 0.0001572957633470651, "p_zero": 0.0, "point_rel": 0.07980709448456764, "residual_mse": 0.0001572957629832672, "temporal_rel": 0.8931794881820678, "tke_rel": 0.49528414458036424}
TRAIN {"angle_aug_abs_deg": 0.9835072442889213, "delta_penalty": 3.512368539304589e-05, "grad_rel": 0.489991857111454, "iteration": 160, "loss": 0.1388407375663519, "lr": 0.0001994951016981301, "mse": 0.00014101246852078476, "p_zero": 0.0, "point_rel": 0.07499258890748024, "residual_mse": 0.00014101246815698688, "temporal_rel": 0.8995652049779892, "tke_rel": 0.49113850146532056}
TRAIN {"angle_aug_abs_deg": 0.9480852842330932, "delta_penalty": 3.300444122942281e-05, "grad_rel": 0.476799002289772, "iteration": 180, "loss": 0.13248836509883405, "lr": 0.00019936113105200093, "mse": 0.000109096383312135, "p_zero": 0.0, "point_rel": 0.07115296311676503, "residual_mse": 0.00010909638222074136, "temporal_rel": 0.8842773169279099, "tke_rel": 0.4603618860244751}
TRAIN {"angle_aug_abs_deg": 1.023627331852913, "delta_penalty": 3.753517139557516e-05, "grad_rel": 0.49272610396146777, "iteration": 200, "loss": 0.14036788903176783, "lr": 0.0001992114701314479, "mse": 0.00013488847416738282, "p_zero": 0.0, "point_rel": 0.0762749893590808, "residual_mse": 0.00013488847562257434, "temporal_rel": 0.8955710530281067, "tke_rel": 0.49656099230051043}
TRAIN {"angle_aug_abs_deg": 0.9459622889757157, "delta_penalty": 3.8450860756711336e-05, "grad_rel": 0.49339975118637086, "iteration": 220, "loss": 0.13951243832707405, "lr": 0.00019904614256966525, "mse": 0.00013453796054818667, "p_zero": 0.0, "point_rel": 0.07676687147468328, "residual_mse": 0.00013453796091198456, "temporal_rel": 0.8878480732440949, "tke_rel": 0.4777999445796013}
TRAIN {"angle_aug_abs_deg": 0.9106724739074707, "delta_penalty": 3.667763958219439e-05, "grad_rel": 0.49278306514024733, "iteration": 240, "loss": 0.13837003149092197, "lr": 0.00019886517447379154, "mse": 0.00012744991454383126, "p_zero": 0.0, "point_rel": 0.0752838347107172, "residual_mse": 0.00012744991599902277, "temporal_rel": 0.8924358993768692, "tke_rel": 0.48137343525886533}
TRAIN {"angle_aug_abs_deg": 0.9542952179908752, "delta_penalty": 3.63898746400082e-05, "grad_rel": 0.5026923567056656, "iteration": 260, "loss": 0.14153503105044365, "lr": 0.00019866859442078697, "mse": 0.0001311226857069414, "p_zero": 0.0, "point_rel": 0.07733225375413895, "residual_mse": 0.0001311226857069414, "temporal_rel": 0.8976836144924164, "tke_rel": 0.4948637247085571}
TRAIN {"angle_aug_abs_deg": 1.0516785323619842, "delta_penalty": 4.037631069877534e-05, "grad_rel": 0.49943102449178695, "iteration": 280, "loss": 0.1414465770125389, "lr": 0.00019845643345292076, "mse": 0.00015451641684194328, "p_zero": 0.0, "point_rel": 0.07726184129714966, "residual_mse": 0.00015451641575054965, "temporal_rel": 0.8926636904478074, "tke_rel": 0.4977699786424637}
TRAIN {"angle_aug_abs_deg": 1.0383768260478974, "delta_penalty": 3.683783988890354e-05, "grad_rel": 0.4975557506084442, "iteration": 300, "loss": 0.1409498542547226, "lr": 0.0001982287250728691, "mse": 0.00012500533794082002, "p_zero": 0.0, "point_rel": 0.07792498245835304, "residual_mse": 0.00012500533848651684, "temporal_rel": 0.891399684548378, "tke_rel": 0.4796884983778}
TRAIN {"angle_aug_abs_deg": 1.0323814362287522, "delta_penalty": 3.531606816977728e-05, "grad_rel": 0.4883666172623634, "iteration": 320, "loss": 0.13903596475720406, "lr": 0.0001979855052384248, "mse": 0.0001348978434180026, "p_zero": 0.0, "point_rel": 0.07597692310810089, "residual_mse": 0.00013489784269040683, "temporal_rel": 0.8875121861696244, "tke_rel": 0.4844500064849854}
TRAIN {"angle_aug_abs_deg": 0.9828648626804352, "delta_penalty": 3.8804900304967306e-05, "grad_rel": 0.49872516840696335, "iteration": 340, "loss": 0.1407159935683012, "lr": 0.00019772681235681944, "mse": 0.00013339493452804163, "p_zero": 0.0, "point_rel": 0.07762737683951855, "residual_mse": 0.00013339493380044588, "temporal_rel": 0.8923785626888275, "tke_rel": 0.4799264058470726}
TRAIN {"angle_aug_abs_deg": 1.0173887461423874, "delta_penalty": 3.6017302591062617e-05, "grad_rel": 0.5012401968240738, "iteration": 360, "loss": 0.1422794286161661, "lr": 0.00019745268727865787, "mse": 0.0001351560587863787, "p_zero": 0.0, "point_rel": 0.07746841181069612, "residual_mse": 0.000135156057876884, "temporal_rel": 0.9020564436912537, "tke_rel": 0.5031576052308082}
TRAIN {"angle_aug_abs_deg": 0.9651356637477875, "delta_penalty": 3.3726307447068396e-05, "grad_rel": 0.48159302324056624, "iteration": 380, "loss": 0.13631848879158498, "lr": 0.0001971631732914675, "mse": 0.0001122717461839784, "p_zero": 0.0, "point_rel": 0.07345339469611645, "residual_mse": 0.00011227174627492786, "temporal_rel": 0.8906001001596451, "tke_rel": 0.48148066848516463}
TRAIN {"angle_aug_abs_deg": 0.9842682838439941, "delta_penalty": 3.854080905512092e-05, "grad_rel": 0.48598478734493256, "iteration": 400, "loss": 0.13857803530991078, "lr": 0.00019685831611286319, "mse": 0.00014430775663640816, "p_zero": 0.0, "point_rel": 0.07572839986532927, "residual_mse": 0.00014430775809159968, "temporal_rel": 0.8904291927814484, "tke_rel": 0.4800487831234932}
TRAIN {"angle_aug_abs_deg": 1.0384115755558014, "delta_penalty": 3.8002585279173216e-05, "grad_rel": 0.49852604120969773, "iteration": 420, "loss": 0.14520735181868077, "lr": 0.00019653816388332746, "mse": 0.00014868667967675718, "p_zero": 0.0, "point_rel": 0.0811155915260315, "residual_mse": 0.00014868667894916144, "temporal_rel": 0.8962833553552627, "tke_rel": 0.49466668665409086}
TRAIN {"angle_aug_abs_deg": 1.0327464252710343, "delta_penalty": 3.569583677744959e-05, "grad_rel": 0.48830907642841337, "iteration": 440, "loss": 0.13736939541995524, "lr": 0.00019620276715860867, "mse": 0.00012082418434147257, "p_zero": 0.0, "point_rel": 0.07459225803613663, "residual_mse": 0.00012082418470527045, "temporal_rel": 0.8921771198511124, "tke_rel": 0.4775038048624992}
TRAIN {"angle_aug_abs_deg": 0.9793028622865677, "delta_penalty": 3.4682013119891056e-05, "grad_rel": 0.4872683480381966, "iteration": 460, "loss": 0.13767316415905953, "lr": 0.0001958521789017377, "mse": 0.00011450802976469277, "p_zero": 0.0, "point_rel": 0.07478199172765017, "residual_mse": 0.00011450802830950124, "temporal_rel": 0.8882825464010239, "tke_rel": 0.4816438019275665}
TRAIN {"angle_aug_abs_deg": 0.971163147687912, "delta_penalty": 3.2964092861220705e-05, "grad_rel": 0.49097214490175245, "iteration": 480, "loss": 0.1369107887148857, "lr": 0.00019548645447466442, "mse": 0.00010848589827219257, "p_zero": 0.0, "point_rel": 0.07399994060397148, "residual_mse": 0.00010848589809029364, "temporal_rel": 0.8904576033353806, "tke_rel": 0.47998887449502947}
TRAIN {"angle_aug_abs_deg": 1.0444175988435744, "delta_penalty": 4.0733343121246433e-05, "grad_rel": 0.5013688996434211, "iteration": 500, "loss": 0.14320241883397103, "lr": 0.00019510565162951553, "mse": 0.00015739189238956898, "p_zero": 0.0, "point_rel": 0.0801139634102583, "residual_mse": 0.00015739189420855838, "temporal_rel": 0.8855437368154526, "tke_rel": 0.48255970925092695}
TRAIN {"angle_aug_abs_deg": 1.0187748491764068, "delta_penalty": 3.979369666922139e-05, "grad_rel": 0.4855959102511406, "iteration": 520, "loss": 0.138213025406003, "lr": 0.00019470983049947455, "mse": 0.00014229983535187784, "p_zero": 0.0, "point_rel": 0.07502401545643807, "residual_mse": 0.0001422998360794736, "temporal_rel": 0.8877798914909363, "tke_rel": 0.487136472761631}
TRAIN {"angle_aug_abs_deg": 1.011521515250206, "delta_penalty": 3.660608399513876e-05, "grad_rel": 0.4929633364081383, "iteration": 540, "loss": 0.14129117392003537, "lr": 0.0001942990535892866, "mse": 0.00012905232615594285, "p_zero": 0.0, "point_rel": 0.07719014417380095, "residual_mse": 0.00012905232688353863, "temporal_rel": 0.8986022502183915, "tke_rel": 0.49515106379985807}
TRAIN {"angle_aug_abs_deg": 1.0157603695988655, "delta_penalty": 3.632976131484611e-05, "grad_rel": 0.49220380634069444, "iteration": 560, "loss": 0.13939770236611365, "lr": 0.00019387338576538758, "mse": 0.00013827325419697446, "p_zero": 0.0, "point_rel": 0.07630776427686214, "residual_mse": 0.00013827325383317657, "temporal_rel": 0.8940526247024536, "tke_rel": 0.4807182624936104}
TRAIN {"angle_aug_abs_deg": 1.0197622388601304, "delta_penalty": 3.828934131888673e-05, "grad_rel": 0.49628316760063174, "iteration": 580, "loss": 0.14035316333174705, "lr": 0.00019343289424566143, "mse": 0.00013851746844011358, "p_zero": 0.0, "point_rel": 0.0768765801563859, "residual_mse": 0.00013851746844011358, "temporal_rel": 0.8911108940839767, "tke_rel": 0.48761149793863295}
TRAIN {"angle_aug_abs_deg": 1.0538244903087617, "delta_penalty": 3.9430955257557795e-05, "grad_rel": 0.49883964508771894, "iteration": 600, "loss": 0.14008920043706893, "lr": 0.00019297764858882535, "mse": 0.00014962199311412404, "p_zero": 0.0, "point_rel": 0.0775362690910697, "residual_mse": 0.00014962199384171981, "temporal_rel": 0.8843825280666351, "tke_rel": 0.4748864725232124}
TRAIN {"angle_aug_abs_deg": 1.0002258241176605, "delta_penalty": 3.579074782464886e-05, "grad_rel": 0.5029180780053139, "iteration": 620, "loss": 0.14137281179428102, "lr": 0.00019250772068344604, "mse": 0.00013070133409200934, "p_zero": 0.0, "point_rel": 0.07861492745578288, "residual_mse": 0.0001307013330006157, "temporal_rel": 0.8884050965309143, "tke_rel": 0.47536729723215104}
TRAIN {"angle_aug_abs_deg": 0.9600718170404434, "delta_penalty": 3.9176842801680325e-05, "grad_rel": 0.5033007264137268, "iteration": 640, "loss": 0.1431342251598835, "lr": 0.00019202318473658723, "mse": 0.00014696647795062746, "p_zero": 0.0, "point_rel": 0.07968716062605381, "residual_mse": 0.0001469664786782232, "temporal_rel": 0.8892515808343887, "tke_rel": 0.4862522378563881}
TRAIN {"angle_aug_abs_deg": 1.0083961009979248, "delta_penalty": 3.5244137143308764e-05, "grad_rel": 0.5010763734579087, "iteration": 660, "loss": 0.1409844934940338, "lr": 0.00019152411726209198, "mse": 0.00012610348530870397, "p_zero": 0.0, "point_rel": 0.07715938538312912, "residual_mse": 0.00012610348567250186, "temporal_rel": 0.8932657033205033, "tke_rel": 0.491207592189312}
TRAIN {"angle_aug_abs_deg": 0.9564768821001053, "delta_penalty": 3.9256756917893656e-05, "grad_rel": 0.48986885994672774, "iteration": 680, "loss": 0.13866269886493682, "lr": 0.0001910105970684999, "mse": 0.0001344575326584163, "p_zero": 0.0, "point_rel": 0.07420753370970487, "residual_mse": 0.0001344575344774057, "temporal_rel": 0.9045107066631317, "tke_rel": 0.4988449141383171}
TRAIN {"angle_aug_abs_deg": 0.9799141526222229, "delta_penalty": 3.551341469574254e-05, "grad_rel": 0.496283645927906, "iteration": 700, "loss": 0.1406250648200512, "lr": 0.00019048270524660228, "mse": 0.00012496620383899425, "p_zero": 0.0, "point_rel": 0.07711530886590481, "residual_mse": 0.0001249662034751964, "temporal_rel": 0.897359648346901, "tke_rel": 0.48510857820510866}
TRAIN {"angle_aug_abs_deg": 0.9722861588001251, "delta_penalty": 3.4562220298539616e-05, "grad_rel": 0.48928300440311434, "iteration": 720, "loss": 0.1375587958842516, "lr": 0.0001899405251566375, "mse": 0.00011242606124142184, "p_zero": 0.0, "point_rel": 0.07410968728363514, "residual_mse": 0.00011242606269661337, "temporal_rel": 0.8998907566070556, "tke_rel": 0.4846453800797462}
TRAIN {"angle_aug_abs_deg": 0.9596076607704163, "delta_penalty": 3.800927015618072e-05, "grad_rel": 0.48508120477199557, "iteration": 740, "loss": 0.13688774220645428, "lr": 0.0001893841424151268, "mse": 0.00012191339264973066, "p_zero": 0.0, "point_rel": 0.07494145072996616, "residual_mse": 0.00012191339264973066, "temporal_rel": 0.8865658611059188, "tke_rel": 0.46726272702217103}
TRAIN {"angle_aug_abs_deg": 1.0465405076742171, "delta_penalty": 3.540922043612227e-05, "grad_rel": 0.4822734445333481, "iteration": 760, "loss": 0.1377227071672678, "lr": 0.00018881364488135488, "mse": 0.00011554016145964852, "p_zero": 0.0, "point_rel": 0.07388352882117033, "residual_mse": 0.00011554016036825487, "temporal_rel": 0.8960420340299606, "tke_rel": 0.4948074147105217}
TRAIN {"angle_aug_abs_deg": 1.0398550927639008, "delta_penalty": 3.996685982201598e-05, "grad_rel": 0.503831522166729, "iteration": 780, "loss": 0.1435249127447605, "lr": 0.00018822912264349574, "mse": 0.00015967526596796233, "p_zero": 0.0, "point_rel": 0.08045544177293777, "residual_mse": 0.00015967526378517504, "temporal_rel": 0.8885847002267837, "tke_rel": 0.4800959438085556}
TRAIN {"angle_aug_abs_deg": 0.9794850021600723, "delta_penalty": 3.5452695101412246e-05, "grad_rel": 0.4812749743461609, "iteration": 800, "loss": 0.13407873027026654, "lr": 0.00018763066800438666, "mse": 0.00012102484706701943, "p_zero": 0.0, "point_rel": 0.07157878149300814, "residual_mse": 0.00012102484743081732, "temporal_rel": 0.8909230440855026, "tke_rel": 0.4752685934305191}
TRAIN {"angle_aug_abs_deg": 1.06203695833683, "delta_penalty": 3.520964792187442e-05, "grad_rel": 0.49514390975236894, "iteration": 820, "loss": 0.1411531288176775, "lr": 0.00018701837546695292, "mse": 0.0001345887603747542, "p_zero": 0.0, "point_rel": 0.07773112356662751, "residual_mse": 0.00013458875910146161, "temporal_rel": 0.891674867272377, "tke_rel": 0.4867253601551056}
TRAIN {"angle_aug_abs_deg": 1.0309453666210175, "delta_penalty": 3.6725562313222324e-05, "grad_rel": 0.48889692276716235, "iteration": 840, "loss": 0.13739006593823433, "lr": 0.00018639234171928385, "mse": 0.00013062358138995477, "p_zero": 0.0, "point_rel": 0.07375828716903925, "residual_mse": 0.00013062358138995477, "temporal_rel": 0.8979782968759537, "tke_rel": 0.4886509463191032}
TRAIN {"angle_aug_abs_deg": 1.065801015496254, "delta_penalty": 3.4831981793104205e-05, "grad_rel": 0.48494283109903336, "iteration": 860, "loss": 0.13709617480635644, "lr": 0.00018575266561936558, "mse": 0.00012025386859022546, "p_zero": 0.0, "point_rel": 0.07260937206447124, "residual_mse": 0.00012025386731693289, "temporal_rel": 0.9068813145160675, "tke_rel": 0.4994908407330513}
TRAIN {"angle_aug_abs_deg": 1.0047243982553482, "delta_penalty": 3.3642972630332225e-05, "grad_rel": 0.4809856414794922, "iteration": 880, "loss": 0.13514571860432625, "lr": 0.00018509944817946957, "mse": 0.00011680110455927206, "p_zero": 0.0, "point_rel": 0.07269018273800612, "residual_mse": 0.00011680110455927206, "temporal_rel": 0.8897054463624954, "tke_rel": 0.47523129880428316}
TRAIN {"angle_aug_abs_deg": 1.0164746731519698, "delta_penalty": 3.639394735728274e-05, "grad_rel": 0.4861781448125839, "iteration": 900, "loss": 0.1367764811962843, "lr": 0.00018443279255020184, "mse": 0.00012275996914468124, "p_zero": 0.0, "point_rel": 0.07496148962527513, "residual_mse": 0.00012275996969037805, "temporal_rel": 0.8808473438024521, "tke_rel": 0.46765573024749757}
TRAIN {"angle_aug_abs_deg": 1.045676013827324, "delta_penalty": 3.8565807517443315e-05, "grad_rel": 0.49349778294563296, "iteration": 920, "loss": 0.1389332078397274, "lr": 0.00018375280400421458, "mse": 0.00013486455573001875, "p_zero": 0.0, "point_rel": 0.0760631363838911, "residual_mse": 0.00013486455736710923, "temporal_rel": 0.8875670015811921, "tke_rel": 0.47998941540718076}
TRAIN {"angle_aug_abs_deg": 1.0441100478172303, "delta_penalty": 3.965741670981515e-05, "grad_rel": 0.4955936908721924, "iteration": 940, "loss": 0.14106871448457242, "lr": 0.00018305958991958165, "mse": 0.00015246601087710588, "p_zero": 0.0, "point_rel": 0.07735309842973948, "residual_mse": 0.00015246601160470163, "temporal_rel": 0.8925430536270141, "tke_rel": 0.4909814327955246}
TRAIN {"angle_aug_abs_deg": 1.0423298865556716, "delta_penalty": 3.8726449474779656e-05, "grad_rel": 0.48987303078174593, "iteration": 960, "loss": 0.13913878686726094, "lr": 0.0001823532597628431, "mse": 0.00013105713405821008, "p_zero": 0.0, "point_rel": 0.0749739307910204, "residual_mse": 0.00013105713478580582, "temporal_rel": 0.9036007434129715, "tke_rel": 0.49447749704122546}
TRAIN {"angle_aug_abs_deg": 1.0241694420576095, "delta_penalty": 3.549317880242597e-05, "grad_rel": 0.49909834265708924, "iteration": 980, "loss": 0.1409749612212181, "lr": 0.0001816339250717188, "mse": 0.00012904346785944654, "p_zero": 0.0, "point_rel": 0.07725459467619658, "residual_mse": 0.00012904347076982958, "temporal_rel": 0.8986616641283035, "tke_rel": 0.48724366873502734}
TRAIN {"angle_aug_abs_deg": 0.9961930483579635, "delta_penalty": 4.0470444855600365e-05, "grad_rel": 0.4984046041965485, "iteration": 1000, "loss": 0.1414300061762333, "lr": 0.0001809016994374951, "mse": 0.0001538808395707747, "p_zero": 0.0, "point_rel": 0.07837035655975341, "residual_mse": 0.00015388083847938104, "temporal_rel": 0.8834505766630173, "tke_rel": 0.48388484865427017}
EVAL_TOP {"alpha": 1.0, "best_bound_abs": 0.0075, "best_bound_rel": 0.0075, "best_bounds": [{"abs": 0.0075, "coverage": 0.8304765892028808, "final_est": 81.58176941243072, "rel": 0.0075, "sps_raw": 0.47907632172107695, "sps_score_linear": 47.9076321721077, "sps_score_used": 47.9076321721077}], "best_final_est": 81.58176941243072, "iteration": 1000, "mean_t_neural_s": 0.01762683533, "mvpe": 0.07360423328354955, "mvpe_score": 96.45042037906157, "n": 640, "rel_l2": 0.08222794905304909, "rel_l2_score": 96.05096314788952, "time_score": 86.54248999999716, "tke": 0.4704368576407433, "tke_score": 80.95734136309768}
TRAIN {"angle_aug_abs_deg": 1.1164835780858993, "delta_penalty": 3.286984865553677e-05, "grad_rel": 0.48932314217090606, "iteration": 1020, "loss": 0.1388302095234394, "lr": 0.00018015669848708805, "mse": 0.00010690146464185091, "p_zero": 0.0, "point_rel": 0.07552431859076023, "residual_mse": 0.00010690146518754773, "temporal_rel": 0.8972867757081986, "tke_rel": 0.4835785374045372}
TRAIN {"angle_aug_abs_deg": 1.0181860655546189, "delta_penalty": 3.718993566508289e-05, "grad_rel": 0.4996760681271553, "iteration": 1040, "loss": 0.14189074635505677, "lr": 0.00017939903986478393, "mse": 0.00012073229881934822, "p_zero": 0.0, "point_rel": 0.07814734950661659, "residual_mse": 0.00012073229772795458, "temporal_rel": 0.8974140614271164, "tke_rel": 0.48814786672592164}
TRAIN {"angle_aug_abs_deg": 1.032445827126503, "delta_penalty": 3.805127298619482e-05, "grad_rel": 0.4939345717430115, "iteration": 1060, "loss": 0.14107815250754357, "lr": 0.00017862884321366226, "mse": 0.00014751381149835652, "p_zero": 0.0, "point_rel": 0.07753624562174082, "residual_mse": 0.00014751381331734592, "temporal_rel": 0.892001548409462, "tke_rel": 0.4887971967458725}
TRAIN {"angle_aug_abs_deg": 0.982225415110588, "delta_penalty": 3.5836817369272465e-05, "grad_rel": 0.49355610758066176, "iteration": 1080, "loss": 0.14004953056573868, "lr": 0.00017784623015670276, "mse": 0.00013428948805085383, "p_zero": 0.0, "point_rel": 0.07702338472008705, "residual_mse": 0.0001342894865956623, "temporal_rel": 0.8913287192583084, "tke_rel": 0.4806989893317223}
TRAIN {"angle_aug_abs_deg": 0.9657356113195419, "delta_penalty": 3.6463443939283026e-05, "grad_rel": 0.4982771143317223, "iteration": 1100, "loss": 0.1406009666621685, "lr": 0.00017705132427757933, "mse": 0.00012468969525798458, "p_zero": 0.0, "point_rel": 0.07713653594255447, "residual_mse": 0.00012468969598558032, "temporal_rel": 0.8948986887931824, "tke_rel": 0.4850863054394722}
TRAIN {"angle_aug_abs_deg": 0.9630117744207383, "delta_penalty": 3.609252926253248e-05, "grad_rel": 0.4972497209906578, "iteration": 1120, "loss": 0.14100950434803963, "lr": 0.00017624425110114515, "mse": 0.0001331221103100688, "p_zero": 0.0, "point_rel": 0.07783267106860876, "residual_mse": 0.00013312210958247306, "temporal_rel": 0.8920933157205582, "tke_rel": 0.48191047757864}
TRAIN {"angle_aug_abs_deg": 1.0107319712638856, "delta_penalty": 3.740006941370666e-05, "grad_rel": 0.4895538166165352, "iteration": 1140, "loss": 0.13876148089766502, "lr": 0.00017542513807361075, "mse": 0.00012593822266353526, "p_zero": 0.0, "point_rel": 0.0764001365751028, "residual_mse": 0.00012593822193593951, "temporal_rel": 0.8816507995128632, "tke_rel": 0.47549970597028735}
TRAIN {"angle_aug_abs_deg": 0.9663295567035675, "delta_penalty": 3.711269782797899e-05, "grad_rel": 0.49509219974279406, "iteration": 1160, "loss": 0.1388512909412384, "lr": 0.0001745941145424186, "mse": 0.00013703943322980195, "p_zero": 0.0, "point_rel": 0.07661398015916347, "residual_mse": 0.0001370394317746104, "temporal_rel": 0.8851063936948776, "tke_rel": 0.4702646926045418}
TRAIN {"angle_aug_abs_deg": 0.8831683337688446, "delta_penalty": 3.9559917422593574e-05, "grad_rel": 0.49956742078065874, "iteration": 1180, "loss": 0.14113433323800564, "lr": 0.00017375131173581775, "mse": 0.00014834113735560095, "p_zero": 0.0, "point_rel": 0.07822412401437759, "residual_mse": 0.00014834113844699459, "temporal_rel": 0.8866377741098403, "tke_rel": 0.4795378357172012}
TRAIN {"angle_aug_abs_deg": 0.9187092572450638, "delta_penalty": 3.7510788570216394e-05, "grad_rel": 0.4964341357350349, "iteration": 1200, "loss": 0.13905226700007917, "lr": 0.00017289686274214155, "mse": 0.00012541959058580686, "p_zero": 0.0, "point_rel": 0.07607808448374272, "residual_mse": 0.00012541959058580686, "temporal_rel": 0.8925724506378174, "tke_rel": 0.4785354122519493}
TRAIN {"angle_aug_abs_deg": 0.9252684593200684, "delta_penalty": 3.9344800097751434e-05, "grad_rel": 0.4927843764424324, "iteration": 1220, "loss": 0.14047519564628602, "lr": 0.00017203090248879105, "mse": 0.0001485005494032521, "p_zero": 0.0, "point_rel": 0.0777920912951231, "residual_mse": 0.00014850055013084784, "temporal_rel": 0.8837999790906906, "tke_rel": 0.47886672914028167}
TRAIN {"angle_aug_abs_deg": 0.9428104519844055, "delta_penalty": 3.8265867169684496e-05, "grad_rel": 0.48812935054302214, "iteration": 1240, "loss": 0.13725826591253282, "lr": 0.0001711535677209289, "mse": 0.00012642280107684202, "p_zero": 0.0, "point_rel": 0.07530698087066412, "residual_mse": 0.00012642279962165047, "temporal_rel": 0.8896536767482758, "tke_rel": 0.46501743197441103}
TRAIN {"angle_aug_abs_deg": 1.0252700716257095, "delta_penalty": 3.605012479965808e-05, "grad_rel": 0.49848970472812654, "iteration": 1260, "loss": 0.14051504507660867, "lr": 0.00017026499697988533, "mse": 0.0001291626220336184, "p_zero": 0.0, "point_rel": 0.0768287356942892, "residual_mse": 0.00012916262166982052, "temporal_rel": 0.8933539718389512, "tke_rel": 0.48948125541210175}
TRAIN {"angle_aug_abs_deg": 1.0373924732208253, "delta_penalty": 3.486093164610793e-05, "grad_rel": 0.4894734963774681, "iteration": 1280, "loss": 0.13765734881162645, "lr": 0.00016936533058128084, "mse": 0.00011772752641263651, "p_zero": 0.0, "point_rel": 0.07485966309905052, "residual_mse": 0.00011772752714023227, "temporal_rel": 0.8884855270385742, "tke_rel": 0.4794166848063469}
TRAIN {"angle_aug_abs_deg": 0.9704660773277283, "delta_penalty": 3.778666896323557e-05, "grad_rel": 0.4964958682656288, "iteration": 1300, "loss": 0.13952987194061278, "lr": 0.00016845471059286928, "mse": 0.00014361689245561137, "p_zero": 0.0, "point_rel": 0.0778529167175293, "residual_mse": 0.0001436168902728241, "temporal_rel": 0.8803345084190368, "tke_rel": 0.46292742192745207}
TRAIN {"angle_aug_abs_deg": 1.0398997455835342, "delta_penalty": 4.132974818276125e-05, "grad_rel": 0.4964426875114441, "iteration": 1320, "loss": 0.14104764983057977, "lr": 0.00016753328081210283, "mse": 0.00015069997862156016, "p_zero": 0.0, "point_rel": 0.07772766388952732, "residual_mse": 0.00015069997716636862, "temporal_rel": 0.8944555252790451, "tke_rel": 0.4832273915410042}
TRAIN {"angle_aug_abs_deg": 0.9853580981492996, "delta_penalty": 3.9996431223698894e-05, "grad_rel": 0.4969535008072853, "iteration": 1340, "loss": 0.13976861648261546, "lr": 0.00016660118674342555, "mse": 0.00014426287270907778, "p_zero": 0.0, "point_rel": 0.07703924253582954, "residual_mse": 0.00014426287307287567, "temporal_rel": 0.8914565414190292, "tke_rel": 0.4747882828116417}
TRAIN {"angle_aug_abs_deg": 0.9355165094137192, "delta_penalty": 3.587810779208667e-05, "grad_rel": 0.48874178528785706, "iteration": 1360, "loss": 0.13709508776664733, "lr": 0.000165658575575296, "mse": 0.0001223986908371444, "p_zero": 0.0, "point_rel": 0.07384780794382095, "residual_mse": 0.00012239869192853803, "temporal_rel": 0.891964590549469, "tke_rel": 0.4853297010064125}
TRAIN {"angle_aug_abs_deg": 1.0063809514045716, "delta_penalty": 3.823118759100907e-05, "grad_rel": 0.5046886593103409, "iteration": 1380, "loss": 0.1411304272711277, "lr": 0.00016470559615694482, "mse": 0.00011854419844894437, "p_zero": 0.0, "point_rel": 0.07813862524926662, "residual_mse": 0.00011854419881274225, "temporal_rel": 0.8949436336755753, "tke_rel": 0.4756138801574707}
TRAIN {"angle_aug_abs_deg": 0.9920770898461342, "delta_penalty": 3.7611187053698814e-05, "grad_rel": 0.49712153524160385, "iteration": 1400, "loss": 0.14061599522829055, "lr": 0.00016374239897486937, "mse": 0.000145569857704686, "p_zero": 0.0, "point_rel": 0.07653315849602223, "residual_mse": 0.00014556985661329236, "temporal_rel": 0.8934463232755661, "tke_rel": 0.4963033616542816}
TRAIN {"angle_aug_abs_deg": 1.000647833943367, "delta_penalty": 3.43026551490766e-05, "grad_rel": 0.48726965934038163, "iteration": 1420, "loss": 0.1374906811863184, "lr": 0.00016276913612907042, "mse": 0.0001048895595886279, "p_zero": 0.0, "point_rel": 0.07419009320437908, "residual_mse": 0.0001048895595886279, "temporal_rel": 0.8943186432123185, "tke_rel": 0.4854972094297409}
TRAIN {"angle_aug_abs_deg": 0.9620507210493088, "delta_penalty": 3.7854042511753504e-05, "grad_rel": 0.5027510538697243, "iteration": 1440, "loss": 0.142159541323781, "lr": 0.00016178596130903382, "mse": 0.00013471362562995638, "p_zero": 0.0, "point_rel": 0.07824376039206982, "residual_mse": 0.00013471362562995638, "temporal_rel": 0.8952681332826614, "tke_rel": 0.49125502854585645}
TRAIN {"angle_aug_abs_deg": 0.9888907492160797, "delta_penalty": 3.594961308408529e-05, "grad_rel": 0.48717941641807555, "iteration": 1460, "loss": 0.13729577399790288, "lr": 0.00016079302976946093, "mse": 0.0001200022684315627, "p_zero": 0.0, "point_rel": 0.07388258185237646, "residual_mse": 0.00012000226734016905, "temporal_rel": 0.8933790802955628, "tke_rel": 0.48779015988111496}
TRAIN {"angle_aug_abs_deg": 0.9949290156364441, "delta_penalty": 3.7283027813828086e-05, "grad_rel": 0.4889149859547615, "iteration": 1480, "loss": 0.13897274397313594, "lr": 0.00015979049830575225, "mse": 0.0001309027062234236, "p_zero": 0.0, "point_rel": 0.07597957290709019, "residual_mse": 0.0001309027062234236, "temporal_rel": 0.8872666984796524, "tke_rel": 0.4833571195602417}
TRAIN {"angle_aug_abs_deg": 0.922036100924015, "delta_penalty": 3.742357457667822e-05, "grad_rel": 0.48800683617591856, "iteration": 1500, "loss": 0.1385775551199913, "lr": 0.00015877852522924764, "mse": 0.00013607281252916436, "p_zero": 0.0, "point_rel": 0.07527040615677834, "residual_mse": 0.00013607281216536647, "temporal_rel": 0.8921234965324402, "tke_rel": 0.48636295199394225}
TRAIN {"angle_aug_abs_deg": 1.078392881155014, "delta_penalty": 3.626833249654737e-05, "grad_rel": 0.48442151099443437, "iteration": 1520, "loss": 0.13535386361181737, "lr": 0.000157757270342227, "mse": 0.0001253414444363443, "p_zero": 0.0, "point_rel": 0.07318245731294155, "residual_mse": 0.00012534144225355702, "temporal_rel": 0.8877487778663635, "tke_rel": 0.4705715700984001}
TRAIN {"angle_aug_abs_deg": 0.9877457082271576, "delta_penalty": 3.786407478401088e-05, "grad_rel": 0.4953148826956749, "iteration": 1540, "loss": 0.13877934440970421, "lr": 0.00015672689491267588, "mse": 0.00013740498161496362, "p_zero": 0.0, "point_rel": 0.07569732703268528, "residual_mse": 0.00013740498052356999, "temporal_rel": 0.887398698925972, "tke_rel": 0.48313925266265867}
TRAIN {"angle_aug_abs_deg": 1.0360559463500976, "delta_penalty": 3.674830086310976e-05, "grad_rel": 0.49317577481269836, "iteration": 1560, "loss": 0.140358829498291, "lr": 0.00015568756164881898, "mse": 0.00012929684044138412, "p_zero": 0.0, "point_rel": 0.07788896411657334, "residual_mse": 0.000129296840805182, "temporal_rel": 0.8841094166040421, "tke_rel": 0.4751570388674736}
TRAIN {"angle_aug_abs_deg": 0.9221251100301743, "delta_penalty": 3.6056611679669e-05, "grad_rel": 0.476743520796299, "iteration": 1580, "loss": 0.13437293134629727, "lr": 0.00015463943467342714, "mse": 0.00011793190897151362, "p_zero": 0.0, "point_rel": 0.07197459936141967, "residual_mse": 0.00011793190824391787, "temporal_rel": 0.8888742387294769, "tke_rel": 0.47574751675128935}
TRAIN {"angle_aug_abs_deg": 0.9631656616926193, "delta_penalty": 3.941999975722865e-05, "grad_rel": 0.503530241549015, "iteration": 1600, "loss": 0.14326121620833873, "lr": 0.00015358267949789982, "mse": 0.00014223621310520683, "p_zero": 0.0, "point_rel": 0.07970378808677196, "residual_mse": 0.0001422362138328026, "temporal_rel": 0.8929407924413681, "tke_rel": 0.4862131685018539}
TRAIN {"angle_aug_abs_deg": 0.9530972719192505, "delta_penalty": 3.595807484089164e-05, "grad_rel": 0.4852874517440796, "iteration": 1620, "loss": 0.1374855425208807, "lr": 0.00015251746299612968, "mse": 0.00012601071812241572, "p_zero": 0.0, "point_rel": 0.07466135621070862, "residual_mse": 0.00012601071648532525, "temporal_rel": 0.8856021404266358, "tke_rel": 0.48230490684509275}
TRAIN {"angle_aug_abs_deg": 0.9486579775810242, "delta_penalty": 4.2815779761440356e-05, "grad_rel": 0.49893687218427657, "iteration": 1640, "loss": 0.1424557227641344, "lr": 0.00015144395337815075, "mse": 0.00015864870183577296, "p_zero": 0.0, "point_rel": 0.07909758761525154, "residual_mse": 0.00015864870329096448, "temporal_rel": 0.8906197130680085, "tke_rel": 0.48511740416288374}
TRAIN {"angle_aug_abs_deg": 0.9993224203586578, "delta_penalty": 3.5782288887276084e-05, "grad_rel": 0.48330227434635165, "iteration": 1660, "loss": 0.1338920012116432, "lr": 0.00015036232016357623, "mse": 0.00011252995082031703, "p_zero": 0.0, "point_rel": 0.07220202684402466, "residual_mse": 0.0001125299493651255, "temporal_rel": 0.8908044636249542, "tke_rel": 0.4613638579845428}
TRAIN {"angle_aug_abs_deg": 0.9427033364772797, "delta_penalty": 3.636688179540215e-05, "grad_rel": 0.4968410611152649, "iteration": 1680, "loss": 0.13901495076715947, "lr": 0.00014927273415482926, "mse": 0.00012115006775275106, "p_zero": 0.0, "point_rel": 0.07550503425300122, "residual_mse": 0.00012115006629755953, "temporal_rel": 0.9044264614582062, "tke_rel": 0.4814572334289551}
TRAIN {"angle_aug_abs_deg": 1.051558992266655, "delta_penalty": 3.811501965174102e-05, "grad_rel": 0.4870000258088112, "iteration": 1700, "loss": 0.1370731607079506, "lr": 0.0001481753674101716, "mse": 0.00013082963159831705, "p_zero": 0.0, "point_rel": 0.07391683235764504, "residual_mse": 0.00013082962959742872, "temporal_rel": 0.891474649310112, "tke_rel": 0.48445129841566087}
TRAIN {"angle_aug_abs_deg": 0.9118518590927124, "delta_penalty": 4.194917128188536e-05, "grad_rel": 0.4945907652378082, "iteration": 1720, "loss": 0.14151625111699104, "lr": 0.00014707039321653327, "mse": 0.00015189233454293571, "p_zero": 0.0, "point_rel": 0.07826021723449231, "residual_mse": 0.00015189233527053149, "temporal_rel": 0.8932130336761475, "tke_rel": 0.48323965072631836}
TRAIN {"angle_aug_abs_deg": 0.947995625436306, "delta_penalty": 3.7242991129460276e-05, "grad_rel": 0.4902388036251068, "iteration": 1740, "loss": 0.1387880563735962, "lr": 0.00014595798606214876, "mse": 0.00012994611097383313, "p_zero": 0.0, "point_rel": 0.0752774054184556, "residual_mse": 0.00012994610970054054, "temporal_rel": 0.8963065922260285, "tke_rel": 0.4871357172727585}
TRAIN {"angle_aug_abs_deg": 1.0598946899175643, "delta_penalty": 4.0086165881803026e-05, "grad_rel": 0.5007103592157364, "iteration": 1760, "loss": 0.1428990952670574, "lr": 0.00014483832160900318, "mse": 0.00014564957891707308, "p_zero": 0.0, "point_rel": 0.07869666665792466, "residual_mse": 0.00014564958146365826, "temporal_rel": 0.8976993680000305, "tke_rel": 0.4952716320753098}
TRAIN {"angle_aug_abs_deg": 1.0279924929142, "delta_penalty": 3.879603391396813e-05, "grad_rel": 0.4988729164004326, "iteration": 1780, "loss": 0.1414527952671051, "lr": 0.00014371157666509323, "mse": 0.00012425251534295967, "p_zero": 0.0, "point_rel": 0.07816719487309456, "residual_mse": 0.0001242525146153639, "temporal_rel": 0.8963427811861038, "tke_rel": 0.4812362030148506}
TRAIN {"angle_aug_abs_deg": 0.9362417012453079, "delta_penalty": 3.610216381275677e-05, "grad_rel": 0.4894277647137642, "iteration": 1800, "loss": 0.13811394162476062, "lr": 0.00014257792915650717, "mse": 0.00012100343101337785, "p_zero": 0.0, "point_rel": 0.07489002794027329, "residual_mse": 0.00012100343028578208, "temporal_rel": 0.8882702857255935, "tke_rel": 0.4866228297352791}
TRAIN {"angle_aug_abs_deg": 1.0802669435739518, "delta_penalty": 3.5921944163419536e-05, "grad_rel": 0.48467595130205154, "iteration": 1820, "loss": 0.1355617754161358, "lr": 0.00014143755809932832, "mse": 0.00012866966462752317, "p_zero": 0.0, "point_rel": 0.07244738973677159, "residual_mse": 0.0001286696635361295, "temporal_rel": 0.8958051651716232, "tke_rel": 0.4821795254945755}
TRAIN {"angle_aug_abs_deg": 0.9946395039558411, "delta_penalty": 3.707667556227534e-05, "grad_rel": 0.48722724467515943, "iteration": 1840, "loss": 0.13653659895062448, "lr": 0.00014029064357136612, "mse": 0.00011926552597287809, "p_zero": 0.0, "point_rel": 0.07459541521966458, "residual_mse": 0.00011926552451768657, "temporal_rel": 0.8804035991430282, "tke_rel": 0.469735823571682}
TRAIN {"angle_aug_abs_deg": 0.947748339176178, "delta_penalty": 3.761457583095762e-05, "grad_rel": 0.496328267455101, "iteration": 1860, "loss": 0.13883056975901126, "lr": 0.00013913736668372012, "mse": 0.0001248405173100764, "p_zero": 0.0, "point_rel": 0.07673388905823231, "residual_mse": 0.00012484051803767214, "temporal_rel": 0.8868474572896957, "tke_rel": 0.4668021693825722}
TRAIN {"angle_aug_abs_deg": 0.9205991864204407, "delta_penalty": 3.553892611307674e-05, "grad_rel": 0.491571269929409, "iteration": 1880, "loss": 0.13775247037410737, "lr": 0.00013797790955217998, "mse": 0.00011212578556296648, "p_zero": 0.0, "point_rel": 0.07507847361266613, "residual_mse": 0.00011212578374397708, "temporal_rel": 0.8868180364370346, "tke_rel": 0.47769233137369155}
TRAIN {"angle_aug_abs_deg": 0.9830230951309205, "delta_penalty": 3.736175831363653e-05, "grad_rel": 0.49340769946575164, "iteration": 1900, "loss": 0.1390909481793642, "lr": 0.00013681245526846764, "mse": 0.00013384483336267294, "p_zero": 0.0, "point_rel": 0.07637496981769801, "residual_mse": 0.0001338448344540666, "temporal_rel": 0.8811450093984604, "tke_rel": 0.4806602016091347}
TRAIN {"angle_aug_abs_deg": 1.014083269238472, "delta_penalty": 3.802408800765988e-05, "grad_rel": 0.49965960532426834, "iteration": 1920, "loss": 0.1416133873164654, "lr": 0.0001356411878713249, "mse": 0.00013041294369031675, "p_zero": 0.0, "point_rel": 0.07903128750622272, "residual_mse": 0.00013041294241702416, "temporal_rel": 0.8889431834220887, "tke_rel": 0.4729837834835052}
TRAIN {"angle_aug_abs_deg": 0.9878601342439651, "delta_penalty": 3.434501504671061e-05, "grad_rel": 0.47520334273576736, "iteration": 1940, "loss": 0.13239047527313233, "lr": 0.00013446429231745154, "mse": 0.00011663995683193207, "p_zero": 0.0, "point_rel": 0.07079615425318479, "residual_mse": 0.00011663995646813419, "temporal_rel": 0.8849839478731155, "tke_rel": 0.46468465924263}
TRAIN {"angle_aug_abs_deg": 1.081298115849495, "delta_penalty": 3.8289192980300867e-05, "grad_rel": 0.4969781130552292, "iteration": 1960, "loss": 0.1394539214670658, "lr": 0.00013328195445229851, "mse": 0.00013461192447721259, "p_zero": 0.0, "point_rel": 0.07669096179306507, "residual_mse": 0.00013461192374961684, "temporal_rel": 0.8868692249059678, "tke_rel": 0.47768440246582033}
TRAIN {"angle_aug_abs_deg": 0.9040453106164932, "delta_penalty": 4.12010354011727e-05, "grad_rel": 0.4889641970396042, "iteration": 1980, "loss": 0.13707301393151283, "lr": 0.00013209436098072076, "mse": 0.00014720476556249196, "p_zero": 0.0, "point_rel": 0.07502627614885568, "residual_mse": 0.0001472047662900877, "temporal_rel": 0.885845559835434, "tke_rel": 0.46819868087768557}
TRAIN {"angle_aug_abs_deg": 0.9633418917655945, "delta_penalty": 3.664516689241282e-05, "grad_rel": 0.4957550123333931, "iteration": 2000, "loss": 0.14137649200856686, "lr": 0.00013090169943749463, "mse": 0.0001294063124078093, "p_zero": 0.0, "point_rel": 0.07773918583989144, "residual_mse": 0.00012940631204401144, "temporal_rel": 0.8862915694713592, "tke_rel": 0.49287809282541273}
EVAL_TOP {"alpha": 1.0, "best_bound_abs": 0.0075, "best_bound_rel": 0.0075, "best_bounds": [{"abs": 0.0075, "coverage": 0.8308243179321289, "final_est": 81.582646755411, "rel": 0.0075, "sps_raw": 0.4795992652177811, "sps_score_linear": 47.959926521778115, "sps_score_used": 47.959926521778115}], "best_final_est": 81.582646755411, "iteration": 2000, "mean_t_neural_s": 0.01762683533, "mvpe": 0.0736480881460011, "mvpe_score": 96.44838058265479, "n": 640, "rel_l2": 0.08174095787107945, "rel_l2_score": 96.07343278893485, "time_score": 86.54248999999716, "tke": 0.472523957490921, "tke_score": 80.88900388369014}
TRAIN {"angle_aug_abs_deg": 1.0394567728042603, "delta_penalty": 4.13053537158703e-05, "grad_rel": 0.5041978478431701, "iteration": 2020, "loss": 0.14251254126429558, "lr": 0.00012970415815770334, "mse": 0.00016253760040854103, "p_zero": 0.0, "point_rel": 0.07913289107382297, "residual_mse": 0.00016253760259132832, "temporal_rel": 0.8879959344863891, "tke_rel": 0.4854536473751068}
TRAIN {"angle_aug_abs_deg": 1.0006415396928787, "delta_penalty": 3.949695765186334e-05, "grad_rel": 0.49397442042827605, "iteration": 2040, "loss": 0.13936275914311408, "lr": 0.00012850192624699744, "mse": 0.00014138066944724414, "p_zero": 0.0, "point_rel": 0.07728491853922606, "residual_mse": 0.00014138067053863778, "temporal_rel": 0.8790451884269714, "tke_rel": 0.47089444994926455}
TRAIN {"angle_aug_abs_deg": 1.041540715098381, "delta_penalty": 3.8487169604195515e-05, "grad_rel": 0.5065873175859451, "iteration": 2060, "loss": 0.14008257836103438, "lr": 0.00012729519355173237, "mse": 0.00013273492813823396, "p_zero": 0.0, "point_rel": 0.07729867454618215, "residual_mse": 0.00013273492559164878, "temporal_rel": 0.886076557636261, "tke_rel": 0.4760367706418037}
TRAIN {"angle_aug_abs_deg": 1.0027747303247452, "delta_penalty": 3.678848788695177e-05, "grad_rel": 0.4999734714627266, "iteration": 2080, "loss": 0.14111122936010362, "lr": 0.0001260841506289895, "mse": 0.0001285749227463384, "p_zero": 0.0, "point_rel": 0.07833464741706848, "residual_mse": 0.00012857492019975326, "temporal_rel": 0.8870315372943878, "tke_rel": 0.47711220383644104}
TRAIN {"angle_aug_abs_deg": 1.0133804112672806, "delta_penalty": 3.5832137746183436e-05, "grad_rel": 0.4901485711336136, "iteration": 2100, "loss": 0.137765634059906, "lr": 0.00012486898871648521, "mse": 0.00010957836257148301, "p_zero": 0.0, "point_rel": 0.07445430587977171, "residual_mse": 0.00010957836348097771, "temporal_rel": 0.8942135751247406, "tke_rel": 0.48498504012823107}
TRAIN {"angle_aug_abs_deg": 0.9295107454061509, "delta_penalty": 3.7799527763127114e-05, "grad_rel": 0.4955428704619408, "iteration": 2120, "loss": 0.13894488662481308, "lr": 0.00012364989970237224, "mse": 0.00012094413650629577, "p_zero": 0.0, "point_rel": 0.07622438501566649, "residual_mse": 0.00012094413723389153, "temporal_rel": 0.8943801760673523, "tke_rel": 0.47364855110645293}
TRAIN {"angle_aug_abs_deg": 1.0014007955789566, "delta_penalty": 3.943984711440862e-05, "grad_rel": 0.4869756832718849, "iteration": 2140, "loss": 0.13776445165276527, "lr": 0.00012242707609493784, "mse": 0.00014521164393954678, "p_zero": 0.0, "point_rel": 0.07560514975339175, "residual_mse": 0.0001452116450309404, "temporal_rel": 0.8800193458795548, "tke_rel": 0.4734955713152885}
TRAIN {"angle_aug_abs_deg": 0.933553221821785, "delta_penalty": 3.7354857704485765e-05, "grad_rel": 0.48583906292915346, "iteration": 2160, "loss": 0.13544839955866336, "lr": 0.00012120071099220523, "mse": 0.00011848135036416352, "p_zero": 0.0, "point_rel": 0.07300550751388073, "residual_mse": 0.00011848134963656775, "temporal_rel": 0.8897253602743149, "tke_rel": 0.4737876057624817}
TRAIN {"angle_aug_abs_deg": 1.0375782132148743, "delta_penalty": 3.6032572643307505e-05, "grad_rel": 0.4860381707549095, "iteration": 2180, "loss": 0.1352036666125059, "lr": 0.00011997099805144045, "mse": 0.00012109321905882098, "p_zero": 0.0, "point_rel": 0.0730353094637394, "residual_mse": 0.00012109321996831569, "temporal_rel": 0.8852345705032348, "tke_rel": 0.4713950023055077}
TRAIN {"angle_aug_abs_deg": 0.9758277475833893, "delta_penalty": 3.720302202054881e-05, "grad_rel": 0.49278964549303056, "iteration": 2200, "loss": 0.1395054765045643, "lr": 0.0001187381314585723, "mse": 0.0001262870504433522, "p_zero": 0.0, "point_rel": 0.07583475783467293, "residual_mse": 0.00012628705007955432, "temporal_rel": 0.8921538829803467, "tke_rel": 0.49126051664352416}
TRAIN {"angle_aug_abs_deg": 0.963998231291771, "delta_penalty": 3.7189926752034806e-05, "grad_rel": 0.48911832869052885, "iteration": 2220, "loss": 0.13823189064860344, "lr": 0.00011750230589752742, "mse": 0.00013112009173710248, "p_zero": 0.0, "point_rel": 0.07512663397938013, "residual_mse": 0.00013112009173710248, "temporal_rel": 0.8885193496942521, "tke_rel": 0.4845470979809761}
TRAIN {"angle_aug_abs_deg": 1.0453536212444305, "delta_penalty": 4.018237113996292e-05, "grad_rel": 0.49398564994335176, "iteration": 2240, "loss": 0.13734100051224232, "lr": 0.00011626371651948816, "mse": 0.0001332040397755918, "p_zero": 0.0, "point_rel": 0.07476062569767236, "residual_mse": 0.000133204039229895, "temporal_rel": 0.886092734336853, "tke_rel": 0.47578404396772384}
TRAIN {"angle_aug_abs_deg": 0.9038763493299484, "delta_penalty": 3.821898571914062e-05, "grad_rel": 0.4919723108410835, "iteration": 2260, "loss": 0.13987419493496417, "lr": 0.00011502255891207551, "mse": 0.00012176411728432867, "p_zero": 0.0, "point_rel": 0.076943763718009, "residual_mse": 0.00012176411655673292, "temporal_rel": 0.8929851621389389, "tke_rel": 0.4787333860993385}
TRAIN {"angle_aug_abs_deg": 0.9882000297307968, "delta_penalty": 3.740887423191453e-05, "grad_rel": 0.4880391970276833, "iteration": 2280, "loss": 0.13726812973618507, "lr": 0.00011377902906846359, "mse": 0.00012861292398156366, "p_zero": 0.0, "point_rel": 0.0748278833925724, "residual_mse": 0.00012861292179877637, "temporal_rel": 0.8829273581504822, "tke_rel": 0.4765418112277985}
TRAIN {"angle_aug_abs_deg": 1.04876369535923, "delta_penalty": 4.26408583734883e-05, "grad_rel": 0.49381444305181504, "iteration": 2300, "loss": 0.14071701355278493, "lr": 0.00011253332335643027, "mse": 0.0001475676181144081, "p_zero": 0.0, "point_rel": 0.07829702142626047, "residual_mse": 0.000147567618478206, "temporal_rel": 0.8882513016462326, "tke_rel": 0.47200192511081696}
TRAIN {"angle_aug_abs_deg": 1.0180061280727386, "delta_penalty": 3.5400856631895294e-05, "grad_rel": 0.4884775713086128, "iteration": 2320, "loss": 0.1368384551256895, "lr": 0.00011128563848734798, "mse": 0.00012389681814966024, "p_zero": 0.0, "point_rel": 0.07339725792407989, "residual_mse": 0.0001238968170582666, "temporal_rel": 0.8965102970600128, "tke_rel": 0.4863474935293198}
TRAIN {"angle_aug_abs_deg": 1.0115655422210694, "delta_penalty": 3.818203513219487e-05, "grad_rel": 0.48805476129055025, "iteration": 2340, "loss": 0.13641725108027458, "lr": 0.00011003617148512128, "mse": 0.00013718707214138703, "p_zero": 0.0, "point_rel": 0.07426843624562025, "residual_mse": 0.00013718707505177007, "temporal_rel": 0.8879173010587692, "tke_rel": 0.46914258152246474}
TRAIN {"angle_aug_abs_deg": 1.0512364357709885, "delta_penalty": 3.8999704338493756e-05, "grad_rel": 0.49158947765827177, "iteration": 2360, "loss": 0.13880047388374805, "lr": 0.00010878511965507413, "mse": 0.00013772461024927907, "p_zero": 0.0, "point_rel": 0.07583914063870907, "residual_mse": 0.0001377246113406727, "temporal_rel": 0.8939318716526031, "tke_rel": 0.4787906542420387}
TRAIN {"angle_aug_abs_deg": 0.8536184132099152, "delta_penalty": 3.789642369156354e-05, "grad_rel": 0.4855192258954048, "iteration": 2380, "loss": 0.1355979785323143, "lr": 0.0001075326805527931, "mse": 0.00012672184984694468, "p_zero": 0.0, "point_rel": 0.07358085811138153, "residual_mse": 0.0001267218491193489, "temporal_rel": 0.8850500255823135, "tke_rel": 0.46906766295433044}
TRAIN {"angle_aug_abs_deg": 0.9645984828472137, "delta_penalty": 3.907180971509661e-05, "grad_rel": 0.4950761288404465, "iteration": 2400, "loss": 0.13893439583480358, "lr": 0.00010627905195293118, "mse": 0.00012467766100598965, "p_zero": 0.0, "point_rel": 0.07554621119052171, "residual_mse": 0.00012467766064219176, "temporal_rel": 0.8890886962413788, "tke_rel": 0.4875200197100639}
TRAIN {"angle_aug_abs_deg": 1.0538181364536285, "delta_penalty": 3.925002392861643e-05, "grad_rel": 0.49204008728265763, "iteration": 2420, "loss": 0.13995235078036786, "lr": 0.0001050244318179768, "mse": 0.0001515546742666629, "p_zero": 0.0, "point_rel": 0.07689415737986564, "residual_mse": 0.00015155467481235972, "temporal_rel": 0.8909017890691757, "tke_rel": 0.4817381739616394}
TRAIN {"angle_aug_abs_deg": 0.989512637257576, "delta_penalty": 3.8564533588214546e-05, "grad_rel": 0.4918226793408394, "iteration": 2440, "loss": 0.1387299470603466, "lr": 0.00010376901826699328, "mse": 0.00012730310008919333, "p_zero": 0.0, "point_rel": 0.0762862928211689, "residual_mse": 0.00012730309763355762, "temporal_rel": 0.8896503418684005, "tke_rel": 0.47229739278554916}
TRAIN {"angle_aug_abs_deg": 0.9894636064767838, "delta_penalty": 3.8771700019424316e-05, "grad_rel": 0.501543627679348, "iteration": 2460, "loss": 0.1408612124621868, "lr": 0.00010251300954433361, "mse": 0.00012958499828528148, "p_zero": 0.0, "point_rel": 0.07817685082554818, "residual_mse": 0.00012958499992237192, "temporal_rel": 0.8889555096626282, "tke_rel": 0.4742149099707603}
TRAIN {"angle_aug_abs_deg": 0.9836144626140595, "delta_penalty": 3.8871567994647194e-05, "grad_rel": 0.4884762018918991, "iteration": 2480, "loss": 0.13620460890233516, "lr": 0.00010125660398833509, "mse": 0.00012371615957817994, "p_zero": 0.0, "point_rel": 0.07426816653460264, "residual_mse": 0.00012371615994197783, "temporal_rel": 0.8874102503061294, "tke_rel": 0.46581832468509676}
TRAIN {"angle_aug_abs_deg": 1.018620675802231, "delta_penalty": 3.7624288506776796e-05, "grad_rel": 0.4919102698564529, "iteration": 2500, "loss": 0.13753316029906273, "lr": 9.99999999999998e-05, "mse": 0.00012868731164417113, "p_zero": 0.0, "point_rel": 0.07525821514427662, "residual_mse": 0.00012868731200796902, "temporal_rel": 0.886165302991867, "tke_rel": 0.471199531853199}
TRAIN {"angle_aug_abs_deg": 0.9992262065410614, "delta_penalty": 4.1474727368040476e-05, "grad_rel": 0.4990529969334602, "iteration": 2520, "loss": 0.14160022139549255, "lr": 9.874339601166454e-05, "mse": 0.00015162289200816305, "p_zero": 0.0, "point_rel": 0.07829447910189628, "residual_mse": 0.0001516228923719609, "temporal_rel": 0.8857296407222748, "tke_rel": 0.4866957858204842}
TRAIN {"angle_aug_abs_deg": 1.0417732268571853, "delta_penalty": 3.887435132128303e-05, "grad_rel": 0.49574837237596514, "iteration": 2540, "loss": 0.1397419184446335, "lr": 9.748699045566609e-05, "mse": 0.00012855198019678937, "p_zero": 0.0, "point_rel": 0.07636586464941501, "residual_mse": 0.00012855198092438514, "temporal_rel": 0.894723865389824, "tke_rel": 0.48431285172700883}
TRAIN {"angle_aug_abs_deg": 1.012448938190937, "delta_penalty": 4.0681039081391646e-05, "grad_rel": 0.4953379243612289, "iteration": 2560, "loss": 0.1398772370070219, "lr": 9.623098173300636e-05, "mse": 0.00014310103360912763, "p_zero": 0.0, "point_rel": 0.07714547105133533, "residual_mse": 0.00014310103360912763, "temporal_rel": 0.884549030661583, "tke_rel": 0.4786914050579071}
TRAIN {"angle_aug_abs_deg": 0.9922855585813523, "delta_penalty": 3.8456822039734107e-05, "grad_rel": 0.49403092116117475, "iteration": 2580, "loss": 0.1392869908362627, "lr": 9.497556818202284e-05, "mse": 0.0001261628462088993, "p_zero": 0.0, "point_rel": 0.07685204222798347, "residual_mse": 0.00012616284839168658, "temporal_rel": 0.881837347149849, "tke_rel": 0.475512433052063}
TRAIN {"angle_aug_abs_deg": 0.935034766793251, "delta_penalty": 3.853844182231114e-05, "grad_rel": 0.4845755249261856, "iteration": 2600, "loss": 0.1361554067581892, "lr": 9.372094804706847e-05, "mse": 0.0001186626896924281, "p_zero": 0.0, "point_rel": 0.07372327633202076, "residual_mse": 0.00011866269042002387, "temporal_rel": 0.8901646554470062, "tke_rel": 0.47370310723781583}
TRAIN {"angle_aug_abs_deg": 1.004555270075798, "delta_penalty": 3.6883435677736996e-05, "grad_rel": 0.4851897478103638, "iteration": 2620, "loss": 0.1364664077758789, "lr": 9.246731944720653e-05, "mse": 0.00014005073498992714, "p_zero": 0.0, "point_rel": 0.07370630577206612, "residual_mse": 0.00014005073462612926, "temporal_rel": 0.8923132181167602, "tke_rel": 0.47783510088920594}
TRAIN {"angle_aug_abs_deg": 0.9818628609180451, "delta_penalty": 3.7276030525390524e-05, "grad_rel": 0.47777108401060103, "iteration": 2640, "loss": 0.13274113088846207, "lr": 9.12148803449255e-05, "mse": 0.00010488580792298308, "p_zero": 0.0, "point_rel": 0.07079654615372419, "residual_mse": 0.00010488580883247778, "temporal_rel": 0.892547869682312, "tke_rel": 0.4661562591791153}
TRAIN {"angle_aug_abs_deg": 0.9888111591339112, "delta_penalty": 3.8589984251302666e-05, "grad_rel": 0.49880593568086623, "iteration": 2660, "loss": 0.14064600355923176, "lr": 8.996382851487829e-05, "mse": 0.0001369781004541437, "p_zero": 0.0, "point_rel": 0.07748066931962967, "residual_mse": 0.00013697810118173948, "temporal_rel": 0.8897038042545319, "tke_rel": 0.48250444382429125}
TRAIN {"angle_aug_abs_deg": 0.9080421447753906, "delta_penalty": 3.6477156390901656e-05, "grad_rel": 0.48592454195022583, "iteration": 2680, "loss": 0.13549481257796286, "lr": 8.871436151265162e-05, "mse": 0.00012932145709783073, "p_zero": 0.0, "point_rel": 0.07480761837214231, "residual_mse": 0.00012932145746162859, "temporal_rel": 0.8775840431451798, "tke_rel": 0.4505213350057602}
TRAIN {"angle_aug_abs_deg": 0.9702574580907821, "delta_penalty": 3.639453434516327e-05, "grad_rel": 0.4862279087305069, "iteration": 2700, "loss": 0.13405295759439467, "lr": 8.746667664356935e-05, "mse": 0.00012261646479601042, "p_zero": 0.0, "point_rel": 0.0727037739008665, "residual_mse": 0.00012261646515980827, "temporal_rel": 0.8854937434196473, "tke_rel": 0.4575573429465294}
TRAIN {"angle_aug_abs_deg": 1.0006477892398835, "delta_penalty": 3.8037489321141035e-05, "grad_rel": 0.4932952344417572, "iteration": 2720, "loss": 0.13827913366258143, "lr": 8.622097093153601e-05, "mse": 0.00012085601902072085, "p_zero": 0.0, "point_rel": 0.07585201524198056, "residual_mse": 0.00012085601956641767, "temporal_rel": 0.8867652386426925, "tke_rel": 0.47312859147787095}
TRAIN {"angle_aug_abs_deg": 0.9855425149202347, "delta_penalty": 3.7929154223093066e-05, "grad_rel": 0.4909291535615921, "iteration": 2740, "loss": 0.1370399858802557, "lr": 8.497744108792413e-05, "mse": 0.00011884995728905778, "p_zero": 0.0, "point_rel": 0.07486439179629087, "residual_mse": 0.00011884995728905778, "temporal_rel": 0.889395222067833, "tke_rel": 0.4682231456041336}
TRAIN {"angle_aug_abs_deg": 0.9922220885753632, "delta_penalty": 4.141878780501429e-05, "grad_rel": 0.49561755955219267, "iteration": 2760, "loss": 0.14004690647125245, "lr": 8.373628348051148e-05, "mse": 0.0001393076057865983, "p_zero": 0.0, "point_rel": 0.07715634629130363, "residual_mse": 0.0001393076057865983, "temporal_rel": 0.8906602740287781, "tke_rel": 0.478231155872345}
TRAIN {"angle_aug_abs_deg": 1.0025790959596634, "delta_penalty": 4.1237336336052974e-05, "grad_rel": 0.49011256247758866, "iteration": 2780, "loss": 0.13900308459997177, "lr": 8.249769410247226e-05, "mse": 0.00014314563341031317, "p_zero": 0.0, "point_rel": 0.0760532470420003, "residual_mse": 0.0001431456290447386, "temporal_rel": 0.8876446425914765, "tke_rel": 0.4820841059088707}
TRAIN {"angle_aug_abs_deg": 1.0142471343278885, "delta_penalty": 3.872037141263718e-05, "grad_rel": 0.4900844871997833, "iteration": 2800, "loss": 0.13617729283869268, "lr": 8.126186854142741e-05, "mse": 0.000126905655633891, "p_zero": 0.0, "point_rel": 0.07364029679447412, "residual_mse": 0.00012690565454249737, "temporal_rel": 0.8853672027587891, "tke_rel": 0.4764310598373413}
TRAIN {"angle_aug_abs_deg": 0.9987489253282547, "delta_penalty": 4.043205835841945e-05, "grad_rel": 0.4989291727542877, "iteration": 2820, "loss": 0.1387454580515623, "lr": 8.002900194855915e-05, "mse": 0.00013800643464492168, "p_zero": 0.0, "point_rel": 0.07638784758746624, "residual_mse": 0.00013800643628201215, "temporal_rel": 0.88229099214077, "tke_rel": 0.4727122515439987}
TRAIN {"angle_aug_abs_deg": 0.973721033334732, "delta_penalty": 3.652403629530454e-05, "grad_rel": 0.48787534683942796, "iteration": 2840, "loss": 0.13696306012570858, "lr": 7.87992890077944e-05, "mse": 0.00012484586168284295, "p_zero": 0.0, "point_rel": 0.07395732514560223, "residual_mse": 0.0001248458609552472, "temporal_rel": 0.8960382133722306, "tke_rel": 0.4794712319970131}
TRAIN {"angle_aug_abs_deg": 0.9770340204238892, "delta_penalty": 3.817576634901343e-05, "grad_rel": 0.49375579953193666, "iteration": 2860, "loss": 0.13854591101408004, "lr": 7.757292390506173e-05, "mse": 0.00012523184104793473, "p_zero": 0.0, "point_rel": 0.07553964368999004, "residual_mse": 0.00012523184032033896, "temporal_rel": 0.8957483500242234, "tke_rel": 0.47815246433019637}
TRAIN {"angle_aug_abs_deg": 1.0514478594064713, "delta_penalty": 4.157061821388197e-05, "grad_rel": 0.4956072434782982, "iteration": 2880, "loss": 0.13818966895341872, "lr": 7.635010029762737e-05, "mse": 0.00014498176587949275, "p_zero": 0.0, "point_rel": 0.07648444268852472, "residual_mse": 0.00014498176715278533, "temporal_rel": 0.8810815364122391, "tke_rel": 0.46323912143707274}
TRAIN {"angle_aug_abs_deg": 0.965381047129631, "delta_penalty": 4.131464256715844e-05, "grad_rel": 0.49178317040205, "iteration": 2900, "loss": 0.13989332616329192, "lr": 7.51310112835144e-05, "mse": 0.00014925686282367677, "p_zero": 0.0, "point_rel": 0.07701969109475612, "residual_mse": 0.00014925686264177784, "temporal_rel": 0.8836563259363175, "tke_rel": 0.48235991448163984}
TRAIN {"angle_aug_abs_deg": 1.0279938399791717, "delta_penalty": 3.847579200737528e-05, "grad_rel": 0.48800504505634307, "iteration": 2920, "loss": 0.13639651238918304, "lr": 7.391584937101016e-05, "mse": 0.0001253461705346126, "p_zero": 0.0, "point_rel": 0.07381848748773337, "residual_mse": 0.00012534617071651154, "temporal_rel": 0.8903970390558242, "tke_rel": 0.4751277580857277}
TRAIN {"angle_aug_abs_deg": 1.0403161644935608, "delta_penalty": 4.293371875974117e-05, "grad_rel": 0.4946190044283867, "iteration": 2940, "loss": 0.1405590757727623, "lr": 7.270480644826734e-05, "mse": 0.00014433206524699926, "p_zero": 0.0, "point_rel": 0.07778608053922653, "residual_mse": 0.0001443320645194035, "temporal_rel": 0.8946221679449081, "tke_rel": 0.4745147868990898}
TRAIN {"angle_aug_abs_deg": 0.9279386043548584, "delta_penalty": 3.98205926103401e-05, "grad_rel": 0.48386930078268053, "iteration": 2960, "loss": 0.13483235351741313, "lr": 7.149807375300225e-05, "mse": 0.00012932436984556262, "p_zero": 0.0, "point_rel": 0.07283005956560373, "residual_mse": 0.00012932437130075414, "temporal_rel": 0.8871874332427978, "tke_rel": 0.46815062016248704}
TRAIN {"angle_aug_abs_deg": 0.9622590452432632, "delta_penalty": 3.5436759117146724e-05, "grad_rel": 0.4913812965154648, "iteration": 2980, "loss": 0.13850574046373368, "lr": 7.029584184229632e-05, "mse": 0.00010954488498100545, "p_zero": 0.0, "point_rel": 0.07550534922629595, "residual_mse": 0.00010954488570860121, "temporal_rel": 0.891967648267746, "tke_rel": 0.4806178331375122}
TRAIN {"angle_aug_abs_deg": 1.0310758769512176, "delta_penalty": 4.0646664183441315e-05, "grad_rel": 0.4953906998038292, "iteration": 3000, "loss": 0.13593909963965417, "lr": 6.909830056250507e-05, "mse": 0.00012999680675420677, "p_zero": 0.0, "point_rel": 0.07415912970900536, "residual_mse": 0.00012999680711800465, "temporal_rel": 0.8840220302343369, "tke_rel": 0.46314400136470796}
EVAL_TOP {"alpha": 1.0, "best_bound_abs": 0.0075, "best_bound_rel": 0.0075, "best_bounds": [{"abs": 0.0075, "coverage": 0.8322202491760254, "final_est": 81.7162252596077, "rel": 0.0075, "sps_raw": 0.4817798802852631, "sps_score_linear": 48.17798802852631, "sps_score_used": 48.17798802852631}], "best_final_est": 81.7162252596077, "iteration": 3000, "mean_t_neural_s": 0.01762683533, "mvpe": 0.07260326752439142, "mvpe_score": 96.49700120317227, "n": 640, "rel_l2": 0.08123486023396254, "rel_l2_score": 96.09679513897674, "time_score": 86.54248999999716, "tke": 0.46102802380919455, "tke_score": 81.26685192736602}
TRAIN {"angle_aug_abs_deg": 0.8956122487783432, "delta_penalty": 3.8607852093264225e-05, "grad_rel": 0.4912716567516327, "iteration": 3020, "loss": 0.13657034635543824, "lr": 6.790563901927888e-05, "mse": 0.00013257836053526262, "p_zero": 0.0, "point_rel": 0.0737356722354889, "residual_mse": 0.0001325783627180499, "temporal_rel": 0.8900487780570984, "tke_rel": 0.47872653007507326}
TRAIN {"angle_aug_abs_deg": 0.967260804772377, "delta_penalty": 3.6263425408833426e-05, "grad_rel": 0.5000408381223679, "iteration": 3040, "loss": 0.13870492689311503, "lr": 6.671804554770114e-05, "mse": 0.00012380993503029457, "p_zero": 0.0, "point_rel": 0.0765051607042551, "residual_mse": 0.00012380993539409246, "temporal_rel": 0.8869602710008622, "tke_rel": 0.46754131019115447}
TRAIN {"angle_aug_abs_deg": 1.0147409796714784, "delta_penalty": 3.941752920582076e-05, "grad_rel": 0.48247234523296356, "iteration": 3060, "loss": 0.13472709953784942, "lr": 6.553570768254812e-05, "mse": 0.00011615754265221767, "p_zero": 0.0, "point_rel": 0.07200777549296618, "residual_mse": 0.0001161575422884198, "temporal_rel": 0.8910036951303482, "tke_rel": 0.47860820293426515}
TRAIN {"angle_aug_abs_deg": 0.9600832670927048, "delta_penalty": 3.906511619788944e-05, "grad_rel": 0.48773428797721863, "iteration": 3080, "loss": 0.1341255411505699, "lr": 6.435881212867474e-05, "mse": 0.0001266678214960848, "p_zero": 0.0, "point_rel": 0.07305505573749542, "residual_mse": 0.0001266678211322869, "temporal_rel": 0.879110911488533, "tke_rel": 0.45570606291294097}
TRAIN {"angle_aug_abs_deg": 0.9418761759996415, "delta_penalty": 3.8376163502107374e-05, "grad_rel": 0.4969672501087189, "iteration": 3100, "loss": 0.13944673538208008, "lr": 6.318754473153203e-05, "mse": 0.00011618558000918711, "p_zero": 0.0, "point_rel": 0.07653352618217468, "residual_mse": 0.00011618557964538922, "temporal_rel": 0.8938512295484543, "tke_rel": 0.47679238468408586}
TRAIN {"angle_aug_abs_deg": 1.0296885967254639, "delta_penalty": 3.8525075342477064e-05, "grad_rel": 0.4928970366716385, "iteration": 3120, "loss": 0.13789025582373143, "lr": 6.202209044781972e-05, "mse": 0.00012886668591818306, "p_zero": 0.0, "point_rel": 0.07648771237581968, "residual_mse": 0.00012886668591818306, "temporal_rel": 0.8783672124147415, "tke_rel": 0.46031074076890943}
TRAIN {"angle_aug_abs_deg": 0.9487442880868912, "delta_penalty": 3.835957404589863e-05, "grad_rel": 0.48797195553779604, "iteration": 3140, "loss": 0.13762451931834221, "lr": 6.0862633316279595e-05, "mse": 0.00012686822137766284, "p_zero": 0.0, "point_rel": 0.07469237633049489, "residual_mse": 0.0001268682224690565, "temporal_rel": 0.8861419528722763, "tke_rel": 0.4831580027937889}
TRAIN {"angle_aug_abs_deg": 1.0077826470136642, "delta_penalty": 4.023629007861018e-05, "grad_rel": 0.49075356125831604, "iteration": 3160, "loss": 0.13727577589452267, "lr": 5.970935642863359e-05, "mse": 0.00014088768202782375, "p_zero": 0.0, "point_rel": 0.07466900702565908, "residual_mse": 0.0001408876822097227, "temporal_rel": 0.8860205084085464, "tke_rel": 0.47702966779470446}
TRAIN {"angle_aug_abs_deg": 1.055582383275032, "delta_penalty": 3.8511656657647106e-05, "grad_rel": 0.48363332599401476, "iteration": 3180, "loss": 0.1350283931940794, "lr": 5.856244190067147e-05, "mse": 0.00012485073166317305, "p_zero": 0.0, "point_rel": 0.07315406445413827, "residual_mse": 0.00012485073166317305, "temporal_rel": 0.8880128055810929, "tke_rel": 0.46568705290555956}
TRAIN {"angle_aug_abs_deg": 0.9422742307186127, "delta_penalty": 3.653055473478162e-05, "grad_rel": 0.49398916214704514, "iteration": 3200, "loss": 0.1377721592783928, "lr": 5.742207084349259e-05, "mse": 0.00011102941280114465, "p_zero": 0.0, "point_rel": 0.07569105289876461, "residual_mse": 0.00011102941389253828, "temporal_rel": 0.8867510765790939, "tke_rel": 0.46724493652582166}
TRAIN {"angle_aug_abs_deg": 0.9898131489753723, "delta_penalty": 3.996727555204416e-05, "grad_rel": 0.4818625018000603, "iteration": 3220, "loss": 0.13521942757070066, "lr": 5.628842333490659e-05, "mse": 0.00012773848739016102, "p_zero": 0.0, "point_rel": 0.07330122292041778, "residual_mse": 0.00012773848848155467, "temporal_rel": 0.8889574706554413, "tke_rel": 0.46637368500232695}
TRAIN {"angle_aug_abs_deg": 0.9959584981203079, "delta_penalty": 4.003039848612389e-05, "grad_rel": 0.49541156440973283, "iteration": 3240, "loss": 0.1391932461410761, "lr": 5.5161678390996647e-05, "mse": 0.00013866806166333844, "p_zero": 0.0, "point_rel": 0.07639177348464728, "residual_mse": 0.0001386680587529554, "temporal_rel": 0.8881015568971634, "tke_rel": 0.4780809223651886}
TRAIN {"angle_aug_abs_deg": 0.9711954116821289, "delta_penalty": 4.160199496254791e-05, "grad_rel": 0.48768491446971896, "iteration": 3260, "loss": 0.1372286707162857, "lr": 5.404201393785108e-05, "mse": 0.00012951959542988333, "p_zero": 0.0, "point_rel": 0.07501082159578801, "residual_mse": 0.0001295195979764685, "temporal_rel": 0.8876665443181991, "tke_rel": 0.4705481857061386}
TRAIN {"angle_aug_abs_deg": 1.0547794193029403, "delta_penalty": 3.802480932790786e-05, "grad_rel": 0.4854695677757263, "iteration": 3280, "loss": 0.1350272513926029, "lr": 5.292960678346662e-05, "mse": 0.0001148851368270698, "p_zero": 0.0, "point_rel": 0.07262959443032742, "residual_mse": 0.00011488513573567615, "temporal_rel": 0.8850745856761932, "tke_rel": 0.47546916306018827}
TRAIN {"angle_aug_abs_deg": 0.9830207854509354, "delta_penalty": 4.071392813784769e-05, "grad_rel": 0.49413022547960284, "iteration": 3300, "loss": 0.139448057487607, "lr": 5.182463258982831e-05, "mse": 0.00013854596254532227, "p_zero": 0.0, "point_rel": 0.07577338516712188, "residual_mse": 0.0001385459618177265, "temporal_rel": 0.8978184551000595, "tke_rel": 0.4880965530872345}
TRAIN {"angle_aug_abs_deg": 1.0508823841810226, "delta_penalty": 4.222098896207171e-05, "grad_rel": 0.4920630529522896, "iteration": 3320, "loss": 0.1385902628302574, "lr": 5.0727265845170704e-05, "mse": 0.0001349382078842609, "p_zero": 0.0, "point_rel": 0.07669714279472828, "residual_mse": 0.00013493820897565457, "temporal_rel": 0.8821671366691589, "tke_rel": 0.4667639285326004}
TRAIN {"angle_aug_abs_deg": 1.0012991905212403, "delta_penalty": 4.027094018965727e-05, "grad_rel": 0.4931442096829414, "iteration": 3340, "loss": 0.13924659714102744, "lr": 4.963767983642376e-05, "mse": 0.00013565323206421454, "p_zero": 0.0, "point_rel": 0.07689229715615511, "residual_mse": 0.00013565323206421454, "temporal_rel": 0.8918678104877472, "tke_rel": 0.4693267270922661}
TRAIN {"angle_aug_abs_deg": 1.0070264101028443, "delta_penalty": 4.0540750887885224e-05, "grad_rel": 0.49498939216136933, "iteration": 3360, "loss": 0.13835012391209603, "lr": 4.855604662184921e-05, "mse": 0.00013527226728911047, "p_zero": 0.0, "point_rel": 0.07713277488946915, "residual_mse": 0.00013527226910809987, "temporal_rel": 0.8867211222648621, "tke_rel": 0.45249138325452803}
TRAIN {"angle_aug_abs_deg": 1.0555021598935128, "delta_penalty": 4.025952412121114e-05, "grad_rel": 0.4853449329733849, "iteration": 3380, "loss": 0.13640324734151363, "lr": 4.748253700387031e-05, "mse": 0.00013243227876955644, "p_zero": 0.0, "point_rel": 0.07422326114028692, "residual_mse": 0.00013243227767816278, "temporal_rel": 0.886262708902359, "tke_rel": 0.471189945936203}
TRAIN {"angle_aug_abs_deg": 0.9442161738872528, "delta_penalty": 4.054809332956211e-05, "grad_rel": 0.4908739745616913, "iteration": 3400, "loss": 0.1364974144846201, "lr": 4.64173205021002e-05, "mse": 0.0001318259681283962, "p_zero": 0.0, "point_rel": 0.07457994297146797, "residual_mse": 0.00013182596921978984, "temporal_rel": 0.8885093808174134, "tke_rel": 0.464312045276165}
TRAIN {"angle_aug_abs_deg": 1.0114937633275987, "delta_penalty": 3.7220950980554333e-05, "grad_rel": 0.4974309802055359, "iteration": 3420, "loss": 0.13808543868362905, "lr": 4.536056532657295e-05, "mse": 0.00012417593388818203, "p_zero": 0.0, "point_rel": 0.07623395510017872, "residual_mse": 0.00012417593334248522, "temporal_rel": 0.8895850270986557, "tke_rel": 0.46107459515333177}
TRAIN {"angle_aug_abs_deg": 0.9662909299135208, "delta_penalty": 4.087056768184993e-05, "grad_rel": 0.48990926444530486, "iteration": 3440, "loss": 0.1351573619991541, "lr": 4.431243835118104e-05, "mse": 0.00013293735137267503, "p_zero": 0.0, "point_rel": 0.07355485633015632, "residual_mse": 0.00013293735100887715, "temporal_rel": 0.8874760806560517, "tke_rel": 0.45981474667787553}
TRAIN {"angle_aug_abs_deg": 0.8677822083234787, "delta_penalty": 3.863140627800021e-05, "grad_rel": 0.48324156254529954, "iteration": 3460, "loss": 0.13486741706728936, "lr": 4.3273105087324195e-05, "mse": 0.00011782361470977776, "p_zero": 0.0, "point_rel": 0.07271582856774331, "residual_mse": 0.00011782361361838412, "temporal_rel": 0.8787468612194062, "tke_rel": 0.47507400810718536}
TRAIN {"angle_aug_abs_deg": 1.0134115546941758, "delta_penalty": 4.048448072353494e-05, "grad_rel": 0.48330078423023226, "iteration": 3480, "loss": 0.13746342211961746, "lr": 4.2242729657773126e-05, "mse": 0.00013807475643261568, "p_zero": 0.0, "point_rel": 0.07510515823960304, "residual_mse": 0.00013807475861540297, "temporal_rel": 0.8894707232713699, "tke_rel": 0.4730400130152702}
TRAIN {"angle_aug_abs_deg": 1.0485623329877853, "delta_penalty": 4.0018225990934295e-05, "grad_rel": 0.4883005201816559, "iteration": 3500, "loss": 0.13739303052425383, "lr": 4.122147477075256e-05, "mse": 0.00013818698971590493, "p_zero": 0.0, "point_rel": 0.07443180661648512, "residual_mse": 0.00013818699007970281, "temporal_rel": 0.8870245695114136, "tke_rel": 0.4830620616674423}
TRAIN {"angle_aug_abs_deg": 0.9698761612176895, "delta_penalty": 3.7167773552937436e-05, "grad_rel": 0.48976359963417054, "iteration": 3520, "loss": 0.13631539046764374, "lr": 4.020950169424797e-05, "mse": 0.00011492046160128666, "p_zero": 0.0, "point_rel": 0.07409840449690819, "residual_mse": 0.00011492046160128666, "temporal_rel": 0.8826389968395233, "tke_rel": 0.4726024106144905}
TRAIN {"angle_aug_abs_deg": 1.0305906504392623, "delta_penalty": 4.0152818110072984e-05, "grad_rel": 0.4919775605201721, "iteration": 3540, "loss": 0.13612511232495308, "lr": 3.9206970230539346e-05, "mse": 0.00013086069102428156, "p_zero": 0.0, "point_rel": 0.07427975907921791, "residual_mse": 0.00013086069120618049, "temporal_rel": 0.8857956022024155, "tke_rel": 0.4641959756612778}
TRAIN {"angle_aug_abs_deg": 0.9887135282158852, "delta_penalty": 4.0012936005950904e-05, "grad_rel": 0.49479253590106964, "iteration": 3560, "loss": 0.1360263243317604, "lr": 3.821403869096648e-05, "mse": 0.0001269501772185322, "p_zero": 0.0, "point_rel": 0.07433654479682446, "residual_mse": 0.00012695017703663326, "temporal_rel": 0.8842231273651123, "tke_rel": 0.4617052137851715}
TRAIN {"angle_aug_abs_deg": 1.0109291046857833, "delta_penalty": 3.627140768003301e-05, "grad_rel": 0.4861416697502136, "iteration": 3580, "loss": 0.13353773579001427, "lr": 3.7230863870929856e-05, "mse": 0.00010836630572157447, "p_zero": 0.0, "point_rel": 0.07203093506395816, "residual_mse": 0.00010836630681296811, "temporal_rel": 0.8851873517036438, "tke_rel": 0.46043037474155424}
TRAIN {"angle_aug_abs_deg": 0.9616565465927124, "delta_penalty": 3.944485279134824e-05, "grad_rel": 0.48934786319732665, "iteration": 3600, "loss": 0.13604962527751924, "lr": 3.625760102513091e-05, "mse": 0.00012579109807120403, "p_zero": 0.0, "point_rel": 0.0735263315960765, "residual_mse": 0.00012579109734360826, "temporal_rel": 0.8855244904756546, "tke_rel": 0.4763135924935341}
TRAIN {"angle_aug_abs_deg": 1.0548454523086548, "delta_penalty": 3.9141657543950716e-05, "grad_rel": 0.48942349553108216, "iteration": 3620, "loss": 0.1362319029867649, "lr": 3.5294403843055484e-05, "mse": 0.00011805214853666257, "p_zero": 0.0, "point_rel": 0.07432394251227378, "residual_mse": 0.00011805214962805622, "temporal_rel": 0.8859688401222229, "tke_rel": 0.4658557713031769}
TRAIN {"angle_aug_abs_deg": 0.9070941239595414, "delta_penalty": 3.6316899604571516e-05, "grad_rel": 0.48953993916511535, "iteration": 3640, "loss": 0.13529786467552185, "lr": 3.434142442470426e-05, "mse": 0.00011162068985868246, "p_zero": 0.0, "point_rel": 0.07347984910011292, "residual_mse": 0.00011162069040437927, "temporal_rel": 0.8852172344923019, "tke_rel": 0.4647364154458046}
TRAIN {"angle_aug_abs_deg": 1.0871032536029817, "delta_penalty": 4.27765837230254e-05, "grad_rel": 0.5030646830797195, "iteration": 3660, "loss": 0.14061414152383805, "lr": 3.3398813256574715e-05, "mse": 0.00014413701737794326, "p_zero": 0.0, "point_rel": 0.07843980491161347, "residual_mse": 0.00014413701519515597, "temporal_rel": 0.8813529014587402, "tke_rel": 0.4690613865852356}
TRAIN {"angle_aug_abs_deg": 0.9781112998723984, "delta_penalty": 4.026957312817103e-05, "grad_rel": 0.502364581823349, "iteration": 3680, "loss": 0.1423404861241579, "lr": 3.246671918789742e-05, "mse": 0.0001354563693894306, "p_zero": 0.0, "point_rel": 0.07858114521950484, "residual_mse": 0.00013545636829803698, "temporal_rel": 0.8943922489881515, "tke_rel": 0.4891777619719505}
TRAIN {"angle_aug_abs_deg": 1.0300308376550675, "delta_penalty": 3.89833659028227e-05, "grad_rel": 0.48692406713962555, "iteration": 3700, "loss": 0.13601475432515145, "lr": 3.154528940713098e-05, "mse": 0.0001242645974343759, "p_zero": 0.0, "point_rel": 0.07401493266224861, "residual_mse": 0.00012426459670678014, "temporal_rel": 0.8906336724758148, "tke_rel": 0.46564821153879166}
TRAIN {"angle_aug_abs_deg": 1.0133550882339477, "delta_penalty": 4.101553640794009e-05, "grad_rel": 0.4923730880022049, "iteration": 3720, "loss": 0.13830667175352573, "lr": 3.0634669418719376e-05, "mse": 0.00014067903484829002, "p_zero": 0.0, "point_rel": 0.07647679708898067, "residual_mse": 0.00014067903721297624, "temporal_rel": 0.8825291454792022, "tke_rel": 0.46542299538850784}
TRAIN {"angle_aug_abs_deg": 0.9745464295148849, "delta_penalty": 4.281199708202621e-05, "grad_rel": 0.504242642223835, "iteration": 3740, "loss": 0.14216212332248687, "lr": 2.9735003020114953e-05, "mse": 0.0001480873270338634, "p_zero": 0.0, "point_rel": 0.08012956120073796, "residual_mse": 0.00014808732630626763, "temporal_rel": 0.8842141985893249, "tke_rel": 0.46495360881090164}
TRAIN {"angle_aug_abs_deg": 0.9565820455551147, "delta_penalty": 3.823932629529736e-05, "grad_rel": 0.49520890712738036, "iteration": 3760, "loss": 0.13749688751995565, "lr": 2.8846432279071335e-05, "mse": 0.00011995481800113339, "p_zero": 0.0, "point_rel": 0.07549463231116534, "residual_mse": 0.00011995481872872915, "temporal_rel": 0.8860966324806213, "tke_rel": 0.4659078925848007}
TRAIN {"angle_aug_abs_deg": 1.0666475296020508, "delta_penalty": 3.978408149123425e-05, "grad_rel": 0.490259638428688, "iteration": 3780, "loss": 0.13537406399846078, "lr": 2.7969097511209217e-05, "mse": 0.00012094691592210439, "p_zero": 0.0, "point_rel": 0.07345896195620298, "residual_mse": 0.00012094691446691286, "temporal_rel": 0.8871508061885833, "tke_rel": 0.46516006290912626}
TRAIN {"angle_aug_abs_deg": 0.9988387435674667, "delta_penalty": 3.842740425170632e-05, "grad_rel": 0.4863235682249069, "iteration": 3800, "loss": 0.1354240920394659, "lr": 2.710313725785872e-05, "mse": 0.00011565345575945685, "p_zero": 0.0, "point_rel": 0.07351938039064407, "residual_mse": 0.00011565345484996215, "temporal_rel": 0.8846537798643113, "tke_rel": 0.46724640280008317}
TRAIN {"angle_aug_abs_deg": 1.025644136965275, "delta_penalty": 3.919609807780944e-05, "grad_rel": 0.4900114044547081, "iteration": 3820, "loss": 0.13517966642975807, "lr": 2.624868826418251e-05, "mse": 0.00011234444264118792, "p_zero": 0.0, "point_rel": 0.07284001726657152, "residual_mse": 0.00011234444409637944, "temporal_rel": 0.8871266633272171, "tke_rel": 0.4723532035946846}
TRAIN {"angle_aug_abs_deg": 0.8714697092771531, "delta_penalty": 4.014070118500968e-05, "grad_rel": 0.4945734664797783, "iteration": 3840, "loss": 0.13863837718963623, "lr": 2.5405885457581688e-05, "mse": 0.000131787216560042, "p_zero": 0.0, "point_rel": 0.07660334408283234, "residual_mse": 0.00013178721583244623, "temporal_rel": 0.8798388719558716, "tke_rel": 0.46968215256929396}
TRAIN {"angle_aug_abs_deg": 0.9767079070210457, "delta_penalty": 4.493397300393553e-05, "grad_rel": 0.49569675177335737, "iteration": 3860, "loss": 0.14050977006554605, "lr": 2.457486192638951e-05, "mse": 0.00015437213205586885, "p_zero": 0.0, "point_rel": 0.07797344215214252, "residual_mse": 0.0001543721331472625, "temporal_rel": 0.8905838966369629, "tke_rel": 0.47226917594671247}
TRAIN {"angle_aug_abs_deg": 0.953912153840065, "delta_penalty": 4.110210202270537e-05, "grad_rel": 0.4829808071255684, "iteration": 3880, "loss": 0.134403058886528, "lr": 2.375574889885514e-05, "mse": 0.0001302551087064785, "p_zero": 0.0, "point_rel": 0.07236223444342613, "residual_mse": 0.00013025510979787215, "temporal_rel": 0.8830281913280487, "tke_rel": 0.47108948677778245}
TRAIN {"angle_aug_abs_deg": 0.9759008765220643, "delta_penalty": 4.149040669290116e-05, "grad_rel": 0.49706877768039703, "iteration": 3900, "loss": 0.13801827542483808, "lr": 2.294867572242097e-05, "mse": 0.0001396386905980762, "p_zero": 0.0, "point_rel": 0.07626219354569912, "residual_mse": 0.00013963869132567198, "temporal_rel": 0.8821474283933639, "tke_rel": 0.463215146958828}
TRAIN {"angle_aug_abs_deg": 1.0016675859689712, "delta_penalty": 3.7828247241122884e-05, "grad_rel": 0.4809804022312164, "iteration": 3920, "loss": 0.13414461687207221, "lr": 2.2153769843297583e-05, "mse": 0.00011647064620774472, "p_zero": 0.0, "point_rel": 0.07298438232392072, "residual_mse": 0.0001164706447525532, "temporal_rel": 0.883083599805832, "tke_rel": 0.45695541650056837}
TRAIN {"angle_aug_abs_deg": 1.000979918241501, "delta_penalty": 3.6956369240215284e-05, "grad_rel": 0.480618517100811, "iteration": 3940, "loss": 0.13106286264955996, "lr": 2.1371156786338062e-05, "mse": 0.00010803624254549505, "p_zero": 0.0, "point_rel": 0.06982245557010174, "residual_mse": 0.00010803624072650564, "temporal_rel": 0.8895611971616745, "tke_rel": 0.45518570840358735}
TRAIN {"angle_aug_abs_deg": 0.9285908788442612, "delta_penalty": 4.2300662244088016e-05, "grad_rel": 0.4961846709251404, "iteration": 3960, "loss": 0.13811431191861628, "lr": 2.060096013521638e-05, "mse": 0.0001355699947453104, "p_zero": 0.0, "point_rel": 0.07623030617833138, "residual_mse": 0.00013556999583670405, "temporal_rel": 0.8899710178375244, "tke_rel": 0.46167656779289246}
TRAIN {"angle_aug_abs_deg": 1.0140609472990036, "delta_penalty": 3.8044438952056225e-05, "grad_rel": 0.4914059713482857, "iteration": 3980, "loss": 0.13481000922620295, "lr": 1.9843301512912283e-05, "mse": 0.00012128880771342665, "p_zero": 0.0, "point_rel": 0.07344976514577865, "residual_mse": 0.00012128880771342665, "temporal_rel": 0.8860099285840988, "tke_rel": 0.456195168197155}
TRAIN {"angle_aug_abs_deg": 1.0508072942495346, "delta_penalty": 3.7891320971539244e-05, "grad_rel": 0.48518228977918626, "iteration": 4000, "loss": 0.13436793722212315, "lr": 1.9098300562505195e-05, "mse": 0.0001127959847508464, "p_zero": 0.0, "point_rel": 0.0724765993654728, "residual_mse": 0.0001127959847508464, "temporal_rel": 0.8855826050043106, "tke_rel": 0.4668588489294052}
EVAL_TOP {"alpha": 1.0, "best_bound_abs": 0.0075, "best_bound_rel": 0.0075, "best_bounds": [{"abs": 0.0075, "coverage": 0.8337010765075683, "final_est": 81.82011897099558, "rel": 0.0075, "sps_raw": 0.4839294983148575, "sps_score_linear": 48.39294983148575, "sps_score_used": 48.39294983148575}], "best_final_est": 81.82011897099558, "iteration": 4000, "mean_t_neural_s": 0.01762683533, "mvpe": 0.07148857172578574, "mvpe_score": 96.54892753445279, "n": 640, "rel_l2": 0.08044543489813805, "rel_l2_score": 96.13325908246775, "time_score": 86.54248999999716, "tke": 0.45450066328048705, "tke_score": 81.48296840657447}
TRAIN {"angle_aug_abs_deg": 1.0645640194416046, "delta_penalty": 4.05276285164291e-05, "grad_rel": 0.4811855658888817, "iteration": 4020, "loss": 0.13331150375306605, "lr": 1.8366074928281546e-05, "mse": 0.00012117925625716452, "p_zero": 0.0, "point_rel": 0.07156592234969139, "residual_mse": 0.00012117925680286135, "temporal_rel": 0.8840628921985626, "tke_rel": 0.466145858168602}
TRAIN {"angle_aug_abs_deg": 1.0396179676055908, "delta_penalty": 4.3448384894873014e-05, "grad_rel": 0.49251495152711866, "iteration": 4040, "loss": 0.1371255561709404, "lr": 1.7646740237157212e-05, "mse": 0.000138901015270676, "p_zero": 0.0, "point_rel": 0.07548289336264133, "residual_mse": 0.0001389010174534633, "temporal_rel": 0.8810165107250214, "tke_rel": 0.4630317077040672}
TRAIN {"angle_aug_abs_deg": 1.0221641063690186, "delta_penalty": 3.8997788396955e-05, "grad_rel": 0.4864006921648979, "iteration": 4060, "loss": 0.13391506746411325, "lr": 1.6940410080418652e-05, "mse": 0.00012431371924321867, "p_zero": 0.0, "point_rel": 0.071856633387506, "residual_mse": 0.00012431372069841018, "temporal_rel": 0.8881636470556259, "tke_rel": 0.4679906815290451}
TRAIN {"angle_aug_abs_deg": 0.9634312927722931, "delta_penalty": 3.943314195566927e-05, "grad_rel": 0.48968736827373505, "iteration": 4080, "loss": 0.13629223145544528, "lr": 1.624719599578577e-05, "mse": 0.00012067474253854015, "p_zero": 0.0, "point_rel": 0.07384107261896133, "residual_mse": 0.0001206747427204391, "temporal_rel": 0.8958050847053528, "tke_rel": 0.46991179436445235}
TRAIN {"angle_aug_abs_deg": 1.0610694095492363, "delta_penalty": 3.569944610717357e-05, "grad_rel": 0.4857280716300011, "iteration": 4100, "loss": 0.13403258845210075, "lr": 1.5567207449798437e-05, "mse": 9.875898567770491e-05, "p_zero": 0.0, "point_rel": 0.07247571274638176, "residual_mse": 9.87589860415028e-05, "temporal_rel": 0.892263087630272, "tke_rel": 0.45787865966558455}
TRAIN {"angle_aug_abs_deg": 0.988950228691101, "delta_penalty": 3.797210993070621e-05, "grad_rel": 0.48693891018629076, "iteration": 4120, "loss": 0.13501260355114936, "lr": 1.4900551820530752e-05, "mse": 0.00011531624040799216, "p_zero": 0.0, "point_rel": 0.07320312820374966, "residual_mse": 0.00011531624259077943, "temporal_rel": 0.8924604177474975, "tke_rel": 0.46160373389720916}
TRAIN {"angle_aug_abs_deg": 1.0448533326387406, "delta_penalty": 3.635259836300975e-05, "grad_rel": 0.4736786067485809, "iteration": 4140, "loss": 0.13130426183342933, "lr": 1.4247334380634739e-05, "mse": 0.00010471289551787777, "p_zero": 0.0, "point_rel": 0.07000320162624121, "residual_mse": 0.00010471289515407989, "temporal_rel": 0.8823227345943451, "tke_rel": 0.4615677043795586}
TRAIN {"angle_aug_abs_deg": 0.9628715932369232, "delta_penalty": 4.123416665606783e-05, "grad_rel": 0.4950549483299255, "iteration": 4160, "loss": 0.13729329816997052, "lr": 1.3607658280716426e-05, "mse": 0.00012657198803935898, "p_zero": 0.0, "point_rel": 0.07567674219608307, "residual_mse": 0.0001265719876755611, "temporal_rel": 0.8819929629564285, "tke_rel": 0.46153577119112016}
TRAIN {"angle_aug_abs_deg": 1.0532169550657273, "delta_penalty": 4.2962983025063294e-05, "grad_rel": 0.5036654278635979, "iteration": 4180, "loss": 0.1419194869697094, "lr": 1.298162453304739e-05, "mse": 0.00014156754714349517, "p_zero": 0.0, "point_rel": 0.07928779497742652, "residual_mse": 0.00014156754423311213, "temporal_rel": 0.8798554033041001, "tke_rel": 0.4772953063249588}
TRAIN {"angle_aug_abs_deg": 0.9966973960399628, "delta_penalty": 3.96750131585577e-05, "grad_rel": 0.48907025158405304, "iteration": 4200, "loss": 0.13493158034980296, "lr": 1.2369331995613602e-05, "mse": 0.00011623081791185541, "p_zero": 0.0, "point_rel": 0.07361999358981848, "residual_mse": 0.00011623081791185541, "temporal_rel": 0.8874763548374176, "tke_rel": 0.4552596613764763}
TRAIN {"angle_aug_abs_deg": 1.0224894523620605, "delta_penalty": 4.1937687274185007e-05, "grad_rel": 0.4893835708498955, "iteration": 4220, "loss": 0.13487641997635363, "lr": 1.1770877356504644e-05, "mse": 0.00013498132539098152, "p_zero": 0.0, "point_rel": 0.07427258007228374, "residual_mse": 0.00013498132611857727, "temporal_rel": 0.8770720005035401, "tke_rel": 0.44849328100681307}
TRAIN {"angle_aug_abs_deg": 1.0743205666542053, "delta_penalty": 4.13348461734131e-05, "grad_rel": 0.4921532362699509, "iteration": 4240, "loss": 0.13815759271383285, "lr": 1.1186355118645515e-05, "mse": 0.00013281149363137957, "p_zero": 0.0, "point_rel": 0.07653561886399984, "residual_mse": 0.00013281149217618803, "temporal_rel": 0.8822179853916168, "tke_rel": 0.46220778971910476}
TRAIN {"angle_aug_abs_deg": 0.9862144231796265, "delta_penalty": 4.0242504837806337e-05, "grad_rel": 0.4885513663291931, "iteration": 4260, "loss": 0.13598989620804786, "lr": 1.0615857584873589e-05, "mse": 0.0001292647317313822, "p_zero": 0.0, "point_rel": 0.07327759079635143, "residual_mse": 0.00012926473209518008, "temporal_rel": 0.8946011751890183, "tke_rel": 0.4751069501042366}
TRAIN {"angle_aug_abs_deg": 0.9449210613965988, "delta_penalty": 3.685904785015737e-05, "grad_rel": 0.49027973115444184, "iteration": 4280, "loss": 0.13605923503637313, "lr": 1.0059474843362862e-05, "mse": 0.00011113578657386824, "p_zero": 0.0, "point_rel": 0.07249285522848367, "residual_mse": 0.00011113578548247461, "temporal_rel": 0.8969450891017914, "tke_rel": 0.4878292873501778}
TRAIN {"angle_aug_abs_deg": 1.0473096758127212, "delta_penalty": 4.365806889836676e-05, "grad_rel": 0.48847861737012865, "iteration": 4300, "loss": 0.13604080341756344, "lr": 9.517294753398034e-06, "mse": 0.00014455131422437263, "p_zero": 0.0, "point_rel": 0.07483558990061283, "residual_mse": 0.00014455131295108004, "temporal_rel": 0.874178621172905, "tke_rel": 0.46014061719179156}
TRAIN {"angle_aug_abs_deg": 1.0371285676956177, "delta_penalty": 4.320836524129845e-05, "grad_rel": 0.49860740453004837, "iteration": 4320, "loss": 0.1403415273874998, "lr": 8.989402931500409e-06, "mse": 0.00014552570009982447, "p_zero": 0.0, "point_rel": 0.07742168419063092, "residual_mse": 0.00014552569791703718, "temporal_rel": 0.8919764012098312, "tke_rel": 0.47728202790021895}
TRAIN {"angle_aug_abs_deg": 0.9568055480718612, "delta_penalty": 3.884962807205738e-05, "grad_rel": 0.48877283185720444, "iteration": 4340, "loss": 0.13330164104700087, "lr": 8.475882737908228e-06, "mse": 0.00011528410177561455, "p_zero": 0.0, "point_rel": 0.07163101211190223, "residual_mse": 0.00011528410122991772, "temporal_rel": 0.8873397290706635, "tke_rel": 0.4613914281129837}
TRAIN {"angle_aug_abs_deg": 0.9403462022542953, "delta_penalty": 4.0888867988542185e-05, "grad_rel": 0.49411097168922424, "iteration": 4360, "loss": 0.13687021769583224, "lr": 7.97681526341294e-06, "mse": 0.00014143733606033492, "p_zero": 0.0, "point_rel": 0.0751076590269804, "residual_mse": 0.0001414373367879307, "temporal_rel": 0.8845484584569931, "tke_rel": 0.4628532141447067}
TRAIN {"angle_aug_abs_deg": 1.003618413209915, "delta_penalty": 4.069921697009704e-05, "grad_rel": 0.48018025904893874, "iteration": 4380, "loss": 0.13471601344645023, "lr": 7.49227931655419e-06, "mse": 0.000125732288324798, "p_zero": 0.0, "point_rel": 0.07288521025329828, "residual_mse": 0.0001257322879610001, "temporal_rel": 0.880129587650299, "tke_rel": 0.46976130455732346}
TRAIN {"angle_aug_abs_deg": 1.0542471796274184, "delta_penalty": 4.089566409675172e-05, "grad_rel": 0.49400863945484164, "iteration": 4400, "loss": 0.1347300872206688, "lr": 7.0223514111748495e-06, "mse": 0.00013287640731505235, "p_zero": 0.0, "point_rel": 0.07355645187199115, "residual_mse": 0.00013287640922499122, "temporal_rel": 0.8846846401691437, "tke_rel": 0.45303816348314285}
TRAIN {"angle_aug_abs_deg": 0.9888285756111145, "delta_penalty": 3.8954203137109286e-05, "grad_rel": 0.49297409057617186, "iteration": 4420, "loss": 0.13690076991915703, "lr": 6.567105754338783e-06, "mse": 0.00012032093236484798, "p_zero": 0.0, "point_rel": 0.07497873678803443, "residual_mse": 0.0001203209329105448, "temporal_rel": 0.8818593949079514, "tke_rel": 0.4672460824251175}
TRAIN {"angle_aug_abs_deg": 0.9911385536193847, "delta_penalty": 4.0986884687299605e-05, "grad_rel": 0.4947400763630867, "iteration": 4440, "loss": 0.13846944458782673, "lr": 6.1266142346125764e-06, "mse": 0.00012998856773265287, "p_zero": 0.0, "point_rel": 0.07677372191101313, "residual_mse": 0.0001299885655498656, "temporal_rel": 0.8903360426425934, "tke_rel": 0.4587454438209534}
TRAIN {"angle_aug_abs_deg": 0.9638961106538773, "delta_penalty": 4.365343957033474e-05, "grad_rel": 0.4810111463069916, "iteration": 4460, "loss": 0.1339786171913147, "lr": 5.7009464107135324e-06, "mse": 0.00014326118216558825, "p_zero": 0.0, "point_rel": 0.07282589897513389, "residual_mse": 0.00014326118180179036, "temporal_rel": 0.8826682001352311, "tke_rel": 0.45689424574375154}
TRAIN {"angle_aug_abs_deg": 0.9315627813339233, "delta_penalty": 3.7490639897441724e-05, "grad_rel": 0.48910331428050996, "iteration": 4480, "loss": 0.13448300696909427, "lr": 5.290169500525563e-06, "mse": 0.000113215980672976, "p_zero": 0.0, "point_rel": 0.07332776132971049, "residual_mse": 0.00011321598140057176, "temporal_rel": 0.8791714966297149, "tke_rel": 0.45681396424770354}
TRAIN {"angle_aug_abs_deg": 0.9801316380500793, "delta_penalty": 4.65289594103524e-05, "grad_rel": 0.5033956453204155, "iteration": 4500, "loss": 0.14093444347381592, "lr": 4.894348370484633e-06, "mse": 0.0001580232832566253, "p_zero": 0.0, "point_rel": 0.07807265557348728, "residual_mse": 0.0001580232832566253, "temporal_rel": 0.8908472418785095, "tke_rel": 0.47561840116977694}
TRAIN {"angle_aug_abs_deg": 0.9854931920766831, "delta_penalty": 4.012995786979445e-05, "grad_rel": 0.4961148887872696, "iteration": 4520, "loss": 0.13882958330214024, "lr": 4.5135455253356935e-06, "mse": 0.00013113994009472663, "p_zero": 0.0, "point_rel": 0.07692650109529495, "residual_mse": 0.00013113994009472663, "temporal_rel": 0.8833793371915817, "tke_rel": 0.46533062160015104}
TRAIN {"angle_aug_abs_deg": 0.938071995973587, "delta_penalty": 4.134886667088722e-05, "grad_rel": 0.49684696197509765, "iteration": 4540, "loss": 0.1381151095032692, "lr": 4.147821098262405e-06, "mse": 0.00013408845607045805, "p_zero": 0.0, "point_rel": 0.07579912133514881, "residual_mse": 0.00013408845843514426, "temporal_rel": 0.8897027552127839, "tke_rel": 0.4688524708151817}
TRAIN {"angle_aug_abs_deg": 1.0214472591876984, "delta_penalty": 4.0984369752550266e-05, "grad_rel": 0.4964027464389801, "iteration": 4560, "loss": 0.13886969536542892, "lr": 3.797232841391395e-06, "mse": 0.00013429988975985908, "p_zero": 0.0, "point_rel": 0.07624534405767917, "residual_mse": 0.00013429988830466756, "temporal_rel": 0.8904664546251297, "tke_rel": 0.4737201541662216}
TRAIN {"angle_aug_abs_deg": 1.101233533024788, "delta_penalty": 3.854600990962354e-05, "grad_rel": 0.4795292615890503, "iteration": 4580, "loss": 0.13325310312211514, "lr": 3.461836116672601e-06, "mse": 0.00011483344460430089, "p_zero": 0.0, "point_rel": 0.07184866108000279, "residual_mse": 0.00011483344387670513, "temporal_rel": 0.8830275952816009, "tke_rel": 0.4614242434501648}
TRAIN {"angle_aug_abs_deg": 1.0600290924310685, "delta_penalty": 3.934343312721467e-05, "grad_rel": 0.4855694383382797, "iteration": 4600, "loss": 0.13539308086037635, "lr": 3.141683887136894e-06, "mse": 0.00011881883401656523, "p_zero": 0.0, "point_rel": 0.07435419000685214, "residual_mse": 0.00011881883347086841, "temporal_rel": 0.8805041790008545, "tke_rel": 0.45506315380334855}
TRAIN {"angle_aug_abs_deg": 1.0444708347320557, "delta_penalty": 4.055224462717888e-05, "grad_rel": 0.4891503110527992, "iteration": 4620, "loss": 0.1356862485408783, "lr": 2.836826708532595e-06, "mse": 0.00012443542200344382, "p_zero": 0.0, "point_rel": 0.07391341105103492, "residual_mse": 0.00012443542200344382, "temporal_rel": 0.8869381755590439, "tke_rel": 0.46315495371818544}
TRAIN {"angle_aug_abs_deg": 1.0008558005094528, "delta_penalty": 3.981396484959987e-05, "grad_rel": 0.4985646143555641, "iteration": 4640, "loss": 0.13857151232659817, "lr": 2.547312721342281e-06, "mse": 0.0001249007489604992, "p_zero": 0.0, "point_rel": 0.07538819089531898, "residual_mse": 0.00012490075041569071, "temporal_rel": 0.8940562725067138, "tke_rel": 0.4807482987642288}
TRAIN {"angle_aug_abs_deg": 1.0154042273759842, "delta_penalty": 4.005880136901396e-05, "grad_rel": 0.4780180022120476, "iteration": 4660, "loss": 0.1332145806401968, "lr": 2.2731876431806457e-06, "mse": 0.00011743030136130983, "p_zero": 0.0, "point_rel": 0.07212561294436455, "residual_mse": 0.00011743030136130983, "temporal_rel": 0.8789717465639114, "tke_rel": 0.45855858772993086}
TRAIN {"angle_aug_abs_deg": 0.9834643006324768, "delta_penalty": 3.982258631367586e-05, "grad_rel": 0.48685940355062485, "iteration": 4680, "loss": 0.13360120356082916, "lr": 2.0144947615753085e-06, "mse": 0.0001200724200316472, "p_zero": 0.0, "point_rel": 0.07255370393395424, "residual_mse": 0.00012007242148683872, "temporal_rel": 0.8819755762815475, "tke_rel": 0.454142065346241}
TRAIN {"angle_aug_abs_deg": 0.989606362581253, "delta_penalty": 4.3633023960865105e-05, "grad_rel": 0.4916515961289406, "iteration": 4700, "loss": 0.13868107534945012, "lr": 1.7712749271311329e-06, "mse": 0.00014308918871392963, "p_zero": 0.0, "point_rel": 0.07656226474791765, "residual_mse": 0.00014308919016912114, "temporal_rel": 0.8845578044652939, "tke_rel": 0.46939164996147154}
TRAIN {"angle_aug_abs_deg": 1.0004549771547318, "delta_penalty": 4.115563478990225e-05, "grad_rel": 0.48850914388895034, "iteration": 4720, "loss": 0.1361040037125349, "lr": 1.54356654707945e-06, "mse": 0.00012667140017583734, "p_zero": 0.0, "point_rel": 0.07510217800736427, "residual_mse": 0.00012667140090343308, "temporal_rel": 0.8824185520410538, "tke_rel": 0.45271352082490923}
TRAIN {"angle_aug_abs_deg": 1.0628968685865403, "delta_penalty": 3.7358764620876174e-05, "grad_rel": 0.4813114538788795, "iteration": 4740, "loss": 0.13217435590922832, "lr": 1.3314055792131913e-06, "mse": 0.00010837041636477807, "p_zero": 0.0, "point_rel": 0.07056534420698882, "residual_mse": 0.00010837041727427277, "temporal_rel": 0.8838651031255722, "tke_rel": 0.4640022054314613}
TRAIN {"angle_aug_abs_deg": 0.9959399282932282, "delta_penalty": 4.089826561539667e-05, "grad_rel": 0.49597970247268675, "iteration": 4760, "loss": 0.13702727034687995, "lr": 1.1348255262086007e-06, "mse": 0.0001247443544343696, "p_zero": 0.0, "point_rel": 0.07514016330242157, "residual_mse": 0.00012474435552576325, "temporal_rel": 0.8874494075775147, "tke_rel": 0.46309482157230375}
TRAIN {"angle_aug_abs_deg": 1.0620395511388778, "delta_penalty": 4.0733080550126036e-05, "grad_rel": 0.48424688428640367, "iteration": 4780, "loss": 0.13354756608605384, "lr": 9.53857430334878e-07, "mse": 0.00011724628875526832, "p_zero": 0.0, "point_rel": 0.07210825216025114, "residual_mse": 0.0001172462873000768, "temporal_rel": 0.8838615447282792, "tke_rel": 0.4603963181376457}
TRAIN {"angle_aug_abs_deg": 1.0302539408206939, "delta_penalty": 4.376342858449789e-05, "grad_rel": 0.4958817020058632, "iteration": 4800, "loss": 0.13745915442705153, "lr": 7.885298685522207e-07, "mse": 0.00014277217833296162, "p_zero": 0.0, "point_rel": 0.07477690055966377, "residual_mse": 0.00014277217833296162, "temporal_rel": 0.8951487004756927, "tke_rel": 0.47243100553750994}
TRAIN {"angle_aug_abs_deg": 1.0300727367401123, "delta_penalty": 3.983150400017621e-05, "grad_rel": 0.4895937547087669, "iteration": 4820, "loss": 0.13465157747268677, "lr": 6.388689479991581e-07, "mse": 0.00011609622752075665, "p_zero": 0.0, "point_rel": 0.07406029123812914, "residual_mse": 0.00011609622806645348, "temporal_rel": 0.8827798157930374, "tke_rel": 0.4454726532101631}
TRAIN {"angle_aug_abs_deg": 0.917466688156128, "delta_penalty": 4.0477945094608e-05, "grad_rel": 0.4873649194836617, "iteration": 4840, "loss": 0.13404475152492523, "lr": 5.048983018699808e-07, "mse": 0.00012993785121580005, "p_zero": 0.0, "point_rel": 0.07305108774453402, "residual_mse": 0.0001299378497606085, "temporal_rel": 0.8784860372543335, "tke_rel": 0.45481362044811247}
TRAIN {"angle_aug_abs_deg": 0.9953902959823608, "delta_penalty": 4.306899918447016e-05, "grad_rel": 0.4931623890995979, "iteration": 4860, "loss": 0.13685939460992813, "lr": 3.8663908568275916e-07, "mse": 0.00014026083481439856, "p_zero": 0.0, "point_rel": 0.0750621248036623, "residual_mse": 0.0001402608337230049, "temporal_rel": 0.8829371869564057, "tke_rel": 0.46447965651750567}
TRAIN {"angle_aug_abs_deg": 0.9711098283529281, "delta_penalty": 3.7289628107828324e-05, "grad_rel": 0.4929157331585884, "iteration": 4880, "loss": 0.134594514593482, "lr": 2.8410997393860566e-07, "mse": 0.00010827402493305272, "p_zero": 0.0, "point_rel": 0.07344431672245263, "residual_mse": 0.00010827402420545695, "temporal_rel": 0.8880170047283172, "tke_rel": 0.45137878358364103}
TRAIN {"angle_aug_abs_deg": 1.0626821607351302, "delta_penalty": 3.944564414268825e-05, "grad_rel": 0.4799870133399963, "iteration": 4900, "loss": 0.13408156521618367, "lr": 1.9732715717284352e-07, "mse": 0.00012850544262619224, "p_zero": 0.0, "point_rel": 0.07236970439553261, "residual_mse": 0.00012850544189859647, "temporal_rel": 0.8932540476322174, "tke_rel": 0.4612515538930893}
TRAIN {"angle_aug_abs_deg": 1.0812048763036728, "delta_penalty": 4.18083406657388e-05, "grad_rel": 0.49459992051124574, "iteration": 4920, "loss": 0.13790666833519935, "lr": 1.2630433939825292e-07, "mse": 0.00012873589403170627, "p_zero": 0.0, "point_rel": 0.07502527572214604, "residual_mse": 0.00012873589657829142, "temporal_rel": 0.892104172706604, "tke_rel": 0.47766354978084563}
TRAIN {"angle_aug_abs_deg": 1.0753698289394378, "delta_penalty": 3.896336420439184e-05, "grad_rel": 0.4943305775523186, "iteration": 4940, "loss": 0.13660650476813316, "lr": 7.105273594107936e-08, "mse": 0.00012119725770389777, "p_zero": 0.0, "point_rel": 0.0749628134071827, "residual_mse": 0.0001211972564306052, "temporal_rel": 0.8866297245025635, "tke_rel": 0.45987841188907624}
TRAIN {"angle_aug_abs_deg": 1.0253088295459747, "delta_penalty": 4.20946319536597e-05, "grad_rel": 0.4873416364192963, "iteration": 4960, "loss": 0.13549432456493377, "lr": 3.158107167000593e-08, "mse": 0.0001398805436110706, "p_zero": 0.0, "point_rel": 0.07486868221312762, "residual_mse": 0.00013988054288347485, "temporal_rel": 0.8789836078882217, "tke_rel": 0.44838676899671553}
TRAIN {"angle_aug_abs_deg": 0.970866322517395, "delta_penalty": 4.216317875034292e-05, "grad_rel": 0.4982080891728401, "iteration": 4980, "loss": 0.13776514120399952, "lr": 7.895579618388806e-09, "mse": 0.00013931089069956214, "p_zero": 0.0, "point_rel": 0.07550953421741724, "residual_mse": 0.00013931089015386532, "temporal_rel": 0.8886854499578476, "tke_rel": 0.467988096177578}
TRAIN {"angle_aug_abs_deg": 1.032607540488243, "delta_penalty": 4.5200856220617425e-05, "grad_rel": 0.4949012383818626, "iteration": 5000, "loss": 0.13787422254681586, "lr": 0.0, "mse": 0.00014008281286805868, "p_zero": 0.0, "point_rel": 0.0742584727704525, "residual_mse": 0.00014008281141286716, "temporal_rel": 0.9009307742118835, "tke_rel": 0.48535635620355605}
EVAL_TOP {"alpha": 1.0, "best_bound_abs": 0.0075, "best_bound_rel": 0.0075, "best_bounds": [{"abs": 0.0075, "coverage": 0.83371919631958, "final_est": 81.85733290541046, "rel": 0.0075, "sps_raw": 0.48446155869960783, "sps_score_linear": 48.44615586996078, "sps_score_used": 48.44615586996078}], "best_final_est": 81.85733290541046, "iteration": 5000, "mean_t_neural_s": 0.01762683533, "mvpe": 0.07123890658840537, "mvpe_score": 96.56056544893003, "n": 640, "rel_l2": 0.08036656491458416, "rel_l2_score": 96.13690364621468, "time_score": 86.54248999999716, "tke": 0.45096388533711435, "tke_score": 81.60054956194969}
DONE out_dir=/hy-tmp/realpde_runs/next_two_20260922_v2/B_angle_aug_2deg best_iter=0 best_score=81.872509 alpha=1.0 abs=0.0075 rel=0.0075 primary={"alpha": 1.0, "experiment": "B_angle_aug_2deg", "mvpe_raw": 0.0712389126420021, "rel_l2_raw": 0.08036656677722931, "tke_raw": 0.4509638845920563, "trajectories": 16, "windows": 640}
