/hy-tmp/realpde-competition-origin-main/tools/colleague_80pt/realpde_h5_feature_adapter_train.py:314: FutureWarning: You are using `torch.load` with `weights_only=False` (the current default value), which uses the default pickle module implicitly. It is possible to construct malicious pickle data which will execute arbitrary code during unpickling (See https://github.com/pytorch/pytorch/blob/main/SECURITY.md#untrusted-models for more details). In a future release, the default value for `weights_only` will be flipped to `True`. This limits the functions that could be executed during unpickling. Arbitrary objects will no longer be allowed to be loaded via this mode unless they are explicitly allowlisted by the user via `torch.serialization.add_safe_globals`. We recommend you start setting `weights_only=True` for any use case where you don't have full control of the loaded file. Please open an issue on GitHub for any issues related to this experimental feature.
  checkpoint = torch.load(checkpoint_path, map_location=device)
/hy-tmp/realpde-competition-origin-main/tools/colleague_80pt/residual_multi.py:77: FutureWarning: You are using `torch.load` with `weights_only=False` (the current default value), which uses the default pickle module implicitly. It is possible to construct malicious pickle data which will execute arbitrary code during unpickling (See https://github.com/pytorch/pytorch/blob/main/SECURITY.md#untrusted-models for more details). In a future release, the default value for `weights_only` will be flipped to `True`. This limits the functions that could be executed during unpickling. Arbitrary objects will no longer be allowed to be loaded via this mode unless they are explicitly allowlisted by the user via `torch.serialization.add_safe_globals`. We recommend you start setting `weights_only=True` for any use case where you don't have full control of the loaded file. Please open an issue on GitHub for any issues related to this experimental feature.
  checkpoint = torch.load(checkpoint_path, map_location=device)
{
  "real_root": "/hy-tmp/realpde_data/train_real",
  "split_manifest": "/hy-tmp/realpde_runs/colleague_incremental_screen_20260921/colleague_dev16_manifest.json",
  "allow_train_dev_overlap": true,
  "checkpoint": "/hy-tmp/realpde_assets/colleague-80pt/20260921/extracted/handoff_colleague_80pt_archive_20260921/checkpoints/cno_final_all81.pt",
  "resume_checkpoint": "/hy-tmp/realpde_assets/colleague-80pt/20260921/extracted/handoff_colleague_80pt_archive_20260921/checkpoints/residual_model_best.pth",
  "resume_iteration": 34000,
  "optimizer_policy": "reset_identically_for_each_screen_arm",
  "realpdebench_root": "tools/colleague_80pt/submission",
  "device": "cuda:0",
  "train_trajectories": 81,
  "fit_trajectories": 81,
  "val_trajectories": 16,
  "train_windows": 65926,
  "val_windows": 640,
  "train_stride": 1,
  "eval_stride": 20,
  "train_window_mode": "fixed",
  "angle_augmentation": {
    "kind": "global_uv_component_rotation",
    "max_abs_degrees": 0.0,
    "training_only": true,
    "same_angle_for_past_and_future": true,
    "spatial_grid_rotated": false,
    "physical_exact_aoa_claimed": false
  },
  "aoa_meanfield_augmentation": {
    "kind": "same_re_adjacent_aoa_past20_mean_field_shift",
    "probability": 0.0,
    "lambda_min": 0.2,
    "lambda_max": 0.5,
    "max_neighbor_gap_deg": 5.1,
    "min_eligible_fraction": 0.8,
    "bridge_pair": null,
    "training_only": true,
    "aoa_re_model_inputs": false,
    "future_used_to_construct_input_shift": false,
    "audit": null
  },
  "phase_counts_equalized": true,
  "updates": 5000,
  "eval_interval": 1000,
  "batch_size": 8,
  "test_batch_size": 32,
  "lr": 0.0002,
  "weight_decay": 1e-05,
  "corrector_config": {
    "hidden": 96,
    "blocks": 2,
    "dropout": 0.0,
    "include_pressure": true,
    "max_delta": 0.04,
    "history_context": false
  },
  "train_alpha": 1.0,
  "eval_alphas": [
    0.0,
    0.025,
    0.05,
    0.075,
    0.1,
    0.15,
    0.2,
    0.3,
    0.5,
    0.75,
    1.0
  ],
  "abs_widths": [
    0.0075
  ],
  "rel_widths": [
    0.0075
  ],
  "loss_weights": {
    "point": 1.0,
    "mse": 0.05,
    "tke": 0.06,
    "temporal": 0.03,
    "grad": 0.015,
    "p_zero": 0.01
  },
  "gradient_mode": "scalar",
  "gradient_projection": "none",
  "residual_mse": 0.25,
  "delta_penalty": 0.02,
  "fixed_time_seconds": 0.01762683533,
  "benchmark_mode": false,
  "trainable_parameters": 1087849,
  "total_parameters": 9048316
}
EVAL_TOP {"alpha": 1.0, "best_bound_abs": 0.0075, "best_bound_rel": 0.0075, "best_bounds": [{"abs": 0.0075, "coverage": 0.8336611938476562, "final_est": 81.87247397136868, "rel": 0.0075, "sps_raw": 0.4845863919258117, "sps_score_linear": 48.458639192581174, "sps_score_used": 48.458639192581174}], "best_final_est": 81.87247397136868, "iteration": 0, "mean_t_neural_s": 0.01762683533, "mvpe": 0.07111712982878089, "mvpe_score": 96.56624298044119, "n": 640, "rel_l2": 0.08042023908346892, "rel_l2_score": 96.13442334521328, "time_score": 86.54248999999716, "tke": 0.44916229918599127, "tke_score": 81.66057433861056}
TRAIN {"angle_aug_abs_deg": 0.0, "aoa_effective_shift_abs_deg_mean": 0.0, "aoa_meanfield_aug_fraction": 0.0, "aoa_meanfield_lambda_mean": 0.0, "delta_penalty": 3.494957627481199e-05, "grad_rel": 0.4965805396437645, "iteration": 20, "loss": 0.1427267424762249, "lr": 0.00019999210442038165, "mse": 0.0001445847686227353, "p_zero": 0.0, "point_rel": 0.07807158380746841, "residual_mse": 0.00014458476898653315, "temporal_rel": 0.8980533301830291, "tke_rel": 0.5036796793341637}
TRAIN {"angle_aug_abs_deg": 0.0, "aoa_effective_shift_abs_deg_mean": 0.0, "aoa_meanfield_aug_fraction": 0.0, "aoa_meanfield_lambda_mean": 0.0, "delta_penalty": 3.053465861739824e-05, "grad_rel": 0.48220889270305634, "iteration": 40, "loss": 0.1367899149656296, "lr": 0.00019996841892833, "mse": 0.00010984171312884427, "p_zero": 0.0, "point_rel": 0.07355127595365048, "residual_mse": 0.0001098417127650464, "temporal_rel": 0.8941579550504685, "tke_rel": 0.48578677475452425}
TRAIN {"angle_aug_abs_deg": 0.0, "aoa_effective_shift_abs_deg_mean": 0.0, "aoa_meanfield_aug_fraction": 0.0, "aoa_meanfield_lambda_mean": 0.0, "delta_penalty": 3.497154466458596e-05, "grad_rel": 0.4966642498970032, "iteration": 60, "loss": 0.14201008155941963, "lr": 0.00019992894726405893, "mse": 0.0001506973072537221, "p_zero": 0.0, "point_rel": 0.07776492759585381, "residual_mse": 0.0001506973036157433, "temporal_rel": 0.8915060311555862, "tke_rel": 0.5000684067606926}
TRAIN {"angle_aug_abs_deg": 0.0, "aoa_effective_shift_abs_deg_mean": 0.0, "aoa_meanfield_aug_fraction": 0.0, "aoa_meanfield_lambda_mean": 0.0, "delta_penalty": 3.4133025746996284e-05, "grad_rel": 0.48762597888708115, "iteration": 80, "loss": 0.13836958520114423, "lr": 0.00019987369566060176, "mse": 0.0001385734121868154, "p_zero": 0.0, "point_rel": 0.07480885423719882, "residual_mse": 0.00013857341182301752, "temporal_rel": 0.8920858591794968, "tke_rel": 0.4906918525695801}
TRAIN {"angle_aug_abs_deg": 0.0, "aoa_effective_shift_abs_deg_mean": 0.0, "aoa_meanfield_aug_fraction": 0.0, "aoa_meanfield_lambda_mean": 0.0, "delta_penalty": 3.4456346202205165e-05, "grad_rel": 0.49178758859634397, "iteration": 100, "loss": 0.1389834962785244, "lr": 0.00019980267284282714, "mse": 0.0001294626505114138, "p_zero": 0.0, "point_rel": 0.07476006429642439, "residual_mse": 0.00012946264978381806, "temporal_rel": 0.8927994132041931, "tke_rel": 0.5003851801156998}
TRAIN {"angle_aug_abs_deg": 0.0, "aoa_effective_shift_abs_deg_mean": 0.0, "aoa_meanfield_aug_fraction": 0.0, "aoa_meanfield_lambda_mean": 0.0, "delta_penalty": 3.5649518849822925e-05, "grad_rel": 0.4909105822443962, "iteration": 120, "loss": 0.13972185514867305, "lr": 0.00019971589002606136, "mse": 0.00014892368017171975, "p_zero": 0.0, "point_rel": 0.07643566373735666, "residual_mse": 0.00014892368017171975, "temporal_rel": 0.8892922639846802, "tke_rel": 0.48663960099220277}
TRAIN {"angle_aug_abs_deg": 0.0, "aoa_effective_shift_abs_deg_mean": 0.0, "aoa_meanfield_aug_fraction": 0.0, "aoa_meanfield_lambda_mean": 0.0, "delta_penalty": 3.515205808071187e-05, "grad_rel": 0.49360189586877823, "iteration": 140, "loss": 0.14260637946426868, "lr": 0.00019961336091431727, "mse": 0.00013324766987352633, "p_zero": 0.0, "point_rel": 0.07796326912939548, "residual_mse": 0.0001332476684183348, "temporal_rel": 0.8998932391405106, "tke_rel": 0.5033601358532905}
TRAIN {"angle_aug_abs_deg": 0.0, "aoa_effective_shift_abs_deg_mean": 0.0, "aoa_meanfield_aug_fraction": 0.0, "aoa_meanfield_lambda_mean": 0.0, "delta_penalty": 3.428025484026875e-05, "grad_rel": 0.4855672657489777, "iteration": 160, "loss": 0.13763782046735287, "lr": 0.0001994951016981301, "mse": 0.00014327414855870303, "p_zero": 0.0, "point_rel": 0.0747699124738574, "residual_mse": 0.00014327414819490514, "temporal_rel": 0.8861680388450622, "tke_rel": 0.48259481489658357}
TRAIN {"angle_aug_abs_deg": 0.0, "aoa_effective_shift_abs_deg_mean": 0.0, "aoa_meanfield_aug_fraction": 0.0, "aoa_meanfield_lambda_mean": 0.0, "delta_penalty": 3.1504210619459626e-05, "grad_rel": 0.4988029792904854, "iteration": 180, "loss": 0.13923314809799195, "lr": 0.00019936113105200093, "mse": 0.00011234318435526802, "p_zero": 0.0, "point_rel": 0.07594272922724485, "residual_mse": 0.00011234318399147014, "temporal_rel": 0.8963141590356827, "tke_rel": 0.4814103066921234}
TRAIN {"angle_aug_abs_deg": 0.0, "aoa_effective_shift_abs_deg_mean": 0.0, "aoa_meanfield_aug_fraction": 0.0, "aoa_meanfield_lambda_mean": 0.0, "delta_penalty": 3.194491318936343e-05, "grad_rel": 0.4912044987082481, "iteration": 200, "loss": 0.1400018386542797, "lr": 0.0001992114701314479, "mse": 0.00012840750259783816, "p_zero": 0.0, "point_rel": 0.07706875503063201, "residual_mse": 0.00012840750332543394, "temporal_rel": 0.8887378752231598, "tke_rel": 0.48106197118759153}
TRAIN {"angle_aug_abs_deg": 0.0, "aoa_effective_shift_abs_deg_mean": 0.0, "aoa_meanfield_aug_fraction": 0.0, "aoa_meanfield_lambda_mean": 0.0, "delta_penalty": 3.3107482249761236e-05, "grad_rel": 0.48663618713617324, "iteration": 220, "loss": 0.13756228014826774, "lr": 0.00019904614256966525, "mse": 0.00012271690175111872, "p_zero": 0.0, "point_rel": 0.07471839264035225, "residual_mse": 0.00012271690466150175, "temporal_rel": 0.890577232837677, "tke_rel": 0.4798258557915688}
TRAIN {"angle_aug_abs_deg": 0.0, "aoa_effective_shift_abs_deg_mean": 0.0, "aoa_meanfield_aug_fraction": 0.0, "aoa_meanfield_lambda_mean": 0.0, "delta_penalty": 3.5501870570442406e-05, "grad_rel": 0.491423012316227, "iteration": 240, "loss": 0.14105416275560856, "lr": 0.00019886517447379154, "mse": 0.0001461953670514049, "p_zero": 0.0, "point_rel": 0.0768406990915537, "residual_mse": 0.00014619536632380913, "temporal_rel": 0.8937686234712601, "tke_rel": 0.499741530418396}
TRAIN {"angle_aug_abs_deg": 0.0, "aoa_effective_shift_abs_deg_mean": 0.0, "aoa_meanfield_aug_fraction": 0.0, "aoa_meanfield_lambda_mean": 0.0, "delta_penalty": 3.1151709481491705e-05, "grad_rel": 0.4710612058639526, "iteration": 260, "loss": 0.1327136918902397, "lr": 0.00019866859442078697, "mse": 0.00010405847006040858, "p_zero": 0.0, "point_rel": 0.06933673843741417, "residual_mse": 0.00010405846896901493, "temporal_rel": 0.8981957018375397, "tke_rel": 0.4888887509703636}
TRAIN {"angle_aug_abs_deg": 0.0, "aoa_effective_shift_abs_deg_mean": 0.0, "aoa_meanfield_aug_fraction": 0.0, "aoa_meanfield_lambda_mean": 0.0, "delta_penalty": 3.111500400336809e-05, "grad_rel": 0.4827468916773796, "iteration": 280, "loss": 0.13759314678609372, "lr": 0.00019845643345292076, "mse": 0.00011202773875993444, "p_zero": 0.0, "point_rel": 0.0738690285012126, "residual_mse": 0.0001120277394875302, "temporal_rel": 0.8970113337039948, "tke_rel": 0.492305788397789}
TRAIN {"angle_aug_abs_deg": 0.0, "aoa_effective_shift_abs_deg_mean": 0.0, "aoa_meanfield_aug_fraction": 0.0, "aoa_meanfield_lambda_mean": 0.0, "delta_penalty": 3.334867778903572e-05, "grad_rel": 0.49987021237611773, "iteration": 300, "loss": 0.14332807287573815, "lr": 0.0001982287250728691, "mse": 0.00014318871199066053, "p_zero": 0.0, "point_rel": 0.0783594410866499, "residual_mse": 0.00014318870980787324, "temporal_rel": 0.9016248226165772, "tke_rel": 0.5063034817576408}
TRAIN {"angle_aug_abs_deg": 0.0, "aoa_effective_shift_abs_deg_mean": 0.0, "aoa_meanfield_aug_fraction": 0.0, "aoa_meanfield_lambda_mean": 0.0, "delta_penalty": 3.300465559732402e-05, "grad_rel": 0.5054559543728828, "iteration": 320, "loss": 0.14428275004029273, "lr": 0.0001979855052384248, "mse": 0.0001315783927566372, "p_zero": 0.0, "point_rel": 0.07989819943904877, "residual_mse": 0.00013157839348423294, "temporal_rel": 0.9005727380514145, "tke_rel": 0.49575663805007936}
TRAIN {"angle_aug_abs_deg": 0.0, "aoa_effective_shift_abs_deg_mean": 0.0, "aoa_meanfield_aug_fraction": 0.0, "aoa_meanfield_lambda_mean": 0.0, "delta_penalty": 3.2995968558680035e-05, "grad_rel": 0.4979939192533493, "iteration": 340, "loss": 0.14243698678910732, "lr": 0.00019772681235681944, "mse": 0.00013153813488315792, "p_zero": 0.0, "point_rel": 0.0788340587168932, "residual_mse": 0.00013153813379176426, "temporal_rel": 0.8894529551267624, "tke_rel": 0.49015519469976426}
TRAIN {"angle_aug_abs_deg": 0.0, "aoa_effective_shift_abs_deg_mean": 0.0, "aoa_meanfield_aug_fraction": 0.0, "aoa_meanfield_lambda_mean": 0.0, "delta_penalty": 3.1344202034233605e-05, "grad_rel": 0.48908501118421555, "iteration": 360, "loss": 0.14028643146157266, "lr": 0.00019745268727865787, "mse": 0.00012316553584241775, "p_zero": 0.0, "point_rel": 0.07523286584764718, "residual_mse": 0.00012316553547861986, "temporal_rel": 0.9013730943202972, "tke_rel": 0.5106420457363129}
TRAIN {"angle_aug_abs_deg": 0.0, "aoa_effective_shift_abs_deg_mean": 0.0, "aoa_meanfield_aug_fraction": 0.0, "aoa_meanfield_lambda_mean": 0.0, "delta_penalty": 3.505060039969976e-05, "grad_rel": 0.4984502851963043, "iteration": 380, "loss": 0.1411854337900877, "lr": 0.0001971631732914675, "mse": 0.0001347297753454768, "p_zero": 0.0, "point_rel": 0.07750901989638806, "residual_mse": 0.00013472977498167892, "temporal_rel": 0.8941628217697144, "tke_rel": 0.4888943016529083}
TRAIN {"angle_aug_abs_deg": 0.0, "aoa_effective_shift_abs_deg_mean": 0.0, "aoa_meanfield_aug_fraction": 0.0, "aoa_meanfield_lambda_mean": 0.0, "delta_penalty": 3.3542038454470455e-05, "grad_rel": 0.49191067814826966, "iteration": 400, "loss": 0.14041938334703447, "lr": 0.00019685831611286319, "mse": 0.00012558524267660686, "p_zero": 0.0, "point_rel": 0.07657551616430283, "residual_mse": 0.00012558524267660686, "temporal_rel": 0.8942771077156066, "tke_rel": 0.4933091476559639}
TRAIN {"angle_aug_abs_deg": 0.0, "aoa_effective_shift_abs_deg_mean": 0.0, "aoa_meanfield_aug_fraction": 0.0, "aoa_meanfield_lambda_mean": 0.0, "delta_penalty": 3.3922337024705485e-05, "grad_rel": 0.48906519562005996, "iteration": 420, "loss": 0.14085591211915016, "lr": 0.00019653816388332746, "mse": 0.0001309667932218872, "p_zero": 0.0, "point_rel": 0.07673096992075443, "residual_mse": 0.00013096679249429143, "temporal_rel": 0.8934285044670105, "tke_rel": 0.4991023302078247}
TRAIN {"angle_aug_abs_deg": 0.0, "aoa_effective_shift_abs_deg_mean": 0.0, "aoa_meanfield_aug_fraction": 0.0, "aoa_meanfield_lambda_mean": 0.0, "delta_penalty": 3.2719970022299094e-05, "grad_rel": 0.4862036734819412, "iteration": 440, "loss": 0.13740977086126804, "lr": 0.00019620276715860867, "mse": 0.00011616503252298571, "p_zero": 0.0, "point_rel": 0.0741622282192111, "residual_mse": 0.00011616502961260266, "temporal_rel": 0.8903335213661194, "tke_rel": 0.48681630641222}
TRAIN {"angle_aug_abs_deg": 0.0, "aoa_effective_shift_abs_deg_mean": 0.0, "aoa_meanfield_aug_fraction": 0.0, "aoa_meanfield_lambda_mean": 0.0, "delta_penalty": 3.575594237190671e-05, "grad_rel": 0.4955465018749237, "iteration": 460, "loss": 0.14243268370628356, "lr": 0.0001958521789017377, "mse": 0.00014574204287782778, "p_zero": 0.0, "point_rel": 0.07862147614359856, "residual_mse": 0.0001457420443330193, "temporal_rel": 0.8917256444692612, "tke_rel": 0.4930300757288933}
TRAIN {"angle_aug_abs_deg": 0.0, "aoa_effective_shift_abs_deg_mean": 0.0, "aoa_meanfield_aug_fraction": 0.0, "aoa_meanfield_lambda_mean": 0.0, "delta_penalty": 3.633702372098924e-05, "grad_rel": 0.5015386283397675, "iteration": 480, "loss": 0.1439041957259178, "lr": 0.00019548645447466442, "mse": 0.00015588388287142153, "p_zero": 0.0, "point_rel": 0.08013013638556003, "residual_mse": 0.00015588388432661305, "temporal_rel": 0.8908664286136627, "tke_rel": 0.49129162132740023}
TRAIN {"angle_aug_abs_deg": 0.0, "aoa_effective_shift_abs_deg_mean": 0.0, "aoa_meanfield_aug_fraction": 0.0, "aoa_meanfield_lambda_mean": 0.0, "delta_penalty": 3.365900074641104e-05, "grad_rel": 0.5013071089982987, "iteration": 500, "loss": 0.14300833269953728, "lr": 0.00019510565162951553, "mse": 0.00012918790052935948, "p_zero": 0.0, "point_rel": 0.07865701168775559, "residual_mse": 0.0001291879016207531, "temporal_rel": 0.894396361708641, "tke_rel": 0.49933990091085434}
TRAIN {"angle_aug_abs_deg": 0.0, "aoa_effective_shift_abs_deg_mean": 0.0, "aoa_meanfield_aug_fraction": 0.0, "aoa_meanfield_lambda_mean": 0.0, "delta_penalty": 3.325158495499636e-05, "grad_rel": 0.49577341228723526, "iteration": 520, "loss": 0.14243809282779693, "lr": 0.00019470983049947455, "mse": 0.00013816611735819606, "p_zero": 0.0, "point_rel": 0.07759269699454308, "residual_mse": 0.00013816611844958971, "temporal_rel": 0.8913452327251434, "tke_rel": 0.5104387626051903}
TRAIN {"angle_aug_abs_deg": 0.0, "aoa_effective_shift_abs_deg_mean": 0.0, "aoa_meanfield_aug_fraction": 0.0, "aoa_meanfield_lambda_mean": 0.0, "delta_penalty": 3.196116304025054e-05, "grad_rel": 0.48747106492519376, "iteration": 540, "loss": 0.13789078257977963, "lr": 0.0001942990535892866, "mse": 0.00011648656727629714, "p_zero": 0.0, "point_rel": 0.07335053943097591, "residual_mse": 0.00011648656745819608, "temporal_rel": 0.9044771999120712, "tke_rel": 0.5009712606668473}
TRAIN {"angle_aug_abs_deg": 0.0, "aoa_effective_shift_abs_deg_mean": 0.0, "aoa_meanfield_aug_fraction": 0.0, "aoa_meanfield_lambda_mean": 0.0, "delta_penalty": 3.5215662137488835e-05, "grad_rel": 0.49594583213329313, "iteration": 560, "loss": 0.14202102944254874, "lr": 0.00019387338576538758, "mse": 0.00015035667638585437, "p_zero": 0.0, "point_rel": 0.07756332904100419, "residual_mse": 0.00015035667529446074, "temporal_rel": 0.8990468621253968, "tke_rel": 0.5000215947628022}
TRAIN {"angle_aug_abs_deg": 0.0, "aoa_effective_shift_abs_deg_mean": 0.0, "aoa_meanfield_aug_fraction": 0.0, "aoa_meanfield_lambda_mean": 0.0, "delta_penalty": 3.319904008094454e-05, "grad_rel": 0.48520979285240173, "iteration": 580, "loss": 0.13869945034384729, "lr": 0.00019343289424566143, "mse": 0.00012963753451913362, "p_zero": 0.0, "point_rel": 0.07477878183126449, "residual_mse": 0.0001296375348829315, "temporal_rel": 0.8938490688800812, "tke_rel": 0.49645827561616895}
TRAIN {"angle_aug_abs_deg": 0.0, "aoa_effective_shift_abs_deg_mean": 0.0, "aoa_meanfield_aug_fraction": 0.0, "aoa_meanfield_lambda_mean": 0.0, "delta_penalty": 3.516808428685181e-05, "grad_rel": 0.49806244522333143, "iteration": 600, "loss": 0.14340519830584525, "lr": 0.00019297764858882535, "mse": 0.00014558194798155454, "p_zero": 0.0, "point_rel": 0.07942460030317307, "residual_mse": 0.00014558194798155454, "temporal_rel": 0.892465227842331, "tke_rel": 0.4948554903268814}
TRAIN {"angle_aug_abs_deg": 0.0, "aoa_effective_shift_abs_deg_mean": 0.0, "aoa_meanfield_aug_fraction": 0.0, "aoa_meanfield_lambda_mean": 0.0, "delta_penalty": 3.92743680095009e-05, "grad_rel": 0.5020299836993217, "iteration": 620, "loss": 0.14422381967306136, "lr": 0.00019250772068344604, "mse": 0.0001662290200329153, "p_zero": 0.0, "point_rel": 0.07945554740726948, "residual_mse": 0.0001662290200329153, "temporal_rel": 0.894267562031746, "tke_rel": 0.5059856921434402}
TRAIN {"angle_aug_abs_deg": 0.0, "aoa_effective_shift_abs_deg_mean": 0.0, "aoa_meanfield_aug_fraction": 0.0, "aoa_meanfield_lambda_mean": 0.0, "delta_penalty": 3.467934811851592e-05, "grad_rel": 0.4899116963148117, "iteration": 640, "loss": 0.1386546328663826, "lr": 0.00019202318473658723, "mse": 0.0001391438023347291, "p_zero": 0.0, "point_rel": 0.07542587537318468, "residual_mse": 0.00013914380524511217, "temporal_rel": 0.8891503036022186, "tke_rel": 0.4860523000359535}
TRAIN {"angle_aug_abs_deg": 0.0, "aoa_effective_shift_abs_deg_mean": 0.0, "aoa_meanfield_aug_fraction": 0.0, "aoa_meanfield_lambda_mean": 0.0, "delta_penalty": 3.4644369497982554e-05, "grad_rel": 0.49259536266326903, "iteration": 660, "loss": 0.14156854152679443, "lr": 0.00019152411726209198, "mse": 0.0001435860976926051, "p_zero": 0.0, "point_rel": 0.07760256808251143, "residual_mse": 0.0001435860976926051, "temporal_rel": 0.8931339710950852, "tke_rel": 0.4956543266773224}
TRAIN {"angle_aug_abs_deg": 0.0, "aoa_effective_shift_abs_deg_mean": 0.0, "aoa_meanfield_aug_fraction": 0.0, "aoa_meanfield_lambda_mean": 0.0, "delta_penalty": 3.461108026385773e-05, "grad_rel": 0.4916358605027199, "iteration": 680, "loss": 0.1426327247172594, "lr": 0.0001910105970684999, "mse": 0.00013753421790170252, "p_zero": 0.0, "point_rel": 0.0792766971513629, "residual_mse": 0.00013753421790170252, "temporal_rel": 0.8851534932851791, "tke_rel": 0.4897488713264465}
TRAIN {"angle_aug_abs_deg": 0.0, "aoa_effective_shift_abs_deg_mean": 0.0, "aoa_meanfield_aug_fraction": 0.0, "aoa_meanfield_lambda_mean": 0.0, "delta_penalty": 3.5208263943786734e-05, "grad_rel": 0.49888221323490145, "iteration": 700, "loss": 0.14096413888037204, "lr": 0.00019048270524660228, "mse": 0.00014175570122461069, "p_zero": 0.0, "point_rel": 0.07684738021343947, "residual_mse": 0.00014175570249790325, "temporal_rel": 0.8944886028766632, "tke_rel": 0.4959272861480713}
TRAIN {"angle_aug_abs_deg": 0.0, "aoa_effective_shift_abs_deg_mean": 0.0, "aoa_meanfield_aug_fraction": 0.0, "aoa_meanfield_lambda_mean": 0.0, "delta_penalty": 3.4541486002126476e-05, "grad_rel": 0.4971042305231094, "iteration": 720, "loss": 0.1420592784881592, "lr": 0.0001899405251566375, "mse": 0.00013839429557265247, "p_zero": 0.0, "point_rel": 0.07733182124793529, "residual_mse": 0.00013839429811923765, "temporal_rel": 0.8962794482707978, "tke_rel": 0.5056717187166214}
TRAIN {"angle_aug_abs_deg": 0.0, "aoa_effective_shift_abs_deg_mean": 0.0, "aoa_meanfield_aug_fraction": 0.0, "aoa_meanfield_lambda_mean": 0.0, "delta_penalty": 3.385007876204327e-05, "grad_rel": 0.49656883627176285, "iteration": 740, "loss": 0.1410427413880825, "lr": 0.0001893841424151268, "mse": 0.0001283157607758767, "p_zero": 0.0, "point_rel": 0.07717029750347137, "residual_mse": 0.0001283157607758767, "temporal_rel": 0.8944423735141754, "tke_rel": 0.4925244882702827}
TRAIN {"angle_aug_abs_deg": 0.0, "aoa_effective_shift_abs_deg_mean": 0.0, "aoa_meanfield_aug_fraction": 0.0, "aoa_meanfield_lambda_mean": 0.0, "delta_penalty": 3.7007066475780447e-05, "grad_rel": 0.49902603328227996, "iteration": 760, "loss": 0.1441824022680521, "lr": 0.00018881364488135488, "mse": 0.00015693495315645124, "p_zero": 0.0, "point_rel": 0.08007048666477204, "residual_mse": 0.00015693495024606818, "temporal_rel": 0.889012360572815, "tke_rel": 0.4984722390770912}
TRAIN {"angle_aug_abs_deg": 0.0, "aoa_effective_shift_abs_deg_mean": 0.0, "aoa_meanfield_aug_fraction": 0.0, "aoa_meanfield_lambda_mean": 0.0, "delta_penalty": 3.4866357145801886e-05, "grad_rel": 0.5071694523096084, "iteration": 780, "loss": 0.14532549008727075, "lr": 0.00018822912264349574, "mse": 0.0001369758141663624, "p_zero": 0.0, "point_rel": 0.08011457156389952, "residual_mse": 0.00013697581307496874, "temporal_rel": 0.9003170549869537, "tke_rel": 0.5092012971639633}
TRAIN {"angle_aug_abs_deg": 0.0, "aoa_effective_shift_abs_deg_mean": 0.0, "aoa_meanfield_aug_fraction": 0.0, "aoa_meanfield_lambda_mean": 0.0, "delta_penalty": 3.072995550610358e-05, "grad_rel": 0.4846866294741631, "iteration": 800, "loss": 0.13774772994220258, "lr": 0.00018763066800438666, "mse": 0.00010395178014732664, "p_zero": 0.0, "point_rel": 0.07373611740767956, "residual_mse": 0.00010395178105682135, "temporal_rel": 0.8931304305791855, "tke_rel": 0.49859336018562317}
TRAIN {"angle_aug_abs_deg": 0.0, "aoa_effective_shift_abs_deg_mean": 0.0, "aoa_meanfield_aug_fraction": 0.0, "aoa_meanfield_lambda_mean": 0.0, "delta_penalty": 3.148093474010238e-05, "grad_rel": 0.48822909146547316, "iteration": 820, "loss": 0.13714435026049615, "lr": 0.00018701837546695292, "mse": 0.00011329996450513136, "p_zero": 0.0, "point_rel": 0.07439868617802858, "residual_mse": 0.0001132999692345038, "temporal_rel": 0.8859708249568939, "tke_rel": 0.48014147132635115}
TRAIN {"angle_aug_abs_deg": 0.0, "aoa_effective_shift_abs_deg_mean": 0.0, "aoa_meanfield_aug_fraction": 0.0, "aoa_meanfield_lambda_mean": 0.0, "delta_penalty": 3.3436350349802524e-05, "grad_rel": 0.48692384362220764, "iteration": 840, "loss": 0.13728824369609355, "lr": 0.00018639234171928385, "mse": 0.00013289112175698392, "p_zero": 0.0, "point_rel": 0.07347269244492054, "residual_mse": 0.0001328911221207818, "temporal_rel": 0.8927522748708725, "tke_rel": 0.4948098540306091}
TRAIN {"angle_aug_abs_deg": 0.0, "aoa_effective_shift_abs_deg_mean": 0.0, "aoa_meanfield_aug_fraction": 0.0, "aoa_meanfield_lambda_mean": 0.0, "delta_penalty": 3.783107367780758e-05, "grad_rel": 0.4976487159729004, "iteration": 860, "loss": 0.14257970303297043, "lr": 0.00018575266561936558, "mse": 0.00015318672049033922, "p_zero": 0.0, "point_rel": 0.07795703765004873, "residual_mse": 0.00015318672340072225, "temporal_rel": 0.8945147335529328, "tke_rel": 0.5045963510870933}
TRAIN {"angle_aug_abs_deg": 0.0, "aoa_effective_shift_abs_deg_mean": 0.0, "aoa_meanfield_aug_fraction": 0.0, "aoa_meanfield_lambda_mean": 0.0, "delta_penalty": 3.391814861970488e-05, "grad_rel": 0.4965748980641365, "iteration": 880, "loss": 0.14117658287286758, "lr": 0.00018509944817946957, "mse": 0.00013084756392345298, "p_zero": 0.0, "point_rel": 0.07781542986631393, "residual_mse": 0.00013084756610624027, "temporal_rel": 0.8886698096990585, "tke_rel": 0.4868750602006912}
TRAIN {"angle_aug_abs_deg": 0.0, "aoa_effective_shift_abs_deg_mean": 0.0, "aoa_meanfield_aug_fraction": 0.0, "aoa_meanfield_lambda_mean": 0.0, "delta_penalty": 3.2205580646404995e-05, "grad_rel": 0.5012026190757751, "iteration": 900, "loss": 0.14135885164141654, "lr": 0.00018443279255020184, "mse": 0.0001201499844682985, "p_zero": 0.0, "point_rel": 0.0776062136515975, "residual_mse": 0.0001201499826493091, "temporal_rel": 0.889405483007431, "tke_rel": 0.49192910045385363}
TRAIN {"angle_aug_abs_deg": 0.0, "aoa_effective_shift_abs_deg_mean": 0.0, "aoa_meanfield_aug_fraction": 0.0, "aoa_meanfield_lambda_mean": 0.0, "delta_penalty": 3.4343497554800705e-05, "grad_rel": 0.4936296924948692, "iteration": 920, "loss": 0.1399966698139906, "lr": 0.00018375280400421458, "mse": 0.00012719627302431035, "p_zero": 0.0, "point_rel": 0.07715528346598148, "residual_mse": 0.00012719627284241142, "temporal_rel": 0.8887956708669662, "tke_rel": 0.4789037793874741}
TRAIN {"angle_aug_abs_deg": 0.0, "aoa_effective_shift_abs_deg_mean": 0.0, "aoa_meanfield_aug_fraction": 0.0, "aoa_meanfield_lambda_mean": 0.0, "delta_penalty": 3.0872298611939184e-05, "grad_rel": 0.48073137551546097, "iteration": 940, "loss": 0.1375619862228632, "lr": 0.00018305958991958165, "mse": 0.00011662749111565062, "p_zero": 0.0, "point_rel": 0.07435915619134903, "residual_mse": 0.00011662749075185275, "temporal_rel": 0.8898012667894364, "tke_rel": 0.48770362734794614}
TRAIN {"angle_aug_abs_deg": 0.0, "aoa_effective_shift_abs_deg_mean": 0.0, "aoa_meanfield_aug_fraction": 0.0, "aoa_meanfield_lambda_mean": 0.0, "delta_penalty": 3.404406834306428e-05, "grad_rel": 0.49500233978033065, "iteration": 960, "loss": 0.1409228440374136, "lr": 0.0001823532597628431, "mse": 0.00013991787836857837, "p_zero": 0.0, "point_rel": 0.07709600348025561, "residual_mse": 0.00013991787727718474, "temporal_rel": 0.8980521440505982, "tke_rel": 0.49029313027858734}
TRAIN {"angle_aug_abs_deg": 0.0, "aoa_effective_shift_abs_deg_mean": 0.0, "aoa_meanfield_aug_fraction": 0.0, "aoa_meanfield_lambda_mean": 0.0, "delta_penalty": 3.635862094597542e-05, "grad_rel": 0.4974177896976471, "iteration": 980, "loss": 0.14048085138201713, "lr": 0.0001816339250717188, "mse": 0.00014759606228835763, "p_zero": 0.0, "point_rel": 0.07717732265591622, "residual_mse": 0.0001475960633797513, "temporal_rel": 0.8877937227487565, "tke_rel": 0.4860574513673782}
TRAIN {"angle_aug_abs_deg": 0.0, "aoa_effective_shift_abs_deg_mean": 0.0, "aoa_meanfield_aug_fraction": 0.0, "aoa_meanfield_lambda_mean": 0.0, "delta_penalty": 3.3123631510534324e-05, "grad_rel": 0.4864461839199066, "iteration": 1000, "loss": 0.13660384453833102, "lr": 0.0001809016994374951, "mse": 0.00011555034325283486, "p_zero": 0.0, "point_rel": 0.07328183613717557, "residual_mse": 0.0001155503425252391, "temporal_rel": 0.8897211521863937, "tke_rel": 0.48830588459968566}
EVAL_TOP {"alpha": 1.0, "best_bound_abs": 0.0075, "best_bound_rel": 0.0075, "best_bounds": [{"abs": 0.0075, "coverage": 0.8315920448303222, "final_est": 81.48552744964312, "rel": 0.0075, "sps_raw": 0.47858470451831825, "sps_score_linear": 47.85847045183183, "sps_score_used": 47.85847045183183}], "best_final_est": 81.48552744964312, "iteration": 1000, "mean_t_neural_s": 0.01762683533, "mvpe": 0.07478639734908939, "mvpe_score": 96.39546521778617, "n": 640, "rel_l2": 0.0822679666802287, "rel_l2_score": 96.04911721273852, "time_score": 86.54248999999716, "tke": 0.48194095194339753, "tke_score": 80.5820943658619}
TRAIN {"angle_aug_abs_deg": 0.0, "aoa_effective_shift_abs_deg_mean": 0.0, "aoa_meanfield_aug_fraction": 0.0, "aoa_meanfield_lambda_mean": 0.0, "delta_penalty": 3.376698441570625e-05, "grad_rel": 0.491999851167202, "iteration": 1020, "loss": 0.140194121748209, "lr": 0.00018015669848708805, "mse": 0.0001361312761218869, "p_zero": 0.0, "point_rel": 0.0771938607096672, "residual_mse": 0.00013613127684948268, "temporal_rel": 0.8853417694568634, "tke_rel": 0.4836415410041809}
TRAIN {"angle_aug_abs_deg": 0.0, "aoa_effective_shift_abs_deg_mean": 0.0, "aoa_meanfield_aug_fraction": 0.0, "aoa_meanfield_lambda_mean": 0.0, "delta_penalty": 3.565266988516669e-05, "grad_rel": 0.4940668076276779, "iteration": 1040, "loss": 0.14071978032588958, "lr": 0.00017939903986478393, "mse": 0.00014122907232376746, "p_zero": 0.0, "point_rel": 0.07615566700696945, "residual_mse": 0.00014122907305136323, "temporal_rel": 0.8969133406877517, "tke_rel": 0.5033770605921746}
TRAIN {"angle_aug_abs_deg": 0.0, "aoa_effective_shift_abs_deg_mean": 0.0, "aoa_meanfield_aug_fraction": 0.0, "aoa_meanfield_lambda_mean": 0.0, "delta_penalty": 3.301170290797018e-05, "grad_rel": 0.48253012597560885, "iteration": 1060, "loss": 0.13595357723534107, "lr": 0.00017862884321366226, "mse": 0.00012377089606161463, "p_zero": 0.0, "point_rel": 0.07333745453506708, "residual_mse": 0.00012377089569781674, "temporal_rel": 0.8900746494531632, "tke_rel": 0.47730235904455187}
TRAIN {"angle_aug_abs_deg": 0.0, "aoa_effective_shift_abs_deg_mean": 0.0, "aoa_meanfield_aug_fraction": 0.0, "aoa_meanfield_lambda_mean": 0.0, "delta_penalty": 3.7007174614700486e-05, "grad_rel": 0.4935633823275566, "iteration": 1080, "loss": 0.1391361515969038, "lr": 0.00017784623015670276, "mse": 0.00014273513697844465, "p_zero": 0.0, "point_rel": 0.07514247186481952, "residual_mse": 0.00014273513843363617, "temporal_rel": 0.9012944966554641, "tke_rel": 0.49179724007844927}
TRAIN {"angle_aug_abs_deg": 0.0, "aoa_effective_shift_abs_deg_mean": 0.0, "aoa_meanfield_aug_fraction": 0.0, "aoa_meanfield_lambda_mean": 0.0, "delta_penalty": 3.6740760242537364e-05, "grad_rel": 0.4901826187968254, "iteration": 1100, "loss": 0.14072374925017356, "lr": 0.00017705132427757933, "mse": 0.00014301081992016407, "p_zero": 0.0, "point_rel": 0.07737159132957458, "residual_mse": 0.0001430108228305471, "temporal_rel": 0.8885212898254394, "tke_rel": 0.4883357048034668}
TRAIN {"angle_aug_abs_deg": 0.0, "aoa_effective_shift_abs_deg_mean": 0.0, "aoa_meanfield_aug_fraction": 0.0, "aoa_meanfield_lambda_mean": 0.0, "delta_penalty": 3.427758701946004e-05, "grad_rel": 0.49020852744579313, "iteration": 1120, "loss": 0.13981662392616273, "lr": 0.00017624425110114515, "mse": 0.00012735339823848334, "p_zero": 0.0, "point_rel": 0.07532193288207054, "residual_mse": 0.00012735339605569608, "temporal_rel": 0.8935009479522705, "tke_rel": 0.5049607262015343}
TRAIN {"angle_aug_abs_deg": 0.0, "aoa_effective_shift_abs_deg_mean": 0.0, "aoa_meanfield_aug_fraction": 0.0, "aoa_meanfield_lambda_mean": 0.0, "delta_penalty": 3.236617767470307e-05, "grad_rel": 0.4884686544537544, "iteration": 1140, "loss": 0.1396542027592659, "lr": 0.00017542513807361075, "mse": 0.00012270339793758468, "p_zero": 0.0, "point_rel": 0.07476146817207337, "residual_mse": 0.0001227033972099889, "temporal_rel": 0.899420765042305, "tke_rel": 0.5090937957167625}
TRAIN {"angle_aug_abs_deg": 0.0, "aoa_effective_shift_abs_deg_mean": 0.0, "aoa_meanfield_aug_fraction": 0.0, "aoa_meanfield_lambda_mean": 0.0, "delta_penalty": 2.9233254463179036e-05, "grad_rel": 0.4894412934780121, "iteration": 1160, "loss": 0.1382021952420473, "lr": 0.0001745941145424186, "mse": 0.00010612478290568106, "p_zero": 0.0, "point_rel": 0.07402385398745537, "residual_mse": 0.00010612478326947894, "temporal_rel": 0.8998974740505219, "tke_rel": 0.4967896446585655}
TRAIN {"angle_aug_abs_deg": 0.0, "aoa_effective_shift_abs_deg_mean": 0.0, "aoa_meanfield_aug_fraction": 0.0, "aoa_meanfield_lambda_mean": 0.0, "delta_penalty": 3.6774762884306254e-05, "grad_rel": 0.49302734434604645, "iteration": 1180, "loss": 0.14210964031517506, "lr": 0.00017375131173581775, "mse": 0.0001604510704964923, "p_zero": 0.0, "point_rel": 0.07862425297498703, "residual_mse": 0.00016045107413447112, "temporal_rel": 0.8912486344575882, "tke_rel": 0.48839411437511443}
TRAIN {"angle_aug_abs_deg": 0.0, "aoa_effective_shift_abs_deg_mean": 0.0, "aoa_meanfield_aug_fraction": 0.0, "aoa_meanfield_lambda_mean": 0.0, "delta_penalty": 3.3835030717455086e-05, "grad_rel": 0.48850692957639696, "iteration": 1200, "loss": 0.13762351162731648, "lr": 0.00017289686274214155, "mse": 0.00012306164362598792, "p_zero": 0.0, "point_rel": 0.07473772950470448, "residual_mse": 0.0001230616439897858, "temporal_rel": 0.892207944393158, "tke_rel": 0.4792391061782837}
TRAIN {"angle_aug_abs_deg": 0.0, "aoa_effective_shift_abs_deg_mean": 0.0, "aoa_meanfield_aug_fraction": 0.0, "aoa_meanfield_lambda_mean": 0.0, "delta_penalty": 3.4064461124216906e-05, "grad_rel": 0.4921583294868469, "iteration": 1220, "loss": 0.14040797241032124, "lr": 0.00017203090248879105, "mse": 0.0001236744499692577, "p_zero": 0.0, "point_rel": 0.07666175533086061, "residual_mse": 0.0001236744481502683, "temporal_rel": 0.890671682357788, "tke_rel": 0.4934318125247955}
TRAIN {"angle_aug_abs_deg": 0.0, "aoa_effective_shift_abs_deg_mean": 0.0, "aoa_meanfield_aug_fraction": 0.0, "aoa_meanfield_lambda_mean": 0.0, "delta_penalty": 3.300091029814212e-05, "grad_rel": 0.48887731581926347, "iteration": 1240, "loss": 0.13968133069574834, "lr": 0.0001711535677209289, "mse": 0.00012363936693873256, "p_zero": 0.0, "point_rel": 0.07547094263136386, "residual_mse": 0.00012363936584733893, "temporal_rel": 0.8934516996145249, "tke_rel": 0.5005988389253616}
TRAIN {"angle_aug_abs_deg": 0.0, "aoa_effective_shift_abs_deg_mean": 0.0, "aoa_meanfield_aug_fraction": 0.0, "aoa_meanfield_lambda_mean": 0.0, "delta_penalty": 3.0985144076112195e-05, "grad_rel": 0.490579591691494, "iteration": 1260, "loss": 0.13810360804200172, "lr": 0.00017026499697988533, "mse": 0.00011512284818309127, "p_zero": 0.0, "point_rel": 0.07574649713933468, "residual_mse": 0.00011512285000208067, "temporal_rel": 0.887314647436142, "tke_rel": 0.4723970204591751}
TRAIN {"angle_aug_abs_deg": 0.0, "aoa_effective_shift_abs_deg_mean": 0.0, "aoa_meanfield_aug_fraction": 0.0, "aoa_meanfield_lambda_mean": 0.0, "delta_penalty": 3.376838685653638e-05, "grad_rel": 0.4868731930851936, "iteration": 1280, "loss": 0.13961939811706542, "lr": 0.00016936533058128084, "mse": 0.00013900262219976867, "p_zero": 0.0, "point_rel": 0.07596598826348781, "residual_mse": 0.00013900262219976867, "temporal_rel": 0.888299760222435, "tke_rel": 0.49431573748588564}
TRAIN {"angle_aug_abs_deg": 0.0, "aoa_effective_shift_abs_deg_mean": 0.0, "aoa_meanfield_aug_fraction": 0.0, "aoa_meanfield_lambda_mean": 0.0, "delta_penalty": 3.258447177358903e-05, "grad_rel": 0.47915948629379274, "iteration": 1300, "loss": 0.13661489635705948, "lr": 0.00016845471059286928, "mse": 0.00012451276961655822, "p_zero": 0.0, "point_rel": 0.07339769937098026, "residual_mse": 0.00012451276979845715, "temporal_rel": 0.8899966716766358, "tke_rel": 0.4881983608007431}
TRAIN {"angle_aug_abs_deg": 0.0, "aoa_effective_shift_abs_deg_mean": 0.0, "aoa_meanfield_aug_fraction": 0.0, "aoa_meanfield_lambda_mean": 0.0, "delta_penalty": 3.3250162505282785e-05, "grad_rel": 0.48939023315906527, "iteration": 1320, "loss": 0.1400544375181198, "lr": 0.00016753328081210283, "mse": 0.00013110425134073013, "p_zero": 0.0, "point_rel": 0.07632567547261715, "residual_mse": 0.00013110425315971953, "temporal_rel": 0.8921869695186615, "tke_rel": 0.4930384323000908}
TRAIN {"angle_aug_abs_deg": 0.0, "aoa_effective_shift_abs_deg_mean": 0.0, "aoa_meanfield_aug_fraction": 0.0, "aoa_meanfield_lambda_mean": 0.0, "delta_penalty": 3.596621527321986e-05, "grad_rel": 0.48888648599386214, "iteration": 1340, "loss": 0.1382901906967163, "lr": 0.00016660118674342555, "mse": 0.0001405374459864106, "p_zero": 0.0, "point_rel": 0.07544812746345997, "residual_mse": 0.00014053745217097459, "temporal_rel": 0.8821693897247315, "tke_rel": 0.4833467811346054}
TRAIN {"angle_aug_abs_deg": 0.0, "aoa_effective_shift_abs_deg_mean": 0.0, "aoa_meanfield_aug_fraction": 0.0, "aoa_meanfield_lambda_mean": 0.0, "delta_penalty": 3.4655215949896955e-05, "grad_rel": 0.5005792900919914, "iteration": 1360, "loss": 0.1429956078529358, "lr": 0.000165658575575296, "mse": 0.00013671323977177964, "p_zero": 0.0, "point_rel": 0.0785765066742897, "residual_mse": 0.00013671323904418387, "temporal_rel": 0.89229416847229, "tke_rel": 0.5016647577285767}
TRAIN {"angle_aug_abs_deg": 0.0, "aoa_effective_shift_abs_deg_mean": 0.0, "aoa_meanfield_aug_fraction": 0.0, "aoa_meanfield_lambda_mean": 0.0, "delta_penalty": 3.7403262467705645e-05, "grad_rel": 0.49590116888284685, "iteration": 1380, "loss": 0.140358579903841, "lr": 0.00016470559615694482, "mse": 0.00014153885222185637, "p_zero": 0.0, "point_rel": 0.0765612382441759, "residual_mse": 0.00014153885294945212, "temporal_rel": 0.894897049665451, "tke_rel": 0.49114509522914884}
TRAIN {"angle_aug_abs_deg": 0.0, "aoa_effective_shift_abs_deg_mean": 0.0, "aoa_meanfield_aug_fraction": 0.0, "aoa_meanfield_lambda_mean": 0.0, "delta_penalty": 3.639010565166245e-05, "grad_rel": 0.4985024079680443, "iteration": 1400, "loss": 0.14311423227190972, "lr": 0.00016374239897486937, "mse": 0.00014116498605289962, "p_zero": 0.0, "point_rel": 0.07866945117712021, "residual_mse": 0.00014116498714429327, "temporal_rel": 0.8967721402645111, "tke_rel": 0.5003501370549202}
TRAIN {"angle_aug_abs_deg": 0.0, "aoa_effective_shift_abs_deg_mean": 0.0, "aoa_meanfield_aug_fraction": 0.0, "aoa_meanfield_lambda_mean": 0.0, "delta_penalty": 3.24899850966176e-05, "grad_rel": 0.48288205116987226, "iteration": 1420, "loss": 0.1376275338232517, "lr": 0.00016276913612907042, "mse": 0.00011083622648584423, "p_zero": 0.0, "point_rel": 0.07424734104424716, "residual_mse": 0.00011083622630394529, "temporal_rel": 0.8875525891780853, "tke_rel": 0.4912747234106064}
TRAIN {"angle_aug_abs_deg": 0.0, "aoa_effective_shift_abs_deg_mean": 0.0, "aoa_meanfield_aug_fraction": 0.0, "aoa_meanfield_lambda_mean": 0.0, "delta_penalty": 3.35623912178562e-05, "grad_rel": 0.48729676455259324, "iteration": 1440, "loss": 0.14002676755189897, "lr": 0.00016178596130903382, "mse": 0.00012681768948823445, "p_zero": 0.0, "point_rel": 0.07578561119735241, "residual_mse": 0.0001268176887606387, "temporal_rel": 0.8935769259929657, "tke_rel": 0.501428009569645}
TRAIN {"angle_aug_abs_deg": 0.0, "aoa_effective_shift_abs_deg_mean": 0.0, "aoa_meanfield_aug_fraction": 0.0, "aoa_meanfield_lambda_mean": 0.0, "delta_penalty": 3.5511763780959885e-05, "grad_rel": 0.4902969256043434, "iteration": 1460, "loss": 0.14126451797783374, "lr": 0.00016079302976946093, "mse": 0.00014372682380781043, "p_zero": 0.0, "point_rel": 0.07697507515549659, "residual_mse": 0.0001437268227164168, "temporal_rel": 0.8889945954084396, "tke_rel": 0.5036887347698211}
TRAIN {"angle_aug_abs_deg": 0.0, "aoa_effective_shift_abs_deg_mean": 0.0, "aoa_meanfield_aug_fraction": 0.0, "aoa_meanfield_lambda_mean": 0.0, "delta_penalty": 3.501716573737212e-05, "grad_rel": 0.49136853069067, "iteration": 1480, "loss": 0.14045673720538615, "lr": 0.00015979049830575225, "mse": 0.00013237186376500177, "p_zero": 0.0, "point_rel": 0.0770711401477456, "residual_mse": 0.0001323718626736081, "temporal_rel": 0.8872691065073013, "tke_rel": 0.4892764061689377}
TRAIN {"angle_aug_abs_deg": 0.0, "aoa_effective_shift_abs_deg_mean": 0.0, "aoa_meanfield_aug_fraction": 0.0, "aoa_meanfield_lambda_mean": 0.0, "delta_penalty": 3.364113445059047e-05, "grad_rel": 0.4941920593380928, "iteration": 1500, "loss": 0.13896858915686608, "lr": 0.00015877852522924764, "mse": 0.0001293861791054951, "p_zero": 0.0, "point_rel": 0.07484521660953761, "residual_mse": 0.00012938617783220252, "temporal_rel": 0.8956505417823791, "tke_rel": 0.4966914847493172}
TRAIN {"angle_aug_abs_deg": 0.0, "aoa_effective_shift_abs_deg_mean": 0.0, "aoa_meanfield_aug_fraction": 0.0, "aoa_meanfield_lambda_mean": 0.0, "delta_penalty": 3.5717036280402684e-05, "grad_rel": 0.5048906147480011, "iteration": 1520, "loss": 0.14608602076768876, "lr": 0.000157757270342227, "mse": 0.00015962934667186347, "p_zero": 0.0, "point_rel": 0.08122380636632442, "residual_mse": 0.0001596293459442677, "temporal_rel": 0.8916052043437958, "tke_rel": 0.5082015454769134}
TRAIN {"angle_aug_abs_deg": 0.0, "aoa_effective_shift_abs_deg_mean": 0.0, "aoa_meanfield_aug_fraction": 0.0, "aoa_meanfield_lambda_mean": 0.0, "delta_penalty": 3.480908399069449e-05, "grad_rel": 0.5009044229984283, "iteration": 1540, "loss": 0.1443858802318573, "lr": 0.00015672689491267588, "mse": 0.00013604231189674466, "p_zero": 0.0, "point_rel": 0.08022850565612316, "residual_mse": 0.00013604231153294677, "temporal_rel": 0.8950474470853805, "tke_rel": 0.4958479911088943}
TRAIN {"angle_aug_abs_deg": 0.0, "aoa_effective_shift_abs_deg_mean": 0.0, "aoa_meanfield_aug_fraction": 0.0, "aoa_meanfield_lambda_mean": 0.0, "delta_penalty": 3.3938213709916455e-05, "grad_rel": 0.49376984089612963, "iteration": 1560, "loss": 0.14026184603571892, "lr": 0.00015568756164881898, "mse": 0.00013346326995815615, "p_zero": 0.0, "point_rel": 0.07689041569828987, "residual_mse": 0.0001334632714133477, "temporal_rel": 0.8846546918153763, "tke_rel": 0.4897421017289162}
TRAIN {"angle_aug_abs_deg": 0.0, "aoa_effective_shift_abs_deg_mean": 0.0, "aoa_meanfield_aug_fraction": 0.0, "aoa_meanfield_lambda_mean": 0.0, "delta_penalty": 3.733671683221473e-05, "grad_rel": 0.507819777727127, "iteration": 1580, "loss": 0.14552847743034364, "lr": 0.00015463943467342714, "mse": 0.0001650158163101878, "p_zero": 0.0, "point_rel": 0.08165552020072937, "residual_mse": 0.00016501581776537933, "temporal_rel": 0.8868585824966431, "tke_rel": 0.4933276057243347}
TRAIN {"angle_aug_abs_deg": 0.0, "aoa_effective_shift_abs_deg_mean": 0.0, "aoa_meanfield_aug_fraction": 0.0, "aoa_meanfield_lambda_mean": 0.0, "delta_penalty": 3.6410917073226304e-05, "grad_rel": 0.5065149158239365, "iteration": 1600, "loss": 0.14659147784113885, "lr": 0.00015358267949789982, "mse": 0.000156027234334033, "p_zero": 0.0, "point_rel": 0.08181387782096863, "residual_mse": 0.00015602723469783087, "temporal_rel": 0.8982349157333374, "tke_rel": 0.503088216483593}
TRAIN {"angle_aug_abs_deg": 0.0, "aoa_effective_shift_abs_deg_mean": 0.0, "aoa_meanfield_aug_fraction": 0.0, "aoa_meanfield_lambda_mean": 0.0, "delta_penalty": 3.367328499734867e-05, "grad_rel": 0.4949973955750465, "iteration": 1620, "loss": 0.14058713838458062, "lr": 0.00015251746299612968, "mse": 0.0001278393852771842, "p_zero": 0.0, "point_rel": 0.07677223533391953, "residual_mse": 0.00012783938545908314, "temporal_rel": 0.8951830744743348, "tke_rel": 0.4915904372930527}
TRAIN {"angle_aug_abs_deg": 0.0, "aoa_effective_shift_abs_deg_mean": 0.0, "aoa_meanfield_aug_fraction": 0.0, "aoa_meanfield_lambda_mean": 0.0, "delta_penalty": 3.100472613368765e-05, "grad_rel": 0.4817896634340286, "iteration": 1640, "loss": 0.13348980769515037, "lr": 0.00015144395337815075, "mse": 0.00011095854260929627, "p_zero": 0.0, "point_rel": 0.07051867824047804, "residual_mse": 0.00011095854297309416, "temporal_rel": 0.88925761282444, "tke_rel": 0.4838774919509888}
TRAIN {"angle_aug_abs_deg": 0.0, "aoa_effective_shift_abs_deg_mean": 0.0, "aoa_meanfield_aug_fraction": 0.0, "aoa_meanfield_lambda_mean": 0.0, "delta_penalty": 3.5854590805683983e-05, "grad_rel": 0.49654031842947005, "iteration": 1660, "loss": 0.1446749221533537, "lr": 0.00015036232016357623, "mse": 0.00015404404348373646, "p_zero": 0.0, "point_rel": 0.08005044888705015, "residual_mse": 0.0001540440427561407, "temporal_rel": 0.8892251431941987, "tke_rel": 0.5075447216629982}
TRAIN {"angle_aug_abs_deg": 0.0, "aoa_effective_shift_abs_deg_mean": 0.0, "aoa_meanfield_aug_fraction": 0.0, "aoa_meanfield_lambda_mean": 0.0, "delta_penalty": 3.8458776089100866e-05, "grad_rel": 0.5000372216105461, "iteration": 1680, "loss": 0.143646090477705, "lr": 0.00014927273415482926, "mse": 0.000163105269530206, "p_zero": 0.0, "point_rel": 0.07918469943106174, "residual_mse": 0.00016310526989400388, "temporal_rel": 0.8987749338150024, "tke_rel": 0.4991314306855202}
TRAIN {"angle_aug_abs_deg": 0.0, "aoa_effective_shift_abs_deg_mean": 0.0, "aoa_meanfield_aug_fraction": 0.0, "aoa_meanfield_lambda_mean": 0.0, "delta_penalty": 3.698182836160413e-05, "grad_rel": 0.5009781554341316, "iteration": 1700, "loss": 0.1445665828883648, "lr": 0.0001481753674101716, "mse": 0.0001585447240358917, "p_zero": 0.0, "point_rel": 0.08129229806363583, "residual_mse": 0.00015854472258070018, "temporal_rel": 0.8779678672552109, "tke_rel": 0.48953787982463837}
TRAIN {"angle_aug_abs_deg": 0.0, "aoa_effective_shift_abs_deg_mean": 0.0, "aoa_meanfield_aug_fraction": 0.0, "aoa_meanfield_lambda_mean": 0.0, "delta_penalty": 3.4909915848402305e-05, "grad_rel": 0.49049387127161026, "iteration": 1720, "loss": 0.1414350878447294, "lr": 0.00014707039321653327, "mse": 0.00013903204944654135, "p_zero": 0.0, "point_rel": 0.0775809308513999, "residual_mse": 0.00013903204908274346, "temporal_rel": 0.8899100422859192, "tke_rel": 0.495950722694397}
TRAIN {"angle_aug_abs_deg": 0.0, "aoa_effective_shift_abs_deg_mean": 0.0, "aoa_meanfield_aug_fraction": 0.0, "aoa_meanfield_lambda_mean": 0.0, "delta_penalty": 3.547913611328113e-05, "grad_rel": 0.48635379076004026, "iteration": 1740, "loss": 0.1393529761582613, "lr": 0.00014595798606214876, "mse": 0.00013976568516227417, "p_zero": 0.0, "point_rel": 0.07601400800049304, "residual_mse": 0.00013976568516227417, "temporal_rel": 0.8875224381685257, "tke_rel": 0.4895892024040222}
TRAIN {"angle_aug_abs_deg": 0.0, "aoa_effective_shift_abs_deg_mean": 0.0, "aoa_meanfield_aug_fraction": 0.0, "aoa_meanfield_lambda_mean": 0.0, "delta_penalty": 3.475562843959779e-05, "grad_rel": 0.49084306359291074, "iteration": 1760, "loss": 0.13982243575155734, "lr": 0.00014483832160900318, "mse": 0.0001285988255403936, "p_zero": 0.0, "point_rel": 0.07612271644175053, "residual_mse": 0.0001285988251765957, "temporal_rel": 0.8947052776813507, "tke_rel": 0.49094404727220536}
TRAIN {"angle_aug_abs_deg": 0.0, "aoa_effective_shift_abs_deg_mean": 0.0, "aoa_meanfield_aug_fraction": 0.0, "aoa_meanfield_lambda_mean": 0.0, "delta_penalty": 3.668692288556485e-05, "grad_rel": 0.49125902354717255, "iteration": 1780, "loss": 0.13958150297403335, "lr": 0.00014371157666509323, "mse": 0.000141704465750081, "p_zero": 0.0, "point_rel": 0.07738145105540753, "residual_mse": 0.00014170446502248524, "temporal_rel": 0.8835443377494812, "tke_rel": 0.4713598877191544}
TRAIN {"angle_aug_abs_deg": 0.0, "aoa_effective_shift_abs_deg_mean": 0.0, "aoa_meanfield_aug_fraction": 0.0, "aoa_meanfield_lambda_mean": 0.0, "delta_penalty": 3.638504176706192e-05, "grad_rel": 0.49041090458631514, "iteration": 1800, "loss": 0.13946247212588786, "lr": 0.00014257792915650717, "mse": 0.0001437201841326896, "p_zero": 0.0, "point_rel": 0.0760939683765173, "residual_mse": 0.00014372018558788112, "temporal_rel": 0.8881882637739181, "tke_rel": 0.4887141838669777}
TRAIN {"angle_aug_abs_deg": 0.0, "aoa_effective_shift_abs_deg_mean": 0.0, "aoa_meanfield_aug_fraction": 0.0, "aoa_meanfield_lambda_mean": 0.0, "delta_penalty": 3.347643523738952e-05, "grad_rel": 0.49770578891038897, "iteration": 1820, "loss": 0.14051326252520085, "lr": 0.00014143755809932832, "mse": 0.00013546096579375444, "p_zero": 0.0, "point_rel": 0.07710032630711794, "residual_mse": 0.00013546096506615867, "temporal_rel": 0.8917002469301224, "tke_rel": 0.4859172433614731}
TRAIN {"angle_aug_abs_deg": 0.0, "aoa_effective_shift_abs_deg_mean": 0.0, "aoa_meanfield_aug_fraction": 0.0, "aoa_meanfield_lambda_mean": 0.0, "delta_penalty": 3.642467854660936e-05, "grad_rel": 0.4835448294878006, "iteration": 1840, "loss": 0.13553746975958347, "lr": 0.00014029064357136612, "mse": 0.0001285978587475256, "p_zero": 0.0, "point_rel": 0.07242035157978535, "residual_mse": 0.00012859785656473832, "temporal_rel": 0.8901992291212082, "tke_rel": 0.4853110730648041}
TRAIN {"angle_aug_abs_deg": 0.0, "aoa_effective_shift_abs_deg_mean": 0.0, "aoa_meanfield_aug_fraction": 0.0, "aoa_meanfield_lambda_mean": 0.0, "delta_penalty": 3.62217111614882e-05, "grad_rel": 0.4946315512061119, "iteration": 1860, "loss": 0.13991396315395832, "lr": 0.00013913736668372012, "mse": 0.00013748349647357827, "p_zero": 0.0, "point_rel": 0.07574132308363915, "residual_mse": 0.0001374834957459825, "temporal_rel": 0.8861301839351654, "tke_rel": 0.5021215662360191}
TRAIN {"angle_aug_abs_deg": 0.0, "aoa_effective_shift_abs_deg_mean": 0.0, "aoa_meanfield_aug_fraction": 0.0, "aoa_meanfield_lambda_mean": 0.0, "delta_penalty": 3.5231599758844824e-05, "grad_rel": 0.4794887602329254, "iteration": 1880, "loss": 0.13398733772337437, "lr": 0.00013797790955217998, "mse": 0.00012961337670276408, "p_zero": 0.0, "point_rel": 0.07130841594189405, "residual_mse": 0.00012961337524757254, "temporal_rel": 0.8883058845996856, "tke_rel": 0.47996376901865007}
TRAIN {"angle_aug_abs_deg": 0.0, "aoa_effective_shift_abs_deg_mean": 0.0, "aoa_meanfield_aug_fraction": 0.0, "aoa_meanfield_lambda_mean": 0.0, "delta_penalty": 3.346740495544509e-05, "grad_rel": 0.4917648285627365, "iteration": 1900, "loss": 0.13771879114210606, "lr": 0.00013681245526846764, "mse": 0.00012134214593970683, "p_zero": 0.0, "point_rel": 0.07528978250920773, "residual_mse": 0.0001213421463035047, "temporal_rel": 0.8818642139434815, "tke_rel": 0.47599234580993655}
TRAIN {"angle_aug_abs_deg": 0.0, "aoa_effective_shift_abs_deg_mean": 0.0, "aoa_meanfield_aug_fraction": 0.0, "aoa_meanfield_lambda_mean": 0.0, "delta_penalty": 3.585144322642009e-05, "grad_rel": 0.492965929210186, "iteration": 1920, "loss": 0.14008649587631225, "lr": 0.0001356411878713249, "mse": 0.00012939837270096178, "p_zero": 0.0, "point_rel": 0.07691538408398628, "residual_mse": 0.00012939837306475966, "temporal_rel": 0.8868301540613175, "tke_rel": 0.4855363816022873}
TRAIN {"angle_aug_abs_deg": 0.0, "aoa_effective_shift_abs_deg_mean": 0.0, "aoa_meanfield_aug_fraction": 0.0, "aoa_meanfield_lambda_mean": 0.0, "delta_penalty": 3.374564521436696e-05, "grad_rel": 0.4941579341888428, "iteration": 1940, "loss": 0.1400122009217739, "lr": 0.00013446429231745154, "mse": 0.00011858297330036294, "p_zero": 0.0, "point_rel": 0.0773275151848793, "residual_mse": 0.0001185829740279587, "temporal_rel": 0.8813334494829178, "tke_rel": 0.47993438839912417}
TRAIN {"angle_aug_abs_deg": 0.0, "aoa_effective_shift_abs_deg_mean": 0.0, "aoa_meanfield_aug_fraction": 0.0, "aoa_meanfield_lambda_mean": 0.0, "delta_penalty": 3.5624201336759144e-05, "grad_rel": 0.49133767932653427, "iteration": 1960, "loss": 0.1405899628996849, "lr": 0.00013328195445229851, "mse": 0.00013074754569970538, "p_zero": 0.0, "point_rel": 0.07613203823566436, "residual_mse": 0.00013074754460831172, "temporal_rel": 0.8952584624290466, "tke_rel": 0.5031695112586021}
TRAIN {"angle_aug_abs_deg": 0.0, "aoa_effective_shift_abs_deg_mean": 0.0, "aoa_meanfield_aug_fraction": 0.0, "aoa_meanfield_lambda_mean": 0.0, "delta_penalty": 3.578471614673617e-05, "grad_rel": 0.48876256942749025, "iteration": 1980, "loss": 0.13883385770022869, "lr": 0.00013209436098072076, "mse": 0.00013503227801265895, "p_zero": 0.0, "point_rel": 0.07506411485373973, "residual_mse": 0.00013503227764886106, "temporal_rel": 0.8888088196516037, "tke_rel": 0.4955469578504562}
TRAIN {"angle_aug_abs_deg": 0.0, "aoa_effective_shift_abs_deg_mean": 0.0, "aoa_meanfield_aug_fraction": 0.0, "aoa_meanfield_lambda_mean": 0.0, "delta_penalty": 3.567010080587352e-05, "grad_rel": 0.4928261563181877, "iteration": 2000, "loss": 0.140720184892416, "lr": 0.00013090169943749463, "mse": 0.0001427698347470141, "p_zero": 0.0, "point_rel": 0.07654599323868752, "residual_mse": 0.0001427698329280247, "temporal_rel": 0.8990753799676895, "tke_rel": 0.4960999310016632}
EVAL_TOP {"alpha": 1.0, "best_bound_abs": 0.0075, "best_bound_rel": 0.0075, "best_bounds": [{"abs": 0.0075, "coverage": 0.8309952926635742, "final_est": 81.45701055195302, "rel": 0.0075, "sps_raw": 0.47779969692230223, "sps_score_linear": 47.779969692230225, "sps_score_used": 47.779969692230225}], "best_final_est": 81.45701055195302, "iteration": 2000, "mean_t_neural_s": 0.01762683533, "mvpe": 0.07544860690832138, "mvpe_score": 96.3647084944824, "n": 640, "rel_l2": 0.08223608415573835, "rel_l2_score": 96.05058788571125, "time_score": 86.54248999999716, "tke": 0.4830131888389587, "tke_score": 80.54729668734412}
TRAIN {"angle_aug_abs_deg": 0.0, "aoa_effective_shift_abs_deg_mean": 0.0, "aoa_meanfield_aug_fraction": 0.0, "aoa_meanfield_lambda_mean": 0.0, "delta_penalty": 3.182508689860697e-05, "grad_rel": 0.4952669650316238, "iteration": 2020, "loss": 0.13908386342227458, "lr": 0.00012970415815770334, "mse": 0.00011561974279175046, "p_zero": 0.0, "point_rel": 0.07602509818971157, "residual_mse": 0.0001156197420641547, "temporal_rel": 0.8956820726394653, "tke_rel": 0.4787329599261284}
TRAIN {"angle_aug_abs_deg": 0.0, "aoa_effective_shift_abs_deg_mean": 0.0, "aoa_meanfield_aug_fraction": 0.0, "aoa_meanfield_lambda_mean": 0.0, "delta_penalty": 3.3827617789938814e-05, "grad_rel": 0.48590749502182007, "iteration": 2040, "loss": 0.13703383691608906, "lr": 0.00012850192624699744, "mse": 0.0001258761336430325, "p_zero": 0.0, "point_rel": 0.07434600219130516, "residual_mse": 0.00012587613437062828, "temporal_rel": 0.8861823290586471, "tke_rel": 0.4795885756611824}
TRAIN {"angle_aug_abs_deg": 0.0, "aoa_effective_shift_abs_deg_mean": 0.0, "aoa_meanfield_aug_fraction": 0.0, "aoa_meanfield_lambda_mean": 0.0, "delta_penalty": 3.6453424309002e-05, "grad_rel": 0.5053105682134629, "iteration": 2060, "loss": 0.1445048712193966, "lr": 0.00012729519355173237, "mse": 0.00014789703454880508, "p_zero": 0.0, "point_rel": 0.07974581718444824, "residual_mse": 0.00014789703454880508, "temporal_rel": 0.8905173957347869, "tke_rel": 0.5069795578718186}
TRAIN {"angle_aug_abs_deg": 0.0, "aoa_effective_shift_abs_deg_mean": 0.0, "aoa_meanfield_aug_fraction": 0.0, "aoa_meanfield_lambda_mean": 0.0, "delta_penalty": 3.807617622442194e-05, "grad_rel": 0.49974903762340545, "iteration": 2080, "loss": 0.14132210835814477, "lr": 0.0001260841506289895, "mse": 0.0001388109965773765, "p_zero": 0.0, "point_rel": 0.07753081098198891, "residual_mse": 0.00013881099803256803, "temporal_rel": 0.8901538372039794, "tke_rel": 0.4924673572182655}
TRAIN {"angle_aug_abs_deg": 0.0, "aoa_effective_shift_abs_deg_mean": 0.0, "aoa_meanfield_aug_fraction": 0.0, "aoa_meanfield_lambda_mean": 0.0, "delta_penalty": 3.6930110218236224e-05, "grad_rel": 0.49811038076877595, "iteration": 2100, "loss": 0.14220498725771905, "lr": 0.00012486898871648521, "mse": 0.00013718359477934427, "p_zero": 0.0, "point_rel": 0.07829677462577819, "residual_mse": 0.0001371835962345358, "temporal_rel": 0.8830902993679046, "tke_rel": 0.4983659401535988}
TRAIN {"angle_aug_abs_deg": 0.0, "aoa_effective_shift_abs_deg_mean": 0.0, "aoa_meanfield_aug_fraction": 0.0, "aoa_meanfield_lambda_mean": 0.0, "delta_penalty": 3.463293787717703e-05, "grad_rel": 0.49548573791980743, "iteration": 2120, "loss": 0.1394981287419796, "lr": 0.00012364989970237224, "mse": 0.00012690122766798596, "p_zero": 0.0, "point_rel": 0.07627388723194599, "residual_mse": 0.00012690122948697536, "temporal_rel": 0.8882121562957763, "tke_rel": 0.48511381149291993}
TRAIN {"angle_aug_abs_deg": 0.0, "aoa_effective_shift_abs_deg_mean": 0.0, "aoa_meanfield_aug_fraction": 0.0, "aoa_meanfield_lambda_mean": 0.0, "delta_penalty": 3.5886689147446305e-05, "grad_rel": 0.49474526643753053, "iteration": 2140, "loss": 0.14055927731096746, "lr": 0.00012242707609493784, "mse": 0.00014365453534992412, "p_zero": 0.0, "point_rel": 0.07706957422196865, "residual_mse": 0.00014365453425853049, "temporal_rel": 0.8889145195484162, "tke_rel": 0.4892879411578178}
TRAIN {"angle_aug_abs_deg": 0.0, "aoa_effective_shift_abs_deg_mean": 0.0, "aoa_meanfield_aug_fraction": 0.0, "aoa_meanfield_lambda_mean": 0.0, "delta_penalty": 3.1256471629603766e-05, "grad_rel": 0.4856595560908318, "iteration": 2160, "loss": 0.13634435795247554, "lr": 0.00012120071099220523, "mse": 0.00010260552262479905, "p_zero": 0.0, "point_rel": 0.07302902024239302, "residual_mse": 0.00010260552262479905, "temporal_rel": 0.8909050941467285, "tke_rel": 0.48786475211381913}
TRAIN {"angle_aug_abs_deg": 0.0, "aoa_effective_shift_abs_deg_mean": 0.0, "aoa_meanfield_aug_fraction": 0.0, "aoa_meanfield_lambda_mean": 0.0, "delta_penalty": 3.619517347033252e-05, "grad_rel": 0.4972093865275383, "iteration": 2180, "loss": 0.14199161492288112, "lr": 0.00011997099805144045, "mse": 0.0001436318025298533, "p_zero": 0.0, "point_rel": 0.07942607067525387, "residual_mse": 0.00014363180216605542, "temporal_rel": 0.8757213324308395, "tke_rel": 0.4798658713698387}
TRAIN {"angle_aug_abs_deg": 0.0, "aoa_effective_shift_abs_deg_mean": 0.0, "aoa_meanfield_aug_fraction": 0.0, "aoa_meanfield_lambda_mean": 0.0, "delta_penalty": 3.5482095699990166e-05, "grad_rel": 0.48654814511537553, "iteration": 2200, "loss": 0.13737099058926105, "lr": 0.0001187381314585723, "mse": 0.00013817615090374601, "p_zero": 0.0, "point_rel": 0.07363143973052502, "residual_mse": 0.00013817615199513967, "temporal_rel": 0.8919640213251114, "tke_rel": 0.4940041109919548}
TRAIN {"angle_aug_abs_deg": 0.0, "aoa_effective_shift_abs_deg_mean": 0.0, "aoa_meanfield_aug_fraction": 0.0, "aoa_meanfield_lambda_mean": 0.0, "delta_penalty": 3.573072126528132e-05, "grad_rel": 0.4895091027021408, "iteration": 2220, "loss": 0.1385014422237873, "lr": 0.00011750230589752742, "mse": 0.00014010481099830941, "p_zero": 0.0, "point_rel": 0.07426129151135683, "residual_mse": 0.00014010480881552212, "temporal_rel": 0.8981095492839813, "tke_rel": 0.4985246866941452}
TRAIN {"angle_aug_abs_deg": 0.0, "aoa_effective_shift_abs_deg_mean": 0.0, "aoa_meanfield_aug_fraction": 0.0, "aoa_meanfield_lambda_mean": 0.0, "delta_penalty": 3.689865206979448e-05, "grad_rel": 0.49502006620168687, "iteration": 2240, "loss": 0.1405557282269001, "lr": 0.00011626371651948816, "mse": 0.00014610626094508917, "p_zero": 0.0, "point_rel": 0.07711167223751544, "residual_mse": 0.00014610626167268492, "temporal_rel": 0.8927517086267471, "tke_rel": 0.4865273281931877}
TRAIN {"angle_aug_abs_deg": 0.0, "aoa_effective_shift_abs_deg_mean": 0.0, "aoa_meanfield_aug_fraction": 0.0, "aoa_meanfield_lambda_mean": 0.0, "delta_penalty": 3.71685851860093e-05, "grad_rel": 0.48923248052597046, "iteration": 2260, "loss": 0.13863664716482163, "lr": 0.00011502255891207551, "mse": 0.00014034746900506433, "p_zero": 0.0, "point_rel": 0.07533486355096101, "residual_mse": 0.00014034746864126645, "temporal_rel": 0.8903481364250183, "tke_rel": 0.4868334159255028}
TRAIN {"angle_aug_abs_deg": 0.0, "aoa_effective_shift_abs_deg_mean": 0.0, "aoa_meanfield_aug_fraction": 0.0, "aoa_meanfield_lambda_mean": 0.0, "delta_penalty": 3.530098974806606e-05, "grad_rel": 0.4969729155302048, "iteration": 2280, "loss": 0.14101660400629043, "lr": 0.00011377902906846359, "mse": 0.00012548147460620385, "p_zero": 0.0, "point_rel": 0.07666185405105352, "residual_mse": 0.00012548147424240597, "temporal_rel": 0.8904719471931457, "tke_rel": 0.5024608328938485}
TRAIN {"angle_aug_abs_deg": 0.0, "aoa_effective_shift_abs_deg_mean": 0.0, "aoa_meanfield_aug_fraction": 0.0, "aoa_meanfield_lambda_mean": 0.0, "delta_penalty": 3.318624576422735e-05, "grad_rel": 0.48943824470043185, "iteration": 2300, "loss": 0.1365970205515623, "lr": 0.00011253332335643027, "mse": 0.00010990435030180378, "p_zero": 0.0, "point_rel": 0.07317807376384736, "residual_mse": 0.00010990434975610697, "temporal_rel": 0.8904092341661454, "tke_rel": 0.4888576611876488}
TRAIN {"angle_aug_abs_deg": 0.0, "aoa_effective_shift_abs_deg_mean": 0.0, "aoa_meanfield_aug_fraction": 0.0, "aoa_meanfield_lambda_mean": 0.0, "delta_penalty": 3.159156731271651e-05, "grad_rel": 0.4815590545535088, "iteration": 2320, "loss": 0.13604388535022735, "lr": 0.00011128563848734798, "mse": 0.00011409950129745994, "p_zero": 0.0, "point_rel": 0.07294873800128698, "residual_mse": 0.00011409950275265146, "temporal_rel": 0.8901831865310669, "tke_rel": 0.48552345484495163}
TRAIN {"angle_aug_abs_deg": 0.0, "aoa_effective_shift_abs_deg_mean": 0.0, "aoa_meanfield_aug_fraction": 0.0, "aoa_meanfield_lambda_mean": 0.0, "delta_penalty": 3.912670890713343e-05, "grad_rel": 0.4976373314857483, "iteration": 2340, "loss": 0.14310961216688156, "lr": 0.00011003617148512128, "mse": 0.00014808479681960307, "p_zero": 0.0, "point_rel": 0.0794639678671956, "residual_mse": 0.00014808479736529989, "temporal_rel": 0.8846465587615967, "tke_rel": 0.49327466189861296}
TRAIN {"angle_aug_abs_deg": 0.0, "aoa_effective_shift_abs_deg_mean": 0.0, "aoa_meanfield_aug_fraction": 0.0, "aoa_meanfield_lambda_mean": 0.0, "delta_penalty": 3.67794687008427e-05, "grad_rel": 0.48559239208698274, "iteration": 2360, "loss": 0.13669873401522636, "lr": 0.00010878511965507413, "mse": 0.00013623187251141645, "p_zero": 0.0, "point_rel": 0.07425470426678657, "residual_mse": 0.00013623187433040585, "temporal_rel": 0.8821144163608551, "tke_rel": 0.47758510857820513}
TRAIN {"angle_aug_abs_deg": 0.0, "aoa_effective_shift_abs_deg_mean": 0.0, "aoa_meanfield_aug_fraction": 0.0, "aoa_meanfield_lambda_mean": 0.0, "delta_penalty": 3.285423335910309e-05, "grad_rel": 0.4987983778119087, "iteration": 2380, "loss": 0.14150776267051696, "lr": 0.0001075326805527931, "mse": 0.00011623781101661734, "p_zero": 0.0, "point_rel": 0.07796154022216797, "residual_mse": 0.00011623781101661734, "temporal_rel": 0.8869517117738723, "tke_rel": 0.4903360828757286}
TRAIN {"angle_aug_abs_deg": 0.0, "aoa_effective_shift_abs_deg_mean": 0.0, "aoa_meanfield_aug_fraction": 0.0, "aoa_meanfield_lambda_mean": 0.0, "delta_penalty": 3.43972413247684e-05, "grad_rel": 0.4905246287584305, "iteration": 2400, "loss": 0.1389735173434019, "lr": 0.00010627905195293118, "mse": 0.00012372677301755174, "p_zero": 0.0, "point_rel": 0.0756697628647089, "residual_mse": 0.00012372677119856234, "temporal_rel": 0.8900001764297485, "tke_rel": 0.4868012845516205}
TRAIN {"angle_aug_abs_deg": 0.0, "aoa_effective_shift_abs_deg_mean": 0.0, "aoa_meanfield_aug_fraction": 0.0, "aoa_meanfield_lambda_mean": 0.0, "delta_penalty": 3.483114305709023e-05, "grad_rel": 0.4919279083609581, "iteration": 2420, "loss": 0.14008308090269567, "lr": 0.0001050244318179768, "mse": 0.00013724050040764268, "p_zero": 0.0, "point_rel": 0.07599337827414274, "residual_mse": 0.00013724049895245117, "temporal_rel": 0.890569469332695, "tke_rel": 0.49919724464416504}
TRAIN {"angle_aug_abs_deg": 0.0, "aoa_effective_shift_abs_deg_mean": 0.0, "aoa_meanfield_aug_fraction": 0.0, "aoa_meanfield_lambda_mean": 0.0, "delta_penalty": 3.7325719404179836e-05, "grad_rel": 0.49077980369329455, "iteration": 2440, "loss": 0.1394677147269249, "lr": 0.00010376901826699328, "mse": 0.00013685088015336078, "p_zero": 0.0, "point_rel": 0.07631191331893206, "residual_mse": 0.0001368508776067756, "temporal_rel": 0.8887061148881912, "tke_rel": 0.48485193848609925}
TRAIN {"angle_aug_abs_deg": 0.0, "aoa_effective_shift_abs_deg_mean": 0.0, "aoa_meanfield_aug_fraction": 0.0, "aoa_meanfield_lambda_mean": 0.0, "delta_penalty": 3.533820627126261e-05, "grad_rel": 0.4973329111933708, "iteration": 2460, "loss": 0.14118496254086493, "lr": 0.00010251300954433361, "mse": 0.00014408368933800376, "p_zero": 0.0, "point_rel": 0.078023262321949, "residual_mse": 0.00014408368679141859, "temporal_rel": 0.8846924483776093, "tke_rel": 0.48528341948986053}
TRAIN {"angle_aug_abs_deg": 0.0, "aoa_effective_shift_abs_deg_mean": 0.0, "aoa_meanfield_aug_fraction": 0.0, "aoa_meanfield_lambda_mean": 0.0, "delta_penalty": 3.5491865310177674e-05, "grad_rel": 0.4931244030594826, "iteration": 2480, "loss": 0.13920003920793533, "lr": 0.00010125660398833509, "mse": 0.00013207872088969453, "p_zero": 0.0, "point_rel": 0.07609756253659725, "residual_mse": 0.00013207872161729027, "temporal_rel": 0.8899752527475357, "tke_rel": 0.4827669709920883}
TRAIN {"angle_aug_abs_deg": 0.0, "aoa_effective_shift_abs_deg_mean": 0.0, "aoa_meanfield_aug_fraction": 0.0, "aoa_meanfield_lambda_mean": 0.0, "delta_penalty": 3.6662295224232365e-05, "grad_rel": 0.49222480952739717, "iteration": 2500, "loss": 0.14031959399580957, "lr": 9.99999999999998e-05, "mse": 0.00014272534172050656, "p_zero": 0.0, "point_rel": 0.07780309580266476, "residual_mse": 0.0001427253409929108, "temporal_rel": 0.879019770026207, "tke_rel": 0.47864973098039626}
TRAIN {"angle_aug_abs_deg": 0.0, "aoa_effective_shift_abs_deg_mean": 0.0, "aoa_meanfield_aug_fraction": 0.0, "aoa_meanfield_lambda_mean": 0.0, "delta_penalty": 3.6031336185260444e-05, "grad_rel": 0.5049955770373344, "iteration": 2520, "loss": 0.14364695474505423, "lr": 9.874339601166454e-05, "mse": 0.00013693638320546597, "p_zero": 0.0, "point_rel": 0.07964562475681305, "residual_mse": 0.00013693638247787022, "temporal_rel": 0.8923981070518494, "tke_rel": 0.4935442566871643}
TRAIN {"angle_aug_abs_deg": 0.0, "aoa_effective_shift_abs_deg_mean": 0.0, "aoa_meanfield_aug_fraction": 0.0, "aoa_meanfield_lambda_mean": 0.0, "delta_penalty": 3.6069797533855305e-05, "grad_rel": 0.49258559197187424, "iteration": 2540, "loss": 0.13956874869763852, "lr": 9.748699045566609e-05, "mse": 0.00014391073809747468, "p_zero": 0.0, "point_rel": 0.07709990814328194, "residual_mse": 0.00014391073846127257, "temporal_rel": 0.8840402781963348, "tke_rel": 0.4752492159605026}
TRAIN {"angle_aug_abs_deg": 0.0, "aoa_effective_shift_abs_deg_mean": 0.0, "aoa_meanfield_aug_fraction": 0.0, "aoa_meanfield_lambda_mean": 0.0, "delta_penalty": 3.478397375147324e-05, "grad_rel": 0.4901124730706215, "iteration": 2560, "loss": 0.1375401422381401, "lr": 9.623098173300636e-05, "mse": 0.00012567258017952553, "p_zero": 0.0, "point_rel": 0.07474813386797904, "residual_mse": 0.00012567257890623297, "temporal_rel": 0.8843247026205063, "tke_rel": 0.48120308518409727}
TRAIN {"angle_aug_abs_deg": 0.0, "aoa_effective_shift_abs_deg_mean": 0.0, "aoa_meanfield_aug_fraction": 0.0, "aoa_meanfield_lambda_mean": 0.0, "delta_penalty": 3.6215252475813034e-05, "grad_rel": 0.4910727620124817, "iteration": 2580, "loss": 0.13591030910611152, "lr": 9.497556818202284e-05, "mse": 0.0001280764652619837, "p_zero": 0.0, "point_rel": 0.07324504069983959, "residual_mse": 0.0001280764652619837, "temporal_rel": 0.8873008489608765, "tke_rel": 0.47735008895397185}
TRAIN {"angle_aug_abs_deg": 0.0, "aoa_effective_shift_abs_deg_mean": 0.0, "aoa_meanfield_aug_fraction": 0.0, "aoa_meanfield_lambda_mean": 0.0, "delta_penalty": 3.437842997300322e-05, "grad_rel": 0.4855678930878639, "iteration": 2600, "loss": 0.1375883050262928, "lr": 9.372094804706847e-05, "mse": 0.00012104185352654895, "p_zero": 0.0, "point_rel": 0.07451500743627548, "residual_mse": 0.00012104185389034683, "temporal_rel": 0.8898681551218033, "tke_rel": 0.48427892178297044}
TRAIN {"angle_aug_abs_deg": 0.0, "aoa_effective_shift_abs_deg_mean": 0.0, "aoa_meanfield_aug_fraction": 0.0, "aoa_meanfield_lambda_mean": 0.0, "delta_penalty": 3.577454153855797e-05, "grad_rel": 0.4989713430404663, "iteration": 2620, "loss": 0.14209198616445065, "lr": 9.246731944720653e-05, "mse": 0.00014144602573651355, "p_zero": 0.0, "point_rel": 0.07848004065454006, "residual_mse": 0.00014144602573651355, "temporal_rel": 0.8881114423274994, "tke_rel": 0.49068139493465424}
TRAIN {"angle_aug_abs_deg": 0.0, "aoa_effective_shift_abs_deg_mean": 0.0, "aoa_meanfield_aug_fraction": 0.0, "aoa_meanfield_lambda_mean": 0.0, "delta_penalty": 3.5612100873549934e-05, "grad_rel": 0.49088302403688433, "iteration": 2640, "loss": 0.13890277445316315, "lr": 9.12148803449255e-05, "mse": 0.00013606854663521516, "p_zero": 0.0, "point_rel": 0.07594298608601094, "residual_mse": 0.00013606854554382153, "temporal_rel": 0.8854811280965805, "tke_rel": 0.48317632675170896}
TRAIN {"angle_aug_abs_deg": 0.0, "aoa_effective_shift_abs_deg_mean": 0.0, "aoa_meanfield_aug_fraction": 0.0, "aoa_meanfield_lambda_mean": 0.0, "delta_penalty": 3.4504411360103404e-05, "grad_rel": 0.49777363836765287, "iteration": 2660, "loss": 0.1392008662223816, "lr": 8.996382851487829e-05, "mse": 0.0001249208282388281, "p_zero": 0.0, "point_rel": 0.07598348967730999, "residual_mse": 0.00012492082860262598, "temporal_rel": 0.894735473394394, "tke_rel": 0.4811756893992424}
TRAIN {"angle_aug_abs_deg": 0.0, "aoa_effective_shift_abs_deg_mean": 0.0, "aoa_meanfield_aug_fraction": 0.0, "aoa_meanfield_lambda_mean": 0.0, "delta_penalty": 3.965730265917955e-05, "grad_rel": 0.4854115694761276, "iteration": 2680, "loss": 0.13683449290692806, "lr": 8.871436151265162e-05, "mse": 0.0001503173452874762, "p_zero": 0.0, "point_rel": 0.07473972328007221, "residual_mse": 0.0001503173456512741, "temporal_rel": 0.8778269261121749, "tke_rel": 0.4738816648721695}
TRAIN {"angle_aug_abs_deg": 0.0, "aoa_effective_shift_abs_deg_mean": 0.0, "aoa_meanfield_aug_fraction": 0.0, "aoa_meanfield_lambda_mean": 0.0, "delta_penalty": 3.354740674694767e-05, "grad_rel": 0.48355498611927034, "iteration": 2700, "loss": 0.13716476038098335, "lr": 8.746667664356935e-05, "mse": 0.00011997815363429254, "p_zero": 0.0, "point_rel": 0.07461417466402054, "residual_mse": 0.00011997815363429254, "temporal_rel": 0.8831948339939117, "tke_rel": 0.4794124573469162}
TRAIN {"angle_aug_abs_deg": 0.0, "aoa_effective_shift_abs_deg_mean": 0.0, "aoa_meanfield_aug_fraction": 0.0, "aoa_meanfield_lambda_mean": 0.0, "delta_penalty": 3.657232855402981e-05, "grad_rel": 0.49136713445186614, "iteration": 2720, "loss": 0.13931681402027607, "lr": 8.622097093153601e-05, "mse": 0.0001494527501563425, "p_zero": 0.0, "point_rel": 0.07674833983182908, "residual_mse": 0.0001494527501563425, "temporal_rel": 0.8863058835268021, "tke_rel": 0.4760537132620811}
TRAIN {"angle_aug_abs_deg": 0.0, "aoa_effective_shift_abs_deg_mean": 0.0, "aoa_meanfield_aug_fraction": 0.0, "aoa_meanfield_lambda_mean": 0.0, "delta_penalty": 3.588309982660576e-05, "grad_rel": 0.4909928753972054, "iteration": 2740, "loss": 0.14048526622354984, "lr": 8.497744108792413e-05, "mse": 0.00013758655713900226, "p_zero": 0.0, "point_rel": 0.0772326122969389, "residual_mse": 0.0001375865551381139, "temporal_rel": 0.8843274891376496, "tke_rel": 0.4885990545153618}
TRAIN {"angle_aug_abs_deg": 0.0, "aoa_effective_shift_abs_deg_mean": 0.0, "aoa_meanfield_aug_fraction": 0.0, "aoa_meanfield_lambda_mean": 0.0, "delta_penalty": 3.340088560435106e-05, "grad_rel": 0.48535380214452745, "iteration": 2760, "loss": 0.13638851158320903, "lr": 8.373628348051148e-05, "mse": 0.00011931809731322574, "p_zero": 0.0, "point_rel": 0.07371747083961963, "residual_mse": 0.00011931809876841726, "temporal_rel": 0.8863631248474121, "tke_rel": 0.4793896213173866}
TRAIN {"angle_aug_abs_deg": 0.0, "aoa_effective_shift_abs_deg_mean": 0.0, "aoa_meanfield_aug_fraction": 0.0, "aoa_meanfield_lambda_mean": 0.0, "delta_penalty": 3.4002065603999654e-05, "grad_rel": 0.48416376709938047, "iteration": 2780, "loss": 0.13583564832806588, "lr": 8.249769410247226e-05, "mse": 0.00012186411549919285, "p_zero": 0.0, "point_rel": 0.07276293635368347, "residual_mse": 0.00012186411513539496, "temporal_rel": 0.8876732528209687, "tke_rel": 0.48571367412805555}
TRAIN {"angle_aug_abs_deg": 0.0, "aoa_effective_shift_abs_deg_mean": 0.0, "aoa_meanfield_aug_fraction": 0.0, "aoa_meanfield_lambda_mean": 0.0, "delta_penalty": 3.549620350895566e-05, "grad_rel": 0.48327780365943906, "iteration": 2800, "loss": 0.13653150908648967, "lr": 8.126186854142741e-05, "mse": 0.0001307540926063666, "p_zero": 0.0, "point_rel": 0.07410497628152371, "residual_mse": 0.00013075409333396237, "temporal_rel": 0.8896013110876083, "tke_rel": 0.4741565644741058}
TRAIN {"angle_aug_abs_deg": 0.0, "aoa_effective_shift_abs_deg_mean": 0.0, "aoa_meanfield_aug_fraction": 0.0, "aoa_meanfield_lambda_mean": 0.0, "delta_penalty": 3.764168213820085e-05, "grad_rel": 0.4964103698730469, "iteration": 2820, "loss": 0.14170803353190423, "lr": 8.002900194855915e-05, "mse": 0.00014152508865663548, "p_zero": 0.0, "point_rel": 0.07811312191188335, "residual_mse": 0.0001415250882928376, "temporal_rel": 0.8883750796318054, "tke_rel": 0.4909049153327942}
TRAIN {"angle_aug_abs_deg": 0.0, "aoa_effective_shift_abs_deg_mean": 0.0, "aoa_meanfield_aug_fraction": 0.0, "aoa_meanfield_lambda_mean": 0.0, "delta_penalty": 3.556566853148979e-05, "grad_rel": 0.4970053568482399, "iteration": 2840, "loss": 0.13998325988650323, "lr": 7.87992890077944e-05, "mse": 0.0001333525993686635, "p_zero": 0.0, "point_rel": 0.07599084209650755, "residual_mse": 0.00013335259864106775, "temporal_rel": 0.8966025680303573, "tke_rel": 0.4933090701699257}
TRAIN {"angle_aug_abs_deg": 0.0, "aoa_effective_shift_abs_deg_mean": 0.0, "aoa_meanfield_aug_fraction": 0.0, "aoa_meanfield_lambda_mean": 0.0, "delta_penalty": 3.620667066570604e-05, "grad_rel": 0.494864122569561, "iteration": 2860, "loss": 0.14009371027350426, "lr": 7.757292390506173e-05, "mse": 0.00013606985739897937, "p_zero": 0.0, "point_rel": 0.07643921189010143, "residual_mse": 0.00013606985703518149, "temporal_rel": 0.8869327038526535, "tke_rel": 0.4930335104465485}
TRAIN {"angle_aug_abs_deg": 0.0, "aoa_effective_shift_abs_deg_mean": 0.0, "aoa_meanfield_aug_fraction": 0.0, "aoa_meanfield_lambda_mean": 0.0, "delta_penalty": 4.007337674920564e-05, "grad_rel": 0.4957927778363228, "iteration": 2880, "loss": 0.14139855951070784, "lr": 7.635010029762737e-05, "mse": 0.00015490764817513992, "p_zero": 0.0, "point_rel": 0.07828497737646103, "residual_mse": 0.00015490764708374626, "temporal_rel": 0.8855190604925156, "tke_rel": 0.4843974933028221}
TRAIN {"angle_aug_abs_deg": 0.0, "aoa_effective_shift_abs_deg_mean": 0.0, "aoa_meanfield_aug_fraction": 0.0, "aoa_meanfield_lambda_mean": 0.0, "delta_penalty": 3.858963091261103e-05, "grad_rel": 0.4931702300906181, "iteration": 2900, "loss": 0.14024912044405938, "lr": 7.51310112835144e-05, "mse": 0.0001529834084067261, "p_zero": 0.0, "point_rel": 0.07783065885305404, "residual_mse": 0.00015298340877052398, "temporal_rel": 0.8798390209674836, "tke_rel": 0.47631784379482267}
TRAIN {"angle_aug_abs_deg": 0.0, "aoa_effective_shift_abs_deg_mean": 0.0, "aoa_meanfield_aug_fraction": 0.0, "aoa_meanfield_lambda_mean": 0.0, "delta_penalty": 3.2893403295020106e-05, "grad_rel": 0.4891269221901894, "iteration": 2920, "loss": 0.1366894081234932, "lr": 7.391584937101016e-05, "mse": 0.00010902817239184514, "p_zero": 0.0, "point_rel": 0.07379184756428003, "residual_mse": 0.00010902817075475468, "temporal_rel": 0.8892118513584137, "tke_rel": 0.48084895610809325}
TRAIN {"angle_aug_abs_deg": 0.0, "aoa_effective_shift_abs_deg_mean": 0.0, "aoa_meanfield_aug_fraction": 0.0, "aoa_meanfield_lambda_mean": 0.0, "delta_penalty": 3.659243793663336e-05, "grad_rel": 0.494150872528553, "iteration": 2940, "loss": 0.13965004682540894, "lr": 7.270480644826734e-05, "mse": 0.0001414737967934343, "p_zero": 0.0, "point_rel": 0.07714679688215256, "residual_mse": 0.0001414737967934343, "temporal_rel": 0.8787625223398209, "tke_rel": 0.4780822440981865}
TRAIN {"angle_aug_abs_deg": 0.0, "aoa_effective_shift_abs_deg_mean": 0.0, "aoa_meanfield_aug_fraction": 0.0, "aoa_meanfield_lambda_mean": 0.0, "delta_penalty": 3.739903322639293e-05, "grad_rel": 0.4864084854722023, "iteration": 2960, "loss": 0.13681915067136288, "lr": 7.149807375300225e-05, "mse": 0.00013352596670301864, "p_zero": 0.0, "point_rel": 0.07542130686342716, "residual_mse": 0.00013352596615732182, "temporal_rel": 0.8804465144872665, "tke_rel": 0.46079194396734235}
TRAIN {"angle_aug_abs_deg": 0.0, "aoa_effective_shift_abs_deg_mean": 0.0, "aoa_meanfield_aug_fraction": 0.0, "aoa_meanfield_lambda_mean": 0.0, "delta_penalty": 3.8171254436747405e-05, "grad_rel": 0.4943091556429863, "iteration": 2980, "loss": 0.1428024671971798, "lr": 7.029584184229632e-05, "mse": 0.00015329554880736396, "p_zero": 0.0, "point_rel": 0.07948936782777309, "residual_mse": 0.0001532955495349597, "temporal_rel": 0.8797639042139054, "tke_rel": 0.49097992181777955}
TRAIN {"angle_aug_abs_deg": 0.0, "aoa_effective_shift_abs_deg_mean": 0.0, "aoa_meanfield_aug_fraction": 0.0, "aoa_meanfield_lambda_mean": 0.0, "delta_penalty": 3.830183577520074e-05, "grad_rel": 0.500051173567772, "iteration": 3000, "loss": 0.14198412485420703, "lr": 6.909830056250507e-05, "mse": 0.00013412767420959427, "p_zero": 0.0, "point_rel": 0.0795962255448103, "residual_mse": 0.00013412767275440275, "temporal_rel": 0.8871606290340424, "tke_rel": 0.47052185982465744}
EVAL_TOP {"alpha": 1.0, "best_bound_abs": 0.0075, "best_bound_rel": 0.0075, "best_bounds": [{"abs": 0.0075, "coverage": 0.8331290245056152, "final_est": 81.64722025079539, "rel": 0.0075, "sps_raw": 0.48129232752323153, "sps_score_linear": 48.129232752323155, "sps_score_used": 48.129232752323155}], "best_final_est": 81.64722025079539, "iteration": 3000, "mean_t_neural_s": 0.01762683533, "mvpe": 0.07306478582322598, "mvpe_score": 96.47551845350499, "n": 640, "rel_l2": 0.08139040544629098, "rel_l2_score": 96.089613691246, "time_score": 86.54248999999716, "tke": 0.4691587761044502, "tke_score": 80.99924635690564}
TRAIN {"angle_aug_abs_deg": 0.0, "aoa_effective_shift_abs_deg_mean": 0.0, "aoa_meanfield_aug_fraction": 0.0, "aoa_meanfield_lambda_mean": 0.0, "delta_penalty": 3.5557066621549896e-05, "grad_rel": 0.49502429366111755, "iteration": 3020, "loss": 0.14100460447371005, "lr": 6.790563901927888e-05, "mse": 0.00014374659040186088, "p_zero": 0.0, "point_rel": 0.07754160296171904, "residual_mse": 0.000143746590038063, "temporal_rel": 0.8908571273088455, "tke_rel": 0.4878015205264091}
TRAIN {"angle_aug_abs_deg": 0.0, "aoa_effective_shift_abs_deg_mean": 0.0, "aoa_meanfield_aug_fraction": 0.0, "aoa_meanfield_lambda_mean": 0.0, "delta_penalty": 3.521252365317196e-05, "grad_rel": 0.49097916930913926, "iteration": 3040, "loss": 0.13940125852823257, "lr": 6.671804554770114e-05, "mse": 0.00012210482218506514, "p_zero": 0.0, "point_rel": 0.07655348479747773, "residual_mse": 0.00012210482182126726, "temporal_rel": 0.8862762242555619, "tke_rel": 0.48095774054527285}
TRAIN {"angle_aug_abs_deg": 0.0, "aoa_effective_shift_abs_deg_mean": 0.0, "aoa_meanfield_aug_fraction": 0.0, "aoa_meanfield_lambda_mean": 0.0, "delta_penalty": 3.490497101665824e-05, "grad_rel": 0.49285181760787966, "iteration": 3060, "loss": 0.13939416408538818, "lr": 6.553570768254812e-05, "mse": 0.00013007113193452824, "p_zero": 0.0, "point_rel": 0.07603842262178659, "residual_mse": 0.000130071132662124, "temporal_rel": 0.8884319543838501, "tke_rel": 0.4878381311893463}
TRAIN {"angle_aug_abs_deg": 0.0, "aoa_effective_shift_abs_deg_mean": 0.0, "aoa_meanfield_aug_fraction": 0.0, "aoa_meanfield_lambda_mean": 0.0, "delta_penalty": 3.472566240816377e-05, "grad_rel": 0.4778121650218964, "iteration": 3080, "loss": 0.13277689255774022, "lr": 6.435881212867474e-05, "mse": 0.00011663998529911623, "p_zero": 0.0, "point_rel": 0.07087991163134574, "residual_mse": 0.00011663998566291411, "temporal_rel": 0.884401160478592, "tke_rel": 0.4693680122494698}
TRAIN {"angle_aug_abs_deg": 0.0, "aoa_effective_shift_abs_deg_mean": 0.0, "aoa_meanfield_aug_fraction": 0.0, "aoa_meanfield_lambda_mean": 0.0, "delta_penalty": 3.15105338813737e-05, "grad_rel": 0.49291285276412966, "iteration": 3100, "loss": 0.13837253004312516, "lr": 6.318754473153203e-05, "mse": 0.00011300366459181533, "p_zero": 0.0, "point_rel": 0.07596156913787126, "residual_mse": 0.00011300366459181533, "temporal_rel": 0.8894488036632537, "tke_rel": 0.47165454775094984}
TRAIN {"angle_aug_abs_deg": 0.0, "aoa_effective_shift_abs_deg_mean": 0.0, "aoa_meanfield_aug_fraction": 0.0, "aoa_meanfield_lambda_mean": 0.0, "delta_penalty": 3.470877554718754e-05, "grad_rel": 0.495962330698967, "iteration": 3120, "loss": 0.14018938206136228, "lr": 6.202209044781972e-05, "mse": 0.00011581408871279564, "p_zero": 0.0, "point_rel": 0.0766319215297699, "residual_mse": 0.00011581408871279564, "temporal_rel": 0.8870127737522125, "tke_rel": 0.4912033677101135}
TRAIN {"angle_aug_abs_deg": 0.0, "aoa_effective_shift_abs_deg_mean": 0.0, "aoa_meanfield_aug_fraction": 0.0, "aoa_meanfield_lambda_mean": 0.0, "delta_penalty": 3.595677826524479e-05, "grad_rel": 0.48716265708208084, "iteration": 3140, "loss": 0.13772275820374488, "lr": 6.0862633316279595e-05, "mse": 0.00012900642195745604, "p_zero": 0.0, "point_rel": 0.074441291205585, "residual_mse": 0.00012900642195745604, "temporal_rel": 0.8871109634637833, "tke_rel": 0.4886880412697792}
TRAIN {"angle_aug_abs_deg": 0.0, "aoa_effective_shift_abs_deg_mean": 0.0, "aoa_meanfield_aug_fraction": 0.0, "aoa_meanfield_lambda_mean": 0.0, "delta_penalty": 3.600769623517408e-05, "grad_rel": 0.4948797315359116, "iteration": 3160, "loss": 0.13930886015295982, "lr": 5.970935642863359e-05, "mse": 0.00013218303538451437, "p_zero": 0.0, "point_rel": 0.07660628613084555, "residual_mse": 0.00013218303793109952, "temporal_rel": 0.8813273012638092, "tke_rel": 0.479986409842968}
TRAIN {"angle_aug_abs_deg": 0.0, "aoa_effective_shift_abs_deg_mean": 0.0, "aoa_meanfield_aug_fraction": 0.0, "aoa_meanfield_lambda_mean": 0.0, "delta_penalty": 3.43528170560603e-05, "grad_rel": 0.49933722615242004, "iteration": 3180, "loss": 0.13902272060513496, "lr": 5.856244190067147e-05, "mse": 0.00012285273132874863, "p_zero": 0.0, "point_rel": 0.07574841193854809, "residual_mse": 0.00012285273060115288, "temporal_rel": 0.8900861740112305, "tke_rel": 0.4840687245130539}
TRAIN {"angle_aug_abs_deg": 0.0, "aoa_effective_shift_abs_deg_mean": 0.0, "aoa_meanfield_aug_fraction": 0.0, "aoa_meanfield_lambda_mean": 0.0, "delta_penalty": 3.278217718616361e-05, "grad_rel": 0.48606024831533434, "iteration": 3200, "loss": 0.13608277216553688, "lr": 5.742207084349259e-05, "mse": 0.00011868065812450367, "p_zero": 0.0, "point_rel": 0.07303299773484469, "residual_mse": 0.00011868065812450367, "temporal_rel": 0.8936599165201187, "tke_rel": 0.481880259513855}
TRAIN {"angle_aug_abs_deg": 0.0, "aoa_effective_shift_abs_deg_mean": 0.0, "aoa_meanfield_aug_fraction": 0.0, "aoa_meanfield_lambda_mean": 0.0, "delta_penalty": 3.5099925480608365e-05, "grad_rel": 0.4876746341586113, "iteration": 3220, "loss": 0.1377815820276737, "lr": 5.628842333490659e-05, "mse": 0.00013329675457498524, "p_zero": 0.0, "point_rel": 0.07398644927889109, "residual_mse": 0.00013329675275599583, "temporal_rel": 0.8940151125192642, "tke_rel": 0.4936478316783905}
TRAIN {"angle_aug_abs_deg": 0.0, "aoa_effective_shift_abs_deg_mean": 0.0, "aoa_meanfield_aug_fraction": 0.0, "aoa_meanfield_lambda_mean": 0.0, "delta_penalty": 3.166511669405736e-05, "grad_rel": 0.47661880403757095, "iteration": 3240, "loss": 0.13285049349069594, "lr": 5.5161678390996647e-05, "mse": 0.00010263261519867228, "p_zero": 0.0, "point_rel": 0.07123360224068165, "residual_mse": 0.00010263261556247017, "temporal_rel": 0.877212968468666, "tke_rel": 0.4686633303761482}
TRAIN {"angle_aug_abs_deg": 0.0, "aoa_effective_shift_abs_deg_mean": 0.0, "aoa_meanfield_aug_fraction": 0.0, "aoa_meanfield_lambda_mean": 0.0, "delta_penalty": 3.4396790124446855e-05, "grad_rel": 0.4864777594804764, "iteration": 3260, "loss": 0.13660891503095626, "lr": 5.404201393785108e-05, "mse": 0.00012226416874909772, "p_zero": 0.0, "point_rel": 0.0740818778052926, "residual_mse": 0.0001222641676577041, "temporal_rel": 0.891410481929779, "tke_rel": 0.4741698369383812}
TRAIN {"angle_aug_abs_deg": 0.0, "aoa_effective_shift_abs_deg_mean": 0.0, "aoa_meanfield_aug_fraction": 0.0, "aoa_meanfield_lambda_mean": 0.0, "delta_penalty": 3.730348307726672e-05, "grad_rel": 0.4992109999060631, "iteration": 3280, "loss": 0.1427551381289959, "lr": 5.292960678346662e-05, "mse": 0.00014712355277879396, "p_zero": 0.0, "point_rel": 0.07907317951321602, "residual_mse": 0.0001471235502322088, "temporal_rel": 0.8955823004245758, "tke_rel": 0.4880240634083748}
TRAIN {"angle_aug_abs_deg": 0.0, "aoa_effective_shift_abs_deg_mean": 0.0, "aoa_meanfield_aug_fraction": 0.0, "aoa_meanfield_lambda_mean": 0.0, "delta_penalty": 3.426015637160162e-05, "grad_rel": 0.49631096720695494, "iteration": 3300, "loss": 0.13920599445700646, "lr": 5.182463258982831e-05, "mse": 0.00013539387546188664, "p_zero": 0.0, "point_rel": 0.0760442478582263, "residual_mse": 0.00013539387400669512, "temporal_rel": 0.8891144692897797, "tke_rel": 0.4833724692463875}
TRAIN {"angle_aug_abs_deg": 0.0, "aoa_effective_shift_abs_deg_mean": 0.0, "aoa_meanfield_aug_fraction": 0.0, "aoa_meanfield_lambda_mean": 0.0, "delta_penalty": 3.4137265174649656e-05, "grad_rel": 0.490475969016552, "iteration": 3320, "loss": 0.13881597556173803, "lr": 5.0727265845170704e-05, "mse": 0.00011557316502148751, "p_zero": 0.0, "point_rel": 0.07560465037822724, "residual_mse": 0.00011557316283870023, "temporal_rel": 0.8886533915996552, "tke_rel": 0.4859871879220009}
TRAIN {"angle_aug_abs_deg": 0.0, "aoa_effective_shift_abs_deg_mean": 0.0, "aoa_meanfield_aug_fraction": 0.0, "aoa_meanfield_lambda_mean": 0.0, "delta_penalty": 3.404336739549762e-05, "grad_rel": 0.4933911547064781, "iteration": 3340, "loss": 0.14003059901297094, "lr": 4.963767983642376e-05, "mse": 0.00012628234762814827, "p_zero": 0.0, "point_rel": 0.0766654372215271, "residual_mse": 0.00012628234762814827, "temporal_rel": 0.8958458781242371, "tke_rel": 0.4841725453734398}
TRAIN {"angle_aug_abs_deg": 0.0, "aoa_effective_shift_abs_deg_mean": 0.0, "aoa_meanfield_aug_fraction": 0.0, "aoa_meanfield_lambda_mean": 0.0, "delta_penalty": 3.970421703343163e-05, "grad_rel": 0.49303356260061265, "iteration": 3360, "loss": 0.14211068712174893, "lr": 4.855604662184921e-05, "mse": 0.00015811551584192783, "p_zero": 0.0, "point_rel": 0.07803006321191788, "residual_mse": 0.00015811551584192783, "temporal_rel": 0.8874680876731873, "tke_rel": 0.5002142176032066}
TRAIN {"angle_aug_abs_deg": 0.0, "aoa_effective_shift_abs_deg_mean": 0.0, "aoa_meanfield_aug_fraction": 0.0, "aoa_meanfield_lambda_mean": 0.0, "delta_penalty": 3.506951388771995e-05, "grad_rel": 0.48818657398223875, "iteration": 3380, "loss": 0.1370316006243229, "lr": 4.748253700387031e-05, "mse": 0.00012481700687203557, "p_zero": 0.0, "point_rel": 0.07402811106294394, "residual_mse": 0.00012481700632633875, "temporal_rel": 0.8920761615037918, "tke_rel": 0.48133765161037445}
TRAIN {"angle_aug_abs_deg": 0.0, "aoa_effective_shift_abs_deg_mean": 0.0, "aoa_meanfield_aug_fraction": 0.0, "aoa_meanfield_lambda_mean": 0.0, "delta_penalty": 3.68266391888028e-05, "grad_rel": 0.48614207804203036, "iteration": 3400, "loss": 0.1350319441407919, "lr": 4.64173205021002e-05, "mse": 0.00013002402301935944, "p_zero": 0.0, "point_rel": 0.07257724348455667, "residual_mse": 0.0001300240232012584, "temporal_rel": 0.8856495708227158, "tke_rel": 0.4758889749646187}
TRAIN {"angle_aug_abs_deg": 0.0, "aoa_effective_shift_abs_deg_mean": 0.0, "aoa_meanfield_aug_fraction": 0.0, "aoa_meanfield_lambda_mean": 0.0, "delta_penalty": 3.809367217399995e-05, "grad_rel": 0.4947732165455818, "iteration": 3420, "loss": 0.13987196534872054, "lr": 4.536056532657295e-05, "mse": 0.00013838909908372443, "p_zero": 0.0, "point_rel": 0.07699704505503177, "residual_mse": 0.00013838910053891594, "temporal_rel": 0.8853147178888321, "tke_rel": 0.48086003959178925}
TRAIN {"angle_aug_abs_deg": 0.0, "aoa_effective_shift_abs_deg_mean": 0.0, "aoa_meanfield_aug_fraction": 0.0, "aoa_meanfield_lambda_mean": 0.0, "delta_penalty": 3.911788871846511e-05, "grad_rel": 0.4988971337676048, "iteration": 3440, "loss": 0.14350840598344802, "lr": 4.431243835118104e-05, "mse": 0.00014850667030259502, "p_zero": 0.0, "point_rel": 0.08030954003334045, "residual_mse": 0.00014850667321297806, "temporal_rel": 0.8758228540420532, "tke_rel": 0.48992314636707307}
TRAIN {"angle_aug_abs_deg": 0.0, "aoa_effective_shift_abs_deg_mean": 0.0, "aoa_meanfield_aug_fraction": 0.0, "aoa_meanfield_lambda_mean": 0.0, "delta_penalty": 3.7151902324694676e-05, "grad_rel": 0.49301939755678176, "iteration": 3460, "loss": 0.13782397508621216, "lr": 4.3273105087324195e-05, "mse": 0.0001357348999590613, "p_zero": 0.0, "point_rel": 0.07427567411214113, "residual_mse": 0.00013573489668488036, "temporal_rel": 0.8954766005277633, "tke_rel": 0.4874541461467743}
TRAIN {"angle_aug_abs_deg": 0.0, "aoa_effective_shift_abs_deg_mean": 0.0, "aoa_meanfield_aug_fraction": 0.0, "aoa_meanfield_lambda_mean": 0.0, "delta_penalty": 3.366056644154014e-05, "grad_rel": 0.48775784075260165, "iteration": 3480, "loss": 0.13707719855010508, "lr": 4.2242729657773126e-05, "mse": 0.00011563110656425124, "p_zero": 0.0, "point_rel": 0.07391210459172726, "residual_mse": 0.00011563110710994806, "temporal_rel": 0.8944742977619171, "tke_rel": 0.48298562318086624}
TRAIN {"angle_aug_abs_deg": 0.0, "aoa_effective_shift_abs_deg_mean": 0.0, "aoa_meanfield_aug_fraction": 0.0, "aoa_meanfield_lambda_mean": 0.0, "delta_penalty": 3.54481801878137e-05, "grad_rel": 0.4908887594938278, "iteration": 3500, "loss": 0.13773176074028015, "lr": 4.122147477075256e-05, "mse": 0.00011757263218896697, "p_zero": 0.0, "point_rel": 0.07551473118364811, "residual_mse": 0.00011757263146137121, "temporal_rel": 0.8826107650995254, "tke_rel": 0.47232323586940766}
TRAIN {"angle_aug_abs_deg": 0.0, "aoa_effective_shift_abs_deg_mean": 0.0, "aoa_meanfield_aug_fraction": 0.0, "aoa_meanfield_lambda_mean": 0.0, "delta_penalty": 3.2787333384476367e-05, "grad_rel": 0.47835558503866193, "iteration": 3520, "loss": 0.1343811195343733, "lr": 4.020950169424797e-05, "mse": 0.00010478088552190457, "p_zero": 0.0, "point_rel": 0.07131270151585341, "residual_mse": 0.00010478088552190457, "temporal_rel": 0.8875541925430298, "tke_rel": 0.4872395068407059}
TRAIN {"angle_aug_abs_deg": 0.0, "aoa_effective_shift_abs_deg_mean": 0.0, "aoa_meanfield_aug_fraction": 0.0, "aoa_meanfield_lambda_mean": 0.0, "delta_penalty": 3.849892354992335e-05, "grad_rel": 0.4784865498542786, "iteration": 3540, "loss": 0.13658678084611892, "lr": 3.9206970230539346e-05, "mse": 0.000147500220737129, "p_zero": 0.0, "point_rel": 0.07375026401132345, "residual_mse": 0.000147500220737129, "temporal_rel": 0.8847284406423569, "tke_rel": 0.4845391348004341}
TRAIN {"angle_aug_abs_deg": 0.0, "aoa_effective_shift_abs_deg_mean": 0.0, "aoa_meanfield_aug_fraction": 0.0, "aoa_meanfield_lambda_mean": 0.0, "delta_penalty": 3.911953199349227e-05, "grad_rel": 0.49234619587659834, "iteration": 3560, "loss": 0.14044104032218457, "lr": 3.821403869096648e-05, "mse": 0.0001491021230322076, "p_zero": 0.0, "point_rel": 0.07768680267035961, "residual_mse": 0.00014910212012182457, "temporal_rel": 0.874677661061287, "tke_rel": 0.4847200274467468}
TRAIN {"angle_aug_abs_deg": 0.0, "aoa_effective_shift_abs_deg_mean": 0.0, "aoa_meanfield_aug_fraction": 0.0, "aoa_meanfield_lambda_mean": 0.0, "delta_penalty": 3.530964440869866e-05, "grad_rel": 0.4974023327231407, "iteration": 3580, "loss": 0.13907030709087848, "lr": 3.7230863870929856e-05, "mse": 0.00011734814470401033, "p_zero": 0.0, "point_rel": 0.0766879377886653, "residual_mse": 0.00011734814615920186, "temporal_rel": 0.8828135460615159, "tke_rel": 0.47335037738084795}
TRAIN {"angle_aug_abs_deg": 0.0, "aoa_effective_shift_abs_deg_mean": 0.0, "aoa_meanfield_aug_fraction": 0.0, "aoa_meanfield_lambda_mean": 0.0, "delta_penalty": 3.2243432633549675e-05, "grad_rel": 0.4868069887161255, "iteration": 3600, "loss": 0.13667825609445572, "lr": 3.625760102513091e-05, "mse": 0.00011223490528209368, "p_zero": 0.0, "point_rel": 0.07466163225471974, "residual_mse": 0.00011223490510019474, "temporal_rel": 0.8758858412504196, "tke_rel": 0.4733938738703728}
TRAIN {"angle_aug_abs_deg": 0.0, "aoa_effective_shift_abs_deg_mean": 0.0, "aoa_meanfield_aug_fraction": 0.0, "aoa_meanfield_lambda_mean": 0.0, "delta_penalty": 3.490291846901528e-05, "grad_rel": 0.4996094524860382, "iteration": 3620, "loss": 0.14038415625691414, "lr": 3.5294403843055484e-05, "mse": 0.00013625297724502162, "p_zero": 0.0, "point_rel": 0.07749427482485771, "residual_mse": 0.00013625297833641525, "temporal_rel": 0.8823723495006561, "tke_rel": 0.481383290886879}
TRAIN {"angle_aug_abs_deg": 0.0, "aoa_effective_shift_abs_deg_mean": 0.0, "aoa_meanfield_aug_fraction": 0.0, "aoa_meanfield_lambda_mean": 0.0, "delta_penalty": 3.845873625323293e-05, "grad_rel": 0.4997956812381744, "iteration": 3640, "loss": 0.1450312204658985, "lr": 3.434142442470426e-05, "mse": 0.00014415457171708114, "p_zero": 0.0, "point_rel": 0.08085609972476959, "residual_mse": 0.0001441545702618896, "temporal_rel": 0.8911481708288193, "tke_rel": 0.4983286991715431}
TRAIN {"angle_aug_abs_deg": 0.0, "aoa_effective_shift_abs_deg_mean": 0.0, "aoa_meanfield_aug_fraction": 0.0, "aoa_meanfield_lambda_mean": 0.0, "delta_penalty": 3.5917165860155364e-05, "grad_rel": 0.48819828033447266, "iteration": 3660, "loss": 0.13757253661751748, "lr": 3.3398813256574715e-05, "mse": 0.00014075719573156676, "p_zero": 0.0, "point_rel": 0.07458578683435917, "residual_mse": 0.00014075719245738584, "temporal_rel": 0.8892017334699631, "tke_rel": 0.48241291791200636}
TRAIN {"angle_aug_abs_deg": 0.0, "aoa_effective_shift_abs_deg_mean": 0.0, "aoa_meanfield_aug_fraction": 0.0, "aoa_meanfield_lambda_mean": 0.0, "delta_penalty": 3.258350398027687e-05, "grad_rel": 0.49131537824869154, "iteration": 3680, "loss": 0.138064643740654, "lr": 3.246671918789742e-05, "mse": 0.0001105091596400598, "p_zero": 0.0, "point_rel": 0.0746064955368638, "residual_mse": 0.0001105091618228471, "temporal_rel": 0.8951364517211914, "tke_rel": 0.48667534440755844}
TRAIN {"angle_aug_abs_deg": 0.0, "aoa_effective_shift_abs_deg_mean": 0.0, "aoa_meanfield_aug_fraction": 0.0, "aoa_meanfield_lambda_mean": 0.0, "delta_penalty": 3.486605019134004e-05, "grad_rel": 0.4858379691839218, "iteration": 3700, "loss": 0.1349177945405245, "lr": 3.154528940713098e-05, "mse": 0.0001243349212927569, "p_zero": 0.0, "point_rel": 0.07273750845342875, "residual_mse": 0.00012433491910996964, "temporal_rel": 0.8785912930965424, "tke_rel": 0.47494971603155134}
TRAIN {"angle_aug_abs_deg": 0.0, "aoa_effective_shift_abs_deg_mean": 0.0, "aoa_meanfield_aug_fraction": 0.0, "aoa_meanfield_lambda_mean": 0.0, "delta_penalty": 3.54775525011064e-05, "grad_rel": 0.48387916684150695, "iteration": 3720, "loss": 0.13678981475532054, "lr": 3.0634669418719376e-05, "mse": 0.00012164629079052247, "p_zero": 0.0, "point_rel": 0.07401040680706501, "residual_mse": 0.00012164629133621929, "temporal_rel": 0.8833366334438324, "tke_rel": 0.48306530714035034}
TRAIN {"angle_aug_abs_deg": 0.0, "aoa_effective_shift_abs_deg_mean": 0.0, "aoa_meanfield_aug_fraction": 0.0, "aoa_meanfield_lambda_mean": 0.0, "delta_penalty": 3.604949015425518e-05, "grad_rel": 0.49086247086524964, "iteration": 3740, "loss": 0.1419859804213047, "lr": 2.9735003020114953e-05, "mse": 0.00012900678575533675, "p_zero": 0.0, "point_rel": 0.07738933581858873, "residual_mse": 0.00012900678721052827, "temporal_rel": 0.8957311809062958, "tke_rel": 0.5053724959492684}
TRAIN {"angle_aug_abs_deg": 0.0, "aoa_effective_shift_abs_deg_mean": 0.0, "aoa_meanfield_aug_fraction": 0.0, "aoa_meanfield_lambda_mean": 0.0, "delta_penalty": 3.539348344929749e-05, "grad_rel": 0.4840324595570564, "iteration": 3760, "loss": 0.13635316900908948, "lr": 2.8846432279071335e-05, "mse": 0.00012192643207526998, "p_zero": 0.0, "point_rel": 0.07364960331469775, "residual_mse": 0.00012192643098387634, "temporal_rel": 0.8889305323362351, "tke_rel": 0.4789646103978157}
TRAIN {"angle_aug_abs_deg": 0.0, "aoa_effective_shift_abs_deg_mean": 0.0, "aoa_meanfield_aug_fraction": 0.0, "aoa_meanfield_lambda_mean": 0.0, "delta_penalty": 3.5510001816874136e-05, "grad_rel": 0.48954439014196394, "iteration": 3780, "loss": 0.13866097070276737, "lr": 2.7969097511209217e-05, "mse": 0.00012225660793774296, "p_zero": 0.0, "point_rel": 0.07492725308984519, "residual_mse": 0.00012225660821059138, "temporal_rel": 0.8942244678735733, "tke_rel": 0.4921072214841843}
TRAIN {"angle_aug_abs_deg": 0.0, "aoa_effective_shift_abs_deg_mean": 0.0, "aoa_meanfield_aug_fraction": 0.0, "aoa_meanfield_lambda_mean": 0.0, "delta_penalty": 3.547365859049023e-05, "grad_rel": 0.48549419492483137, "iteration": 3800, "loss": 0.13727466762065887, "lr": 2.710313725785872e-05, "mse": 0.00013552474210882793, "p_zero": 0.0, "point_rel": 0.07468856927007436, "residual_mse": 0.00013552474283642368, "temporal_rel": 0.8847260504961014, "tke_rel": 0.47867555916309357}
TRAIN {"angle_aug_abs_deg": 0.0, "aoa_effective_shift_abs_deg_mean": 0.0, "aoa_meanfield_aug_fraction": 0.0, "aoa_meanfield_lambda_mean": 0.0, "delta_penalty": 3.4282413798791823e-05, "grad_rel": 0.4837945505976677, "iteration": 3820, "loss": 0.13699565082788467, "lr": 2.624868826418251e-05, "mse": 0.00011831440460809972, "p_zero": 0.0, "point_rel": 0.07362732291221619, "residual_mse": 0.00011831440460809972, "temporal_rel": 0.8864115208387375, "tke_rel": 0.4913814440369606}
TRAIN {"angle_aug_abs_deg": 0.0, "aoa_effective_shift_abs_deg_mean": 0.0, "aoa_meanfield_aug_fraction": 0.0, "aoa_meanfield_lambda_mean": 0.0, "delta_penalty": 4.0757531496637964e-05, "grad_rel": 0.5072270199656487, "iteration": 3840, "loss": 0.14518775865435601, "lr": 2.5405885457581688e-05, "mse": 0.00015095567541720812, "p_zero": 0.0, "point_rel": 0.08106074668467045, "residual_mse": 0.00015095567541720812, "temporal_rel": 0.8888514846563339, "tke_rel": 0.4967827066779137}
TRAIN {"angle_aug_abs_deg": 0.0, "aoa_effective_shift_abs_deg_mean": 0.0, "aoa_meanfield_aug_fraction": 0.0, "aoa_meanfield_lambda_mean": 0.0, "delta_penalty": 3.686691588882241e-05, "grad_rel": 0.4806496694684029, "iteration": 3860, "loss": 0.13743976540863515, "lr": 2.457486192638951e-05, "mse": 0.0001333587102635647, "p_zero": 0.0, "point_rel": 0.07395755108445883, "residual_mse": 0.0001333587102635647, "temporal_rel": 0.8902276873588562, "tke_rel": 0.49208161532878875}
TRAIN {"angle_aug_abs_deg": 0.0, "aoa_effective_shift_abs_deg_mean": 0.0, "aoa_meanfield_aug_fraction": 0.0, "aoa_meanfield_lambda_mean": 0.0, "delta_penalty": 4.0075258857541486e-05, "grad_rel": 0.49031585156917573, "iteration": 3880, "loss": 0.13757229186594486, "lr": 2.375574889885514e-05, "mse": 0.00014133784461591858, "p_zero": 0.0, "point_rel": 0.07526686489582061, "residual_mse": 0.00014133784716250375, "temporal_rel": 0.8825269877910614, "tke_rel": 0.47386131435632706}
TRAIN {"angle_aug_abs_deg": 0.0, "aoa_effective_shift_abs_deg_mean": 0.0, "aoa_meanfield_aug_fraction": 0.0, "aoa_meanfield_lambda_mean": 0.0, "delta_penalty": 3.878372381223016e-05, "grad_rel": 0.4888969674706459, "iteration": 3900, "loss": 0.13854348435997962, "lr": 2.294867572242097e-05, "mse": 0.00013570588234870228, "p_zero": 0.0, "point_rel": 0.07512445710599422, "residual_mse": 0.00013570587943831925, "temporal_rel": 0.8895103245973587, "tke_rel": 0.4893129602074623}
TRAIN {"angle_aug_abs_deg": 0.0, "aoa_effective_shift_abs_deg_mean": 0.0, "aoa_meanfield_aug_fraction": 0.0, "aoa_meanfield_lambda_mean": 0.0, "delta_penalty": 3.432391649766941e-05, "grad_rel": 0.4888505280017853, "iteration": 3920, "loss": 0.1364259622991085, "lr": 2.2153769843297583e-05, "mse": 0.0001201151562781888, "p_zero": 0.0, "point_rel": 0.07431685850024224, "residual_mse": 0.00012011515664198669, "temporal_rel": 0.88392333984375, "tke_rel": 0.47036539763212204}
TRAIN {"angle_aug_abs_deg": 0.0, "aoa_effective_shift_abs_deg_mean": 0.0, "aoa_meanfield_aug_fraction": 0.0, "aoa_meanfield_lambda_mean": 0.0, "delta_penalty": 3.3587922825972785e-05, "grad_rel": 0.4836063340306282, "iteration": 3940, "loss": 0.13441672772169114, "lr": 2.1371156786338062e-05, "mse": 0.00010984242926497245, "p_zero": 0.0, "point_rel": 0.07195022217929363, "residual_mse": 0.00010984242926497245, "temporal_rel": 0.8871781051158905, "tke_rel": 0.4760573983192444}
TRAIN {"angle_aug_abs_deg": 0.0, "aoa_effective_shift_abs_deg_mean": 0.0, "aoa_meanfield_aug_fraction": 0.0, "aoa_meanfield_lambda_mean": 0.0, "delta_penalty": 3.65118401532527e-05, "grad_rel": 0.48743016719818116, "iteration": 3960, "loss": 0.1370715346187353, "lr": 2.060096013521638e-05, "mse": 0.000122279303468531, "p_zero": 0.0, "point_rel": 0.07449098769575357, "residual_mse": 0.00012227930383232888, "temporal_rel": 0.8908195316791534, "tke_rel": 0.4751182347536087}
TRAIN {"angle_aug_abs_deg": 0.0, "aoa_effective_shift_abs_deg_mean": 0.0, "aoa_meanfield_aug_fraction": 0.0, "aoa_meanfield_lambda_mean": 0.0, "delta_penalty": 3.751554077098262e-05, "grad_rel": 0.49193643033504486, "iteration": 3980, "loss": 0.13962583653628827, "lr": 1.9843301512912283e-05, "mse": 0.00014376319486473222, "p_zero": 0.0, "point_rel": 0.07598252203315496, "residual_mse": 0.0001437631952285301, "temporal_rel": 0.8902714014053345, "tke_rel": 0.4918707996606827}
TRAIN {"angle_aug_abs_deg": 0.0, "aoa_effective_shift_abs_deg_mean": 0.0, "aoa_meanfield_aug_fraction": 0.0, "aoa_meanfield_lambda_mean": 0.0, "delta_penalty": 3.4695060821832155e-05, "grad_rel": 0.48794918060302733, "iteration": 4000, "loss": 0.13535311073064804, "lr": 1.9098300562505195e-05, "mse": 0.0001154692511590838, "p_zero": 0.0, "point_rel": 0.07328405138105154, "residual_mse": 0.00011546925197762903, "temporal_rel": 0.8883861750364304, "tke_rel": 0.4677150011062622}
EVAL_TOP {"alpha": 1.0, "best_bound_abs": 0.0075, "best_bound_rel": 0.0075, "best_bounds": [{"abs": 0.0075, "coverage": 0.8337845230102539, "final_est": 81.71886935960565, "rel": 0.0075, "sps_raw": 0.48263791370391845, "sps_score_linear": 48.26379137039184, "sps_score_used": 48.26379137039184}], "best_final_est": 81.71886935960565, "iteration": 4000, "mean_t_neural_s": 0.01762683533, "mvpe": 0.0723090037703514, "mvpe_score": 96.51070358528614, "n": 640, "rel_l2": 0.08094448670744896, "rel_l2_score": 96.11020441801777, "time_score": 86.54248999999716, "tke": 0.4640508100390434, "tke_score": 81.16715742433533}
TRAIN {"angle_aug_abs_deg": 0.0, "aoa_effective_shift_abs_deg_mean": 0.0, "aoa_meanfield_aug_fraction": 0.0, "aoa_meanfield_lambda_mean": 0.0, "delta_penalty": 3.6811086010857254e-05, "grad_rel": 0.49681559205055237, "iteration": 4020, "loss": 0.14170287773013115, "lr": 1.8366074928281546e-05, "mse": 0.00014535115060425595, "p_zero": 0.0, "point_rel": 0.07879403680562973, "residual_mse": 0.00014535114914906443, "temporal_rel": 0.8813613295555115, "tke_rel": 0.4828571006655693}
TRAIN {"angle_aug_abs_deg": 0.0, "aoa_effective_shift_abs_deg_mean": 0.0, "aoa_meanfield_aug_fraction": 0.0, "aoa_meanfield_lambda_mean": 0.0, "delta_penalty": 3.633189835454687e-05, "grad_rel": 0.4904241725802422, "iteration": 4040, "loss": 0.13792080618441105, "lr": 1.7646740237157212e-05, "mse": 0.0001321973702943069, "p_zero": 0.0, "point_rel": 0.07422428876161576, "residual_mse": 0.00013219737102190265, "temporal_rel": 0.8899610102176666, "tke_rel": 0.49334901124238967}
TRAIN {"angle_aug_abs_deg": 0.0, "aoa_effective_shift_abs_deg_mean": 0.0, "aoa_meanfield_aug_fraction": 0.0, "aoa_meanfield_lambda_mean": 0.0, "delta_penalty": 3.577312390916632e-05, "grad_rel": 0.49093506932258607, "iteration": 4060, "loss": 0.13919529430568217, "lr": 1.6940410080418652e-05, "mse": 0.00011679750332405092, "p_zero": 0.0, "point_rel": 0.0751450702548027, "residual_mse": 0.00011679750223265728, "temporal_rel": 0.8959508866071701, "tke_rel": 0.49619864374399186}
TRAIN {"angle_aug_abs_deg": 0.0, "aoa_effective_shift_abs_deg_mean": 0.0, "aoa_meanfield_aug_fraction": 0.0, "aoa_meanfield_lambda_mean": 0.0, "delta_penalty": 3.796409218921326e-05, "grad_rel": 0.4861466959118843, "iteration": 4080, "loss": 0.13749007433652877, "lr": 1.624719599578577e-05, "mse": 0.00014301665014500032, "p_zero": 0.0, "point_rel": 0.07527508977800608, "residual_mse": 0.00014301665087259607, "temporal_rel": 0.87984659075737, "tke_rel": 0.4747287228703499}
TRAIN {"angle_aug_abs_deg": 0.0, "aoa_effective_shift_abs_deg_mean": 0.0, "aoa_meanfield_aug_fraction": 0.0, "aoa_meanfield_lambda_mean": 0.0, "delta_penalty": 3.714692666108021e-05, "grad_rel": 0.49760854095220564, "iteration": 4100, "loss": 0.13939935490489005, "lr": 1.5567207449798437e-05, "mse": 0.00013758412387687713, "p_zero": 0.0, "point_rel": 0.07647693194448948, "residual_mse": 0.0001375841224216856, "temporal_rel": 0.8876274287700653, "tke_rel": 0.479790960252285}
TRAIN {"angle_aug_abs_deg": 0.0, "aoa_effective_shift_abs_deg_mean": 0.0, "aoa_meanfield_aug_fraction": 0.0, "aoa_meanfield_lambda_mean": 0.0, "delta_penalty": 3.7841914218006425e-05, "grad_rel": 0.4930159330368042, "iteration": 4120, "loss": 0.13879076354205608, "lr": 1.4900551820530752e-05, "mse": 0.00014208378688636004, "p_zero": 0.0, "point_rel": 0.07584189549088478, "residual_mse": 0.00014208378797775367, "temporal_rel": 0.89085174202919, "tke_rel": 0.479744927585125}
TRAIN {"angle_aug_abs_deg": 0.0, "aoa_effective_shift_abs_deg_mean": 0.0, "aoa_meanfield_aug_fraction": 0.0, "aoa_meanfield_lambda_mean": 0.0, "delta_penalty": 3.52345247847552e-05, "grad_rel": 0.4888748452067375, "iteration": 4140, "loss": 0.1377762235701084, "lr": 1.4247334380634739e-05, "mse": 0.00012943939600518206, "p_zero": 0.0, "point_rel": 0.07510693427175283, "residual_mse": 0.00012943939509568736, "temporal_rel": 0.8810501724481583, "tke_rel": 0.48108539283275603}
TRAIN {"angle_aug_abs_deg": 0.0, "aoa_effective_shift_abs_deg_mean": 0.0, "aoa_meanfield_aug_fraction": 0.0, "aoa_meanfield_lambda_mean": 0.0, "delta_penalty": 3.659847234303015e-05, "grad_rel": 0.48417023867368697, "iteration": 4160, "loss": 0.13606266006827356, "lr": 1.3607658280716426e-05, "mse": 0.00013538087860069935, "p_zero": 0.0, "point_rel": 0.07384856827557087, "residual_mse": 0.0001353808800558909, "temporal_rel": 0.8789953500032425, "tke_rel": 0.4756721809506416}
TRAIN {"angle_aug_abs_deg": 0.0, "aoa_effective_shift_abs_deg_mean": 0.0, "aoa_meanfield_aug_fraction": 0.0, "aoa_meanfield_lambda_mean": 0.0, "delta_penalty": 3.70874440704938e-05, "grad_rel": 0.4900589376688004, "iteration": 4180, "loss": 0.13875863179564477, "lr": 1.298162453304739e-05, "mse": 0.00014726573899679352, "p_zero": 0.0, "point_rel": 0.07583827450871468, "residual_mse": 0.00014726573899679352, "temporal_rel": 0.8853167504072189, "tke_rel": 0.4827508643269539}
TRAIN {"angle_aug_abs_deg": 0.0, "aoa_effective_shift_abs_deg_mean": 0.0, "aoa_meanfield_aug_fraction": 0.0, "aoa_meanfield_lambda_mean": 0.0, "delta_penalty": 3.937071651307633e-05, "grad_rel": 0.4995090112090111, "iteration": 4200, "loss": 0.1418711595237255, "lr": 1.2369331995613602e-05, "mse": 0.00015422352043970022, "p_zero": 0.0, "point_rel": 0.07866080440580844, "residual_mse": 0.0001542235193483066, "temporal_rel": 0.8849757850170136, "tke_rel": 0.4853565812110901}
TRAIN {"angle_aug_abs_deg": 0.0, "aoa_effective_shift_abs_deg_mean": 0.0, "aoa_meanfield_aug_fraction": 0.0, "aoa_meanfield_lambda_mean": 0.0, "delta_penalty": 3.784318805628572e-05, "grad_rel": 0.49214075058698653, "iteration": 4220, "loss": 0.1379399374127388, "lr": 1.1770877356504644e-05, "mse": 0.00013926614828960738, "p_zero": 0.0, "point_rel": 0.0758512681350112, "residual_mse": 0.0001392661497447989, "temporal_rel": 0.8757791697978974, "tke_rel": 0.47317746877670286}
TRAIN {"angle_aug_abs_deg": 0.0, "aoa_effective_shift_abs_deg_mean": 0.0, "aoa_meanfield_aug_fraction": 0.0, "aoa_meanfield_lambda_mean": 0.0, "delta_penalty": 3.507819055812433e-05, "grad_rel": 0.4879804030060768, "iteration": 4240, "loss": 0.13603050969541072, "lr": 1.1186355118645515e-05, "mse": 0.00013008082405576715, "p_zero": 0.0, "point_rel": 0.07332253959029914, "residual_mse": 0.0001300808251471608, "temporal_rel": 0.8839549452066422, "tke_rel": 0.48049820959568024}
TRAIN {"angle_aug_abs_deg": 0.0, "aoa_effective_shift_abs_deg_mean": 0.0, "aoa_meanfield_aug_fraction": 0.0, "aoa_meanfield_lambda_mean": 0.0, "delta_penalty": 3.686779282361385e-05, "grad_rel": 0.4886972188949585, "iteration": 4260, "loss": 0.13808149173855783, "lr": 1.0615857584873589e-05, "mse": 0.00012826812380808405, "p_zero": 0.0, "point_rel": 0.07531944513320923, "residual_mse": 0.00012826812344428616, "temporal_rel": 0.8839833825826645, "tke_rel": 0.4812145188450813}
TRAIN {"angle_aug_abs_deg": 0.0, "aoa_effective_shift_abs_deg_mean": 0.0, "aoa_meanfield_aug_fraction": 0.0, "aoa_meanfield_lambda_mean": 0.0, "delta_penalty": 3.6076260403206104e-05, "grad_rel": 0.49071224927902224, "iteration": 4280, "loss": 0.13709356933832167, "lr": 1.0059474843362862e-05, "mse": 0.00012009846923319856, "p_zero": 0.0, "point_rel": 0.0741069994866848, "residual_mse": 0.00012009846868750173, "temporal_rel": 0.8852944910526276, "tke_rel": 0.4838384121656418}
TRAIN {"angle_aug_abs_deg": 0.0, "aoa_effective_shift_abs_deg_mean": 0.0, "aoa_meanfield_aug_fraction": 0.0, "aoa_meanfield_lambda_mean": 0.0, "delta_penalty": 3.8343606138369066e-05, "grad_rel": 0.49221979528665544, "iteration": 4300, "loss": 0.13896489441394805, "lr": 9.517294753398034e-06, "mse": 0.00014112240578469936, "p_zero": 0.0, "point_rel": 0.07666836325079203, "residual_mse": 0.00014112240360191207, "temporal_rel": 0.8813014775514603, "tke_rel": 0.47385147511959075}
TRAIN {"angle_aug_abs_deg": 0.0, "aoa_effective_shift_abs_deg_mean": 0.0, "aoa_meanfield_aug_fraction": 0.0, "aoa_meanfield_lambda_mean": 0.0, "delta_penalty": 3.7863712441321697e-05, "grad_rel": 0.4876965060830116, "iteration": 4320, "loss": 0.13734438121318818, "lr": 8.989402931500409e-06, "mse": 0.00014827081213297788, "p_zero": 0.0, "point_rel": 0.0752364844083786, "residual_mse": 0.00014827080922259485, "temporal_rel": 0.8792129486799241, "tke_rel": 0.47284710556268694}
TRAIN {"angle_aug_abs_deg": 0.0, "aoa_effective_shift_abs_deg_mean": 0.0, "aoa_meanfield_aug_fraction": 0.0, "aoa_meanfield_lambda_mean": 0.0, "delta_penalty": 3.7034812066849554e-05, "grad_rel": 0.4836269080638885, "iteration": 4340, "loss": 0.13646727092564107, "lr": 8.475882737908228e-06, "mse": 0.00012537076127046022, "p_zero": 0.0, "point_rel": 0.07373154237866401, "residual_mse": 0.00012537076054286445, "temporal_rel": 0.8888912737369538, "tke_rel": 0.47960390746593473}
TRAIN {"angle_aug_abs_deg": 0.0, "aoa_effective_shift_abs_deg_mean": 0.0, "aoa_meanfield_aug_fraction": 0.0, "aoa_meanfield_lambda_mean": 0.0, "delta_penalty": 3.653294643299887e-05, "grad_rel": 0.4923602983355522, "iteration": 4360, "loss": 0.1379882764071226, "lr": 7.97681526341294e-06, "mse": 0.00013405687477643368, "p_zero": 0.0, "point_rel": 0.07446290943771601, "residual_mse": 0.00013405687550402945, "temporal_rel": 0.8952629327774048, "tke_rel": 0.487352129817009}
TRAIN {"angle_aug_abs_deg": 0.0, "aoa_effective_shift_abs_deg_mean": 0.0, "aoa_meanfield_aug_fraction": 0.0, "aoa_meanfield_lambda_mean": 0.0, "delta_penalty": 3.743843162737903e-05, "grad_rel": 0.4902161419391632, "iteration": 4380, "loss": 0.1364913761615753, "lr": 7.49227931655419e-06, "mse": 0.00013323059047252173, "p_zero": 0.0, "point_rel": 0.07407595552504062, "residual_mse": 0.00013323059047252173, "temporal_rel": 0.881600734591484, "tke_rel": 0.47622395902872083}
TRAIN {"angle_aug_abs_deg": 0.0, "aoa_effective_shift_abs_deg_mean": 0.0, "aoa_meanfield_aug_fraction": 0.0, "aoa_meanfield_lambda_mean": 0.0, "delta_penalty": 3.579905333026545e-05, "grad_rel": 0.4817269504070282, "iteration": 4400, "loss": 0.13478181324899197, "lr": 7.0223514111748495e-06, "mse": 0.00013302099960128545, "p_zero": 0.0, "point_rel": 0.07257064245641232, "residual_mse": 0.00013302100105647697, "temporal_rel": 0.8807672142982483, "tke_rel": 0.4753604978322983}
TRAIN {"angle_aug_abs_deg": 0.0, "aoa_effective_shift_abs_deg_mean": 0.0, "aoa_meanfield_aug_fraction": 0.0, "aoa_meanfield_lambda_mean": 0.0, "delta_penalty": 3.578318010113435e-05, "grad_rel": 0.48700050860643385, "iteration": 4420, "loss": 0.13541687428951263, "lr": 6.567105754338783e-06, "mse": 0.00012403903256199555, "p_zero": 0.0, "point_rel": 0.07381550967693329, "residual_mse": 0.00012403903292579344, "temporal_rel": 0.8768873661756516, "tke_rel": 0.46586350798606874}
TRAIN {"angle_aug_abs_deg": 0.0, "aoa_effective_shift_abs_deg_mean": 0.0, "aoa_meanfield_aug_fraction": 0.0, "aoa_meanfield_lambda_mean": 0.0, "delta_penalty": 3.5432625372777694e-05, "grad_rel": 0.49217104762792585, "iteration": 4440, "loss": 0.13714543133974075, "lr": 6.1266142346125764e-06, "mse": 0.0001268580414034659, "p_zero": 0.0, "point_rel": 0.074913321249187, "residual_mse": 0.00012685804031207227, "temporal_rel": 0.8829148024320602, "tke_rel": 0.47205556780099867}
TRAIN {"angle_aug_abs_deg": 0.0, "aoa_effective_shift_abs_deg_mean": 0.0, "aoa_meanfield_aug_fraction": 0.0, "aoa_meanfield_lambda_mean": 0.0, "delta_penalty": 3.4732174390228467e-05, "grad_rel": 0.48431197851896285, "iteration": 4460, "loss": 0.13537030890583993, "lr": 5.7009464107135324e-06, "mse": 0.00011594107327255188, "p_zero": 0.0, "point_rel": 0.07337127514183521, "residual_mse": 0.0001159410747277434, "temporal_rel": 0.8812203854322433, "tke_rel": 0.47103781402111056}
TRAIN {"angle_aug_abs_deg": 0.0, "aoa_effective_shift_abs_deg_mean": 0.0, "aoa_meanfield_aug_fraction": 0.0, "aoa_meanfield_lambda_mean": 0.0, "delta_penalty": 4.006020972155966e-05, "grad_rel": 0.49391436725854876, "iteration": 4480, "loss": 0.13920776546001434, "lr": 5.290169500525563e-06, "mse": 0.00015206561583909207, "p_zero": 0.0, "point_rel": 0.07636251170188188, "residual_mse": 0.00015206561802187933, "temporal_rel": 0.8868616670370102, "tke_rel": 0.47973779439926145}
TRAIN {"angle_aug_abs_deg": 0.0, "aoa_effective_shift_abs_deg_mean": 0.0, "aoa_meanfield_aug_fraction": 0.0, "aoa_meanfield_lambda_mean": 0.0, "delta_penalty": 3.6581009862857175e-05, "grad_rel": 0.4799120485782623, "iteration": 4500, "loss": 0.13666697703301905, "lr": 4.894348370484633e-06, "mse": 0.00013051776059000986, "p_zero": 0.0, "point_rel": 0.07386187668889761, "residual_mse": 0.000130517763136595, "temporal_rel": 0.8872610658407212, "tke_rel": 0.4824783891439438}
TRAIN {"angle_aug_abs_deg": 0.0, "aoa_effective_shift_abs_deg_mean": 0.0, "aoa_meanfield_aug_fraction": 0.0, "aoa_meanfield_lambda_mean": 0.0, "delta_penalty": 3.938086374546401e-05, "grad_rel": 0.49108238369226453, "iteration": 4520, "loss": 0.13778594210743905, "lr": 4.5135455253356935e-06, "mse": 0.00014950894510548096, "p_zero": 0.0, "point_rel": 0.07538252621889115, "residual_mse": 0.00014950894583307673, "temporal_rel": 0.8813896209001542, "tke_rel": 0.4758308857679367}
TRAIN {"angle_aug_abs_deg": 0.0, "aoa_effective_shift_abs_deg_mean": 0.0, "aoa_meanfield_aug_fraction": 0.0, "aoa_meanfield_lambda_mean": 0.0, "delta_penalty": 3.52197192114545e-05, "grad_rel": 0.47790756076574326, "iteration": 4540, "loss": 0.13496191427111626, "lr": 4.147821098262405e-06, "mse": 0.00011532445187185658, "p_zero": 0.0, "point_rel": 0.07291557230055332, "residual_mse": 0.00011532445005286718, "temporal_rel": 0.8814878553152085, "tke_rel": 0.4732965499162674}
TRAIN {"angle_aug_abs_deg": 0.0, "aoa_effective_shift_abs_deg_mean": 0.0, "aoa_meanfield_aug_fraction": 0.0, "aoa_meanfield_lambda_mean": 0.0, "delta_penalty": 3.808380397458677e-05, "grad_rel": 0.5002702042460442, "iteration": 4560, "loss": 0.14237892739474772, "lr": 3.797232841391395e-06, "mse": 0.00014451618117163889, "p_zero": 0.0, "point_rel": 0.07998988330364228, "residual_mse": 0.00014451618117163889, "temporal_rel": 0.8781012982130051, "tke_rel": 0.47496396452188494}
TRAIN {"angle_aug_abs_deg": 0.0, "aoa_effective_shift_abs_deg_mean": 0.0, "aoa_meanfield_aug_fraction": 0.0, "aoa_meanfield_lambda_mean": 0.0, "delta_penalty": 3.778053769565304e-05, "grad_rel": 0.4931841894984245, "iteration": 4580, "loss": 0.1393155436962843, "lr": 3.461836116672601e-06, "mse": 0.0001411276456565247, "p_zero": 0.0, "point_rel": 0.07610566727817059, "residual_mse": 0.00014112764638412044, "temporal_rel": 0.8821969479322433, "tke_rel": 0.48838519901037214}
TRAIN {"angle_aug_abs_deg": 0.0, "aoa_effective_shift_abs_deg_mean": 0.0, "aoa_meanfield_aug_fraction": 0.0, "aoa_meanfield_lambda_mean": 0.0, "delta_penalty": 3.72922771020967e-05, "grad_rel": 0.4936728537082672, "iteration": 4600, "loss": 0.1379053357988596, "lr": 3.141683887136894e-06, "mse": 0.0001340403818176128, "p_zero": 0.0, "point_rel": 0.07509401328861713, "residual_mse": 0.0001340403818176128, "temporal_rel": 0.8830000698566437, "tke_rel": 0.48125447034835817}
TRAIN {"angle_aug_abs_deg": 0.0, "aoa_effective_shift_abs_deg_mean": 0.0, "aoa_meanfield_aug_fraction": 0.0, "aoa_meanfield_lambda_mean": 0.0, "delta_penalty": 3.680616109704715e-05, "grad_rel": 0.491643613576889, "iteration": 4620, "loss": 0.13787726797163485, "lr": 2.836826708532595e-06, "mse": 0.00012645091155718546, "p_zero": 0.0, "point_rel": 0.07464705519378186, "residual_mse": 0.00012645090955629713, "temporal_rel": 0.88990159034729, "tke_rel": 0.4853306859731674}
TRAIN {"angle_aug_abs_deg": 0.0, "aoa_effective_shift_abs_deg_mean": 0.0, "aoa_meanfield_aug_fraction": 0.0, "aoa_meanfield_lambda_mean": 0.0, "delta_penalty": 3.630172150224098e-05, "grad_rel": 0.4951083645224571, "iteration": 4640, "loss": 0.13717776574194432, "lr": 2.547312721342281e-06, "mse": 0.00012843112672271672, "p_zero": 0.0, "point_rel": 0.07425103411078453, "residual_mse": 0.00012843112817790826, "temporal_rel": 0.8859176218509675, "tke_rel": 0.48138870000839235}
TRAIN {"angle_aug_abs_deg": 0.0, "aoa_effective_shift_abs_deg_mean": 0.0, "aoa_meanfield_aug_fraction": 0.0, "aoa_meanfield_lambda_mean": 0.0, "delta_penalty": 3.823878823823179e-05, "grad_rel": 0.4863910973072052, "iteration": 4660, "loss": 0.13741900064051152, "lr": 2.2731876431806457e-06, "mse": 0.00014378442301676841, "p_zero": 0.0, "point_rel": 0.07512603551149369, "residual_mse": 0.00014378442483575782, "temporal_rel": 0.8840701282024384, "tke_rel": 0.4738516479730606}
TRAIN {"angle_aug_abs_deg": 0.0, "aoa_effective_shift_abs_deg_mean": 0.0, "aoa_meanfield_aug_fraction": 0.0, "aoa_meanfield_lambda_mean": 0.0, "delta_penalty": 3.528101606207201e-05, "grad_rel": 0.4866798609495163, "iteration": 4680, "loss": 0.1367276232689619, "lr": 2.0144947615753085e-06, "mse": 0.00012211689954710891, "p_zero": 0.0, "point_rel": 0.07341271489858628, "residual_mse": 0.00012211690154799725, "temporal_rel": 0.8896840304136276, "tke_rel": 0.48811416178941724}
TRAIN {"angle_aug_abs_deg": 0.0, "aoa_effective_shift_abs_deg_mean": 0.0, "aoa_meanfield_aug_fraction": 0.0, "aoa_meanfield_lambda_mean": 0.0, "delta_penalty": 3.351631976329372e-05, "grad_rel": 0.4878015249967575, "iteration": 4700, "loss": 0.1361638993024826, "lr": 1.7712749271311329e-06, "mse": 0.00011254405799263623, "p_zero": 0.0, "point_rel": 0.0733856812119484, "residual_mse": 0.00011254405826548464, "temporal_rel": 0.8883858948946, "tke_rel": 0.47958640456199647}
TRAIN {"angle_aug_abs_deg": 0.0, "aoa_effective_shift_abs_deg_mean": 0.0, "aoa_meanfield_aug_fraction": 0.0, "aoa_meanfield_lambda_mean": 0.0, "delta_penalty": 4.061682056999416e-05, "grad_rel": 0.49976004362106324, "iteration": 4720, "loss": 0.14234189055860041, "lr": 1.54356654707945e-06, "mse": 0.00015638871627743356, "p_zero": 0.0, "point_rel": 0.07854050546884536, "residual_mse": 0.00015638871991541237, "temporal_rel": 0.8931861609220505, "tke_rel": 0.49102783799171446}
TRAIN {"angle_aug_abs_deg": 0.0, "aoa_effective_shift_abs_deg_mean": 0.0, "aoa_meanfield_aug_fraction": 0.0, "aoa_meanfield_lambda_mean": 0.0, "delta_penalty": 3.6188173089612975e-05, "grad_rel": 0.48491446673870087, "iteration": 4740, "loss": 0.13426048643887042, "lr": 1.3314055792131913e-06, "mse": 0.00012710835871985183, "p_zero": 0.0, "point_rel": 0.07198999840766192, "residual_mse": 0.00012710835871985183, "temporal_rel": 0.8848298937082291, "tke_rel": 0.4735503226518631}
TRAIN {"angle_aug_abs_deg": 0.0, "aoa_effective_shift_abs_deg_mean": 0.0, "aoa_meanfield_aug_fraction": 0.0, "aoa_meanfield_lambda_mean": 0.0, "delta_penalty": 3.7168144717725224e-05, "grad_rel": 0.491417421400547, "iteration": 4760, "loss": 0.13830832131206988, "lr": 1.1348255262086007e-06, "mse": 0.0001348610841887421, "p_zero": 0.0, "point_rel": 0.07644863799214363, "residual_mse": 0.00013486108491633786, "temporal_rel": 0.8822402238845826, "tke_rel": 0.4663335859775543}
TRAIN {"angle_aug_abs_deg": 0.0, "aoa_effective_shift_abs_deg_mean": 0.0, "aoa_meanfield_aug_fraction": 0.0, "aoa_meanfield_lambda_mean": 0.0, "delta_penalty": 3.358958629178233e-05, "grad_rel": 0.480110202729702, "iteration": 4780, "loss": 0.1350879356265068, "lr": 9.53857430334878e-07, "mse": 0.000117556609075109, "p_zero": 0.0, "point_rel": 0.07219244185835123, "residual_mse": 0.00011755661053030053, "temporal_rel": 0.8902776181697846, "tke_rel": 0.482492895424366}
TRAIN {"angle_aug_abs_deg": 0.0, "aoa_effective_shift_abs_deg_mean": 0.0, "aoa_meanfield_aug_fraction": 0.0, "aoa_meanfield_lambda_mean": 0.0, "delta_penalty": 3.432642370171379e-05, "grad_rel": 0.4917558431625366, "iteration": 4800, "loss": 0.13742309845983983, "lr": 7.885298685522207e-07, "mse": 0.00011116538798887632, "p_zero": 0.0, "point_rel": 0.0742755563929677, "residual_mse": 0.00011116538635178586, "temporal_rel": 0.8863066077232361, "tke_rel": 0.4857995644211769}
TRAIN {"angle_aug_abs_deg": 0.0, "aoa_effective_shift_abs_deg_mean": 0.0, "aoa_meanfield_aug_fraction": 0.0, "aoa_meanfield_lambda_mean": 0.0, "delta_penalty": 3.681074904307025e-05, "grad_rel": 0.49970732629299164, "iteration": 4820, "loss": 0.14259973876178264, "lr": 6.388689479991581e-07, "mse": 0.0001334640453933389, "p_zero": 0.0, "point_rel": 0.07940698191523551, "residual_mse": 0.00013346404393814736, "temporal_rel": 0.8897699773311615, "tke_rel": 0.48272116780281066}
TRAIN {"angle_aug_abs_deg": 0.0, "aoa_effective_shift_abs_deg_mean": 0.0, "aoa_meanfield_aug_fraction": 0.0, "aoa_meanfield_lambda_mean": 0.0, "delta_penalty": 3.740885931620141e-05, "grad_rel": 0.49668778479099274, "iteration": 4840, "loss": 0.13973566889762878, "lr": 5.048983018699808e-07, "mse": 0.00013148140842531575, "p_zero": 0.0, "point_rel": 0.07689560577273369, "residual_mse": 0.00013148140697012424, "temporal_rel": 0.8892151892185212, "tke_rel": 0.4778849720954895}
TRAIN {"angle_aug_abs_deg": 0.0, "aoa_effective_shift_abs_deg_mean": 0.0, "aoa_meanfield_aug_fraction": 0.0, "aoa_meanfield_lambda_mean": 0.0, "delta_penalty": 3.5022663905692755e-05, "grad_rel": 0.4873972192406654, "iteration": 4860, "loss": 0.1365204133093357, "lr": 3.8663908568275916e-07, "mse": 0.0001269659851459437, "p_zero": 0.0, "point_rel": 0.0743290176615119, "residual_mse": 0.00012696598623733734, "temporal_rel": 0.8842204362154007, "tke_rel": 0.47191718965768814}
TRAIN {"angle_aug_abs_deg": 0.0, "aoa_effective_shift_abs_deg_mean": 0.0, "aoa_meanfield_aug_fraction": 0.0, "aoa_meanfield_lambda_mean": 0.0, "delta_penalty": 4.065727325723856e-05, "grad_rel": 0.4864775151014328, "iteration": 4880, "loss": 0.13787068016827106, "lr": 2.8410997393860566e-07, "mse": 0.00016127142480399926, "p_zero": 0.0, "point_rel": 0.0744809053838253, "residual_mse": 0.00016127142116602046, "temporal_rel": 0.8831310331821441, "tke_rel": 0.49249144196510314}
TRAIN {"angle_aug_abs_deg": 0.0, "aoa_effective_shift_abs_deg_mean": 0.0, "aoa_meanfield_aug_fraction": 0.0, "aoa_meanfield_lambda_mean": 0.0, "delta_penalty": 3.9203601318149595e-05, "grad_rel": 0.4900005728006363, "iteration": 4900, "loss": 0.13786982297897338, "lr": 1.9732715717284352e-07, "mse": 0.00013972949818708003, "p_zero": 0.0, "point_rel": 0.07529591750353574, "residual_mse": 0.00013972949600429274, "temporal_rel": 0.8870909154415131, "tke_rel": 0.47614115476608276}
TRAIN {"angle_aug_abs_deg": 0.0, "aoa_effective_shift_abs_deg_mean": 0.0, "aoa_meanfield_aug_fraction": 0.0, "aoa_meanfield_lambda_mean": 0.0, "delta_penalty": 3.251093503422453e-05, "grad_rel": 0.48309522718191145, "iteration": 4920, "loss": 0.13431132957339287, "lr": 1.2630433939825292e-07, "mse": 9.826915420489968e-05, "p_zero": 0.0, "point_rel": 0.07218519411981106, "residual_mse": 9.82691538411018e-05, "temporal_rel": 0.8836237043142319, "tke_rel": 0.472347816824913}
TRAIN {"angle_aug_abs_deg": 0.0, "aoa_effective_shift_abs_deg_mean": 0.0, "aoa_meanfield_aug_fraction": 0.0, "aoa_meanfield_lambda_mean": 0.0, "delta_penalty": 3.6129897580394754e-05, "grad_rel": 0.484110115468502, "iteration": 4940, "loss": 0.13617604710161685, "lr": 7.105273594107936e-08, "mse": 0.0001209397954880842, "p_zero": 0.0, "point_rel": 0.07320890799164773, "residual_mse": 0.00012093979585188208, "temporal_rel": 0.8860900729894639, "tke_rel": 0.48476302325725557}
TRAIN {"angle_aug_abs_deg": 0.0, "aoa_effective_shift_abs_deg_mean": 0.0, "aoa_meanfield_aug_fraction": 0.0, "aoa_meanfield_lambda_mean": 0.0, "delta_penalty": 3.7786275333928644e-05, "grad_rel": 0.5012775376439095, "iteration": 4960, "loss": 0.14187954515218734, "lr": 3.158107167000593e-08, "mse": 0.0001354434196400689, "p_zero": 0.0, "point_rel": 0.07781746163964272, "residual_mse": 0.00013544342073146254, "temporal_rel": 0.8971114963293075, "tke_rel": 0.4931364506483078}
TRAIN {"angle_aug_abs_deg": 0.0, "aoa_effective_shift_abs_deg_mean": 0.0, "aoa_meanfield_aug_fraction": 0.0, "aoa_meanfield_lambda_mean": 0.0, "delta_penalty": 3.235050271541695e-05, "grad_rel": 0.4856472536921501, "iteration": 4980, "loss": 0.13678715005517006, "lr": 7.895579618388806e-09, "mse": 0.00010675144094420829, "p_zero": 0.0, "point_rel": 0.0744524223729968, "residual_mse": 0.00010675144130800618, "temporal_rel": 0.8792234092950821, "tke_rel": 0.4773441180586815}
TRAIN {"angle_aug_abs_deg": 0.0, "aoa_effective_shift_abs_deg_mean": 0.0, "aoa_meanfield_aug_fraction": 0.0, "aoa_meanfield_lambda_mean": 0.0, "delta_penalty": 3.835870138573228e-05, "grad_rel": 0.5018099024891853, "iteration": 5000, "loss": 0.13953631483018397, "lr": 0.0, "mse": 0.00014167173794703557, "p_zero": 0.0, "point_rel": 0.07717960588634014, "residual_mse": 0.00014167173903842923, "temporal_rel": 0.8864587098360062, "tke_rel": 0.4698755040764809}
EVAL_TOP {"alpha": 1.0, "best_bound_abs": 0.0075, "best_bound_rel": 0.0075, "best_bounds": [{"abs": 0.0075, "coverage": 0.8344308471679688, "final_est": 81.7425907456563, "rel": 0.0075, "sps_raw": 0.4833636375665665, "sps_score_linear": 48.336363756656645, "sps_score_used": 48.336363756656645}], "best_final_est": 81.7425907456563, "iteration": 5000, "mean_t_neural_s": 0.01762683533, "mvpe": 0.07197514604777097, "mvpe_score": 96.52625437206324, "n": 640, "rel_l2": 0.08067406117916107, "rel_l2_score": 96.12269587609309, "time_score": 86.54248999999716, "tke": 0.4635047256946564, "tke_score": 81.1851497234714}
DONE out_dir=/hy-tmp/realpde_runs/dense_residual_continuation_20260923_v1/dense_stride1_5k best_iter=0 best_score=81.872474 alpha=1.0 abs=0.0075 rel=0.0075 primary={"alpha": 1.0, "base_mvpe_raw": 0.08762361109256744, "base_rel_l2_raw": 0.0979706197977066, "base_tke_raw": 0.7003257870674133, "experiment": "dense_stride1_5k", "mvpe_improvement_vs_base": 0.17858725786209106, "mvpe_raw": 0.07197514921426773, "rel_l2_improvement_vs_base": 0.17654836177825928, "rel_l2_raw": 0.08067406713962555, "tke_improvement_vs_base": 0.33815842866897583, "tke_raw": 0.46350470185279846, "trajectories": 16, "windows": 640}
