nohup: ignoring input
{"update": 100, "stage": "A", "lr": 1e-05, "mse": 0.03017283044755459, "tke": 1.699543535709381, "rel": 1.22690349817276, "mvpe": 1.6438584327697754, "vorticity": 0.0009947578946594149}
{"update": 200, "stage": "A", "lr": 1e-05, "mse": 0.001524131279438734, "tke": 1.525593876838684, "rel": 0.3922877311706543, "mvpe": 0.40180492401123047, "vorticity": 0.0003094494459219277}
{"update": 300, "stage": "A", "lr": 1e-05, "mse": 0.0008871156023815274, "tke": 0.8285037279129028, "rel": 0.2851787805557251, "mvpe": 0.2544093281030655, "vorticity": 0.0002573260571807623}
{"update": 400, "stage": "A", "lr": 1e-05, "mse": 0.00057520906557329, "tke": 0.7181361317634583, "rel": 0.2116483822464943, "mvpe": 0.20664218813180923, "vorticity": 0.0001852140630944632}
{"update": 500, "stage": "A", "lr": 1e-05, "mse": 0.0007136797357816249, "tke": 0.603911429643631, "rel": 0.19404110312461853, "mvpe": 0.1939350739121437, "vorticity": 0.0002134890091838315}
{"update": 600, "stage": "A", "lr": 1e-05, "mse": 0.0009042824094649404, "tke": 0.6388533115386963, "rel": 0.1863730624318123, "mvpe": 0.16298945248126984, "vorticity": 0.0002501553826732561}
{"update": 700, "stage": "A", "lr": 1e-05, "mse": 0.001042729418259114, "tke": 0.6580972671508789, "rel": 0.22048234939575195, "mvpe": 0.20524902641773224, "vorticity": 0.00028731174097629264}
{"update": 800, "stage": "A", "lr": 1e-05, "mse": 0.0004570196761051193, "tke": 0.6256024837493896, "rel": 0.19114727526903152, "mvpe": 0.17783163487911224, "vorticity": 0.00014375788668985479}
{"update": 900, "stage": "A", "lr": 1e-05, "mse": 0.0012815453810617328, "tke": 0.6307200193405151, "rel": 0.3092547133564949, "mvpe": 0.34210699796676636, "vorticity": 0.00026391559367766604}
{"update": 1000, "stage": "A", "lr": 1e-05, "mse": 0.0004160422395216301, "tke": 0.6475422382354736, "rel": 0.16948038339614868, "mvpe": 0.15679611265659332, "vorticity": 0.00011114524750155397}
{"update": 1100, "stage": "A", "lr": 1e-05, "mse": 0.0004942134692100808, "tke": 0.6116206645965576, "rel": 0.20716390013694763, "mvpe": 0.18136079609394073, "vorticity": 0.00012940742453793064}
{"update": 1200, "stage": "A", "lr": 1e-05, "mse": 0.0004785132623510435, "tke": 0.5345117896795273, "rel": 0.1868654191493988, "mvpe": 0.16600655019283295, "vorticity": 0.00014781698700971901}
{"update": 1300, "stage": "A", "lr": 1e-05, "mse": 0.0007157688960433006, "tke": 0.6520261466503143, "rel": 0.1707255318760872, "mvpe": 0.16501286625862122, "vorticity": 0.00020105313160456717}
{"update": 1400, "stage": "A", "lr": 1e-05, "mse": 0.0005191083764657378, "tke": 0.5795157551765442, "rel": 0.153853178024292, "mvpe": 0.12818099558353424, "vorticity": 0.00015522305329795927}
{"update": 1500, "stage": "A", "lr": 1e-05, "mse": 0.000596167054027319, "tke": 0.5869282782077789, "rel": 0.22556573152542114, "mvpe": 0.2580583393573761, "vorticity": 0.00015650016939616762}
{"update": 1600, "stage": "A", "lr": 1e-05, "mse": 0.0003946048818761483, "tke": 0.5616525113582611, "rel": 0.20057707279920578, "mvpe": 0.17297252267599106, "vorticity": 0.00010668295726645738}
{"update": 1700, "stage": "A", "lr": 1e-05, "mse": 0.00023059400700731203, "tke": 0.569444864988327, "rel": 0.1331324763596058, "mvpe": 0.11178458109498024, "vorticity": 7.958187779877335e-05}
{"update": 1800, "stage": "A", "lr": 1e-05, "mse": 0.0003994633152615279, "tke": 0.6427034735679626, "rel": 0.18297287076711655, "mvpe": 0.17862174659967422, "vorticity": 0.0001306146805291064}
{"update": 1900, "stage": "A", "lr": 1e-05, "mse": 0.0003289762535132468, "tke": 0.5656149387359619, "rel": 0.15705614537000656, "mvpe": 0.138109490275383, "vorticity": 0.0001137327890319284}
{"update": 2000, "stage": "A", "lr": 1e-05, "mse": 0.0005748080293415114, "tke": 0.5068105161190033, "rel": 0.14217431843280792, "mvpe": 0.11522151529788971, "vorticity": 0.0001868573745014146}
{"update": 2100, "stage": "A", "lr": 1e-05, "mse": 0.00041580479592084885, "tke": 0.5247196555137634, "rel": 0.1339336261153221, "mvpe": 0.11525097861886024, "vorticity": 0.00015499901201110333}
{"update": 2200, "stage": "A", "lr": 1e-05, "mse": 0.0002560732318670489, "tke": 0.5447814166545868, "rel": 0.1634446159005165, "mvpe": 0.14837901666760445, "vorticity": 9.188236072077416e-05}
{"update": 2300, "stage": "A", "lr": 1e-05, "mse": 0.0004477372276596725, "tke": 0.5441518723964691, "rel": 0.18040234595537186, "mvpe": 0.16892580687999725, "vorticity": 0.0001344122865702957}
{"update": 2400, "stage": "A", "lr": 1e-05, "mse": 0.00035824858059640974, "tke": 0.514598548412323, "rel": 0.18868816643953323, "mvpe": 0.15787561237812042, "vorticity": 0.0001012151587929111}
{"update": 2500, "stage": "A", "lr": 1e-05, "mse": 0.00023795416200300679, "tke": 0.5374824404716492, "rel": 0.19501541554927826, "mvpe": 0.19706924259662628, "vorticity": 8.09844677860383e-05}
{"update": 2600, "stage": "A", "lr": 1e-05, "mse": 0.000221455076825805, "tke": 0.6028043031692505, "rel": 0.12872305512428284, "mvpe": 0.12007568776607513, "vorticity": 8.575172978453338e-05}
{"update": 2700, "stage": "A", "lr": 1e-05, "mse": 0.0003822354774456471, "tke": 0.5076906979084015, "rel": 0.1328190565109253, "mvpe": 0.10278454050421715, "vorticity": 0.00013674436559085734}
{"update": 2800, "stage": "A", "lr": 1e-05, "mse": 0.0003324630088172853, "tke": 0.5578921437263489, "rel": 0.20705027878284454, "mvpe": 0.19803230464458466, "vorticity": 0.00010282863877364434}
{"update": 2900, "stage": "A", "lr": 1e-05, "mse": 0.00019561579392757267, "tke": 0.5524135529994965, "rel": 0.15594014525413513, "mvpe": 0.13193737715482712, "vorticity": 6.952353396627586e-05}
{"update": 3000, "stage": "A", "lr": 1e-05, "mse": 0.000332447249093093, "tke": 0.548842579126358, "rel": 0.13984142243862152, "mvpe": 0.1179061159491539, "vorticity": 0.00011823248860309832}
{"update": 3100, "stage": "A", "lr": 1e-05, "mse": 0.00018471583462087438, "tke": 0.5151903629302979, "rel": 0.1300148069858551, "mvpe": 0.10959047824144363, "vorticity": 7.196903970907442e-05}
{"update": 3200, "stage": "A", "lr": 1e-05, "mse": 0.0002572707671788521, "tke": 0.5450511276721954, "rel": 0.16215000301599503, "mvpe": 0.15059352666139603, "vorticity": 9.610026609152555e-05}
{"update": 3300, "stage": "A", "lr": 1e-05, "mse": 0.0003420595603529364, "tke": 0.5419410169124603, "rel": 0.13595952093601227, "mvpe": 0.12571486085653305, "vorticity": 0.00011845241169794463}
{"update": 3400, "stage": "A", "lr": 1e-05, "mse": 0.0004844685608986765, "tke": 0.4934092164039612, "rel": 0.13534554094076157, "mvpe": 0.10827081650495529, "vorticity": 0.00014780272613279521}
{"update": 3500, "stage": "A", "lr": 1e-05, "mse": 0.0002529759149183519, "tke": 0.5429903417825699, "rel": 0.11889137327671051, "mvpe": 0.10096417739987373, "vorticity": 9.6161435067188e-05}
{"update": 3600, "stage": "A", "lr": 1e-05, "mse": 0.0004418284515850246, "tke": 0.47954607009887695, "rel": 0.17904295027256012, "mvpe": 0.16872723400592804, "vorticity": 0.00013846037472831085}
{"update": 3700, "stage": "A", "lr": 1e-05, "mse": 0.0006256052001845092, "tke": 0.4973410815000534, "rel": 0.17542831599712372, "mvpe": 0.13688541948795319, "vorticity": 0.00019937160686822608}
{"update": 3800, "stage": "A", "lr": 1e-05, "mse": 0.0005179603904252872, "tke": 0.4989282041788101, "rel": 0.14123449474573135, "mvpe": 0.11079560965299606, "vorticity": 0.00017448645303375088}
{"update": 3900, "stage": "A", "lr": 1e-05, "mse": 0.00019883394270436838, "tke": 0.4939758777618408, "rel": 0.11680549755692482, "mvpe": 0.10151151567697525, "vorticity": 7.681476199650206e-05}
{"update": 4000, "stage": "A", "lr": 1e-05, "mse": 0.0005573092130362056, "tke": 0.5261549353599548, "rel": 0.15258798003196716, "mvpe": 0.13621988892555237, "vorticity": 0.000148917961269035}
{"update": 4100, "stage": "A", "lr": 1e-05, "mse": 0.00015096260176505893, "tke": 0.5130278170108795, "rel": 0.11847695708274841, "mvpe": 0.09881705045700073, "vorticity": 6.260672671487555e-05}
{"update": 4200, "stage": "A", "lr": 1e-05, "mse": 0.0003312467742944136, "tke": 0.5841111540794373, "rel": 0.14862806349992752, "mvpe": 0.11959724500775337, "vorticity": 0.00012183384751551785}
{"update": 4300, "stage": "A", "lr": 1e-05, "mse": 0.0004785031051142141, "tke": 0.47549107670783997, "rel": 0.133989829570055, "mvpe": 0.10056221857666969, "vorticity": 0.00015610991613357328}
{"update": 4400, "stage": "A", "lr": 1e-05, "mse": 0.0004246059397701174, "tke": 0.5375522971153259, "rel": 0.13176138326525688, "mvpe": 0.1113230437040329, "vorticity": 0.0001377785883960314}
{"update": 4500, "stage": "A", "lr": 1e-05, "mse": 0.00022209162852959707, "tke": 0.47150035202503204, "rel": 0.11101240292191505, "mvpe": 0.08630020916461945, "vorticity": 8.306854033435229e-05}
{"update": 4600, "stage": "A", "lr": 1e-05, "mse": 0.0002736725873546675, "tke": 0.47698770463466644, "rel": 0.1287483274936676, "mvpe": 0.09765665605664253, "vorticity": 9.837614561547525e-05}
{"update": 4700, "stage": "A", "lr": 1e-05, "mse": 0.00021276072948239744, "tke": 0.5218295454978943, "rel": 0.10860075056552887, "mvpe": 0.08183187991380692, "vorticity": 8.033129779505543e-05}
{"update": 4800, "stage": "A", "lr": 1e-05, "mse": 0.00047371959954034537, "tke": 0.5253393650054932, "rel": 0.1526753380894661, "mvpe": 0.11816129088401794, "vorticity": 0.00015745896234875545}
{"update": 4900, "stage": "A", "lr": 1e-05, "mse": 0.0002685274521354586, "tke": 0.41304296255111694, "rel": 0.11803615838289261, "mvpe": 0.08939627557992935, "vorticity": 8.346947652171366e-05}
{"update": 5000, "stage": "A", "lr": 1e-05, "mse": 0.0003586874809116125, "tke": 0.45602595806121826, "rel": 0.13982251286506653, "mvpe": 0.11449916660785675, "vorticity": 0.00012005678945570253}
{"update": 5100, "stage": "A", "lr": 1e-05, "mse": 0.0002350677241338417, "tke": 0.4697672426700592, "rel": 0.10602502152323723, "mvpe": 0.08033393323421478, "vorticity": 8.611823068349622e-05}
{"update": 5200, "stage": "A", "lr": 1e-05, "mse": 0.0002989469139720313, "tke": 0.4516034573316574, "rel": 0.15226347744464874, "mvpe": 0.13643258810043335, "vorticity": 9.915274858940393e-05}
{"update": 5300, "stage": "A", "lr": 1e-05, "mse": 0.00024987689539557323, "tke": 0.48703399300575256, "rel": 0.12971441075205803, "mvpe": 0.1219911202788353, "vorticity": 9.021553887578193e-05}
{"update": 5400, "stage": "A", "lr": 1e-05, "mse": 0.00040213848114944994, "tke": 0.4720695912837982, "rel": 0.13911637663841248, "mvpe": 0.11494303494691849, "vorticity": 0.00013154133193893358}
{"update": 5500, "stage": "A", "lr": 1e-05, "mse": 0.00039326433034148067, "tke": 0.5707735121250153, "rel": 0.1014004573225975, "mvpe": 0.06859242171049118, "vorticity": 0.00013114344983478077}
{"update": 5600, "stage": "A", "lr": 1e-05, "mse": 0.000623487911070697, "tke": 0.5175934433937073, "rel": 0.13887004554271698, "mvpe": 0.10175754129886627, "vorticity": 0.0001987031355383806}
{"update": 5700, "stage": "A", "lr": 1e-05, "mse": 0.00041261272417614236, "tke": 0.44650043547153473, "rel": 0.12262579053640366, "mvpe": 0.08482548594474792, "vorticity": 0.00012990743562113494}
{"update": 5800, "stage": "A", "lr": 1e-05, "mse": 0.0003741393447853625, "tke": 0.48715442419052124, "rel": 0.1499105989933014, "mvpe": 0.13185618072748184, "vorticity": 0.00013041571583016776}
{"update": 5900, "stage": "A", "lr": 1e-05, "mse": 0.00031429291993845254, "tke": 0.4704584628343582, "rel": 0.13415928184986115, "mvpe": 0.1206018328666687, "vorticity": 0.00011793783414759673}
{"update": 6000, "stage": "A", "lr": 1e-05, "mse": 0.0002354167081648484, "tke": 0.5052135586738586, "rel": 0.15040816366672516, "mvpe": 0.15426737815141678, "vorticity": 8.394090400543064e-05}
{"update": 6100, "stage": "A", "lr": 1e-05, "mse": 0.0002006736831390299, "tke": 0.47331640124320984, "rel": 0.11787417531013489, "mvpe": 0.08939875289797783, "vorticity": 7.4485142249614e-05}
{"update": 6200, "stage": "A", "lr": 1e-05, "mse": 0.0002903269269154407, "tke": 0.48365356028079987, "rel": 0.1350218653678894, "mvpe": 0.10390729829668999, "vorticity": 0.00010404819477116689}
{"update": 6300, "stage": "A", "lr": 1e-05, "mse": 0.000334643162204884, "tke": 0.5054271817207336, "rel": 0.11501951143145561, "mvpe": 0.08447519689798355, "vorticity": 0.00012521182361524552}
{"update": 6400, "stage": "A", "lr": 1e-05, "mse": 0.00028220919193699956, "tke": 0.474854975938797, "rel": 0.12060608342289925, "mvpe": 0.09860838949680328, "vorticity": 0.00010041672067018226}
{"update": 6500, "stage": "A", "lr": 1e-05, "mse": 0.00048406618952867575, "tke": 0.5332860052585602, "rel": 0.12384098395705223, "mvpe": 0.10077323019504547, "vorticity": 0.00015087369501998182}
{"update": 6600, "stage": "A", "lr": 1e-05, "mse": 0.0001921642033266835, "tke": 0.4999154657125473, "rel": 0.10927532613277435, "mvpe": 0.0897286906838417, "vorticity": 6.879190732433926e-05}
{"update": 6700, "stage": "A", "lr": 1e-05, "mse": 0.00041860228520818055, "tke": 0.43207764625549316, "rel": 0.12479633837938309, "mvpe": 0.09479182958602905, "vorticity": 0.00014004888362251222}
{"update": 6800, "stage": "A", "lr": 1e-05, "mse": 0.00013130465958965942, "tke": 0.47236238420009613, "rel": 0.1333002932369709, "mvpe": 0.1095351055264473, "vorticity": 5.118288208905142e-05}
{"update": 6900, "stage": "A", "lr": 1e-05, "mse": 0.0002410008237347938, "tke": 0.4658209830522537, "rel": 0.12864957749843597, "mvpe": 0.1122877262532711, "vorticity": 8.691522816661745e-05}
{"update": 7000, "stage": "A", "lr": 1e-05, "mse": 0.0003788960020756349, "tke": 0.5841374099254608, "rel": 0.10617432370781898, "mvpe": 0.09038985893130302, "vorticity": 0.0001259015843970701}
{"update": 7100, "stage": "A", "lr": 1e-05, "mse": 0.000370091904187575, "tke": 0.44350220263004303, "rel": 0.12603426724672318, "mvpe": 0.10373929142951965, "vorticity": 0.00011909755994565785}
{"update": 7200, "stage": "A", "lr": 1e-05, "mse": 0.00015816392260603607, "tke": 0.4531976878643036, "rel": 0.1561819463968277, "mvpe": 0.15786517411470413, "vorticity": 5.556430733122397e-05}
{"update": 7300, "stage": "A", "lr": 1e-05, "mse": 0.00031490420951740816, "tke": 0.4811250567436218, "rel": 0.11890467628836632, "mvpe": 0.08155396208167076, "vorticity": 0.00011059166718041524}
{"update": 7400, "stage": "A", "lr": 1e-05, "mse": 0.00036692437424790114, "tke": 0.5482071340084076, "rel": 0.1414371281862259, "mvpe": 0.13329557329416275, "vorticity": 0.00011429442020016722}
{"update": 7500, "stage": "A", "lr": 1e-05, "mse": 0.0004255135208950378, "tke": 0.4537963420152664, "rel": 0.11535167694091797, "mvpe": 0.07478637620806694, "vorticity": 0.00013308640336617827}
{"update": 7600, "stage": "A", "lr": 1e-05, "mse": 0.00019448729290161282, "tke": 0.48808255791664124, "rel": 0.11259210109710693, "mvpe": 0.10038884729146957, "vorticity": 7.263697443704586e-05}
{"update": 7700, "stage": "A", "lr": 1e-05, "mse": 0.00032747421937529, "tke": 0.4439908564090729, "rel": 0.11698069423437119, "mvpe": 0.08810916915535927, "vorticity": 0.0001200241495098453}
{"update": 7800, "stage": "A", "lr": 1e-05, "mse": 0.0002811967642628588, "tke": 0.4202873408794403, "rel": 0.10829870402812958, "mvpe": 0.07895276322960854, "vorticity": 9.613469774194527e-05}
{"update": 7900, "stage": "A", "lr": 1e-05, "mse": 0.0002725595550145954, "tke": 0.47644712030887604, "rel": 0.1283637285232544, "mvpe": 0.09815682098269463, "vorticity": 9.207984112435952e-05}
{"update": 8000, "stage": "A", "lr": 1e-05, "mse": 0.0005563404265558347, "tke": 0.4655897319316864, "rel": 0.13712674379348755, "mvpe": 0.11638198047876358, "vorticity": 0.0001956156011146959}
{"update": 8100, "stage": "A", "lr": 1e-05, "mse": 0.00021075113545521162, "tke": 0.4687671661376953, "rel": 0.10781891271471977, "mvpe": 0.10054049640893936, "vorticity": 7.985348747752141e-05}
{"update": 8200, "stage": "A", "lr": 1e-05, "mse": 8.744929800741374e-05, "tke": 0.46114957332611084, "rel": 0.11246073618531227, "mvpe": 0.10158103331923485, "vorticity": 3.684480907395482e-05}
{"update": 8300, "stage": "A", "lr": 1e-05, "mse": 0.00021875785751035437, "tke": 0.4490899294614792, "rel": 0.1357756108045578, "mvpe": 0.1196499839425087, "vorticity": 8.732688729651272e-05}
{"update": 8400, "stage": "A", "lr": 1e-05, "mse": 0.00031746443346492015, "tke": 0.5025760978460312, "rel": 0.1151639074087143, "mvpe": 0.09375466778874397, "vorticity": 0.00012164653890067711}
{"update": 8500, "stage": "A", "lr": 1e-05, "mse": 0.0001945996773429215, "tke": 0.42505553364753723, "rel": 0.1197558231651783, "mvpe": 0.09980549290776253, "vorticity": 7.698240187892225e-05}
{"update": 8600, "stage": "A", "lr": 1e-05, "mse": 0.00029599544359371066, "tke": 0.45847493410110474, "rel": 0.10998325422406197, "mvpe": 0.0821581706404686, "vorticity": 0.00011093787179561332}
{"update": 8700, "stage": "A", "lr": 1e-05, "mse": 0.00042731578287202865, "tke": 0.5188368111848831, "rel": 0.11423356458544731, "mvpe": 0.08655742555856705, "vorticity": 0.0001359864982077852}
{"update": 8800, "stage": "A", "lr": 1e-05, "mse": 0.00012294237603782676, "tke": 0.501060426235199, "rel": 0.1188521720468998, "mvpe": 0.09433294832706451, "vorticity": 5.1607641580631025e-05}
{"update": 8900, "stage": "A", "lr": 1e-05, "mse": 0.0004085646360181272, "tke": 0.4548005610704422, "rel": 0.14564937353134155, "mvpe": 0.11736207455396652, "vorticity": 0.0001398973327013664}
{"update": 9000, "stage": "A", "lr": 1e-05, "mse": 0.00016678794054314494, "tke": 0.4791380763053894, "rel": 0.10439863801002502, "mvpe": 0.09216966107487679, "vorticity": 6.764066711184569e-05}
{"update": 9100, "stage": "A", "lr": 1e-05, "mse": 0.0003009449355886318, "tke": 0.45767641067504883, "rel": 0.1331813484430313, "mvpe": 0.10339949280023575, "vorticity": 0.00010883363574976102}
{"update": 9200, "stage": "A", "lr": 1e-05, "mse": 0.0002882906701415777, "tke": 0.45358753204345703, "rel": 0.12900246679782867, "mvpe": 0.0895293578505516, "vorticity": 9.763666821527295e-05}
{"update": 9300, "stage": "A", "lr": 1e-05, "mse": 0.00020171047799522057, "tke": 0.4293205738067627, "rel": 0.09235266223549843, "mvpe": 0.06757519766688347, "vorticity": 7.717586231592577e-05}
{"update": 9400, "stage": "A", "lr": 1e-05, "mse": 0.0005784855311503634, "tke": 0.5113443732261658, "rel": 0.12896881997585297, "mvpe": 0.09293102100491524, "vorticity": 0.00017597609985386953}
{"update": 9500, "stage": "A", "lr": 1e-05, "mse": 0.00024413727805949748, "tke": 0.4995137155056, "rel": 0.09650708734989166, "mvpe": 0.08074185252189636, "vorticity": 8.991939466795884e-05}
{"update": 9600, "stage": "A", "lr": 1e-05, "mse": 0.0005041008989792317, "tke": 0.4519164115190506, "rel": 0.13134752959012985, "mvpe": 0.09643884748220444, "vorticity": 0.00016307599435094744}
{"update": 9700, "stage": "A", "lr": 1e-05, "mse": 0.00023575109662488103, "tke": 0.43566930294036865, "rel": 0.10689949244260788, "mvpe": 0.07686425000429153, "vorticity": 8.946641901275143e-05}
{"update": 9800, "stage": "A", "lr": 1e-05, "mse": 0.0005760988424299285, "tke": 0.5203750133514404, "rel": 0.14284726232290268, "mvpe": 0.11414080858230591, "vorticity": 0.0001620987859496381}
{"update": 9900, "stage": "A", "lr": 1e-05, "mse": 0.0001814764691516757, "tke": 0.5122095346450806, "rel": 0.10896357893943787, "mvpe": 0.09859077259898186, "vorticity": 7.488529263355304e-05}
{"update": 10000, "stage": "A", "lr": 1e-05, "mse": 0.00015474018437089399, "tke": 0.531073197722435, "rel": 0.1221301443874836, "mvpe": 0.10240215063095093, "vorticity": 5.899987809243612e-05}
{"update": 10100, "stage": "A", "lr": 1e-05, "mse": 0.0001922616793308407, "tke": 0.4593326896429062, "rel": 0.11727893352508545, "mvpe": 0.10106748715043068, "vorticity": 6.858081724203657e-05}
{"update": 10200, "stage": "A", "lr": 1e-05, "mse": 0.00020863614190602675, "tke": 0.459669291973114, "rel": 0.11546226963400841, "mvpe": 0.09778494015336037, "vorticity": 7.601769175380468e-05}
{"update": 10300, "stage": "A", "lr": 1e-05, "mse": 0.00017217294771398883, "tke": 0.4525143951177597, "rel": 0.11482111364603043, "mvpe": 0.09356734529137611, "vorticity": 6.868331456644228e-05}
{"update": 10400, "stage": "A", "lr": 1e-05, "mse": 0.0003780543847824447, "tke": 0.535490095615387, "rel": 0.12129933759570122, "mvpe": 0.09436561167240143, "vorticity": 0.00011124453703814652}
{"update": 10500, "stage": "A", "lr": 1e-05, "mse": 0.0003565013175830245, "tke": 0.49254781007766724, "rel": 0.11243568360805511, "mvpe": 0.0942746177315712, "vorticity": 0.00012308892837609164}
{"update": 10600, "stage": "A", "lr": 1e-05, "mse": 0.0003227187553420663, "tke": 0.44759857654571533, "rel": 0.11520365253090858, "mvpe": 0.09064828604459763, "vorticity": 0.00011537285536178388}
{"update": 10700, "stage": "A", "lr": 1e-05, "mse": 0.00033442107087466866, "tke": 0.48842504620552063, "rel": 0.14280293881893158, "mvpe": 0.11433364450931549, "vorticity": 0.00010829019447555766}
{"update": 10800, "stage": "A", "lr": 1e-05, "mse": 0.00024849384863046, "tke": 0.5297273695468903, "rel": 0.15720634162425995, "mvpe": 0.1361120119690895, "vorticity": 8.172937305062078e-05}
{"update": 10900, "stage": "A", "lr": 1e-05, "mse": 0.00024401445261901245, "tke": 0.4996686577796936, "rel": 0.09179504215717316, "mvpe": 0.06997107528150082, "vorticity": 8.862207687343471e-05}
{"update": 11000, "stage": "A", "lr": 1e-05, "mse": 0.00015778525994392112, "tke": 0.5198671817779541, "rel": 0.11867131665349007, "mvpe": 0.10073566809296608, "vorticity": 6.672592826362234e-05}
{"update": 11100, "stage": "A", "lr": 1e-05, "mse": 0.0004567269716062583, "tke": 0.47118982672691345, "rel": 0.13252820074558258, "mvpe": 0.10819274559617043, "vorticity": 0.00014192997696227394}
{"update": 11200, "stage": "A", "lr": 1e-05, "mse": 0.00031801516888663173, "tke": 0.4535808116197586, "rel": 0.14479944854974747, "mvpe": 0.11831803247332573, "vorticity": 0.00011039958735636901}
{"update": 11300, "stage": "A", "lr": 1e-05, "mse": 0.00027039866108680144, "tke": 0.40252041816711426, "rel": 0.11519379168748856, "mvpe": 0.08884186297655106, "vorticity": 0.00010338036008761264}
{"update": 11400, "stage": "A", "lr": 1e-05, "mse": 0.0004736470727948472, "tke": 0.44622601568698883, "rel": 0.15094556659460068, "mvpe": 0.11141487210988998, "vorticity": 0.00015256653205142356}
{"update": 11500, "stage": "A", "lr": 1e-05, "mse": 0.00013404271885519847, "tke": 0.39208848774433136, "rel": 0.09422488510608673, "mvpe": 0.07049790769815445, "vorticity": 5.5547117881360464e-05}
{"update": 11600, "stage": "A", "lr": 1e-05, "mse": 0.00021623239081236534, "tke": 0.4536583125591278, "rel": 0.10048675537109375, "mvpe": 0.08304911106824875, "vorticity": 7.842133072699653e-05}
{"update": 11700, "stage": "A", "lr": 1e-05, "mse": 0.0002114065173373092, "tke": 0.471208393573761, "rel": 0.10512097552418709, "mvpe": 0.08123688027262688, "vorticity": 8.288116077892482e-05}
{"update": 11800, "stage": "A", "lr": 1e-05, "mse": 0.00023578556283609942, "tke": 0.46688108146190643, "rel": 0.11637144163250923, "mvpe": 0.09386935830116272, "vorticity": 9.271041199099272e-05}
{"update": 11900, "stage": "A", "lr": 1e-05, "mse": 9.091897663893178e-05, "tke": 0.4894171357154846, "rel": 0.11058095842599869, "mvpe": 0.09117182716727257, "vorticity": 3.8911289266252425e-05}
{"update": 12000, "stage": "A", "lr": 1e-05, "mse": 0.0002826131822075695, "tke": 0.4793483018875122, "rel": 0.12016335129737854, "mvpe": 0.1094164103269577, "vorticity": 9.103959928324912e-05}
{"update": 12100, "stage": "A", "lr": 1e-05, "mse": 0.00023286105715669692, "tke": 0.4532407522201538, "rel": 0.10290736705064774, "mvpe": 0.07051867619156837, "vorticity": 7.957853449624963e-05}
{"update": 12200, "stage": "A", "lr": 1e-05, "mse": 0.0002502387505955994, "tke": 0.4826860576868057, "rel": 0.11155930161476135, "mvpe": 0.09717153012752533, "vorticity": 8.783833618508652e-05}
{"update": 12300, "stage": "A", "lr": 1e-05, "mse": 0.00021342377294786274, "tke": 0.42028118669986725, "rel": 0.10642670840024948, "mvpe": 0.07888323627412319, "vorticity": 7.459645712515339e-05}
{"update": 12365, "reference_update": 7500, "stage": "A", "lr": 1e-05, "mse": 8.322046051034704e-05, "tke": 0.5028562396764755, "rel": 0.10691533982753754, "mvpe": 0.10059966892004013, "vorticity": 3.8958680306677707e-05, "elapsed_seconds": 11195.876925334334}
{"update": 12400, "stage": "A", "lr": 1e-05, "mse": 0.0002930391929112375, "tke": 0.4547711908817291, "rel": 0.11363578215241432, "mvpe": 0.08354471623897552, "vorticity": 0.00010924967864411883}
{"update": 12500, "stage": "A", "lr": 1e-05, "mse": 0.00019707555475179106, "tke": 0.4045459032058716, "rel": 0.11182818934321404, "mvpe": 0.09602784365415573, "vorticity": 7.85791089583654e-05}
{"update": 12600, "stage": "A", "lr": 1e-05, "mse": 0.00022910120605956763, "tke": 0.5162952244281769, "rel": 0.0889362171292305, "mvpe": 0.0655621774494648, "vorticity": 8.685385546414182e-05}
{"update": 12700, "stage": "A", "lr": 1e-05, "mse": 0.00013913976727053523, "tke": 0.4197874516248703, "rel": 0.0964130200445652, "mvpe": 0.07317449897527695, "vorticity": 5.4441603424493223e-05}
{"update": 12800, "stage": "A", "lr": 1e-05, "mse": 9.27864748518914e-05, "tke": 0.48704518377780914, "rel": 0.10936606675386429, "mvpe": 0.09584468975663185, "vorticity": 4.327362148615066e-05}
{"update": 12900, "stage": "A", "lr": 1e-05, "mse": 0.00017685654529486783, "tke": 0.4686259925365448, "rel": 0.11911928281188011, "mvpe": 0.10070355609059334, "vorticity": 6.71668231007061e-05}
{"update": 13000, "stage": "A", "lr": 1e-05, "mse": 0.0001240185956703499, "tke": 0.44460782408714294, "rel": 0.09372976422309875, "mvpe": 0.07954342663288116, "vorticity": 5.3486042816075496e-05}
{"update": 13100, "stage": "A", "lr": 1e-05, "mse": 0.00013666664017364383, "tke": 0.4726399928331375, "rel": 0.09192845597863197, "mvpe": 0.06997175887227058, "vorticity": 5.574538226937875e-05}
{"update": 13200, "stage": "A", "lr": 1e-05, "mse": 0.00014310861661215313, "tke": 0.47871221601963043, "rel": 0.10449353978037834, "mvpe": 0.0884450189769268, "vorticity": 5.774471901531797e-05}
{"update": 13300, "stage": "A", "lr": 1e-05, "mse": 0.0005519129917956889, "tke": 0.439867302775383, "rel": 0.13274332135915756, "mvpe": 0.10503217950463295, "vorticity": 0.00015971098764566705}
{"update": 13400, "stage": "A", "lr": 1e-05, "mse": 0.00017267529256059788, "tke": 0.4924481213092804, "rel": 0.1098230704665184, "mvpe": 0.09189062565565109, "vorticity": 6.28067700745305e-05}
{"update": 13500, "stage": "A", "lr": 1e-05, "mse": 0.0002017884726228658, "tke": 0.4996081441640854, "rel": 0.10109745338559151, "mvpe": 0.07518170028924942, "vorticity": 8.376362529816106e-05}
{"update": 13600, "stage": "A", "lr": 1e-05, "mse": 0.00035559365642257035, "tke": 0.46971186995506287, "rel": 0.1118479073047638, "mvpe": 0.0972081683576107, "vorticity": 0.00012850677012465894}
{"update": 13700, "stage": "A", "lr": 1e-05, "mse": 0.00018596624431665987, "tke": 0.4703148752450943, "rel": 0.1021786667406559, "mvpe": 0.08575582504272461, "vorticity": 7.908017141744494e-05}
{"update": 13800, "stage": "A", "lr": 1e-05, "mse": 0.0003977122687501833, "tke": 0.4790017008781433, "rel": 0.1360623612999916, "mvpe": 0.10484340041875839, "vorticity": 0.00014656280836788937}
{"update": 13900, "stage": "A", "lr": 1e-05, "mse": 0.000149655228597112, "tke": 0.5086488872766495, "rel": 0.10221028327941895, "mvpe": 0.07607451640069485, "vorticity": 6.151317575131543e-05}
{"update": 14000, "stage": "A", "lr": 1e-05, "mse": 0.00016063802104326896, "tke": 0.4510439336299896, "rel": 0.11143112555146217, "mvpe": 0.09109288081526756, "vorticity": 6.111453149060253e-05}
{"update": 14100, "stage": "A", "lr": 1e-05, "mse": 0.0002268681491841562, "tke": 0.44791552424430847, "rel": 0.1023760735988617, "mvpe": 0.08197426423430443, "vorticity": 8.41990186017938e-05}
{"update": 14200, "stage": "A", "lr": 1e-05, "mse": 0.00016843403864186257, "tke": 0.4685990512371063, "rel": 0.09516987577080727, "mvpe": 0.08040732517838478, "vorticity": 6.446768929890823e-05}
{"update": 14300, "stage": "A", "lr": 1e-05, "mse": 0.00031484311330132186, "tke": 0.5205758512020111, "rel": 0.09946711361408234, "mvpe": 0.07342479005455971, "vorticity": 0.0001121920176956337}
{"update": 14400, "stage": "A", "lr": 1e-05, "mse": 0.00014690230455016717, "tke": 0.46286703646183014, "rel": 0.10078863427042961, "mvpe": 0.0820259191095829, "vorticity": 6.586692688870244e-05}
{"update": 14500, "stage": "A", "lr": 1e-05, "mse": 0.00030971094383858144, "tke": 0.4949689209461212, "rel": 0.10635443404316902, "mvpe": 0.08836311846971512, "vorticity": 0.00010800376912811771}
{"update": 14600, "stage": "A", "lr": 1e-05, "mse": 0.0001277900519198738, "tke": 0.45735299587249756, "rel": 0.12213287502527237, "mvpe": 0.10340489447116852, "vorticity": 5.2945310017094016e-05}
{"update": 14700, "stage": "A", "lr": 1e-05, "mse": 0.00016914174921112135, "tke": 0.47768741846084595, "rel": 0.08455151319503784, "mvpe": 0.05681175924837589, "vorticity": 6.872922676848248e-05}
{"update": 14800, "stage": "A", "lr": 1e-05, "mse": 0.0004585324495565146, "tke": 0.47138726711273193, "rel": 0.12605588138103485, "mvpe": 0.09995583817362785, "vorticity": 0.00015554972196696326}
{"update": 14900, "stage": "A", "lr": 1e-05, "mse": 0.00031212707835948095, "tke": 0.4766143560409546, "rel": 0.12112016975879669, "mvpe": 0.09487674757838249, "vorticity": 0.00011239691957598552}
{"update": 15000, "stage": "A", "lr": 1e-05, "mse": 0.00021850955090485513, "tke": 0.4820495694875717, "rel": 0.09272624552249908, "mvpe": 0.06314453482627869, "vorticity": 8.87764326762408e-05}
{"update": 15100, "stage": "A", "lr": 1e-05, "mse": 0.0002269544347655028, "tke": 0.4691915214061737, "rel": 0.12410173565149307, "mvpe": 0.1052955910563469, "vorticity": 7.95764171925839e-05}
{"update": 15200, "stage": "A", "lr": 1e-05, "mse": 0.0002086891072394792, "tke": 0.4309821128845215, "rel": 0.11038298904895782, "mvpe": 0.09332124143838882, "vorticity": 7.771907257847488e-05}
{"update": 15300, "stage": "A", "lr": 1e-05, "mse": 0.00018870380881708115, "tke": 0.4698736071586609, "rel": 0.09365719929337502, "mvpe": 0.06546635925769806, "vorticity": 7.43970595067367e-05}
{"update": 15400, "stage": "A", "lr": 1e-05, "mse": 0.00035263889003545046, "tke": 0.42192600667476654, "rel": 0.11464184522628784, "mvpe": 0.08021282404661179, "vorticity": 0.00013455400767270476}
{"update": 15500, "stage": "A", "lr": 1e-05, "mse": 0.00037117137981113046, "tke": 0.4589211940765381, "rel": 0.12380459904670715, "mvpe": 0.1001146174967289, "vorticity": 0.00012421082647051662}
{"update": 15600, "stage": "A", "lr": 1e-05, "mse": 0.00026283765328116715, "tke": 0.4441407322883606, "rel": 0.12518995627760887, "mvpe": 0.10709000378847122, "vorticity": 9.579422476235777e-05}
{"update": 15700, "stage": "A", "lr": 1e-05, "mse": 0.00033618412271607667, "tke": 0.4850907176733017, "rel": 0.10784850269556046, "mvpe": 0.09071698039770126, "vorticity": 0.0001226623608090449}
{"update": 15800, "stage": "A", "lr": 1e-05, "mse": 0.00021386695880210027, "tke": 0.4730612635612488, "rel": 0.11434875801205635, "mvpe": 0.0857539027929306, "vorticity": 8.778958726907149e-05}
{"update": 15900, "stage": "A", "lr": 1e-05, "mse": 0.0002383985774940811, "tke": 0.45018889009952545, "rel": 0.10074317082762718, "mvpe": 0.07412275671958923, "vorticity": 8.415335469180718e-05}
{"update": 16000, "stage": "A", "lr": 1e-05, "mse": 0.00048039021203294396, "tke": 0.4973076730966568, "rel": 0.12792370468378067, "mvpe": 0.1077369824051857, "vorticity": 0.00017610835493542254}
{"update": 16100, "stage": "A", "lr": 1e-05, "mse": 0.00021852956342627294, "tke": 0.4552627503871918, "rel": 0.10504736378788948, "mvpe": 0.07732724770903587, "vorticity": 8.292811980936676e-05}
{"update": 16200, "stage": "A", "lr": 1e-05, "mse": 0.00011655696289381012, "tke": 0.48658254742622375, "rel": 0.09509540721774101, "mvpe": 0.07990202307701111, "vorticity": 5.503649117599707e-05}
{"update": 16300, "stage": "A", "lr": 1e-05, "mse": 0.00010958588245557621, "tke": 0.42524367570877075, "rel": 0.11429772898554802, "mvpe": 0.1038910523056984, "vorticity": 4.506989171204623e-05}
{"update": 16400, "stage": "A", "lr": 1e-05, "mse": 0.0002905999353970401, "tke": 0.45359106361866, "rel": 0.12680643424391747, "mvpe": 0.09621313214302063, "vorticity": 0.00010211048720520921}
{"update": 16500, "stage": "A", "lr": 1e-05, "mse": 0.00018504630133975297, "tke": 0.4622626453638077, "rel": 0.08329645544290543, "mvpe": 0.061396274715662, "vorticity": 6.924663648533169e-05}
{"update": 16600, "stage": "A", "lr": 1e-05, "mse": 0.0003365807278896682, "tke": 0.4613816887140274, "rel": 0.12265767902135849, "mvpe": 0.09700009226799011, "vorticity": 0.0001224961451953277}
{"update": 16700, "stage": "A", "lr": 1e-05, "mse": 0.0002275828956044279, "tke": 0.4539693742990494, "rel": 0.10397705808281898, "mvpe": 0.08677592873573303, "vorticity": 7.785320667608175e-05}
{"update": 16800, "stage": "A", "lr": 1e-05, "mse": 0.00026844719832297415, "tke": 0.47473369538784027, "rel": 0.11487733200192451, "mvpe": 0.09187573939561844, "vorticity": 9.291732203564607e-05}
{"update": 16900, "stage": "A", "lr": 1e-05, "mse": 0.000383440317818895, "tke": 0.4991152882575989, "rel": 0.11236247047781944, "mvpe": 0.08050723001360893, "vorticity": 0.00013222185225458816}
{"update": 17000, "stage": "A", "lr": 1e-05, "mse": 0.00024422769638476893, "tke": 0.4657863676548004, "rel": 0.11179829016327858, "mvpe": 0.09578318148851395, "vorticity": 8.941285886976402e-05}
{"update": 17100, "stage": "A", "lr": 1e-05, "mse": 0.00014246522187022492, "tke": 0.44011858105659485, "rel": 0.08708559349179268, "mvpe": 0.07553216069936752, "vorticity": 6.441531877499074e-05}
{"update": 17200, "stage": "A", "lr": 1e-05, "mse": 0.00026976690969604533, "tke": 0.4198349118232727, "rel": 0.10505512356758118, "mvpe": 0.07355891354382038, "vorticity": 8.858022192725912e-05}
{"update": 17300, "stage": "A", "lr": 1e-05, "mse": 0.0003872264642268419, "tke": 0.5570920705795288, "rel": 0.10311831161379814, "mvpe": 0.06988401338458061, "vorticity": 0.00014015200576977804}
{"update": 17400, "stage": "A", "lr": 1e-05, "mse": 0.0002926037232100498, "tke": 0.4835151135921478, "rel": 0.1083502285182476, "mvpe": 0.08460668846964836, "vorticity": 0.00010790839223773219}
{"update": 17500, "stage": "A", "lr": 1e-05, "mse": 0.00047495999024249613, "tke": 0.4252317398786545, "rel": 0.11715462803840637, "mvpe": 0.09096016362309456, "vorticity": 0.00014893490151735023}
{"update": 17600, "stage": "A", "lr": 1e-05, "mse": 0.00036250954144634306, "tke": 0.46560758352279663, "rel": 0.11733847856521606, "mvpe": 0.09632952511310577, "vorticity": 0.00012176264863228425}
{"update": 17700, "stage": "A", "lr": 1e-05, "mse": 0.0003749145253095776, "tke": 0.4722556620836258, "rel": 0.12994976714253426, "mvpe": 0.10563112422823906, "vorticity": 0.00013287458205013536}
{"update": 17800, "stage": "A", "lr": 1e-05, "mse": 0.00021742911485489458, "tke": 0.4723348617553711, "rel": 0.10749050229787827, "mvpe": 0.08643352799117565, "vorticity": 8.500204785377719e-05}
{"update": 17900, "stage": "A", "lr": 1e-05, "mse": 0.000236045329074841, "tke": 0.4729820340871811, "rel": 0.09478809684515, "mvpe": 0.05883435532450676, "vorticity": 9.231551666744053e-05}
{"update": 18000, "stage": "A", "lr": 1e-05, "mse": 0.00015646265092073008, "tke": 0.44746148586273193, "rel": 0.10018179565668106, "mvpe": 0.07243869081139565, "vorticity": 6.25545326329302e-05}
{"update": 18100, "stage": "A", "lr": 1e-05, "mse": 0.00027219028197578155, "tke": 0.4916175454854965, "rel": 0.10621976107358932, "mvpe": 0.0813925676047802, "vorticity": 9.938192124536727e-05}
{"update": 18200, "stage": "A", "lr": 1e-05, "mse": 0.0003890880470862612, "tke": 0.41973966360092163, "rel": 0.12362787127494812, "mvpe": 0.10096583515405655, "vorticity": 0.00013847708396497183}
{"update": 18300, "stage": "A", "lr": 1e-05, "mse": 0.00028556460165418684, "tke": 0.4942954182624817, "rel": 0.0995030365884304, "mvpe": 0.08111951500177383, "vorticity": 0.00010369172741775401}
{"update": 18400, "stage": "A", "lr": 1e-05, "mse": 0.00023553258506581187, "tke": 0.43515074253082275, "rel": 0.1060226559638977, "mvpe": 0.0712004266679287, "vorticity": 9.741665780893527e-05}
{"update": 18500, "stage": "A", "lr": 1e-05, "mse": 0.00013111157386447303, "tke": 0.5299111306667328, "rel": 0.08605514839291573, "mvpe": 0.06145109981298447, "vorticity": 5.746687747887336e-05}
{"update": 18600, "stage": "A", "lr": 1e-05, "mse": 0.00021913198179390747, "tke": 0.4206414222717285, "rel": 0.09784088283777237, "mvpe": 0.07943360507488251, "vorticity": 8.092044572549639e-05}
{"update": 18700, "stage": "A", "lr": 1e-05, "mse": 0.00023489255909225903, "tke": 0.4745117872953415, "rel": 0.09867074340581894, "mvpe": 0.08291295170783997, "vorticity": 7.985898264450952e-05}
{"update": 18800, "stage": "A", "lr": 1e-05, "mse": 0.00019998595962533727, "tke": 0.4152662307024002, "rel": 0.10546174645423889, "mvpe": 0.07510965317487717, "vorticity": 7.794878911226988e-05}
{"update": 18900, "stage": "A", "lr": 1e-05, "mse": 0.0004761933087138459, "tke": 0.5392999649047852, "rel": 0.13589267432689667, "mvpe": 0.11169661954045296, "vorticity": 0.0001626836965442635}
{"update": 19000, "stage": "A", "lr": 1e-05, "mse": 0.00014066191579331644, "tke": 0.43390318751335144, "rel": 0.0894746258854866, "mvpe": 0.07001588121056557, "vorticity": 5.798657548439223e-05}
{"update": 19100, "stage": "A", "lr": 1e-05, "mse": 0.0003130891564069316, "tke": 0.4357972741127014, "rel": 0.10822561755776405, "mvpe": 0.07749996706843376, "vorticity": 0.00010811596803250723}
{"update": 19200, "stage": "A", "lr": 1e-05, "mse": 0.0002968472908833064, "tke": 0.4792587459087372, "rel": 0.09596119448542595, "mvpe": 0.07664653658866882, "vorticity": 0.0001048714439093601}
{"update": 19300, "stage": "A", "lr": 1e-05, "mse": 0.0001870166597655043, "tke": 0.5363127291202545, "rel": 0.0955706462264061, "mvpe": 0.07153291441500187, "vorticity": 7.354856097663287e-05}
{"update": 19400, "stage": "A", "lr": 1e-05, "mse": 0.0002706909945118241, "tke": 0.47821807861328125, "rel": 0.11977578699588776, "mvpe": 0.09816990047693253, "vorticity": 9.133895218838006e-05}
{"update": 19500, "stage": "A", "lr": 1e-05, "mse": 0.0003718621010193601, "tke": 0.42162276804447174, "rel": 0.1269017532467842, "mvpe": 0.09896871447563171, "vorticity": 0.00014012310930411331}
{"update": 19600, "stage": "A", "lr": 1e-05, "mse": 0.00018546084174886346, "tke": 0.47496122121810913, "rel": 0.11260618269443512, "mvpe": 0.10173889994621277, "vorticity": 7.354746594501194e-05}
{"update": 19700, "stage": "A", "lr": 1e-05, "mse": 0.00010828776430571452, "tke": 0.43300867080688477, "rel": 0.11861943081021309, "mvpe": 0.10032741725444794, "vorticity": 4.795706627191976e-05}
{"update": 19800, "stage": "A", "lr": 1e-05, "mse": 0.0001925336619024165, "tke": 0.4862580895423889, "rel": 0.1070471778512001, "mvpe": 0.08923356980085373, "vorticity": 7.392005318251904e-05}
{"update": 19900, "stage": "A", "lr": 1e-05, "mse": 0.00034743527066893876, "tke": 0.4739669859409332, "rel": 0.11149763688445091, "mvpe": 0.07736797630786896, "vorticity": 0.00011913393973372877}
{"update": 20000, "stage": "A", "lr": 1e-05, "mse": 0.0003072173276450485, "tke": 0.41449542343616486, "rel": 0.11489839479327202, "mvpe": 0.09956896677613258, "vorticity": 0.00010657785242074169}
{"update": 20100, "stage": "A", "lr": 1e-05, "mse": 0.00035488430148689076, "tke": 0.4498530626296997, "rel": 0.11502551287412643, "mvpe": 0.11741341650485992, "vorticity": 0.00012877527842647396}
{"update": 20200, "stage": "A", "lr": 1e-05, "mse": 0.00025199643278028816, "tke": 0.4285905659198761, "rel": 0.10939739271998405, "mvpe": 0.09409713000059128, "vorticity": 9.524992492515594e-05}
{"update": 20300, "stage": "A", "lr": 1e-05, "mse": 0.00010859238682314754, "tke": 0.4934055358171463, "rel": 0.10631934180855751, "mvpe": 0.08344055712223053, "vorticity": 4.658585930883419e-05}
{"update": 20400, "stage": "A", "lr": 1e-05, "mse": 0.00011320232988509815, "tke": 0.46148423850536346, "rel": 0.08149252831935883, "mvpe": 0.050257204100489616, "vorticity": 4.944002103002276e-05}
{"update": 20500, "stage": "A", "lr": 1e-05, "mse": 0.00015692420856794342, "tke": 0.42852969467639923, "rel": 0.10126037150621414, "mvpe": 0.08516751229763031, "vorticity": 6.514740016427822e-05}
{"update": 20600, "stage": "A", "lr": 1e-05, "mse": 0.0001383068156428635, "tke": 0.43412041664123535, "rel": 0.10284058749675751, "mvpe": 0.07962120324373245, "vorticity": 5.6432771089021116e-05}
{"update": 20700, "stage": "A", "lr": 1e-05, "mse": 0.00010849093450815417, "tke": 0.4377668648958206, "rel": 0.10346157103776932, "mvpe": 0.08771468326449394, "vorticity": 4.475797322811559e-05}
{"update": 20800, "stage": "A", "lr": 1e-05, "mse": 0.00017044571359292604, "tke": 0.3743375539779663, "rel": 0.09995343536138535, "mvpe": 0.06225700490176678, "vorticity": 6.810474405938294e-05}
{"update": 20900, "stage": "A", "lr": 1e-05, "mse": 0.00016719130871933885, "tke": 0.46821707487106323, "rel": 0.09230386465787888, "mvpe": 0.06790263764560223, "vorticity": 6.487494465545751e-05}
{"update": 21000, "stage": "A", "lr": 1e-05, "mse": 0.00010552932690188754, "tke": 0.4792200177907944, "rel": 0.07028743252158165, "mvpe": 0.044983772560954094, "vorticity": 5.0170156100648455e-05}
{"update": 21100, "stage": "A", "lr": 1e-05, "mse": 0.0003681184898596257, "tke": 0.46096304059028625, "rel": 0.10564137995243073, "mvpe": 0.06719707325100899, "vorticity": 0.00012795017028111033}
{"update": 21200, "stage": "A", "lr": 1e-05, "mse": 0.00026086520665558055, "tke": 0.4598708897829056, "rel": 0.10464008897542953, "mvpe": 0.08814766258001328, "vorticity": 9.929952830134425e-05}
{"update": 21300, "stage": "A", "lr": 1e-05, "mse": 0.0002312482101842761, "tke": 0.4226270169019699, "rel": 0.11419260129332542, "mvpe": 0.0920182429254055, "vorticity": 8.862710819812492e-05}
{"update": 21400, "stage": "A", "lr": 1e-05, "mse": 0.00029943657864350826, "tke": 0.4490286856889725, "rel": 0.12153933942317963, "mvpe": 0.0933489203453064, "vorticity": 0.00010402179395896383}
{"update": 21500, "stage": "A", "lr": 1e-05, "mse": 0.0001179754690383561, "tke": 0.45306599140167236, "rel": 0.08484209328889847, "mvpe": 0.061441197991371155, "vorticity": 5.5057356803445145e-05}
{"update": 21600, "stage": "A", "lr": 1e-05, "mse": 0.0003511654358590022, "tke": 0.41716650128364563, "rel": 0.10358183085918427, "mvpe": 0.07837339118123055, "vorticity": 0.00011768586045945995}
{"update": 21700, "stage": "A", "lr": 1e-05, "mse": 0.0001342559371551033, "tke": 0.4659954309463501, "rel": 0.1016467772424221, "mvpe": 0.08522148057818413, "vorticity": 5.0532531531644054e-05}
{"update": 21800, "stage": "A", "lr": 1e-05, "mse": 0.00034598289494169876, "tke": 0.4578537195920944, "rel": 0.11145511269569397, "mvpe": 0.08945857733488083, "vorticity": 0.00011926273509743623}
{"update": 21900, "stage": "A", "lr": 1e-05, "mse": 0.0002930602495325729, "tke": 0.4891861379146576, "rel": 0.10489968955516815, "mvpe": 0.07822561636567116, "vorticity": 9.968192898668349e-05}
{"update": 22000, "stage": "A", "lr": 1e-05, "mse": 0.00015844933295738883, "tke": 0.42827554047107697, "rel": 0.10405473411083221, "mvpe": 0.0860835649073124, "vorticity": 6.0839760408271104e-05}
{"update": 22100, "stage": "A", "lr": 1e-05, "mse": 0.00039837292570155114, "tke": 0.44866257905960083, "rel": 0.109070785343647, "mvpe": 0.08701306581497192, "vorticity": 0.00014382359222508967}
{"update": 22200, "stage": "A", "lr": 1e-05, "mse": 0.0004208977916277945, "tke": 0.4634634256362915, "rel": 0.12971461564302444, "mvpe": 0.09481415897607803, "vorticity": 0.000152526543388376}
{"update": 22300, "stage": "A", "lr": 1e-05, "mse": 0.00032498913788003847, "tke": 0.44486862421035767, "rel": 0.12963378801941872, "mvpe": 0.1131361685693264, "vorticity": 0.00011935220754821785}
{"update": 22400, "stage": "A", "lr": 1e-05, "mse": 0.00041583408892620355, "tke": 0.5342856347560883, "rel": 0.12163305282592773, "mvpe": 0.09407303109765053, "vorticity": 0.00014260808529797941}
{"update": 22500, "stage": "A", "lr": 1e-05, "mse": 0.00010826981815625913, "tke": 0.4597214162349701, "rel": 0.10260242968797684, "mvpe": 0.0852794498205185, "vorticity": 4.8837946451385505e-05}
{"update": 22600, "stage": "A", "lr": 1e-05, "mse": 0.0004717234260169789, "tke": 0.4724152237176895, "rel": 0.13409271463751793, "mvpe": 0.10268565639853477, "vorticity": 0.00016516839968971908}
{"update": 22700, "stage": "A", "lr": 1e-05, "mse": 0.0002615227349451743, "tke": 0.4561043083667755, "rel": 0.10063383728265762, "mvpe": 0.07965590246021748, "vorticity": 9.945364217855968e-05}
{"update": 22800, "stage": "A", "lr": 1e-05, "mse": 0.00026040484226541594, "tke": 0.4303628206253052, "rel": 0.1038106232881546, "mvpe": 0.08255231007933617, "vorticity": 9.095269342651591e-05}
{"update": 22900, "stage": "A", "lr": 1e-05, "mse": 0.00045925306039862335, "tke": 0.48868316411972046, "rel": 0.11234547942876816, "mvpe": 0.08080641180276871, "vorticity": 0.00015207888282020576}
{"update": 23000, "stage": "A", "lr": 1e-05, "mse": 0.00019325652829138562, "tke": 0.42095328867435455, "rel": 0.10640788823366165, "mvpe": 0.08028236776590347, "vorticity": 7.853819988667965e-05}
{"update": 23100, "stage": "A", "lr": 1e-05, "mse": 0.000137829571031034, "tke": 0.47064562141895294, "rel": 0.11113032326102257, "mvpe": 0.09567973390221596, "vorticity": 5.8735618949867785e-05}
{"update": 23200, "stage": "A", "lr": 1e-05, "mse": 0.0003272466201451607, "tke": 0.48116539418697357, "rel": 0.10898758471012115, "mvpe": 0.08580221235752106, "vorticity": 0.0001223363960889401}
{"update": 23300, "stage": "A", "lr": 1e-05, "mse": 0.0001766239947755821, "tke": 0.43396584689617157, "rel": 0.09601093828678131, "mvpe": 0.07073956541717052, "vorticity": 6.518082591355778e-05}
{"update": 23400, "stage": "A", "lr": 1e-05, "mse": 0.00027163354388903826, "tke": 0.4762400686740875, "rel": 0.09778453037142754, "mvpe": 0.0704327654093504, "vorticity": 0.00010455658411956392}
{"update": 23500, "stage": "A", "lr": 1e-05, "mse": 0.00029944155539851636, "tke": 0.4481537342071533, "rel": 0.10598519071936607, "mvpe": 0.06879184953868389, "vorticity": 0.00011331684800097719}
{"update": 23600, "stage": "A", "lr": 1e-05, "mse": 0.0002272901801916305, "tke": 0.4645501971244812, "rel": 0.08744606003165245, "mvpe": 0.06168315000832081, "vorticity": 7.675885171920527e-05}
{"update": 23700, "stage": "A", "lr": 1e-05, "mse": 0.0001630955230211839, "tke": 0.46479102969169617, "rel": 0.11306975036859512, "mvpe": 0.10594230517745018, "vorticity": 6.675354416074697e-05}
{"update": 23800, "stage": "A", "lr": 1e-05, "mse": 0.0002614196127979085, "tke": 0.3814409673213959, "rel": 0.11742127314209938, "mvpe": 0.08740759640932083, "vorticity": 9.528818554827012e-05}
{"update": 23900, "stage": "A", "lr": 1e-05, "mse": 0.0003275547205703333, "tke": 0.4037485271692276, "rel": 0.11395199969410896, "mvpe": 0.08772183954715729, "vorticity": 0.00011384782919776626}
{"update": 24000, "stage": "A", "lr": 1e-05, "mse": 0.0003333569329697639, "tke": 0.4848318248987198, "rel": 0.10718464851379395, "mvpe": 0.07268036901950836, "vorticity": 0.00012241702643223107}
{"update": 24100, "stage": "A", "lr": 1e-05, "mse": 0.0002993602756760083, "tke": 0.4471091330051422, "rel": 0.11442535370588303, "mvpe": 0.09143850579857826, "vorticity": 0.00010673491487978026}
{"update": 24200, "stage": "A", "lr": 1e-05, "mse": 0.0001596231413714122, "tke": 0.45301803946495056, "rel": 0.09296364709734917, "mvpe": 0.07628223299980164, "vorticity": 6.846107680757996e-05}
{"update": 24300, "stage": "A", "lr": 1e-05, "mse": 0.00022937678295420483, "tke": 0.48322415351867676, "rel": 0.09343645349144936, "mvpe": 0.06330856122076511, "vorticity": 9.156111264019273e-05}
{"update": 24400, "stage": "A", "lr": 1e-05, "mse": 7.651107807760127e-05, "tke": 0.37626565992832184, "rel": 0.10361848026514053, "mvpe": 0.09748078137636185, "vorticity": 3.1106298592931125e-05}
{"update": 24500, "stage": "A", "lr": 1e-05, "mse": 0.00030668568069813773, "tke": 0.44317303597927094, "rel": 0.11270732432603836, "mvpe": 0.09212532639503479, "vorticity": 0.00010825986828422174}
{"update": 24600, "stage": "A", "lr": 1e-05, "mse": 0.000351825678080786, "tke": 0.4485902190208435, "rel": 0.11400242894887924, "mvpe": 0.1016237773001194, "vorticity": 0.00012518326911958866}
{"update": 24700, "stage": "A", "lr": 1e-05, "mse": 0.000404519698349759, "tke": 0.41782550513744354, "rel": 0.12272027879953384, "mvpe": 0.10183608904480934, "vorticity": 0.00012536064969026484}
{"update": 24730, "reference_update": 15000, "stage": "A", "lr": 1e-05, "mse": 0.00011513886056491174, "tke": 0.4374177008867264, "rel": 0.10683184862136841, "mvpe": 0.09432196617126465, "vorticity": 4.8221670112980064e-05, "elapsed_seconds": 18543.584199294448}
{"update": 24800, "stage": "A", "lr": 1e-05, "mse": 0.00037223120671114884, "tke": 0.47201085090637207, "rel": 0.12422826886177063, "mvpe": 0.1066315546631813, "vorticity": 0.0001289127867494244}
{"update": 24900, "stage": "A", "lr": 1e-05, "mse": 0.00010634628415573388, "tke": 0.4892302304506302, "rel": 0.09654784947633743, "mvpe": 0.08828802406787872, "vorticity": 4.908174742013216e-05}
{"update": 25000, "stage": "A", "lr": 1e-05, "mse": 0.00027839751419378445, "tke": 0.47831830382347107, "rel": 0.09236719459295273, "mvpe": 0.06810896098613739, "vorticity": 9.975763896363787e-05}
{"update": 25100, "stage": "A", "lr": 1e-05, "mse": 0.00029764589271508157, "tke": 0.3836389631032944, "rel": 0.10276435315608978, "mvpe": 0.07880311459302902, "vorticity": 0.00010690928320400417}
{"update": 25200, "stage": "A", "lr": 1e-05, "mse": 7.199661922641098e-05, "tke": 0.44732220470905304, "rel": 0.09542897343635559, "mvpe": 0.08552619069814682, "vorticity": 3.52837178070331e-05}
{"update": 25300, "stage": "A", "lr": 1e-05, "mse": 0.0003275411836511921, "tke": 0.4742956608533859, "rel": 0.11040326207876205, "mvpe": 0.08689118921756744, "vorticity": 0.00011513420940900687}
{"update": 25400, "stage": "A", "lr": 1e-05, "mse": 0.00015440396236954257, "tke": 0.4520992636680603, "rel": 0.10595410317182541, "mvpe": 0.09005728363990784, "vorticity": 6.309246964519843e-05}
{"update": 25500, "stage": "A", "lr": 1e-05, "mse": 0.00019121463628835045, "tke": 0.4122307002544403, "rel": 0.10149212181568146, "mvpe": 0.08335443586111069, "vorticity": 7.375825225608423e-05}
{"update": 25600, "stage": "A", "lr": 1e-05, "mse": 9.986106306314468e-05, "tke": 0.4306798130273819, "rel": 0.09944022819399834, "mvpe": 0.08719836920499802, "vorticity": 4.1219114791601896e-05}
{"update": 25700, "stage": "A", "lr": 1e-05, "mse": 0.000363850878784433, "tke": 0.5314791202545166, "rel": 0.1055314801633358, "mvpe": 0.08532966673374176, "vorticity": 0.00011798533159890212}
{"update": 25800, "stage": "A", "lr": 1e-05, "mse": 0.0001962386377272196, "tke": 0.3716101497411728, "rel": 0.09213782101869583, "mvpe": 0.07226892560720444, "vorticity": 7.702609946136363e-05}
{"update": 25900, "stage": "A", "lr": 1e-05, "mse": 0.00018464588356437162, "tke": 0.41219930350780487, "rel": 0.11474046856164932, "mvpe": 0.08165734261274338, "vorticity": 7.478562110918574e-05}
{"update": 26000, "stage": "A", "lr": 1e-05, "mse": 6.579454566235654e-05, "tke": 0.416134238243103, "rel": 0.08544521033763885, "mvpe": 0.06671993434429169, "vorticity": 3.076204211538425e-05}
{"update": 26100, "stage": "A", "lr": 1e-05, "mse": 0.0003559252218110487, "tke": 0.46811772882938385, "rel": 0.10509055852890015, "mvpe": 0.07963464595377445, "vorticity": 0.00012782439443981275}
{"update": 26200, "stage": "A", "lr": 1e-05, "mse": 0.00012803481877199374, "tke": 0.4651324450969696, "rel": 0.09137313440442085, "mvpe": 0.07447989843785763, "vorticity": 5.367053563531954e-05}
{"update": 26300, "stage": "A", "lr": 1e-05, "mse": 0.00023204372701002285, "tke": 0.4475574791431427, "rel": 0.10299981757998466, "mvpe": 0.0766439288854599, "vorticity": 9.720802336232737e-05}
{"update": 26400, "stage": "A", "lr": 1e-05, "mse": 0.0002054772194242105, "tke": 0.5046482682228088, "rel": 0.11560941115021706, "mvpe": 0.0929105244576931, "vorticity": 8.050180440477561e-05}
{"update": 26500, "stage": "A", "lr": 1e-05, "mse": 0.0003741207910934463, "tke": 0.4498482942581177, "rel": 0.11327387765049934, "mvpe": 0.07985899224877357, "vorticity": 0.00013632913760375232}
{"update": 26600, "stage": "A", "lr": 1e-05, "mse": 9.889622742775828e-05, "tke": 0.3824586272239685, "rel": 0.08776573464274406, "mvpe": 0.06782258674502373, "vorticity": 4.500111026572995e-05}
{"update": 26700, "stage": "A", "lr": 1e-05, "mse": 0.00013648214735439979, "tke": 0.4257419854402542, "rel": 0.11792894080281258, "mvpe": 0.09199784323573112, "vorticity": 5.895045069337357e-05}
{"update": 26800, "stage": "A", "lr": 1e-05, "mse": 0.0003242998864152469, "tke": 0.5179538726806641, "rel": 0.128202922642231, "mvpe": 0.09168916940689087, "vorticity": 0.00010802163888001814}
{"update": 26900, "stage": "A", "lr": 1e-05, "mse": 8.138915291056037e-05, "tke": 0.47227074205875397, "rel": 0.08820820599794388, "mvpe": 0.07600448653101921, "vorticity": 3.952432962250896e-05}
{"update": 27000, "stage": "A", "lr": 1e-05, "mse": 0.00020918004702252802, "tke": 0.40892399847507477, "rel": 0.08735579624772072, "mvpe": 0.07571961730718613, "vorticity": 7.732200538157485e-05}
{"update": 27100, "stage": "A", "lr": 1e-05, "mse": 0.00017878929065773264, "tke": 0.5216814577579498, "rel": 0.08540506660938263, "mvpe": 0.05730257369577885, "vorticity": 7.765848567942157e-05}
{"update": 27200, "stage": "A", "lr": 1e-05, "mse": 0.00022753727535018697, "tke": 0.40506352484226227, "rel": 0.10331947728991508, "mvpe": 0.08781054988503456, "vorticity": 7.876298968767514e-05}
{"update": 27300, "stage": "A", "lr": 1e-05, "mse": 0.00036895750963594764, "tke": 0.5186564326286316, "rel": 0.11615472659468651, "mvpe": 0.08071564882993698, "vorticity": 0.00012227871775394306}
{"update": 27400, "stage": "A", "lr": 1e-05, "mse": 0.00027134784613735974, "tke": 0.4625256657600403, "rel": 0.1140606477856636, "mvpe": 0.09224255383014679, "vorticity": 0.00010295275205862708}
{"update": 27500, "stage": "A", "lr": 1e-05, "mse": 0.00019166417041560635, "tke": 0.47477245330810547, "rel": 0.11113294586539268, "mvpe": 0.0952669158577919, "vorticity": 7.13137860657298e-05}
{"update": 27600, "stage": "A", "lr": 1e-05, "mse": 0.00026913235706160776, "tke": 0.3713591992855072, "rel": 0.10067256540060043, "mvpe": 0.07083418779075146, "vorticity": 0.00010102434134751093}
{"update": 27700, "stage": "A", "lr": 1e-05, "mse": 0.00038780045724706724, "tke": 0.45386047661304474, "rel": 0.10737098753452301, "mvpe": 0.07740439847111702, "vorticity": 0.00013266852693050168}
{"update": 27800, "stage": "A", "lr": 1e-05, "mse": 0.00016057562243076973, "tke": 0.44249744713306427, "rel": 0.10788218304514885, "mvpe": 0.08689295127987862, "vorticity": 6.296752690104768e-05}
{"update": 27900, "stage": "A", "lr": 1e-05, "mse": 0.00020582306024152786, "tke": 0.454420268535614, "rel": 0.09973970800638199, "mvpe": 0.07905204594135284, "vorticity": 7.695012027397752e-05}
{"update": 28000, "stage": "A", "lr": 1e-05, "mse": 0.00011516880476847291, "tke": 0.4773261547088623, "rel": 0.09196892380714417, "mvpe": 0.07278963178396225, "vorticity": 5.094240259495564e-05}
{"update": 28100, "stage": "A", "lr": 1e-05, "mse": 0.00014411830125027336, "tke": 0.4417276084423065, "rel": 0.08777628093957901, "mvpe": 0.06371275708079338, "vorticity": 6.152677269710694e-05}
{"update": 28200, "stage": "A", "lr": 1e-05, "mse": 0.0002801582813845016, "tke": 0.4364939481019974, "rel": 0.1223912201821804, "mvpe": 0.11111944913864136, "vorticity": 0.00010292362640029751}
{"update": 28300, "stage": "A", "lr": 1e-05, "mse": 0.000145681911817519, "tke": 0.48402999341487885, "rel": 0.09560458734631538, "mvpe": 0.07232877239584923, "vorticity": 5.8843053921009414e-05}
{"update": 28400, "stage": "A", "lr": 1e-05, "mse": 0.00015035711840027943, "tke": 0.4676503539085388, "rel": 0.08775947988033295, "mvpe": 0.07329859212040901, "vorticity": 6.416263568098657e-05}
{"update": 28500, "stage": "A", "lr": 1e-05, "mse": 0.000148934679600643, "tke": 0.4808405637741089, "rel": 0.0902576707303524, "mvpe": 0.0736808255314827, "vorticity": 6.792049498471897e-05}
{"update": 28600, "stage": "A", "lr": 1e-05, "mse": 0.000402975405449979, "tke": 0.4277493953704834, "rel": 0.10623086616396904, "mvpe": 0.08056636527180672, "vorticity": 0.00013498034240910783}
{"update": 28700, "stage": "A", "lr": 1e-05, "mse": 0.0004032893048133701, "tke": 0.45376521348953247, "rel": 0.116536945104599, "mvpe": 0.09609659388661385, "vorticity": 0.0001261376091861166}
{"update": 28800, "stage": "A", "lr": 1e-05, "mse": 0.00024328289146069437, "tke": 0.5227823853492737, "rel": 0.09892266988754272, "mvpe": 0.0935993567109108, "vorticity": 8.635910853627138e-05}
{"update": 28900, "stage": "A", "lr": 1e-05, "mse": 0.00012966080976184458, "tke": 0.46421127021312714, "rel": 0.09342613443732262, "mvpe": 0.06957937777042389, "vorticity": 5.580211472988594e-05}
{"update": 29000, "stage": "A", "lr": 1e-05, "mse": 0.00018722518143476918, "tke": 0.467906191945076, "rel": 0.09746379777789116, "mvpe": 0.06947769597172737, "vorticity": 7.966031262185425e-05}
{"update": 29100, "stage": "A", "lr": 1e-05, "mse": 0.00023287841031560674, "tke": 0.4296148866415024, "rel": 0.10241656750440598, "mvpe": 0.07348070293664932, "vorticity": 9.025481267599389e-05}
{"update": 29200, "stage": "A", "lr": 1e-05, "mse": 0.0001578886149218306, "tke": 0.41844412684440613, "rel": 0.09014587849378586, "mvpe": 0.06994840502738953, "vorticity": 6.569352080987301e-05}
{"update": 29300, "stage": "A", "lr": 1e-05, "mse": 0.0001540274970466271, "tke": 0.3997116684913635, "rel": 0.10245529562234879, "mvpe": 0.08005180582404137, "vorticity": 6.056578968127724e-05}
{"update": 29400, "stage": "A", "lr": 1e-05, "mse": 0.00020407309784786776, "tke": 0.4447729289531708, "rel": 0.10994445532560349, "mvpe": 0.07697124034166336, "vorticity": 8.049757525441237e-05}
{"update": 29500, "stage": "A", "lr": 1e-05, "mse": 0.00029075149359414354, "tke": 0.4589984118938446, "rel": 0.10451199114322662, "mvpe": 0.08366629481315613, "vorticity": 0.00010132167699339334}
{"update": 29600, "stage": "A", "lr": 1e-05, "mse": 0.00015262685337802395, "tke": 0.4917370229959488, "rel": 0.10066062211990356, "mvpe": 0.07100395672023296, "vorticity": 6.66509095026413e-05}
{"update": 29700, "stage": "A", "lr": 1e-05, "mse": 0.00018601333431433886, "tke": 0.47702598571777344, "rel": 0.10851099714636803, "mvpe": 0.0867549441754818, "vorticity": 7.526076751673827e-05}
{"update": 29800, "stage": "A", "lr": 1e-05, "mse": 0.00015636800526408479, "tke": 0.4318254590034485, "rel": 0.09715937450528145, "mvpe": 0.08093054965138435, "vorticity": 6.610721902688965e-05}
{"update": 29900, "stage": "A", "lr": 1e-05, "mse": 0.0003162049761158414, "tke": 0.46337631344795227, "rel": 0.11067128926515579, "mvpe": 0.08646971732378006, "vorticity": 0.00011211557648493908}
{"update": 30000, "stage": "A", "lr": 1e-05, "mse": 0.0002738827242865227, "tke": 0.43644897639751434, "rel": 0.10894808545708656, "mvpe": 0.07473413646221161, "vorticity": 9.485763439442962e-05}
{"update": 30100, "stage": "A", "lr": 1e-05, "mse": 0.00011004988482454792, "tke": 0.4087049067020416, "rel": 0.0940367691218853, "mvpe": 0.07378013245761395, "vorticity": 4.8438516387250274e-05}
{"update": 30200, "stage": "A", "lr": 1e-05, "mse": 0.0001780218444764614, "tke": 0.4362492263317108, "rel": 0.09491627663373947, "mvpe": 0.06826163083314896, "vorticity": 7.595937677251641e-05}
{"update": 30300, "stage": "A", "lr": 1e-05, "mse": 0.00013957647388451733, "tke": 0.4285605251789093, "rel": 0.1025417149066925, "mvpe": 0.07863899692893028, "vorticity": 5.4194486438063905e-05}
{"update": 30400, "stage": "A", "lr": 1e-05, "mse": 0.000310501032799948, "tke": 0.4911426901817322, "rel": 0.12305399775505066, "mvpe": 0.08142104372382164, "vorticity": 9.750599201652221e-05}
{"update": 30500, "stage": "A", "lr": 1e-05, "mse": 0.0002972046422655694, "tke": 0.43269726634025574, "rel": 0.11135248094797134, "mvpe": 0.08358380943536758, "vorticity": 0.00010107784692081623}
{"update": 30600, "stage": "A", "lr": 1e-05, "mse": 0.0003569385298760608, "tke": 0.4879160225391388, "rel": 0.12448957562446594, "mvpe": 0.09146631881594658, "vorticity": 0.00012287069330341183}
{"update": 30700, "stage": "A", "lr": 1e-05, "mse": 0.00038899582432350144, "tke": 0.4866264909505844, "rel": 0.11538462340831757, "mvpe": 0.09668461978435516, "vorticity": 0.0001341497954854276}
{"update": 30800, "stage": "A", "lr": 1e-05, "mse": 0.00025698894751258194, "tke": 0.5127150416374207, "rel": 0.11282243579626083, "mvpe": 0.08331494405865669, "vorticity": 9.293855146097485e-05}
{"update": 30900, "stage": "A", "lr": 1e-05, "mse": 0.0002469318642397411, "tke": 0.41367220878601074, "rel": 0.11554032564163208, "mvpe": 0.08224298432469368, "vorticity": 9.014335046231281e-05}
{"update": 31000, "stage": "A", "lr": 1e-05, "mse": 0.00012877138215117157, "tke": 0.4274046719074249, "rel": 0.08875510469079018, "mvpe": 0.0747296791523695, "vorticity": 5.7897726946976036e-05}
{"update": 31100, "stage": "A", "lr": 1e-05, "mse": 0.00039714750892017037, "tke": 0.4825930595397949, "rel": 0.11620327830314636, "mvpe": 0.09508173912763596, "vorticity": 0.00014153456504573114}
{"update": 31200, "stage": "A", "lr": 1e-05, "mse": 0.00020168846094748005, "tke": 0.42404524981975555, "rel": 0.1039937250316143, "mvpe": 0.07782479003071785, "vorticity": 8.241727846325375e-05}
{"update": 31300, "stage": "A", "lr": 1e-05, "mse": 9.716528074932285e-05, "tke": 0.4857412725687027, "rel": 0.073424456641078, "mvpe": 0.05587488412857056, "vorticity": 4.7758809159859084e-05}
{"update": 31400, "stage": "A", "lr": 1e-05, "mse": 7.033508154563606e-05, "tke": 0.41105909645557404, "rel": 0.0782799944281578, "mvpe": 0.06130114570260048, "vorticity": 3.464829751465004e-05}
{"update": 31500, "stage": "A", "lr": 1e-05, "mse": 0.00017142725846497342, "tke": 0.4435926675796509, "rel": 0.09831520169973373, "mvpe": 0.07985233515501022, "vorticity": 6.650261275353841e-05}
{"update": 31600, "stage": "A", "lr": 1e-05, "mse": 0.0003102217451669276, "tke": 0.44596122205257416, "rel": 0.13000881299376488, "mvpe": 0.12175997346639633, "vorticity": 0.00011588278357521631}
{"update": 31700, "stage": "A", "lr": 1e-05, "mse": 0.0003878702991642058, "tke": 0.4646243453025818, "rel": 0.10816970095038414, "mvpe": 0.07763491198420525, "vorticity": 0.0001459700106352102}
{"update": 31800, "stage": "A", "lr": 1e-05, "mse": 0.0002077799363178201, "tke": 0.46819162368774414, "rel": 0.09240464866161346, "mvpe": 0.07326432503759861, "vorticity": 7.255369382619392e-05}
{"update": 31900, "stage": "A", "lr": 1e-05, "mse": 0.00010500591270101722, "tke": 0.4309611916542053, "rel": 0.10108135640621185, "mvpe": 0.08422058448195457, "vorticity": 4.2194350044155726e-05}
{"update": 32000, "stage": "A", "lr": 1e-05, "mse": 0.00018190601986134425, "tke": 0.37910209596157074, "rel": 0.1043274737894535, "mvpe": 0.07769729755818844, "vorticity": 7.444557559210807e-05}
{"update": 32100, "stage": "A", "lr": 1e-05, "mse": 0.0003996185550931841, "tke": 0.4655628949403763, "rel": 0.09700370579957962, "mvpe": 0.07120999321341515, "vorticity": 0.00013277462858241051}
{"update": 32200, "stage": "A", "lr": 1e-05, "mse": 0.0002675249343155883, "tke": 0.4338436424732208, "rel": 0.10307088866829872, "mvpe": 0.08277275040745735, "vorticity": 9.423328810953535e-05}
{"update": 32300, "stage": "A", "lr": 1e-05, "mse": 0.00017873675096780062, "tke": 0.44725120067596436, "rel": 0.10130460932850838, "mvpe": 0.07471565157175064, "vorticity": 7.527060188294854e-05}
{"update": 32400, "stage": "A", "lr": 1e-05, "mse": 0.00020176470206934027, "tke": 0.49212151765823364, "rel": 0.09791963547468185, "mvpe": 0.07467395439743996, "vorticity": 7.982204988365993e-05}
{"update": 32500, "stage": "A", "lr": 1e-05, "mse": 0.0002698163953027688, "tke": 0.4785924553871155, "rel": 0.11032529920339584, "mvpe": 0.08077151700854301, "vorticity": 0.00010524945173528977}
{"update": 32600, "stage": "A", "lr": 1e-05, "mse": 0.00010626150469761342, "tke": 0.43218231201171875, "rel": 0.09309737756848335, "mvpe": 0.0658897627145052, "vorticity": 5.091071761853527e-05}
{"update": 32700, "stage": "A", "lr": 1e-05, "mse": 0.00012633032565645408, "tke": 0.47688668966293335, "rel": 0.11508466303348541, "mvpe": 0.09895985946059227, "vorticity": 4.7621738303860184e-05}
{"update": 32800, "stage": "A", "lr": 1e-05, "mse": 0.00021003634537919424, "tke": 0.5582077503204346, "rel": 0.09689196944236755, "mvpe": 0.08004028350114822, "vorticity": 8.005989366210997e-05}
{"update": 32900, "stage": "A", "lr": 1e-05, "mse": 0.00011878367877216078, "tke": 0.4520152360200882, "rel": 0.08810427784919739, "mvpe": 0.057954251766204834, "vorticity": 5.192298522160854e-05}
{"update": 32974, "reference_update": 20000, "stage": "A", "lr": 1e-05, "mse": 0.0002303156943526119, "tke": 0.4526884853839874, "rel": 0.10562961548566818, "mvpe": 0.07719936221837997, "vorticity": 8.716170123079792e-05, "elapsed_seconds": 23443.388094723225}
{"update": 33000, "stage": "A", "lr": 1e-05, "mse": 0.00016534078895347193, "tke": 0.4148585796356201, "rel": 0.12153267115354538, "mvpe": 0.09311027452349663, "vorticity": 6.041766573616769e-05}
{"update": 33100, "stage": "A", "lr": 1e-05, "mse": 0.0001390870093018748, "tke": 0.47584886848926544, "rel": 0.0964469388127327, "mvpe": 0.07889954000711441, "vorticity": 5.552118273044471e-05}
{"update": 33200, "stage": "A", "lr": 1e-05, "mse": 0.00025448365340707824, "tke": 0.517262876033783, "rel": 0.12740588933229446, "mvpe": 0.10435826703906059, "vorticity": 9.00888117030263e-05}
{"update": 33300, "stage": "A", "lr": 1e-05, "mse": 0.00016886848243302666, "tke": 0.4006374776363373, "rel": 0.09125342220067978, "mvpe": 0.07185577787458897, "vorticity": 6.94842565280851e-05}
{"update": 33400, "stage": "A", "lr": 1e-05, "mse": 0.00011862911924254149, "tke": 0.45551034808158875, "rel": 0.09809952601790428, "mvpe": 0.08444738015532494, "vorticity": 5.028628947911784e-05}
{"update": 33500, "stage": "A", "lr": 1e-05, "mse": 0.0002789697246043943, "tke": 0.4788687527179718, "rel": 0.09950169920921326, "mvpe": 0.07065321505069733, "vorticity": 0.00010602385009406134}
{"update": 33600, "stage": "A", "lr": 1e-05, "mse": 0.0002126928411598783, "tke": 0.4254901856184006, "rel": 0.09535910561680794, "mvpe": 0.07125959917902946, "vorticity": 8.606955816503614e-05}
{"update": 33700, "stage": "A", "lr": 1e-05, "mse": 0.00013099984062137082, "tke": 0.4368116110563278, "rel": 0.08401868492364883, "mvpe": 0.0632984135299921, "vorticity": 5.401823000283912e-05}
{"update": 33800, "stage": "A", "lr": 1e-05, "mse": 0.00010367946742917411, "tke": 0.4296678751707077, "rel": 0.09968765079975128, "mvpe": 0.08119166642427444, "vorticity": 5.029313615523279e-05}
{"update": 33900, "stage": "A", "lr": 1e-05, "mse": 0.00014124478548183106, "tke": 0.4967893660068512, "rel": 0.10247709602117538, "mvpe": 0.07239816337823868, "vorticity": 5.8765735957422294e-05}
{"update": 34000, "stage": "A", "lr": 1e-05, "mse": 0.00020986781601095572, "tke": 0.4405796527862549, "rel": 0.09527711570262909, "mvpe": 0.07385530322790146, "vorticity": 8.21110461401986e-05}
{"update": 34100, "stage": "A", "lr": 1e-05, "mse": 0.0002680440265976358, "tke": 0.4488833099603653, "rel": 0.10911372676491737, "mvpe": 0.08582480251789093, "vorticity": 8.682766383572016e-05}
{"update": 34200, "stage": "A", "lr": 1e-05, "mse": 0.00024390427097387146, "tke": 0.4154071658849716, "rel": 0.09403173625469208, "mvpe": 0.06399189308285713, "vorticity": 9.178926848107949e-05}
{"update": 34300, "stage": "A", "lr": 1e-05, "mse": 0.00034912597038783133, "tke": 0.42272791266441345, "rel": 0.10949883610010147, "mvpe": 0.090732142329216, "vorticity": 0.00012210384375066496}
{"update": 34400, "stage": "A", "lr": 1e-05, "mse": 0.00010408558955532499, "tke": 0.4417962431907654, "rel": 0.11291253566741943, "mvpe": 0.0975184328854084, "vorticity": 4.3147547330590896e-05}
{"update": 34500, "stage": "A", "lr": 1e-05, "mse": 0.00033074883685912937, "tke": 0.45922762155532837, "rel": 0.11689687892794609, "mvpe": 0.09367410466074944, "vorticity": 0.00012108352893847041}
{"update": 34600, "stage": "A", "lr": 1e-05, "mse": 0.0001619493996258825, "tke": 0.4725566506385803, "rel": 0.09523716568946838, "mvpe": 0.07574063912034035, "vorticity": 6.72220703563653e-05}
{"update": 34700, "stage": "A", "lr": 1e-05, "mse": 0.0003394888262846507, "tke": 0.49463748931884766, "rel": 0.10373819246888161, "mvpe": 0.07105526328086853, "vorticity": 0.00012393464567139745}
{"update": 34800, "stage": "A", "lr": 1e-05, "mse": 0.00020048785881954245, "tke": 0.524804413318634, "rel": 0.10223253443837166, "mvpe": 0.07487479224801064, "vorticity": 8.808126040094066e-05}
{"update": 34900, "stage": "A", "lr": 1e-05, "mse": 0.000227159725909587, "tke": 0.4362291097640991, "rel": 0.10895074903964996, "mvpe": 0.0901886597275734, "vorticity": 7.599021955684293e-05}
{"update": 35000, "stage": "A", "lr": 1e-05, "mse": 0.0002592090313555673, "tke": 0.4901115894317627, "rel": 0.11302275955677032, "mvpe": 0.08307289704680443, "vorticity": 9.979942115023732e-05}
{"update": 35100, "stage": "A", "lr": 1e-05, "mse": 0.0002625746055855416, "tke": 0.3962697237730026, "rel": 0.10477304458618164, "mvpe": 0.078586146235466, "vorticity": 9.310440145782195e-05}
{"update": 35200, "stage": "A", "lr": 1e-05, "mse": 0.00011190214718226343, "tke": 0.46353529393672943, "rel": 0.07964753359556198, "mvpe": 0.05709999427199364, "vorticity": 5.158049680176191e-05}
{"update": 35300, "stage": "A", "lr": 1e-05, "mse": 6.794834553147666e-05, "tke": 0.4051928073167801, "rel": 0.08126894384622574, "mvpe": 0.05659173056483269, "vorticity": 3.0123574106255546e-05}
{"update": 35400, "stage": "A", "lr": 1e-05, "mse": 0.0002543013615650125, "tke": 0.47463907301425934, "rel": 0.10263289511203766, "mvpe": 0.08062469586730003, "vorticity": 9.029226202983409e-05}
{"update": 35500, "stage": "A", "lr": 1e-05, "mse": 8.29362961667357e-05, "tke": 0.4687216579914093, "rel": 0.09795226156711578, "mvpe": 0.07836645096540451, "vorticity": 3.9049386941769626e-05}
{"update": 35600, "stage": "A", "lr": 1e-05, "mse": 0.00014697430742671713, "tke": 0.4425562918186188, "rel": 0.09642168879508972, "mvpe": 0.07155917212367058, "vorticity": 6.271183337958064e-05}
{"update": 35700, "stage": "A", "lr": 1e-05, "mse": 0.00023697977667325176, "tke": 0.459635853767395, "rel": 0.08841574192047119, "mvpe": 0.06412236019968987, "vorticity": 8.523743053956423e-05}
{"update": 35800, "stage": "A", "lr": 1e-05, "mse": 8.405085827689618e-05, "tke": 0.4411594420671463, "rel": 0.0870198905467987, "mvpe": 0.08361466601490974, "vorticity": 4.0260396417579614e-05}
{"update": 35900, "stage": "A", "lr": 1e-05, "mse": 0.00010858178211492486, "tke": 0.3539857566356659, "rel": 0.09764605015516281, "mvpe": 0.07091819494962692, "vorticity": 4.7260111387004144e-05}
{"update": 36000, "stage": "A", "lr": 1e-05, "mse": 0.00020838200725847855, "tke": 0.4308739900588989, "rel": 0.1135663352906704, "mvpe": 0.08815676346421242, "vorticity": 8.213157707359642e-05}
{"update": 36100, "stage": "A", "lr": 1e-05, "mse": 0.00025337431725347415, "tke": 0.4554935693740845, "rel": 0.11541851609945297, "mvpe": 0.08799150958657265, "vorticity": 0.00010030850535258651}
{"update": 36200, "stage": "A", "lr": 1e-05, "mse": 5.652005165757146e-05, "tke": 0.35006557404994965, "rel": 0.1042361743748188, "mvpe": 0.08576055616140366, "vorticity": 2.582261004135944e-05}
{"update": 36300, "stage": "A", "lr": 1e-05, "mse": 0.00039983140595722944, "tke": 0.43834754824638367, "rel": 0.1325765885412693, "mvpe": 0.10976018011569977, "vorticity": 0.00012646592949749902}
{"update": 36400, "stage": "A", "lr": 1e-05, "mse": 0.0003316008660476655, "tke": 0.43727777898311615, "rel": 0.1073722206056118, "mvpe": 0.07778546586632729, "vorticity": 0.00011535709199961275}
{"update": 36500, "stage": "A", "lr": 1e-05, "mse": 0.0002118446664098883, "tke": 0.3918028771877289, "rel": 0.09781378507614136, "mvpe": 0.07203469052910805, "vorticity": 7.937161080917576e-05}
{"update": 36600, "stage": "A", "lr": 1e-05, "mse": 0.0002737323011388071, "tke": 0.4733138829469681, "rel": 0.1039193868637085, "mvpe": 0.07740523852407932, "vorticity": 0.00010315334657207131}
{"update": 36700, "stage": "A", "lr": 1e-05, "mse": 0.00011757895845221356, "tke": 0.4817047119140625, "rel": 0.08802825585007668, "mvpe": 0.06587258726358414, "vorticity": 5.328703446139116e-05}
{"update": 36800, "stage": "A", "lr": 1e-05, "mse": 0.0001886759710032493, "tke": 0.43381598591804504, "rel": 0.11492279917001724, "mvpe": 0.10194044187664986, "vorticity": 6.887367453600746e-05}
{"update": 36900, "stage": "A", "lr": 1e-05, "mse": 0.0001356723041681107, "tke": 0.4463774263858795, "rel": 0.10396498814225197, "mvpe": 0.09820770472288132, "vorticity": 5.8119820096180774e-05}
{"update": 37000, "stage": "A", "lr": 1e-05, "mse": 0.00023666337074246258, "tke": 0.4313194751739502, "rel": 0.11242037639021873, "mvpe": 0.0959989670664072, "vorticity": 8.819784216029802e-05}
{"update": 37100, "stage": "A", "lr": 1e-05, "mse": 6.614008998440113e-05, "tke": 0.37301862239837646, "rel": 0.08009229227900505, "mvpe": 0.05947761982679367, "vorticity": 3.080025453527924e-05}
{"update": 37200, "stage": "A", "lr": 1e-05, "mse": 0.00026669355429476127, "tke": 0.4543612450361252, "rel": 0.10159480944275856, "mvpe": 0.06844847649335861, "vorticity": 9.678327478468418e-05}
{"update": 37300, "stage": "A", "lr": 1e-05, "mse": 0.00015615682787029073, "tke": 0.47246605157852173, "rel": 0.09561707079410553, "mvpe": 0.0655510351061821, "vorticity": 6.32113606116036e-05}
{"update": 37400, "stage": "A", "lr": 1e-05, "mse": 0.00028849330556113273, "tke": 0.40653036534786224, "rel": 0.11678236722946167, "mvpe": 0.08527310192584991, "vorticity": 9.854968084255233e-05}
{"update": 37500, "stage": "A", "lr": 1e-05, "mse": 8.083408647507895e-05, "tke": 0.4335085451602936, "rel": 0.08301910012960434, "mvpe": 0.06866731867194176, "vorticity": 3.967112297686981e-05}
{"update": 37600, "stage": "A", "lr": 1e-05, "mse": 0.00019498189794830978, "tke": 0.4528138041496277, "rel": 0.09850580245256424, "mvpe": 0.09367423132061958, "vorticity": 7.699153138673864e-05}
{"update": 37700, "stage": "A", "lr": 1e-05, "mse": 0.0004119668737985194, "tke": 0.44624683260917664, "rel": 0.12055569887161255, "mvpe": 0.09521249309182167, "vorticity": 0.0001507702181697823}
{"update": 37800, "stage": "A", "lr": 1e-05, "mse": 0.0001524254330433905, "tke": 0.44956260919570923, "rel": 0.08077245578169823, "mvpe": 0.05482280254364014, "vorticity": 6.39782319922233e-05}
{"update": 37900, "stage": "A", "lr": 1e-05, "mse": 0.00026027394051197916, "tke": 0.4418752193450928, "rel": 0.11083284020423889, "mvpe": 0.09082453697919846, "vorticity": 9.108706944971345e-05}
{"update": 38000, "stage": "A", "lr": 1e-05, "mse": 0.00014327061217045411, "tke": 0.4353539049625397, "rel": 0.09705057740211487, "mvpe": 0.07158469781279564, "vorticity": 6.134585964900907e-05}
{"update": 38100, "stage": "A", "lr": 1e-05, "mse": 0.00021946781998849474, "tke": 0.463235542178154, "rel": 0.1113966666162014, "mvpe": 0.09402938932180405, "vorticity": 8.122006329358555e-05}
{"update": 38200, "stage": "A", "lr": 1e-05, "mse": 0.0002812260645441711, "tke": 0.4164531081914902, "rel": 0.11739253997802734, "mvpe": 0.08564091846346855, "vorticity": 0.00010614151688059792}
{"update": 38300, "stage": "A", "lr": 1e-05, "mse": 0.00013645895887748338, "tke": 0.46105119585990906, "rel": 0.08571405708789825, "mvpe": 0.06521591544151306, "vorticity": 6.160296106827445e-05}
{"update": 38400, "stage": "A", "lr": 1e-05, "mse": 0.00030522388260578737, "tke": 0.41623008251190186, "rel": 0.1027856171131134, "mvpe": 0.07033770345151424, "vorticity": 0.00011047769294236787}
{"update": 38500, "stage": "A", "lr": 1e-05, "mse": 0.00012107686052331701, "tke": 0.40488019585609436, "rel": 0.08933480456471443, "mvpe": 0.07018455490469933, "vorticity": 5.252784103504382e-05}
{"update": 38600, "stage": "A", "lr": 1e-05, "mse": 0.00019766528566833586, "tke": 0.472914457321167, "rel": 0.12359926477074623, "mvpe": 0.10074680298566818, "vorticity": 7.93266372056678e-05}
{"update": 38700, "stage": "A", "lr": 1e-05, "mse": 0.00022256900228967424, "tke": 0.43378332257270813, "rel": 0.09398743882775307, "mvpe": 0.0751357227563858, "vorticity": 6.63218511363084e-05}
{"update": 38800, "stage": "A", "lr": 1e-05, "mse": 0.00010217823364655487, "tke": 0.39382533729076385, "rel": 0.07112560234963894, "mvpe": 0.04573043994605541, "vorticity": 4.4865011659567244e-05}
{"update": 38900, "stage": "A", "lr": 1e-05, "mse": 0.00018980776440002955, "tke": 0.46886514127254486, "rel": 0.08577009290456772, "mvpe": 0.05966048501431942, "vorticity": 6.741645302099641e-05}
{"update": 39000, "stage": "A", "lr": 1e-05, "mse": 0.00022364627511706203, "tke": 0.39956800639629364, "rel": 0.10230604559183121, "mvpe": 0.09583310782909393, "vorticity": 8.362381777260453e-05}
{"update": 39100, "stage": "A", "lr": 1e-05, "mse": 0.00014854703113087453, "tke": 0.4571903795003891, "rel": 0.11031676828861237, "mvpe": 0.09461905807256699, "vorticity": 6.050791125744581e-05}
{"update": 39200, "stage": "A", "lr": 1e-05, "mse": 0.0002640207385411486, "tke": 0.3923807442188263, "rel": 0.09746281057596207, "mvpe": 0.07193911820650101, "vorticity": 9.580383994034491e-05}
{"update": 39300, "stage": "A", "lr": 1e-05, "mse": 3.7869636798859574e-05, "tke": 0.45276695489883423, "rel": 0.0868164524435997, "mvpe": 0.07135947048664093, "vorticity": 1.9883091226802208e-05}
{"update": 39400, "stage": "A", "lr": 1e-05, "mse": 0.0001278046183870174, "tke": 0.4546549469232559, "rel": 0.07975951954722404, "mvpe": 0.050730908289551735, "vorticity": 5.2151319323456846e-05}
{"update": 39500, "stage": "A", "lr": 1e-05, "mse": 0.000175140994542744, "tke": 0.4681225121021271, "rel": 0.10843244194984436, "mvpe": 0.0829063132405281, "vorticity": 6.798718459322117e-05}
{"update": 39600, "stage": "A", "lr": 1e-05, "mse": 0.00018916715271188878, "tke": 0.4611438661813736, "rel": 0.09434931725263596, "mvpe": 0.07526897266507149, "vorticity": 7.669070691918023e-05}
{"update": 39700, "stage": "A", "lr": 1e-05, "mse": 0.0003896899288520217, "tke": 0.5100240856409073, "rel": 0.11782842874526978, "mvpe": 0.10246943309903145, "vorticity": 0.00014862229727441445}
{"update": 39800, "stage": "A", "lr": 1e-05, "mse": 0.0002744437224464491, "tke": 0.44626282155513763, "rel": 0.09124550223350525, "mvpe": 0.0603898111730814, "vorticity": 9.773065175977536e-05}
{"update": 39900, "stage": "A", "lr": 1e-05, "mse": 0.00014552841275872197, "tke": 0.433746874332428, "rel": 0.08797929063439369, "mvpe": 0.07645988464355469, "vorticity": 5.708063963538734e-05}
{"update": 40000, "stage": "A", "lr": 1e-05, "mse": 0.00012269649960217066, "tke": 0.4671090543270111, "rel": 0.09377814829349518, "mvpe": 0.0760347805917263, "vorticity": 5.525413325813133e-05}
{"update": 40100, "stage": "A", "lr": 1e-05, "mse": 0.00029178532713558525, "tke": 0.4448082149028778, "rel": 0.10374386236071587, "mvpe": 0.07803624123334885, "vorticity": 0.00011091855049016885}
{"update": 40200, "stage": "A", "lr": 1e-05, "mse": 6.76183553878218e-05, "tke": 0.45424939692020416, "rel": 0.07726858928799629, "mvpe": 0.058867210522294044, "vorticity": 3.290158201707527e-05}
{"update": 40300, "stage": "A", "lr": 1e-05, "mse": 0.0002620960112835746, "tke": 0.4390772581100464, "rel": 0.09764720499515533, "mvpe": 0.07305490598082542, "vorticity": 8.39255426399177e-05}
{"update": 40400, "stage": "A", "lr": 1e-05, "mse": 0.0002768331760307774, "tke": 0.39357858896255493, "rel": 0.0953872799873352, "mvpe": 0.07141460850834846, "vorticity": 0.00010093851597048342}
{"update": 40500, "stage": "A", "lr": 1e-05, "mse": 0.0002640790771692991, "tke": 0.4171585142612457, "rel": 0.09973810613155365, "mvpe": 0.07937927916646004, "vorticity": 0.0001051508188538719}
{"update": 40600, "stage": "A", "lr": 1e-05, "mse": 0.00019012759730685502, "tke": 0.46159639954566956, "rel": 0.08175314962863922, "mvpe": 0.05372687429189682, "vorticity": 7.34333079890348e-05}
{"update": 40700, "stage": "A", "lr": 1e-05, "mse": 0.0003490858289296739, "tke": 0.44521060585975647, "rel": 0.13358809798955917, "mvpe": 0.11829511821269989, "vorticity": 0.00011290580368950032}
{"update": 40800, "stage": "A", "lr": 1e-05, "mse": 0.00018196090968558565, "tke": 0.429349884390831, "rel": 0.09820285066962242, "mvpe": 0.07037656381726265, "vorticity": 6.490822670457419e-05}
{"update": 40900, "stage": "A", "lr": 1e-05, "mse": 0.0006466299237217754, "tke": 0.4323342591524124, "rel": 0.1377185918390751, "mvpe": 0.11392750963568687, "vorticity": 0.00019665378204081208}
{"update": 41000, "stage": "A", "lr": 1e-05, "mse": 0.00012634271297429223, "tke": 0.41703788936138153, "rel": 0.08899155259132385, "mvpe": 0.07367265969514847, "vorticity": 5.56274717382621e-05}
{"update": 41100, "stage": "A", "lr": 1e-05, "mse": 0.00024174944337573834, "tke": 0.4126599282026291, "rel": 0.10687645897269249, "mvpe": 0.0838196612894535, "vorticity": 8.927493399824016e-05}
{"update": 41200, "stage": "A", "lr": 1e-05, "mse": 0.00010037747779279016, "tke": 0.4767809212207794, "rel": 0.09434421360492706, "mvpe": 0.07694225199520588, "vorticity": 4.54424607596593e-05}
{"update": 41217, "reference_update": 25000, "stage": "A", "lr": 1e-05, "mse": 0.00017800297428038903, "tke": 0.44573840498924255, "rel": 0.08900962397456169, "mvpe": 0.06222113408148289, "vorticity": 7.764057227177545e-05, "elapsed_seconds": 28343.623435541987}
{"update": 41300, "stage": "A", "lr": 1e-05, "mse": 8.677016739966348e-05, "tke": 0.44860976934432983, "rel": 0.12368738278746605, "mvpe": 0.11179057508707047, "vorticity": 3.9771209230821114e-05}
{"update": 41400, "stage": "A", "lr": 1e-05, "mse": 0.0002584005196695216, "tke": 0.501272514462471, "rel": 0.11229389160871506, "mvpe": 0.09362892061471939, "vorticity": 9.685227632871829e-05}
{"update": 41500, "stage": "A", "lr": 1e-05, "mse": 0.0001997021317947656, "tke": 0.4671778827905655, "rel": 0.1070137694478035, "mvpe": 0.08500272408127785, "vorticity": 7.495845238736365e-05}
{"update": 41600, "stage": "A", "lr": 1e-05, "mse": 0.0004966583073837683, "tke": 0.4672188460826874, "rel": 0.12356815114617348, "mvpe": 0.09930963814258575, "vorticity": 0.0001627917226869613}
{"update": 41700, "stage": "A", "lr": 1e-05, "mse": 0.00015437885303981602, "tke": 0.43439795076847076, "rel": 0.08573172986507416, "mvpe": 0.06270213797688484, "vorticity": 6.402954568329733e-05}
{"update": 41800, "stage": "A", "lr": 1e-05, "mse": 0.00016824200429255143, "tke": 0.43412497639656067, "rel": 0.09025943279266357, "mvpe": 0.07102532312273979, "vorticity": 6.831829887232743e-05}
{"update": 41900, "stage": "A", "lr": 1e-05, "mse": 0.0001273702764592599, "tke": 0.4763557016849518, "rel": 0.10541999340057373, "mvpe": 0.08842314779758453, "vorticity": 5.584329664998222e-05}
{"update": 42000, "stage": "A", "lr": 1e-05, "mse": 0.0001788590361684328, "tke": 0.39187315106391907, "rel": 0.09909789636731148, "mvpe": 0.07841178774833679, "vorticity": 6.524281889142003e-05}
{"update": 42100, "stage": "A", "lr": 1e-05, "mse": 0.00013942010991740972, "tke": 0.4224340617656708, "rel": 0.07962999120354652, "mvpe": 0.05758745223283768, "vorticity": 6.176595525175799e-05}
{"update": 42200, "stage": "A", "lr": 1e-05, "mse": 0.00020641508308472112, "tke": 0.44175419211387634, "rel": 0.10897297412157059, "mvpe": 0.08528968691825867, "vorticity": 8.081306441454217e-05}
{"update": 42300, "stage": "A", "lr": 1e-05, "mse": 0.00027725816471502185, "tke": 0.5209689736366272, "rel": 0.10403048992156982, "mvpe": 0.07257641293108463, "vorticity": 0.00010530714644119143}
{"update": 42400, "stage": "A", "lr": 1e-05, "mse": 0.00024500919971615076, "tke": 0.41676443815231323, "rel": 0.1012226864695549, "mvpe": 0.07042717561125755, "vorticity": 9.368544306198601e-05}
{"update": 42500, "stage": "A", "lr": 1e-05, "mse": 0.0005185022455407307, "tke": 0.48212912678718567, "rel": 0.13041453063488007, "mvpe": 0.09728376939892769, "vorticity": 0.00017188869242090732}
{"update": 42600, "stage": "A", "lr": 1e-05, "mse": 0.0002745497986325063, "tke": 0.4299078732728958, "rel": 0.10099872201681137, "mvpe": 0.0737481452524662, "vorticity": 0.00010422424020362087}
{"update": 42700, "stage": "A", "lr": 1e-05, "mse": 0.0003247378408559598, "tke": 0.42552798986434937, "rel": 0.10514666140079498, "mvpe": 0.07770916819572449, "vorticity": 0.00010685884262784384}
{"update": 42800, "stage": "A", "lr": 1e-05, "mse": 7.738068052276503e-05, "tke": 0.4372754991054535, "rel": 0.1218085065484047, "mvpe": 0.11409889161586761, "vorticity": 3.616000321926549e-05}
{"update": 42900, "stage": "A", "lr": 1e-05, "mse": 0.0001697150364634581, "tke": 0.4570685476064682, "rel": 0.09742709249258041, "mvpe": 0.06890244781970978, "vorticity": 6.388522160705179e-05}
{"update": 43000, "stage": "A", "lr": 1e-05, "mse": 0.00019590627925936133, "tke": 0.44439804553985596, "rel": 0.11319511383771896, "mvpe": 0.0877205953001976, "vorticity": 7.921277574496344e-05}
{"update": 43100, "stage": "A", "lr": 1e-05, "mse": 0.00031742826104164124, "tke": 0.5056741535663605, "rel": 0.09211436659097672, "mvpe": 0.07344306632876396, "vorticity": 0.00011096996604464948}
{"update": 43200, "stage": "A", "lr": 1e-05, "mse": 0.00015565298963338137, "tke": 0.4157811254262924, "rel": 0.09864098951220512, "mvpe": 0.07853488996624947, "vorticity": 6.284900518949144e-05}
{"update": 43300, "stage": "A", "lr": 1e-05, "mse": 0.00024901076540118083, "tke": 0.4270860254764557, "rel": 0.10385115817189217, "mvpe": 0.07884781062602997, "vorticity": 9.406971003045328e-05}
{"update": 43400, "stage": "A", "lr": 1e-05, "mse": 0.00023271617101272568, "tke": 0.44935131072998047, "rel": 0.10056247934699059, "mvpe": 0.06330320611596107, "vorticity": 8.64524336066097e-05}
{"update": 43500, "stage": "A", "lr": 1e-05, "mse": 0.00016880218754522502, "tke": 0.3773426115512848, "rel": 0.11186138167977333, "mvpe": 0.08993954956531525, "vorticity": 6.964905151107814e-05}
{"update": 43600, "stage": "A", "lr": 1e-05, "mse": 0.0001588291343068704, "tke": 0.47582560777664185, "rel": 0.08830174431204796, "mvpe": 0.07565060630440712, "vorticity": 6.521347677335143e-05}
{"update": 43700, "stage": "A", "lr": 1e-05, "mse": 0.00011569131311262026, "tke": 0.40436114370822906, "rel": 0.0833444781601429, "mvpe": 0.06768658757209778, "vorticity": 4.869645090366248e-05}
{"update": 43800, "stage": "A", "lr": 1e-05, "mse": 0.00029237496164569166, "tke": 0.41390740871429443, "rel": 0.10400407016277313, "mvpe": 0.08413106575608253, "vorticity": 0.0001047778232532437}
{"update": 43900, "stage": "A", "lr": 1e-05, "mse": 0.00014603154704673216, "tke": 0.38320302963256836, "rel": 0.10397593677043915, "mvpe": 0.08782058954238892, "vorticity": 6.262785427679773e-05}
{"update": 44000, "stage": "A", "lr": 1e-05, "mse": 0.0002640644052007701, "tke": 0.42131930589675903, "rel": 0.11597437411546707, "mvpe": 0.0891912467777729, "vorticity": 9.933428555086721e-05}
{"update": 44100, "stage": "A", "lr": 1e-05, "mse": 0.00014332978025777265, "tke": 0.46220606565475464, "rel": 0.0907764732837677, "mvpe": 0.06595785170793533, "vorticity": 6.156647759780753e-05}
{"update": 44200, "stage": "A", "lr": 1e-05, "mse": 0.00014706119873153511, "tke": 0.40771283209323883, "rel": 0.09899356588721275, "mvpe": 0.07923576049506664, "vorticity": 5.743320980400313e-05}
{"update": 44300, "stage": "A", "lr": 1e-05, "mse": 0.00017087354717659764, "tke": 0.4860246777534485, "rel": 0.1054704301059246, "mvpe": 0.08756084740161896, "vorticity": 7.18719693395542e-05}
{"update": 44400, "stage": "A", "lr": 1e-05, "mse": 0.00015364359569502994, "tke": 0.4034540355205536, "rel": 0.10250472277402878, "mvpe": 0.07671642489731312, "vorticity": 6.175597081892192e-05}
{"update": 44500, "stage": "A", "lr": 1e-05, "mse": 5.2715808124048635e-05, "tke": 0.40051132440567017, "rel": 0.08773873746395111, "mvpe": 0.07267893478274345, "vorticity": 2.7056262297264766e-05}
{"update": 44600, "stage": "A", "lr": 1e-05, "mse": 8.979164522315841e-05, "tke": 0.4257810413837433, "rel": 0.1030103899538517, "mvpe": 0.09313971176743507, "vorticity": 3.9460702282667626e-05}
{"update": 44700, "stage": "A", "lr": 1e-05, "mse": 0.00014480669051408768, "tke": 0.4620393365621567, "rel": 0.10111352428793907, "mvpe": 0.08492667973041534, "vorticity": 5.878628871869296e-05}
{"update": 44800, "stage": "A", "lr": 1e-05, "mse": 0.0002579550418886356, "tke": 0.4632275402545929, "rel": 0.10297157987952232, "mvpe": 0.08674400299787521, "vorticity": 0.00010077336082758848}
{"update": 44900, "stage": "A", "lr": 1e-05, "mse": 0.00014801291399635375, "tke": 0.4593229740858078, "rel": 0.09600435942411423, "mvpe": 0.07110999897122383, "vorticity": 6.198764458531514e-05}
{"update": 45000, "stage": "A", "lr": 1e-05, "mse": 0.00020196285186102614, "tke": 0.45059484243392944, "rel": 0.10599735006690025, "mvpe": 0.08977136388421059, "vorticity": 7.881900637585204e-05}
{"update": 45100, "stage": "A", "lr": 1e-05, "mse": 0.00022206503490451723, "tke": 0.47295066714286804, "rel": 0.09692573174834251, "mvpe": 0.07509118318557739, "vorticity": 8.372042793780565e-05}
{"update": 45200, "stage": "A", "lr": 1e-05, "mse": 0.00022345623438013718, "tke": 0.4521681219339371, "rel": 0.09585336595773697, "mvpe": 0.06377363577485085, "vorticity": 7.668814032513183e-05}
{"update": 45300, "stage": "A", "lr": 1e-05, "mse": 0.000276919970929157, "tke": 0.46944284439086914, "rel": 0.09540493041276932, "mvpe": 0.06678440794348717, "vorticity": 9.92195273283869e-05}
{"update": 45400, "stage": "A", "lr": 1e-05, "mse": 8.364701170648914e-05, "tke": 0.4240718185901642, "rel": 0.11708295345306396, "mvpe": 0.09698176011443138, "vorticity": 3.7842273741262034e-05}
{"update": 45500, "stage": "A", "lr": 1e-05, "mse": 0.0002210850580013357, "tke": 0.4160160571336746, "rel": 0.09169318154454231, "mvpe": 0.055763762444257736, "vorticity": 8.263051495305263e-05}
{"update": 45600, "stage": "A", "lr": 1e-05, "mse": 0.0001963017275556922, "tke": 0.46618081629276276, "rel": 0.08978019654750824, "mvpe": 0.0621461421251297, "vorticity": 7.715440369793214e-05}
{"update": 45700, "stage": "A", "lr": 1e-05, "mse": 0.00016510339628439397, "tke": 0.44288256764411926, "rel": 0.09574490785598755, "mvpe": 0.08613636530935764, "vorticity": 6.529569691338111e-05}
{"update": 45800, "stage": "A", "lr": 1e-05, "mse": 9.976624187402194e-05, "tke": 0.41394616663455963, "rel": 0.08254511654376984, "mvpe": 0.07324317842721939, "vorticity": 4.360399589131703e-05}
{"update": 45900, "stage": "A", "lr": 1e-05, "mse": 0.00017548707182868384, "tke": 0.46574774384498596, "rel": 0.1156417690217495, "mvpe": 0.10318398475646973, "vorticity": 6.706520798616111e-05}
{"update": 46000, "stage": "A", "lr": 1e-05, "mse": 0.00030904376035323367, "tke": 0.44977492094039917, "rel": 0.1010991781949997, "mvpe": 0.07690124213695526, "vorticity": 0.0001113357393478509}
{"update": 46100, "stage": "A", "lr": 1e-05, "mse": 0.0002304156223544851, "tke": 0.5434401631355286, "rel": 0.10025616735219955, "mvpe": 0.07578838616609573, "vorticity": 9.68303284025751e-05}
{"update": 46200, "stage": "A", "lr": 1e-05, "mse": 0.00022557038028026, "tke": 0.428360253572464, "rel": 0.1111956425011158, "mvpe": 0.09080136939883232, "vorticity": 8.597841951996088e-05}
{"update": 46300, "stage": "A", "lr": 1e-05, "mse": 0.00032608365290798247, "tke": 0.46450650691986084, "rel": 0.11803087592124939, "mvpe": 0.09824035316705704, "vorticity": 0.00011621316662058234}
{"update": 46400, "stage": "A", "lr": 1e-05, "mse": 0.00021548045333474874, "tke": 0.45773543417453766, "rel": 0.08442261442542076, "mvpe": 0.05334200710058212, "vorticity": 8.038154919631779e-05}
{"update": 46500, "stage": "A", "lr": 1e-05, "mse": 0.00017737897724146023, "tke": 0.40522998571395874, "rel": 0.09143552929162979, "mvpe": 0.06360184401273727, "vorticity": 7.333743997151032e-05}
{"update": 46600, "stage": "A", "lr": 1e-05, "mse": 0.00022249622270464897, "tke": 0.46261945366859436, "rel": 0.10512101277709007, "mvpe": 0.07302618026733398, "vorticity": 8.85646186361555e-05}
{"update": 46700, "stage": "A", "lr": 1e-05, "mse": 0.0002169032595702447, "tke": 0.44123896956443787, "rel": 0.09275652840733528, "mvpe": 0.07081177458167076, "vorticity": 7.992542123247404e-05}
{"update": 46800, "stage": "A", "lr": 1e-05, "mse": 0.00019031504052691162, "tke": 0.44481658935546875, "rel": 0.10563072189688683, "mvpe": 0.07820674031972885, "vorticity": 7.606625877087936e-05}
{"update": 46900, "stage": "A", "lr": 1e-05, "mse": 0.00012388893082970753, "tke": 0.4884188622236252, "rel": 0.09485466033220291, "mvpe": 0.07883990928530693, "vorticity": 5.668881567544304e-05}
{"update": 47000, "stage": "A", "lr": 1e-05, "mse": 0.0002013532939599827, "tke": 0.3939744383096695, "rel": 0.09555591642856598, "mvpe": 0.06137789972126484, "vorticity": 8.208264262066223e-05}
{"update": 47100, "stage": "A", "lr": 1e-05, "mse": 0.00020832895461353473, "tke": 0.4487803727388382, "rel": 0.08844791352748871, "mvpe": 0.06116534769535065, "vorticity": 8.309201621159445e-05}
{"update": 47200, "stage": "A", "lr": 1e-05, "mse": 0.0002276558880112134, "tke": 0.43313339352607727, "rel": 0.10589781403541565, "mvpe": 0.08863205462694168, "vorticity": 9.045439583132975e-05}
{"update": 47300, "stage": "A", "lr": 1e-05, "mse": 9.43888517213054e-05, "tke": 0.43910379707813263, "rel": 0.09383886680006981, "mvpe": 0.07623787969350815, "vorticity": 4.2995972762582824e-05}
{"update": 47400, "stage": "A", "lr": 1e-05, "mse": 0.00021344730703276582, "tke": 0.41666363179683685, "rel": 0.09333281219005585, "mvpe": 0.07006188109517097, "vorticity": 8.31087127153296e-05}
{"update": 47500, "stage": "A", "lr": 1e-05, "mse": 0.0002891834737965837, "tke": 0.4602324962615967, "rel": 0.08927063643932343, "mvpe": 0.06625936180353165, "vorticity": 0.00010107122216140851}
{"update": 47600, "stage": "A", "lr": 1e-05, "mse": 0.00013694755398319103, "tke": 0.4286516010761261, "rel": 0.09338746964931488, "mvpe": 0.07190034538507462, "vorticity": 5.743050860473886e-05}
{"update": 47700, "stage": "A", "lr": 1e-05, "mse": 0.00026829490525415167, "tke": 0.44080889225006104, "rel": 0.11146654188632965, "mvpe": 0.07946695759892464, "vorticity": 0.00010055565144284628}
{"update": 47800, "stage": "A", "lr": 1e-05, "mse": 0.0004410946858115494, "tke": 0.3631197512149811, "rel": 0.12748366594314575, "mvpe": 0.09799645468592644, "vorticity": 0.00013603977640741505}
{"update": 47900, "stage": "A", "lr": 1e-05, "mse": 0.00012168714783911128, "tke": 0.46080978214740753, "rel": 0.10183991119265556, "mvpe": 0.08272161707282066, "vorticity": 5.42949292139383e-05}
{"update": 48000, "stage": "A", "lr": 1e-05, "mse": 0.0002715364025789313, "tke": 0.3547106087207794, "rel": 0.10699355602264404, "mvpe": 0.0865539088845253, "vorticity": 9.506875358056277e-05}
{"update": 48100, "stage": "A", "lr": 1e-05, "mse": 0.000286347183646285, "tke": 0.4875471442937851, "rel": 0.10640651360154152, "mvpe": 0.08103087171912193, "vorticity": 0.00010250960531266173}
{"update": 48200, "stage": "A", "lr": 1e-05, "mse": 0.0001128671647165902, "tke": 0.412534162402153, "rel": 0.09173770993947983, "mvpe": 0.06802491098642349, "vorticity": 4.974703006155323e-05}
{"update": 48300, "stage": "A", "lr": 1e-05, "mse": 0.0001304007055296097, "tke": 0.43572409451007843, "rel": 0.10465041548013687, "mvpe": 0.07786881923675537, "vorticity": 5.432961734186392e-05}
{"update": 48400, "stage": "A", "lr": 1e-05, "mse": 9.638964183977805e-05, "tke": 0.33582456409931183, "rel": 0.09291132166981697, "mvpe": 0.07006826624274254, "vorticity": 4.209839153190842e-05}
{"update": 48500, "stage": "A", "lr": 1e-05, "mse": 0.00023471046733902767, "tke": 0.3962276577949524, "rel": 0.09411584585905075, "mvpe": 0.06220734491944313, "vorticity": 8.472834633721504e-05}
{"update": 48600, "stage": "A", "lr": 1e-05, "mse": 0.00022258081298787147, "tke": 0.39128056168556213, "rel": 0.11080094054341316, "mvpe": 0.09463952854275703, "vorticity": 8.737025564187206e-05}
{"update": 48700, "stage": "A", "lr": 1e-05, "mse": 0.00011252732474531513, "tke": 0.4280693829059601, "rel": 0.10182230919599533, "mvpe": 0.08678305521607399, "vorticity": 4.331502896093298e-05}
{"update": 48800, "stage": "A", "lr": 1e-05, "mse": 0.00022914939472684637, "tke": 0.4495965838432312, "rel": 0.10563035681843758, "mvpe": 0.08161557838320732, "vorticity": 9.063650213647634e-05}
{"update": 48900, "stage": "A", "lr": 1e-05, "mse": 0.0002592304444988258, "tke": 0.457329586148262, "rel": 0.09644481539726257, "mvpe": 0.08216981962323189, "vorticity": 9.543890337226912e-05}
{"update": 49000, "stage": "A", "lr": 1e-05, "mse": 0.00026836182951228693, "tke": 0.5239686667919159, "rel": 0.09526579082012177, "mvpe": 0.07528590969741344, "vorticity": 0.00010410001777927391}
{"update": 49100, "stage": "A", "lr": 1e-05, "mse": 0.00019191332103218883, "tke": 0.4537236988544464, "rel": 0.09105126559734344, "mvpe": 0.07006095349788666, "vorticity": 7.700913920416497e-05}
{"update": 49200, "stage": "A", "lr": 1e-05, "mse": 0.00019798107314272784, "tke": 0.40798142552375793, "rel": 0.10202346369624138, "mvpe": 0.07480524480342865, "vorticity": 7.116339656931814e-05}
{"update": 49300, "stage": "A", "lr": 1e-05, "mse": 0.00014443937470787205, "tke": 0.41359254717826843, "rel": 0.08822387456893921, "mvpe": 0.06682643294334412, "vorticity": 5.96245354245184e-05}
{"update": 49400, "stage": "A", "lr": 1e-05, "mse": 9.002405931823887e-05, "tke": 0.4175393730401993, "rel": 0.10257880389690399, "mvpe": 0.09251149371266365, "vorticity": 4.163082121522166e-05}
{"update": 49461, "reference_update": 30000, "stage": "A", "lr": 1e-05, "mse": 0.00016481417696923018, "tke": 0.3947923481464386, "rel": 0.09350157529115677, "mvpe": 0.08273942023515701, "vorticity": 6.923077489773277e-05, "elapsed_seconds": 33239.404422193766}
{"update": 49500, "stage": "B", "lr": 3e-06, "mse": 0.00019057808094657958, "tke": 0.40864790976047516, "rel": 0.09526438638567924, "mvpe": 0.07225074991583824, "vorticity": 7.216699668788351e-05}
{"update": 49600, "stage": "B", "lr": 3e-06, "mse": 0.00014328454562928528, "tke": 0.45942458510398865, "rel": 0.10956939309835434, "mvpe": 0.08509475737810135, "vorticity": 5.787658301414922e-05}
{"update": 49700, "stage": "B", "lr": 3e-06, "mse": 0.00024186508380807936, "tke": 0.4389634430408478, "rel": 0.11532242223620415, "mvpe": 0.09348635375499725, "vorticity": 9.650784159020986e-05}
{"update": 49800, "stage": "B", "lr": 3e-06, "mse": 0.00020628494894481264, "tke": 0.4253602921962738, "rel": 0.11106464639306068, "mvpe": 0.08330792933702469, "vorticity": 7.954817920108326e-05}
{"update": 49900, "stage": "B", "lr": 3e-06, "mse": 0.00015291357703972608, "tke": 0.4012379050254822, "rel": 0.09242576360702515, "mvpe": 0.07708942517638206, "vorticity": 6.135268085927237e-05}
{"update": 50000, "stage": "B", "lr": 3e-06, "mse": 9.999659232562408e-05, "tke": 0.4186816066503525, "rel": 0.10462083294987679, "mvpe": 0.0815633237361908, "vorticity": 4.7106286729103886e-05}
{"update": 50100, "stage": "B", "lr": 3e-06, "mse": 0.00038957945071160793, "tke": 0.4053161144256592, "rel": 0.1137063130736351, "mvpe": 0.0940263643860817, "vorticity": 0.00013676731032319367}
{"update": 50200, "stage": "B", "lr": 3e-06, "mse": 0.00015715967310825363, "tke": 0.4446484297513962, "rel": 0.08623292297124863, "mvpe": 0.05884062498807907, "vorticity": 6.444571590691339e-05}
{"update": 50300, "stage": "B", "lr": 3e-06, "mse": 9.147189484792762e-05, "tke": 0.4479336142539978, "rel": 0.07447908073663712, "mvpe": 0.05342933535575867, "vorticity": 4.5769629650749266e-05}
{"update": 50400, "stage": "B", "lr": 3e-06, "mse": 0.0003057942885789089, "tke": 0.5327218174934387, "rel": 0.12313301488757133, "mvpe": 0.09844279661774635, "vorticity": 0.00011696892397594638}
{"update": 50500, "stage": "B", "lr": 3e-06, "mse": 0.0002586734844953753, "tke": 0.40351882576942444, "rel": 0.09139513224363327, "mvpe": 0.06008338928222656, "vorticity": 9.774696081876755e-05}
{"update": 50600, "stage": "B", "lr": 3e-06, "mse": 9.373871762363706e-05, "tke": 0.4754713177680969, "rel": 0.08529290929436684, "mvpe": 0.0629984475672245, "vorticity": 4.584684575092979e-05}
{"update": 50700, "stage": "B", "lr": 3e-06, "mse": 0.00012877889821538702, "tke": 0.3835941255092621, "rel": 0.09090795367956161, "mvpe": 0.06315153650939465, "vorticity": 5.564068487728946e-05}
{"update": 50800, "stage": "B", "lr": 3e-06, "mse": 0.00017593103257240728, "tke": 0.43735942244529724, "rel": 0.09088211506605148, "mvpe": 0.062443485483527184, "vorticity": 7.971442391863093e-05}
{"update": 50900, "stage": "B", "lr": 3e-06, "mse": 0.0002502603329048725, "tke": 0.44086651504039764, "rel": 0.11502907797694206, "mvpe": 0.07770882546901703, "vorticity": 9.394858716404997e-05}
{"update": 51000, "stage": "B", "lr": 3e-06, "mse": 0.0001723862314975122, "tke": 0.45509862899780273, "rel": 0.0852653793990612, "mvpe": 0.0607149563729763, "vorticity": 7.521508268837351e-05}
{"update": 51100, "stage": "B", "lr": 3e-06, "mse": 0.00010775114060379565, "tke": 0.44754432141780853, "rel": 0.08313360810279846, "mvpe": 0.06466815806925297, "vorticity": 4.984942097507883e-05}
{"update": 51109, "reference_update": 31000, "stage": "B", "lr": 3e-06, "mse": 0.0001801889702619519, "tke": 0.3875558525323868, "rel": 0.09770409762859344, "mvpe": 0.08004629611968994, "vorticity": 7.121403723431285e-05, "elapsed_seconds": 34220.13834051788}
{"update": 51200, "stage": "B", "lr": 3e-06, "mse": 0.000180686212843284, "tke": 0.42384563386440277, "rel": 0.09533746913075447, "mvpe": 0.06873084604740143, "vorticity": 7.59251051931642e-05}
{"update": 51300, "stage": "B", "lr": 3e-06, "mse": 0.00011603411985561252, "tke": 0.39772525429725647, "rel": 0.08715851604938507, "mvpe": 0.06410229578614235, "vorticity": 5.020119897380937e-05}
{"update": 51400, "stage": "B", "lr": 3e-06, "mse": 0.0002622903630253859, "tke": 0.5221269130706787, "rel": 0.09008082747459412, "mvpe": 0.06767401844263077, "vorticity": 9.672736268839799e-05}
{"update": 51500, "stage": "B", "lr": 3e-06, "mse": 0.0003808166366070509, "tke": 0.44371822476387024, "rel": 0.11339889839291573, "mvpe": 0.07831024378538132, "vorticity": 0.0001471914947615005}
{"update": 51600, "stage": "B", "lr": 3e-06, "mse": 0.0002660507379914634, "tke": 0.4676768332719803, "rel": 0.1030406691133976, "mvpe": 0.07374386861920357, "vorticity": 0.00010718669363996014}
{"update": 51700, "stage": "B", "lr": 3e-06, "mse": 0.0001559911652293522, "tke": 0.45160743594169617, "rel": 0.09567338600754738, "mvpe": 0.07579451240599155, "vorticity": 6.860847315692808e-05}
{"update": 51800, "stage": "B", "lr": 3e-06, "mse": 0.00010794857007567771, "tke": 0.4149251878261566, "rel": 0.0880943015217781, "mvpe": 0.06229171343147755, "vorticity": 5.102824798086658e-05}
{"update": 51900, "stage": "B", "lr": 3e-06, "mse": 7.953979729791172e-05, "tke": 0.46672360599040985, "rel": 0.08733636513352394, "mvpe": 0.07321004942059517, "vorticity": 3.770658076973632e-05}
{"update": 52000, "stage": "B", "lr": 3e-06, "mse": 0.0002271068879053928, "tke": 0.44398483633995056, "rel": 0.10088148340582848, "mvpe": 0.07668664678931236, "vorticity": 9.113057603826746e-05}
{"update": 52100, "stage": "B", "lr": 3e-06, "mse": 0.00017748358004610054, "tke": 0.5059804916381836, "rel": 0.0943857878446579, "mvpe": 0.07210980355739594, "vorticity": 6.972226401558146e-05}
{"update": 52200, "stage": "B", "lr": 3e-06, "mse": 0.00013307999324752018, "tke": 0.4667051136493683, "rel": 0.08835067972540855, "mvpe": 0.0616963766515255, "vorticity": 6.139693141449243e-05}
{"update": 52300, "stage": "B", "lr": 3e-06, "mse": 0.00017653321265242994, "tke": 0.4291627109050751, "rel": 0.08990774676203728, "mvpe": 0.0688231959939003, "vorticity": 7.525673572672531e-05}
{"update": 52400, "stage": "B", "lr": 3e-06, "mse": 0.0001594032182765659, "tke": 0.45449163019657135, "rel": 0.08470567315816879, "mvpe": 0.062392428517341614, "vorticity": 6.717821815982461e-05}
{"update": 52500, "stage": "B", "lr": 3e-06, "mse": 0.0002224473500973545, "tke": 0.4324294775724411, "rel": 0.09677645564079285, "mvpe": 0.0792640969157219, "vorticity": 8.558172339689918e-05}
{"update": 52600, "stage": "B", "lr": 3e-06, "mse": 9.465419861953706e-05, "tke": 0.4732005000114441, "rel": 0.08998847007751465, "mvpe": 0.06709183380007744, "vorticity": 4.577716390485875e-05}
{"update": 52700, "stage": "B", "lr": 3e-06, "mse": 0.00021439139163703658, "tke": 0.32701376080513, "rel": 0.09081379696726799, "mvpe": 0.06693542562425137, "vorticity": 8.063986206252594e-05}
{"update": 52800, "stage": "B", "lr": 3e-06, "mse": 0.00033304675889667124, "tke": 0.39776232838630676, "rel": 0.10298433154821396, "mvpe": 0.06843379512429237, "vorticity": 0.00011709987666108645}
{"update": 52900, "stage": "B", "lr": 3e-06, "mse": 9.5581552159274e-05, "tke": 0.4399065524339676, "rel": 0.09666997566819191, "mvpe": 0.07568566128611565, "vorticity": 4.521238042798359e-05}
{"update": 53000, "stage": "B", "lr": 3e-06, "mse": 0.00018600174735183828, "tke": 0.45321811735630035, "rel": 0.11312498524785042, "mvpe": 0.08996722102165222, "vorticity": 6.776778718631249e-05}
{"update": 53100, "stage": "B", "lr": 3e-06, "mse": 0.0001937351371452678, "tke": 0.46906620264053345, "rel": 0.09721489250659943, "mvpe": 0.07271913066506386, "vorticity": 8.326688111992553e-05}
{"update": 53200, "stage": "B", "lr": 3e-06, "mse": 0.00013499729175237007, "tke": 0.45450282096862793, "rel": 0.0847618579864502, "mvpe": 0.07082007452845573, "vorticity": 5.922288437432144e-05}
{"update": 53300, "stage": "B", "lr": 3e-06, "mse": 0.00020148466137470677, "tke": 0.42317797243595123, "rel": 0.0940728522837162, "mvpe": 0.06593205407261848, "vorticity": 8.577920380048454e-05}
{"update": 53400, "stage": "B", "lr": 3e-06, "mse": 0.0001686989162408281, "tke": 0.5126120895147324, "rel": 0.10276750475168228, "mvpe": 0.08430994302034378, "vorticity": 7.056591493892483e-05}
{"update": 53500, "stage": "B", "lr": 3e-06, "mse": 0.00031721917912364006, "tke": 0.46214139461517334, "rel": 0.10249080881476402, "mvpe": 0.07194794528186321, "vorticity": 0.00011497719242470339}
{"update": 53582, "reference_update": 32500, "stage": "B", "lr": 3e-06, "mse": 7.252834984683432e-05, "tke": 0.45665059983730316, "rel": 0.08671872690320015, "mvpe": 0.06320115178823471, "vorticity": 3.5503255276125856e-05, "elapsed_seconds": 35691.54234856367}
