/hy-tmp/realpde-competition-origin-main/tools/colleague_80pt/realpde_h5_feature_adapter_train.py:458: FutureWarning: You are using `torch.load` with `weights_only=False` (the current default value), which uses the default pickle module implicitly. It is possible to construct malicious pickle data which will execute arbitrary code during unpickling (See https://github.com/pytorch/pytorch/blob/main/SECURITY.md#untrusted-models for more details). In a future release, the default value for `weights_only` will be flipped to `True`. This limits the functions that could be executed during unpickling. Arbitrary objects will no longer be allowed to be loaded via this mode unless they are explicitly allowlisted by the user via `torch.serialization.add_safe_globals`. We recommend you start setting `weights_only=True` for any use case where you don't have full control of the loaded file. Please open an issue on GitHub for any issues related to this experimental feature.
  checkpoint = torch.load(checkpoint_path, map_location=device)
{
  "real_root": "/hy-tmp/realpde_data/train_real",
  "split_manifest": "/hy-tmp/realpde_runs/disjoint_trajectory_sampling_screen_20260923_v1/residual_train65_dev16_manifest.json",
  "allow_train_dev_overlap": false,
  "checkpoint": "/hy-tmp/realpde_assets/colleague-80pt/20260921/extracted/handoff_colleague_80pt_archive_20260921/checkpoints/cno_final_all81.pt",
  "resume_checkpoint": null,
  "resume_iteration": 0,
  "optimizer_policy": "reset_identically_for_each_screen_arm",
  "realpdebench_root": "tools/colleague_80pt/submission",
  "device": "cuda:0",
  "train_trajectories": 65,
  "fit_trajectories": 65,
  "val_trajectories": 16,
  "train_windows": 2701,
  "candidate_legal_windows": 53299,
  "train_samples_per_epoch": 2696,
  "reference_fixed_stride_windows": 2701,
  "val_windows": 640,
  "train_stride": 20,
  "eval_stride": 20,
  "train_window_mode": "fixed",
  "sampling_policy": "baseline_fixed_stride_global_shuffle",
  "batch_unique_trajectory_required": false,
  "angle_augmentation": {
    "kind": "global_uv_component_rotation",
    "max_abs_degrees": 0.0,
    "training_only": true,
    "same_angle_for_past_and_future": true,
    "spatial_grid_rotated": false,
    "physical_exact_aoa_claimed": false
  },
  "aoa_meanfield_augmentation": {
    "kind": "same_re_adjacent_aoa_past20_mean_field_shift",
    "probability": 0.0,
    "lambda_min": 0.2,
    "lambda_max": 0.5,
    "max_neighbor_gap_deg": 5.1,
    "min_eligible_fraction": 0.8,
    "bridge_pair": null,
    "training_only": true,
    "aoa_re_model_inputs": false,
    "future_used_to_construct_input_shift": false,
    "audit": null
  },
  "phase_counts_equalized": false,
  "updates": 5055,
  "eval_interval": 1000,
  "batch_size": 8,
  "test_batch_size": 32,
  "lr": 0.0002,
  "weight_decay": 1e-05,
  "corrector_config": {
    "hidden": 96,
    "blocks": 2,
    "dropout": 0.0,
    "include_pressure": true,
    "max_delta": 0.04,
    "history_context": false
  },
  "train_alpha": 1.0,
  "eval_alphas": [
    0.0,
    0.025,
    0.05,
    0.075,
    0.1,
    0.15,
    0.2,
    0.3,
    0.5,
    0.75,
    1.0
  ],
  "abs_widths": [
    0.0075
  ],
  "rel_widths": [
    0.0075
  ],
  "loss_weights": {
    "point": 1.0,
    "mse": 0.05,
    "tke": 0.06,
    "temporal": 0.03,
    "grad": 0.015,
    "p_zero": 0.01
  },
  "gradient_mode": "scalar",
  "gradient_projection": "none",
  "residual_mse": 0.25,
  "delta_penalty": 0.02,
  "fixed_time_seconds": 0.01762683533,
  "benchmark_mode": false,
  "trainable_parameters": 1087849,
  "total_parameters": 9048316
}
EVAL_TOP {"alpha": 0.0, "best_bound_abs": 0.0075, "best_bound_rel": 0.0075, "best_bounds": [{"abs": 0.0075, "coverage": 0.7797014045715333, "final_est": 78.78243331868228, "rel": 0.0075, "sps_raw": 0.42171609836816787, "sps_score_linear": 42.171609836816785, "sps_score_used": 42.171609836816785}], "best_final_est": 78.78243331868228, "iteration": 0, "mean_t_neural_s": 0.01762683533, "mvpe": 0.08762361314147711, "mvpe_score": 95.80271019211072, "n": 640, "rel_l2": 0.09797063041478396, "rel_l2_score": 95.33021916539344, "time_score": 86.54248999999716, "tke": 0.7003257811069489, "tke_score": 74.06513739909326}
TRAIN {"angle_aug_abs_deg": 0.0, "aoa_effective_shift_abs_deg_mean": 0.0, "aoa_meanfield_aug_fraction": 0.0, "aoa_meanfield_lambda_mean": 0.0, "delta_penalty": 7.825886256540571e-06, "grad_rel": 0.582046416401863, "iteration": 20, "loss": 0.18351505398750306, "lr": 0.0001999922752963034, "mse": 0.0001518316854344448, "p_zero": 0.0, "point_rel": 0.09260485135018826, "residual_mse": 0.0001518316857982427, "temporal_rel": 1.3318442523479461, "tke_rel": 0.7029745906591416}
TRAIN {"angle_aug_abs_deg": 0.0, "aoa_effective_shift_abs_deg_mean": 0.0, "aoa_meanfield_aug_fraction": 0.0, "aoa_meanfield_lambda_mean": 0.0, "delta_penalty": 1.595937067122577e-06, "grad_rel": 0.5858950436115264, "iteration": 40, "loss": 0.18143168613314628, "lr": 0.00019996910237863455, "mse": 0.00010971985811920603, "p_zero": 0.0, "point_rel": 0.08793063871562481, "residual_mse": 0.00010971985684591346, "temporal_rel": 1.4121924996376038, "tke_rel": 0.7052316904067993}
TRAIN {"angle_aug_abs_deg": 0.0, "aoa_effective_shift_abs_deg_mean": 0.0, "aoa_meanfield_aug_fraction": 0.0, "aoa_meanfield_lambda_mean": 0.0, "delta_penalty": 1.1373265678571442e-06, "grad_rel": 0.5839421391487122, "iteration": 60, "loss": 0.1795495867729187, "lr": 0.00019993048482707187, "mse": 0.00013670271964656423, "p_zero": 0.0, "point_rel": 0.08760483041405678, "residual_mse": 0.00013670271746377694, "temporal_rel": 1.3623438000679016, "tke_rel": 0.7045713663101196}
TRAIN {"angle_aug_abs_deg": 0.0, "aoa_effective_shift_abs_deg_mean": 0.0, "aoa_meanfield_aug_fraction": 0.0, "aoa_meanfield_lambda_mean": 0.0, "delta_penalty": 1.3248130123599822e-06, "grad_rel": 0.5746951073408126, "iteration": 80, "loss": 0.17689334154129027, "lr": 0.0001998764286077984, "mse": 0.00014396326187124942, "p_zero": 0.0, "point_rel": 0.08596901558339595, "residual_mse": 0.00014396326332644094, "temporal_rel": 1.323635846376419, "tke_rel": 0.7091935008764267}
TRAIN {"angle_aug_abs_deg": 0.0, "aoa_effective_shift_abs_deg_mean": 0.0, "aoa_meanfield_aug_fraction": 0.0, "aoa_meanfield_lambda_mean": 0.0, "delta_penalty": 1.4900876138312923e-06, "grad_rel": 0.5873361617326737, "iteration": 100, "loss": 0.18092482686042785, "lr": 0.00019980694207217948, "mse": 0.0001411217524946551, "p_zero": 0.0, "point_rel": 0.09015446715056896, "residual_mse": 0.0001411217539498466, "temporal_rel": 1.3388442397117615, "tke_rel": 0.6958771109580993}
TRAIN {"angle_aug_abs_deg": 0.0, "aoa_effective_shift_abs_deg_mean": 0.0, "aoa_meanfield_aug_fraction": 0.0, "aoa_meanfield_lambda_mean": 0.0, "delta_penalty": 2.3760721717280832e-06, "grad_rel": 0.582905775308609, "iteration": 120, "loss": 0.17786070629954337, "lr": 0.0001997220359554732, "mse": 0.0001556426057504723, "p_zero": 0.0, "point_rel": 0.09046315513551235, "residual_mse": 0.00015564260647806804, "temporal_rel": 1.2796200156211852, "tke_rel": 0.6703104913234711}
TRAIN {"angle_aug_abs_deg": 0.0, "aoa_effective_shift_abs_deg_mean": 0.0, "aoa_meanfield_aug_fraction": 0.0, "aoa_meanfield_lambda_mean": 0.0, "delta_penalty": 3.0457602008482355e-06, "grad_rel": 0.5861017525196075, "iteration": 140, "loss": 0.17890467643737792, "lr": 0.0001996217233751714, "mse": 0.00014118060971668456, "p_zero": 0.0, "point_rel": 0.08920208290219307, "residual_mse": 0.00014118060898908879, "temporal_rel": 1.3115254282951354, "tke_rel": 0.6920482128858566}
TRAIN {"angle_aug_abs_deg": 0.0, "aoa_effective_shift_abs_deg_mean": 0.0, "aoa_meanfield_aug_fraction": 0.0, "aoa_meanfield_lambda_mean": 0.0, "delta_penalty": 4.865948176302481e-06, "grad_rel": 0.56888377815485, "iteration": 160, "loss": 0.17153655365109444, "lr": 0.00019950601982897327, "mse": 0.00014074473474465777, "p_zero": 0.0, "point_rel": 0.08513273354619741, "residual_mse": 0.00014074473438085988, "temporal_rel": 1.2656357765197754, "tke_rel": 0.6643195152282715}
TRAIN {"angle_aug_abs_deg": 0.0, "aoa_effective_shift_abs_deg_mean": 0.0, "aoa_meanfield_aug_fraction": 0.0, "aoa_meanfield_lambda_mean": 0.0, "delta_penalty": 5.056277279891219e-06, "grad_rel": 0.5832687109708786, "iteration": 180, "loss": 0.1750319518148899, "lr": 0.0001993749431923909, "mse": 0.00014004820841364562, "p_zero": 0.0, "point_rel": 0.09070248864591121, "residual_mse": 0.00014004820841364562, "temporal_rel": 1.241950261592865, "tke_rel": 0.6379968792200088}
TRAIN {"angle_aug_abs_deg": 0.0, "aoa_effective_shift_abs_deg_mean": 0.0, "aoa_meanfield_aug_fraction": 0.0, "aoa_meanfield_lambda_mean": 0.0, "delta_penalty": 6.688600115012377e-06, "grad_rel": 0.5766642987728119, "iteration": 200, "loss": 0.17158002257347107, "lr": 0.00019922851371598815, "mse": 0.0001616499986994313, "p_zero": 0.0, "point_rel": 0.08922965675592423, "residual_mse": 0.00016164999906322918, "temporal_rel": 1.1899867713451386, "tke_rel": 0.6325361400842666}
TRAIN {"angle_aug_abs_deg": 0.0, "aoa_effective_shift_abs_deg_mean": 0.0, "aoa_meanfield_aug_fraction": 0.0, "aoa_meanfield_lambda_mean": 0.0, "delta_penalty": 6.501969346572878e-06, "grad_rel": 0.5636216521263122, "iteration": 220, "loss": 0.16553324684500695, "lr": 0.0001990667540222511, "mse": 0.00014033477600605693, "p_zero": 0.0, "point_rel": 0.08550598435103893, "residual_mse": 0.00014033477709745056, "temporal_rel": 1.1558050632476806, "tke_rel": 0.6142760157585144}
TRAIN {"angle_aug_abs_deg": 0.0, "aoa_effective_shift_abs_deg_mean": 0.0, "aoa_meanfield_aug_fraction": 0.0, "aoa_meanfield_lambda_mean": 0.0, "delta_penalty": 9.764676360646262e-06, "grad_rel": 0.579614919424057, "iteration": 240, "loss": 0.17301373407244683, "lr": 0.00019888968910209413, "mse": 0.00016820006458146964, "p_zero": 0.0, "point_rel": 0.09136037044227123, "residual_mse": 0.0001682000631262781, "temporal_rel": 1.1636513829231263, "tke_rel": 0.6333157420158386}
TRAIN {"angle_aug_abs_deg": 0.0, "aoa_effective_shift_abs_deg_mean": 0.0, "aoa_meanfield_aug_fraction": 0.0, "aoa_meanfield_lambda_mean": 0.0, "delta_penalty": 9.991251181418192e-06, "grad_rel": 0.555399140715599, "iteration": 260, "loss": 0.1631013959646225, "lr": 0.00019869734631099798, "mse": 0.0001379995603201678, "p_zero": 0.0, "point_rel": 0.08355182893574238, "residual_mse": 0.00013799956177535934, "temporal_rel": 1.1212144792079926, "tke_rel": 0.6256757557392121}
TRAIN {"angle_aug_abs_deg": 0.0, "aoa_effective_shift_abs_deg_mean": 0.0, "aoa_meanfield_aug_fraction": 0.0, "aoa_meanfield_lambda_mean": 0.0, "delta_penalty": 1.1441958440627786e-05, "grad_rel": 0.5512394666671753, "iteration": 280, "loss": 0.16177193447947502, "lr": 0.0001984897553647838, "mse": 0.0001310990797719569, "p_zero": 0.0, "point_rel": 0.0833588395267725, "residual_mse": 0.00013109908086335055, "temporal_rel": 1.1197557032108307, "tke_rel": 0.6085379630327225}
TRAIN {"angle_aug_abs_deg": 0.0, "aoa_effective_shift_abs_deg_mean": 0.0, "aoa_meanfield_aug_fraction": 0.0, "aoa_meanfield_lambda_mean": 0.0, "delta_penalty": 1.2208505131638958e-05, "grad_rel": 0.560712656378746, "iteration": 300, "loss": 0.16373632550239564, "lr": 0.00019826694833502276, "mse": 0.00012571271145134233, "p_zero": 0.0, "point_rel": 0.08641872331500053, "residual_mse": 0.00012571271108754444, "temporal_rel": 1.1148134082555772, "tke_rel": 0.5904092609882354}
TRAIN {"angle_aug_abs_deg": 0.0, "aoa_effective_shift_abs_deg_mean": 0.0, "aoa_meanfield_aug_fraction": 0.0, "aoa_meanfield_lambda_mean": 0.0, "delta_penalty": 1.0728110487434605e-05, "grad_rel": 0.5595504805445671, "iteration": 320, "loss": 0.16364412382245064, "lr": 0.00019802895964408067, "mse": 0.00013916737552790436, "p_zero": 0.0, "point_rel": 0.08550647273659706, "residual_mse": 0.00013916737407271285, "temporal_rel": 1.0852104723453522, "tke_rel": 0.6191019892692566}
TRAIN {"angle_aug_abs_deg": 0.0, "aoa_effective_shift_abs_deg_mean": 0.0, "aoa_meanfield_aug_fraction": 0.0, "aoa_meanfield_lambda_mean": 0.0, "delta_penalty": 1.1641284163488309e-05, "grad_rel": 0.5599780350923538, "iteration": 340, "loss": 0.16496163010597228, "lr": 0.00019777582605979982, "mse": 0.0001479950798966456, "p_zero": 0.0, "point_rel": 0.08801998235285283, "residual_mse": 0.0001479950820794329, "temporal_rel": 1.0735638409852981, "tke_rel": 0.6048405230045318}
TRAIN {"angle_aug_abs_deg": 0.0, "aoa_effective_shift_abs_deg_mean": 0.0, "aoa_meanfield_aug_fraction": 0.0, "aoa_meanfield_lambda_mean": 0.0, "delta_penalty": 1.2912642296214471e-05, "grad_rel": 0.5586962521076202, "iteration": 360, "loss": 0.16468315273523332, "lr": 0.00019750758668981894, "mse": 0.00014135046003502794, "p_zero": 0.0, "point_rel": 0.0884037360548973, "residual_mse": 0.00014135046039882583, "temporal_rel": 1.0720254480838776, "tke_rel": 0.5949258029460907}
TRAIN {"angle_aug_abs_deg": 0.0, "aoa_effective_shift_abs_deg_mean": 0.0, "aoa_meanfield_aug_fraction": 0.0, "aoa_meanfield_lambda_mean": 0.0, "delta_penalty": 1.5272862037818412e-05, "grad_rel": 0.5449312672019004, "iteration": 380, "loss": 0.15947631001472473, "lr": 0.0001972242829755312, "mse": 0.00014849228336970554, "p_zero": 0.0, "point_rel": 0.08510131537914276, "residual_mse": 0.00014849228518869494, "temporal_rel": 1.0421093732118607, "tke_rel": 0.5815481513738632}
TRAIN {"angle_aug_abs_deg": 0.0, "aoa_effective_shift_abs_deg_mean": 0.0, "aoa_meanfield_aug_fraction": 0.0, "aoa_meanfield_lambda_mean": 0.0, "delta_penalty": 1.3182908332964871e-05, "grad_rel": 0.5376104474067688, "iteration": 400, "loss": 0.15651210844516755, "lr": 0.00019692595868568143, "mse": 0.00012353789534245153, "p_zero": 0.0, "point_rel": 0.08263306710869074, "residual_mse": 0.00012353789643384516, "temporal_rel": 1.028930774331093, "tke_rel": 0.5818273186683655}
TRAIN {"angle_aug_abs_deg": 0.0, "aoa_effective_shift_abs_deg_mean": 0.0, "aoa_meanfield_aug_fraction": 0.0, "aoa_meanfield_lambda_mean": 0.0, "delta_penalty": 1.3991599189466797e-05, "grad_rel": 0.5354350328445434, "iteration": 420, "loss": 0.15256042331457137, "lr": 0.00019661265990960453, "mse": 0.000115817353798775, "p_zero": 0.0, "point_rel": 0.0802382580935955, "residual_mse": 0.00011581735225263401, "temporal_rel": 1.0251392424106598, "tke_rel": 0.5583573237061501}
TRAIN {"angle_aug_abs_deg": 0.0, "aoa_effective_shift_abs_deg_mean": 0.0, "aoa_meanfield_aug_fraction": 0.0, "aoa_meanfield_lambda_mean": 0.0, "delta_penalty": 1.4991886928328313e-05, "grad_rel": 0.5413374245166779, "iteration": 440, "loss": 0.1574852928519249, "lr": 0.0001962844350501049, "mse": 0.00013698440343432595, "p_zero": 0.0, "point_rel": 0.08357311561703681, "residual_mse": 0.00013698440343432595, "temporal_rel": 0.9998774260282517, "tke_rel": 0.5959066599607468}
TRAIN {"angle_aug_abs_deg": 0.0, "aoa_effective_shift_abs_deg_mean": 0.0, "aoa_meanfield_aug_fraction": 0.0, "aoa_meanfield_lambda_mean": 0.0, "delta_penalty": 1.7276860035053687e-05, "grad_rel": 0.525730550289154, "iteration": 460, "loss": 0.15205290243029596, "lr": 0.00019594133481597812, "mse": 0.00014443492764257826, "p_zero": 0.0, "point_rel": 0.0802562739700079, "residual_mse": 0.0001444349250959931, "temporal_rel": 0.977255579829216, "tke_rel": 0.5758221566677093}
TRAIN {"angle_aug_abs_deg": 0.0, "aoa_effective_shift_abs_deg_mean": 0.0, "aoa_meanfield_aug_fraction": 0.0, "aoa_meanfield_lambda_mean": 0.0, "delta_penalty": 1.6331136339431396e-05, "grad_rel": 0.5342203199863433, "iteration": 480, "loss": 0.15100249722599984, "lr": 0.00019558341221417717, "mse": 0.00012442538900359068, "p_zero": 0.0, "point_rel": 0.07982119098305702, "residual_mse": 0.00012442538900359068, "temporal_rel": 0.9947982519865036, "tke_rel": 0.5547732949256897}
TRAIN {"angle_aug_abs_deg": 0.0, "aoa_effective_shift_abs_deg_mean": 0.0, "aoa_meanfield_aug_fraction": 0.0, "aoa_meanfield_lambda_mean": 0.0, "delta_penalty": 1.6122124679895933e-05, "grad_rel": 0.5478614538908004, "iteration": 500, "loss": 0.1605978414416313, "lr": 0.0001952107225416229, "mse": 0.00013737789413426071, "p_zero": 0.0, "point_rel": 0.08651586957275867, "residual_mse": 0.00013737789558945223, "temporal_rel": 1.0146362423896789, "tke_rel": 0.5897238105535507}
TRAIN {"angle_aug_abs_deg": 0.0, "aoa_effective_shift_abs_deg_mean": 0.0, "aoa_meanfield_aug_fraction": 0.0, "aoa_meanfield_lambda_mean": 0.0, "delta_penalty": 1.708877166493039e-05, "grad_rel": 0.5414352267980576, "iteration": 520, "loss": 0.15764693282544612, "lr": 0.00019482332337666122, "mse": 0.00013891695853089913, "p_zero": 0.0, "point_rel": 0.08547976613044739, "residual_mse": 0.0001389169570757076, "temporal_rel": 0.9919661849737167, "tke_rel": 0.570743927359581}
TRAIN {"angle_aug_abs_deg": 0.0, "aoa_effective_shift_abs_deg_mean": 0.0, "aoa_meanfield_aug_fraction": 0.0, "aoa_meanfield_lambda_mean": 0.0, "delta_penalty": 1.6852127600941458e-05, "grad_rel": 0.527996851503849, "iteration": 540, "loss": 0.15248332023620606, "lr": 0.0001944212745701674, "mse": 0.0001299834366363939, "p_zero": 0.0, "point_rel": 0.08074416853487491, "residual_mse": 0.00012998343700019178, "temporal_rel": 0.9858962088823319, "tke_rel": 0.570049712061882}
TRAIN {"angle_aug_abs_deg": 0.0, "aoa_effective_shift_abs_deg_mean": 0.0, "aoa_meanfield_aug_fraction": 0.0, "aoa_meanfield_lambda_mean": 0.0, "delta_penalty": 1.7125102203863207e-05, "grad_rel": 0.5269498765468598, "iteration": 560, "loss": 0.15302814096212386, "lr": 0.0001940046382362993, "mse": 0.00013401598116615787, "p_zero": 0.0, "point_rel": 0.07966963090002536, "residual_mse": 0.00013401598080235998, "temporal_rel": 0.991945144534111, "tke_rel": 0.594256016612053}
TRAIN {"angle_aug_abs_deg": 0.0, "aoa_effective_shift_abs_deg_mean": 0.0, "aoa_meanfield_aug_fraction": 0.0, "aoa_meanfield_lambda_mean": 0.0, "delta_penalty": 1.7098367106882505e-05, "grad_rel": 0.541186061501503, "iteration": 580, "loss": 0.15566282570362092, "lr": 0.00019357347874290168, "mse": 0.0001394508433804731, "p_zero": 0.0, "point_rel": 0.08444157466292382, "residual_mse": 0.0001394508411976858, "temporal_rel": 0.9796774595975876, "tke_rel": 0.5611826315522194}
TRAIN {"angle_aug_abs_deg": 0.0, "aoa_effective_shift_abs_deg_mean": 0.0, "aoa_meanfield_aug_fraction": 0.0, "aoa_meanfield_lambda_mean": 0.0, "delta_penalty": 1.7350903181068134e-05, "grad_rel": 0.5304608061909676, "iteration": 600, "loss": 0.1524367667734623, "lr": 0.000193127862701561, "mse": 0.00014450264279730618, "p_zero": 0.0, "point_rel": 0.08161784633994103, "residual_mse": 0.00014450264352490195, "temporal_rel": 0.9732621252536774, "tke_rel": 0.5603408098220826}
TRAIN {"angle_aug_abs_deg": 0.0, "aoa_effective_shift_abs_deg_mean": 0.0, "aoa_meanfield_aug_fraction": 0.0, "aoa_meanfield_lambda_mean": 0.0, "delta_penalty": 1.5632210852345453e-05, "grad_rel": 0.5178849205374718, "iteration": 620, "loss": 0.1485316760838032, "lr": 0.0001926678589573151, "mse": 0.00012139407190261408, "p_zero": 0.0, "point_rel": 0.07764231115579605, "residual_mse": 0.00012139407026552362, "temporal_rel": 0.9683265030384064, "tke_rel": 0.5672428041696549}
TRAIN {"angle_aug_abs_deg": 0.0, "aoa_effective_shift_abs_deg_mean": 0.0, "aoa_meanfield_aug_fraction": 0.0, "aoa_meanfield_lambda_mean": 0.0, "delta_penalty": 2.0645563881771523e-05, "grad_rel": 0.5430938079953194, "iteration": 640, "loss": 0.1581258587539196, "lr": 0.00019219353857801634, "mse": 0.00015549231557088206, "p_zero": 0.0, "point_rel": 0.08698074705898762, "residual_mse": 0.00015549231611657887, "temporal_rel": 0.9735237836837769, "tke_rel": 0.562432199716568}
TRAIN {"angle_aug_abs_deg": 0.0, "aoa_effective_shift_abs_deg_mean": 0.0, "aoa_meanfield_aug_fraction": 0.0, "aoa_meanfield_lambda_mean": 0.0, "delta_penalty": 1.6926074795264868e-05, "grad_rel": 0.5440855324268341, "iteration": 660, "loss": 0.15731339603662492, "lr": 0.00019170497484335242, "mse": 0.00013602526960312388, "p_zero": 0.0, "point_rel": 0.08707276247441768, "residual_mse": 0.00013602526596514508, "temporal_rel": 0.968468701839447, "tke_rel": 0.5497357025742531}
TRAIN {"angle_aug_abs_deg": 0.0, "aoa_effective_shift_abs_deg_mean": 0.0, "aoa_meanfield_aug_fraction": 0.0, "aoa_meanfield_lambda_mean": 0.0, "delta_penalty": 1.7304328594036633e-05, "grad_rel": 0.5266113996505737, "iteration": 680, "loss": 0.15286665931344032, "lr": 0.0001912022432335251, "mse": 0.00014602903047489235, "p_zero": 0.0, "point_rel": 0.08180404007434845, "residual_mse": 0.00014602903156628598, "temporal_rel": 0.9669883668422699, "tke_rel": 0.5684940442442894}
TRAIN {"angle_aug_abs_deg": 0.0, "aoa_effective_shift_abs_deg_mean": 0.0, "aoa_meanfield_aug_fraction": 0.0, "aoa_meanfield_lambda_mean": 0.0, "delta_penalty": 1.77255585185776e-05, "grad_rel": 0.5222898036241531, "iteration": 700, "loss": 0.1510850064456463, "lr": 0.00019068542141758912, "mse": 0.00013959381940367165, "p_zero": 0.0, "point_rel": 0.08082594871520996, "residual_mse": 0.00013959381794848014, "temporal_rel": 0.9611873477697372, "tke_rel": 0.5591143384575844}
TRAIN {"angle_aug_abs_deg": 0.0, "aoa_effective_shift_abs_deg_mean": 0.0, "aoa_meanfield_aug_fraction": 0.0, "aoa_meanfield_lambda_mean": 0.0, "delta_penalty": 1.8227594318886985e-05, "grad_rel": 0.5212625548243522, "iteration": 720, "loss": 0.14944563619792461, "lr": 0.0001901545892414519, "mse": 0.00013050080960965715, "p_zero": 0.0, "point_rel": 0.0799567487090826, "residual_mse": 0.00013050080924585926, "temporal_rel": 0.9574434459209442, "tke_rel": 0.5484522014856339}
TRAIN {"angle_aug_abs_deg": 0.0, "aoa_effective_shift_abs_deg_mean": 0.0, "aoa_meanfield_aug_fraction": 0.0, "aoa_meanfield_lambda_mean": 0.0, "delta_penalty": 1.9594196464822745e-05, "grad_rel": 0.527884703874588, "iteration": 740, "loss": 0.15211216360330582, "lr": 0.00018960982871553923, "mse": 0.0001427086695912294, "p_zero": 0.0, "point_rel": 0.08202009499073029, "residual_mse": 0.0001427086695912294, "temporal_rel": 0.9567642718553543, "tke_rel": 0.5571278005838394}
TRAIN {"angle_aug_abs_deg": 0.0, "aoa_effective_shift_abs_deg_mean": 0.0, "aoa_meanfield_aug_fraction": 0.0, "aoa_meanfield_lambda_mean": 0.0, "delta_penalty": 2.1018175493736636e-05, "grad_rel": 0.5323055893182754, "iteration": 760, "loss": 0.15424066483974458, "lr": 0.000189051224002124, "mse": 0.0001524649287603097, "p_zero": 0.0, "point_rel": 0.08353676870465279, "residual_mse": 0.00015246492621372453, "temporal_rel": 0.9644123941659928, "tke_rel": 0.5623463898897171}
TRAIN {"angle_aug_abs_deg": 0.0, "aoa_effective_shift_abs_deg_mean": 0.0, "aoa_meanfield_aug_fraction": 0.0, "aoa_meanfield_lambda_mean": 0.0, "delta_penalty": 1.9009818242921028e-05, "grad_rel": 0.5426299482583999, "iteration": 780, "loss": 0.1563285283744335, "lr": 0.0001884788614023241, "mse": 0.0001450533320166869, "p_zero": 0.0, "point_rel": 0.08618378229439258, "residual_mse": 0.00014505333128909115, "temporal_rel": 0.9637508451938629, "tke_rel": 0.5508145540952682}
TRAIN {"angle_aug_abs_deg": 0.0, "aoa_effective_shift_abs_deg_mean": 0.0, "aoa_meanfield_aug_fraction": 0.0, "aoa_meanfield_lambda_mean": 0.0, "delta_penalty": 1.9238420009060064e-05, "grad_rel": 0.5258476257324218, "iteration": 800, "loss": 0.15109086632728577, "lr": 0.0001878928293427692, "mse": 0.00011767828200390796, "p_zero": 0.0, "point_rel": 0.08000008724629878, "residual_mse": 0.00011767828018491855, "temporal_rel": 0.9597042769193649, "tke_rel": 0.5729375034570694}
TRAIN {"angle_aug_abs_deg": 0.0, "aoa_effective_shift_abs_deg_mean": 0.0, "aoa_meanfield_aug_fraction": 0.0, "aoa_meanfield_lambda_mean": 0.0, "delta_penalty": 1.8293877474206965e-05, "grad_rel": 0.5245287701487541, "iteration": 820, "loss": 0.150706135481596, "lr": 0.00018729321836193983, "mse": 0.00011251852420173236, "p_zero": 0.0, "point_rel": 0.08068485427647829, "residual_mse": 0.00011251852456553024, "temporal_rel": 0.96158247590065, "tke_rel": 0.5545292049646378}
TRAIN {"angle_aug_abs_deg": 0.0, "aoa_effective_shift_abs_deg_mean": 0.0, "aoa_meanfield_aug_fraction": 0.0, "aoa_meanfield_lambda_mean": 0.0, "delta_penalty": 1.9522696175044984e-05, "grad_rel": 0.5300348609685898, "iteration": 840, "loss": 0.15353530272841454, "lr": 0.00018668012109617909, "mse": 0.00014246051014197292, "p_zero": 0.0, "point_rel": 0.08378542959690094, "residual_mse": 0.00014246050905057927, "temporal_rel": 0.9571301609277725, "tke_rel": 0.5507053151726723}
TRAIN {"angle_aug_abs_deg": 0.0, "aoa_effective_shift_abs_deg_mean": 0.0, "aoa_meanfield_aug_fraction": 0.0, "aoa_meanfield_lambda_mean": 0.0, "delta_penalty": 2.0651191061915596e-05, "grad_rel": 0.5156259030103684, "iteration": 860, "loss": 0.14759472981095315, "lr": 0.0001860536322653813, "mse": 0.00013544037046813172, "p_zero": 0.0, "point_rel": 0.0789250012487173, "residual_mse": 0.00013544037010433386, "temporal_rel": 0.9524651437997818, "tke_rel": 0.538672360777855}
TRAIN {"angle_aug_abs_deg": 0.0, "aoa_effective_shift_abs_deg_mean": 0.0, "aoa_meanfield_aug_fraction": 0.0, "aoa_meanfield_lambda_mean": 0.0, "delta_penalty": 1.971247638721252e-05, "grad_rel": 0.5209780037403107, "iteration": 880, "loss": 0.1496284618973732, "lr": 0.0001854138486583582, "mse": 0.00012927170482726069, "p_zero": 0.0, "point_rel": 0.07985650990158319, "residual_mse": 0.0001292717044634628, "temporal_rel": 0.9478450834751129, "tke_rel": 0.5580459043383599}
TRAIN {"angle_aug_abs_deg": 0.0, "aoa_effective_shift_abs_deg_mean": 0.0, "aoa_meanfield_aug_fraction": 0.0, "aoa_meanfield_lambda_mean": 0.0, "delta_penalty": 2.302825660080998e-05, "grad_rel": 0.5223845615983009, "iteration": 900, "loss": 0.14932419657707213, "lr": 0.0001847608691178857, "mse": 0.00015185856082098326, "p_zero": 0.0, "point_rel": 0.08016632236540318, "residual_mse": 0.0001518585633675684, "temporal_rel": 0.9398407340049744, "tke_rel": 0.5513477981090545}
TRAIN {"angle_aug_abs_deg": 0.0, "aoa_effective_shift_abs_deg_mean": 0.0, "aoa_meanfield_aug_fraction": 0.0, "aoa_meanfield_lambda_mean": 0.0, "delta_penalty": 2.107967766278307e-05, "grad_rel": 0.5207175225019455, "iteration": 920, "loss": 0.14896931499242783, "lr": 0.00018409479452543312, "mse": 0.0001308937957219314, "p_zero": 0.0, "point_rel": 0.07945418488234282, "residual_mse": 0.00013089379608572927, "temporal_rel": 0.9518897354602813, "tke_rel": 0.5517997846007348}
TRAIN {"angle_aug_abs_deg": 0.0, "aoa_effective_shift_abs_deg_mean": 0.0, "aoa_meanfield_aug_fraction": 0.0, "aoa_meanfield_lambda_mean": 0.0, "delta_penalty": 1.9517660120982327e-05, "grad_rel": 0.5171380326151848, "iteration": 940, "loss": 0.14831513538956642, "lr": 0.00018341572778557785, "mse": 0.00012553348642541096, "p_zero": 0.0, "point_rel": 0.07962267361581325, "residual_mse": 0.00012553348678920884, "temporal_rel": 0.9476768851280213, "tke_rel": 0.5411172837018967}
TRAIN {"angle_aug_abs_deg": 0.0, "aoa_effective_shift_abs_deg_mean": 0.0, "aoa_meanfield_aug_fraction": 0.0, "aoa_meanfield_lambda_mean": 0.0, "delta_penalty": 2.014200845223968e-05, "grad_rel": 0.5220533922314644, "iteration": 960, "loss": 0.15093761757016183, "lr": 0.000182723773810107, "mse": 0.00013681728378287517, "p_zero": 0.0, "point_rel": 0.08115714266896248, "residual_mse": 0.0001368172826914815, "temporal_rel": 0.9587526977062225, "tke_rel": 0.5524274602532386}
TRAIN {"angle_aug_abs_deg": 0.0, "aoa_effective_shift_abs_deg_mean": 0.0, "aoa_meanfield_aug_fraction": 0.0, "aoa_meanfield_lambda_mean": 0.0, "delta_penalty": 1.991544759221142e-05, "grad_rel": 0.5281244978308678, "iteration": 980, "loss": 0.15201454982161522, "lr": 0.00018201903950180925, "mse": 0.00012688855804299237, "p_zero": 0.0, "point_rel": 0.08186491020023823, "residual_mse": 0.00012688855804299237, "temporal_rel": 0.9510956108570099, "tke_rel": 0.5609406396746636}
TRAIN {"angle_aug_abs_deg": 0.0, "aoa_effective_shift_abs_deg_mean": 0.0, "aoa_meanfield_aug_fraction": 0.0, "aoa_meanfield_lambda_mean": 0.0, "delta_penalty": 2.1449642053994468e-05, "grad_rel": 0.51892941147089, "iteration": 1000, "loss": 0.14985576942563056, "lr": 0.00018130163373795887, "mse": 0.00013321875558176545, "p_zero": 0.0, "point_rel": 0.08169665932655334, "residual_mse": 0.00013321875558176545, "temporal_rel": 0.9431750357151032, "tke_rel": 0.5339921057224274}
EVAL_TOP {"alpha": 1.0, "best_bound_abs": 0.0075, "best_bound_rel": 0.0075, "best_bounds": [{"abs": 0.0075, "coverage": 0.810231647491455, "final_est": 80.20785255857587, "rel": 0.0075, "sps_raw": 0.45158201098442075, "sps_score_linear": 45.15820109844208, "sps_score_used": 45.15820109844208}], "best_final_est": 80.20785255857587, "iteration": 1000, "mean_t_neural_s": 0.01762683533, "mvpe": 0.08577088583260775, "mvpe_score": 95.88780884730926, "n": 640, "rel_l2": 0.0898816654458642, "rel_l2_score": 95.699198335869, "time_score": 86.54248999999716, "tke": 0.572295506298542, "tke_score": 77.75156451126182}
BEST iteration=1000 final_est=80.207853 alpha=1.0 abs=0.0075 rel=0.0075
TRAIN {"angle_aug_abs_deg": 0.0, "aoa_effective_shift_abs_deg_mean": 0.0, "aoa_meanfield_aug_fraction": 0.0, "aoa_meanfield_lambda_mean": 0.0, "delta_penalty": 1.9133212754240957e-05, "grad_rel": 0.5052499026060104, "iteration": 1020, "loss": 0.14488265737891198, "lr": 0.00018057166735349503, "mse": 0.00012463771909096977, "p_zero": 0.0, "point_rel": 0.07574801854789256, "residual_mse": 0.0001246377205461613, "temporal_rel": 0.9476246654987335, "tke_rel": 0.5514896303415299}
TRAIN {"angle_aug_abs_deg": 0.0, "aoa_effective_shift_abs_deg_mean": 0.0, "aoa_meanfield_aug_fraction": 0.0, "aoa_meanfield_lambda_mean": 0.0, "delta_penalty": 2.166572858186555e-05, "grad_rel": 0.5166012153029442, "iteration": 1040, "loss": 0.1475192554295063, "lr": 0.00017982925312389825, "mse": 0.00012417679681675509, "p_zero": 0.0, "point_rel": 0.0794061079621315, "residual_mse": 0.00012417679608915931, "temporal_rel": 0.9439786404371262, "tke_rel": 0.5334514021873474}
TRAIN {"angle_aug_abs_deg": 0.0, "aoa_effective_shift_abs_deg_mean": 0.0, "aoa_meanfield_aug_fraction": 0.0, "aoa_meanfield_lambda_mean": 0.0, "delta_penalty": 2.0552230307657737e-05, "grad_rel": 0.5112272799015045, "iteration": 1060, "loss": 0.14561532139778138, "lr": 0.00017907450574776746, "mse": 0.00011500692889967467, "p_zero": 0.0, "point_rel": 0.07709182221442461, "residual_mse": 0.00011500693071866407, "temporal_rel": 0.9421881318092347, "tke_rel": 0.5425755649805069}
TRAIN {"angle_aug_abs_deg": 0.0, "aoa_effective_shift_abs_deg_mean": 0.0, "aoa_meanfield_aug_fraction": 0.0, "aoa_meanfield_lambda_mean": 0.0, "delta_penalty": 1.9930078860852517e-05, "grad_rel": 0.5081340685486794, "iteration": 1080, "loss": 0.14515702426433563, "lr": 0.00017830754182909952, "mse": 0.00011327814063406549, "p_zero": 0.0, "point_rel": 0.0764527227729559, "residual_mse": 0.00011327814045216655, "temporal_rel": 0.9412393659353256, "tke_rel": 0.5468454748392105}
TRAIN {"angle_aug_abs_deg": 0.0, "aoa_effective_shift_abs_deg_mean": 0.0, "aoa_meanfield_aug_fraction": 0.0, "aoa_meanfield_lambda_mean": 0.0, "delta_penalty": 2.0750133944602567e-05, "grad_rel": 0.5184194415807724, "iteration": 1100, "loss": 0.14961966648697853, "lr": 0.00017752847985927483, "mse": 0.0001401481926222914, "p_zero": 0.0, "point_rel": 0.08072762470692396, "residual_mse": 0.00014014819334988714, "temporal_rel": 0.9471712678670883, "tke_rel": 0.544302622973919}
TRAIN {"angle_aug_abs_deg": 0.0, "aoa_effective_shift_abs_deg_mean": 0.0, "aoa_meanfield_aug_fraction": 0.0, "aoa_meanfield_lambda_mean": 0.0, "delta_penalty": 2.132419031113386e-05, "grad_rel": 0.509471845626831, "iteration": 1120, "loss": 0.14647295102477073, "lr": 0.000176737440198751, "mse": 0.000134668375721958, "p_zero": 0.0, "point_rel": 0.07707191985100507, "residual_mse": 0.0001346683739029686, "temporal_rel": 0.9493266731500626, "tke_rel": 0.5539721637964249}
TRAIN {"angle_aug_abs_deg": 0.0, "aoa_effective_shift_abs_deg_mean": 0.0, "aoa_meanfield_aug_fraction": 0.0, "aoa_meanfield_lambda_mean": 0.0, "delta_penalty": 2.318454558007943e-05, "grad_rel": 0.5215485289692878, "iteration": 1140, "loss": 0.1497139662504196, "lr": 0.00017593454505846767, "mse": 0.00013144261192792327, "p_zero": 0.0, "point_rel": 0.08115627784281969, "residual_mse": 0.00013144261338311481, "temporal_rel": 0.9499759703874588, "tke_rel": 0.5365881770849228}
TRAIN {"angle_aug_abs_deg": 0.0, "aoa_effective_shift_abs_deg_mean": 0.0, "aoa_meanfield_aug_fraction": 0.0, "aoa_meanfield_lambda_mean": 0.0, "delta_penalty": 2.0262602492948645e-05, "grad_rel": 0.5140234977006912, "iteration": 1160, "loss": 0.14636886194348336, "lr": 0.00017511991848096623, "mse": 9.895961593429093e-05, "p_zero": 0.0, "point_rel": 0.07790169045329094, "residual_mse": 9.895961593429093e-05, "temporal_rel": 0.9421124637126923, "tke_rel": 0.5410559386014938}
TRAIN {"angle_aug_abs_deg": 0.0, "aoa_effective_shift_abs_deg_mean": 0.0, "aoa_meanfield_aug_fraction": 0.0, "aoa_meanfield_lambda_mean": 0.0, "delta_penalty": 2.1620101824737505e-05, "grad_rel": 0.5225171387195587, "iteration": 1180, "loss": 0.1505799986422062, "lr": 0.00017429368632122515, "mse": 0.00014682364781037904, "p_zero": 0.0, "point_rel": 0.08201537411659957, "residual_mse": 0.00014682364744658116, "temporal_rel": 0.938330990076065, "tke_rel": 0.5422076314687729}
TRAIN {"angle_aug_abs_deg": 0.0, "aoa_effective_shift_abs_deg_mean": 0.0, "aoa_meanfield_aug_fraction": 0.0, "aoa_meanfield_lambda_mean": 0.0, "delta_penalty": 2.1500048887901357e-05, "grad_rel": 0.5259442538022995, "iteration": 1200, "loss": 0.1519562356173992, "lr": 0.00017345597622721692, "mse": 0.00013851813491783105, "p_zero": 0.0, "point_rel": 0.08401438258588315, "residual_mse": 0.00013851813419023528, "temporal_rel": 0.9306227177381515, "tke_rel": 0.5348670586943627}
TRAIN {"angle_aug_abs_deg": 0.0, "aoa_effective_shift_abs_deg_mean": 0.0, "aoa_meanfield_aug_fraction": 0.0, "aoa_meanfield_lambda_mean": 0.0, "delta_penalty": 2.285737227794016e-05, "grad_rel": 0.5120802685618401, "iteration": 1220, "loss": 0.14704074636101722, "lr": 0.00017260691762018668, "mse": 0.00014392932498594747, "p_zero": 0.0, "point_rel": 0.07910003736615182, "residual_mse": 0.0001439293257135432, "temporal_rel": 0.9363706141710282, "tke_rel": 0.5354125753045083}
TRAIN {"angle_aug_abs_deg": 0.0, "aoa_effective_shift_abs_deg_mean": 0.0, "aoa_meanfield_aug_fraction": 0.0, "aoa_meanfield_lambda_mean": 0.0, "delta_penalty": 2.1009835973018198e-05, "grad_rel": 0.5251333564519882, "iteration": 1240, "loss": 0.14994584545493125, "lr": 0.00017174664167465766, "mse": 0.00012234597197675613, "p_zero": 0.0, "point_rel": 0.08100737519562244, "residual_mse": 0.00012234597343194765, "temporal_rel": 0.9382190734148026, "tke_rel": 0.5479629516601563}
TRAIN {"angle_aug_abs_deg": 0.0, "aoa_effective_shift_abs_deg_mean": 0.0, "aoa_meanfield_aug_fraction": 0.0, "aoa_meanfield_lambda_mean": 0.0, "delta_penalty": 2.2779478513257345e-05, "grad_rel": 0.5192519560456276, "iteration": 1260, "loss": 0.14887672811746597, "lr": 0.00017087528129816544, "mse": 0.00013406168491201243, "p_zero": 0.0, "point_rel": 0.08041742946952582, "residual_mse": 0.00013406168491201243, "temporal_rel": 0.9335296839475632, "tke_rel": 0.5437326356768608}
TRAIN {"angle_aug_abs_deg": 0.0, "aoa_effective_shift_abs_deg_mean": 0.0, "aoa_meanfield_aug_fraction": 0.0, "aoa_meanfield_lambda_mean": 0.0, "delta_penalty": 2.1259459026623516e-05, "grad_rel": 0.519534370303154, "iteration": 1280, "loss": 0.1476123683154583, "lr": 0.0001699929711107244, "mse": 0.00011794326110248221, "p_zero": 0.0, "point_rel": 0.08059833385050297, "residual_mse": 0.00011794326073868432, "temporal_rel": 0.9326473951339722, "tke_rel": 0.5200964957475662}
TRAIN {"angle_aug_abs_deg": 0.0, "aoa_effective_shift_abs_deg_mean": 0.0, "aoa_meanfield_aug_fraction": 0.0, "aoa_meanfield_lambda_mean": 0.0, "delta_penalty": 2.3175522255769464e-05, "grad_rel": 0.5140107706189155, "iteration": 1300, "loss": 0.1485402539372444, "lr": 0.00016909984742402985, "mse": 0.00014295455712272088, "p_zero": 0.0, "point_rel": 0.08044537827372551, "residual_mse": 0.00014295455748651874, "temporal_rel": 0.9336109846830368, "tke_rel": 0.5388839080929756}
TRAIN {"angle_aug_abs_deg": 0.0, "aoa_effective_shift_abs_deg_mean": 0.0, "aoa_meanfield_aug_fraction": 0.0, "aoa_meanfield_lambda_mean": 0.0, "delta_penalty": 2.35828549193684e-05, "grad_rel": 0.5259710714221001, "iteration": 1320, "loss": 0.15237148404121398, "lr": 0.00016819604822039866, "mse": 0.0001500431968452176, "p_zero": 0.0, "point_rel": 0.08347163200378419, "residual_mse": 0.00015004319575382397, "temporal_rel": 0.9324560105800629, "tke_rel": 0.5498520225286484}
TRAIN {"angle_aug_abs_deg": 0.0, "aoa_effective_shift_abs_deg_mean": 0.0, "aoa_meanfield_aug_fraction": 0.0, "aoa_meanfield_lambda_mean": 0.0, "delta_penalty": 2.5987963454099372e-05, "grad_rel": 0.5195213198661804, "iteration": 1340, "loss": 0.1495346263051033, "lr": 0.00016728171313145192, "mse": 0.00015820140979485586, "p_zero": 0.0, "point_rel": 0.08124466687440872, "residual_mse": 0.00015820140979485586, "temporal_rel": 0.9280579596757889, "tke_rel": 0.543456980586052}
TRAIN {"angle_aug_abs_deg": 0.0, "aoa_effective_shift_abs_deg_mean": 0.0, "aoa_meanfield_aug_fraction": 0.0, "aoa_meanfield_lambda_mean": 0.0, "delta_penalty": 2.2348694619722666e-05, "grad_rel": 0.5244560956954956, "iteration": 1360, "loss": 0.14995665475726128, "lr": 0.00016635698341654236, "mse": 0.0001464121001845342, "p_zero": 0.0, "point_rel": 0.08215224295854569, "residual_mse": 0.0001464121005483321, "temporal_rel": 0.9398444414138794, "tke_rel": 0.5282978042960167}
TRAIN {"angle_aug_abs_deg": 0.0, "aoa_effective_shift_abs_deg_mean": 0.0, "aoa_meanfield_aug_fraction": 0.0, "aoa_meanfield_lambda_mean": 0.0, "delta_penalty": 2.2851352014185977e-05, "grad_rel": 0.5117731690406799, "iteration": 1380, "loss": 0.14741972014307975, "lr": 0.00016542200194093095, "mse": 0.00012394922450766898, "p_zero": 0.0, "point_rel": 0.07795140221714973, "residual_mse": 0.00012394922305247746, "temporal_rel": 0.941035833954811, "tke_rel": 0.558716794848442}
TRAIN {"angle_aug_abs_deg": 0.0, "aoa_effective_shift_abs_deg_mean": 0.0, "aoa_meanfield_aug_fraction": 0.0, "aoa_meanfield_lambda_mean": 0.0, "delta_penalty": 2.2300846330836067e-05, "grad_rel": 0.5002016261219978, "iteration": 1400, "loss": 0.1419738493859768, "lr": 0.00016447691315371496, "mse": 0.00012414419379638275, "p_zero": 0.0, "point_rel": 0.07403341121971607, "residual_mse": 0.00012414419015840394, "temporal_rel": 0.9375015258789062, "tke_rel": 0.537911307811737}
TRAIN {"angle_aug_abs_deg": 0.0, "aoa_effective_shift_abs_deg_mean": 0.0, "aoa_meanfield_aug_fraction": 0.0, "aoa_meanfield_lambda_mean": 0.0, "delta_penalty": 2.130601869794191e-05, "grad_rel": 0.5100633680820466, "iteration": 1420, "loss": 0.14438149705529213, "lr": 0.00016352186306551136, "mse": 0.00010744013743533288, "p_zero": 0.0, "point_rel": 0.07715315818786621, "residual_mse": 0.00010744013688963605, "temporal_rel": 0.9318850696086883, "tke_rel": 0.5264696404337883}
TRAIN {"angle_aug_abs_deg": 0.0, "aoa_effective_shift_abs_deg_mean": 0.0, "aoa_meanfield_aug_fraction": 0.0, "aoa_meanfield_lambda_mean": 0.0, "delta_penalty": 2.2999547036306466e-05, "grad_rel": 0.5076281145215035, "iteration": 1440, "loss": 0.14462616220116614, "lr": 0.00016255699922589894, "mse": 0.000123016988618474, "p_zero": 0.0, "point_rel": 0.07692835684865713, "residual_mse": 0.00012301699080126128, "temporal_rel": 0.9214054048061371, "tke_rel": 0.5400643244385719}
TRAIN {"angle_aug_abs_deg": 0.0, "aoa_effective_shift_abs_deg_mean": 0.0, "aoa_meanfield_aug_fraction": 0.0, "aoa_meanfield_lambda_mean": 0.0, "delta_penalty": 2.2740694521417027e-05, "grad_rel": 0.5138708248734474, "iteration": 1460, "loss": 0.14610003530979157, "lr": 0.00016158247070062327, "mse": 0.0001275917284146999, "p_zero": 0.0, "point_rel": 0.07956163994967938, "residual_mse": 0.00012759172986989142, "temporal_rel": 0.9270857214927674, "tke_rel": 0.5163172394037246}
TRAIN {"angle_aug_abs_deg": 0.0, "aoa_effective_shift_abs_deg_mean": 0.0, "aoa_meanfield_aug_fraction": 0.0, "aoa_meanfield_lambda_mean": 0.0, "delta_penalty": 2.5268219087593024e-05, "grad_rel": 0.5235177144408226, "iteration": 1480, "loss": 0.14947304502129555, "lr": 0.00016059842804856623, "mse": 0.00014304570177046117, "p_zero": 0.0, "point_rel": 0.08148011863231659, "residual_mse": 0.00014304570358945057, "temporal_rel": 0.9363014250993729, "tke_rel": 0.5334616973996162}
TRAIN {"angle_aug_abs_deg": 0.0, "aoa_effective_shift_abs_deg_mean": 0.0, "aoa_meanfield_aug_fraction": 0.0, "aoa_meanfield_lambda_mean": 0.0, "delta_penalty": 2.3528025121777318e-05, "grad_rel": 0.5119285821914673, "iteration": 1500, "loss": 0.14831380918622017, "lr": 0.00015960502329848605, "mse": 0.00013023212704865728, "p_zero": 0.0, "point_rel": 0.08056646324694157, "residual_mse": 0.0001302321266848594, "temporal_rel": 0.9284793674945832, "tke_rel": 0.5362415969371795}
TRAIN {"angle_aug_abs_deg": 0.0, "aoa_effective_shift_abs_deg_mean": 0.0, "aoa_meanfield_aug_fraction": 0.0, "aoa_meanfield_lambda_mean": 0.0, "delta_penalty": 2.5694971282064216e-05, "grad_rel": 0.5256498277187347, "iteration": 1520, "loss": 0.15149665474891663, "lr": 0.0001586024099255298, "mse": 0.00014219856311683542, "p_zero": 0.0, "point_rel": 0.08300891928374768, "residual_mse": 0.0001421985616616439, "temporal_rel": 0.9336763054132462, "tke_rel": 0.5424920886754989}
TRAIN {"angle_aug_abs_deg": 0.0, "aoa_effective_shift_abs_deg_mean": 0.0, "aoa_meanfield_aug_fraction": 0.0, "aoa_meanfield_lambda_mean": 0.0, "delta_penalty": 2.5991108759626514e-05, "grad_rel": 0.5174615576863288, "iteration": 1540, "loss": 0.14935070127248765, "lr": 0.00015759074282752184, "mse": 0.00014813368397881277, "p_zero": 0.0, "point_rel": 0.08053397238254548, "residual_mse": 0.00014813368179602548, "temporal_rel": 0.9331499665975571, "tke_rel": 0.5502558469772338}
TRAIN {"angle_aug_abs_deg": 0.0, "aoa_effective_shift_abs_deg_mean": 0.0, "aoa_meanfield_aug_fraction": 0.0, "aoa_meanfield_lambda_mean": 0.0, "delta_penalty": 2.3073915599525208e-05, "grad_rel": 0.518893975019455, "iteration": 1560, "loss": 0.14975242093205451, "lr": 0.0001565701783010338, "mse": 0.0001219360430695815, "p_zero": 0.0, "point_rel": 0.0822059914469719, "residual_mse": 0.00012193604270578362, "temporal_rel": 0.9344188541173934, "tke_rel": 0.5282236009836196}
TRAIN {"angle_aug_abs_deg": 0.0, "aoa_effective_shift_abs_deg_mean": 0.0, "aoa_meanfield_aug_fraction": 0.0, "aoa_meanfield_lambda_mean": 0.0, "delta_penalty": 2.2713638099958188e-05, "grad_rel": 0.5113538086414338, "iteration": 1580, "loss": 0.14531582444906235, "lr": 0.00015554087401723689, "mse": 0.0001331674873654265, "p_zero": 0.0, "point_rel": 0.0774246521294117, "residual_mse": 0.00013316748809302225, "temporal_rel": 0.9275635629892349, "tke_rel": 0.5392259225249291}
TRAIN {"angle_aug_abs_deg": 0.0, "aoa_effective_shift_abs_deg_mean": 0.0, "aoa_meanfield_aug_fraction": 0.0, "aoa_meanfield_lambda_mean": 0.0, "delta_penalty": 2.3875292299635476e-05, "grad_rel": 0.5236493542790412, "iteration": 1600, "loss": 0.15089132264256477, "lr": 0.00015450298899754333, "mse": 0.0001383242015435826, "p_zero": 0.0, "point_rel": 0.08319339342415333, "residual_mse": 0.0001383242019073805, "temporal_rel": 0.9294829934835434, "tke_rel": 0.53194540143013}
TRAIN {"angle_aug_abs_deg": 0.0, "aoa_effective_shift_abs_deg_mean": 0.0, "aoa_meanfield_aug_fraction": 0.0, "aoa_meanfield_lambda_mean": 0.0, "delta_penalty": 2.4418678731308318e-05, "grad_rel": 0.5131167724728585, "iteration": 1620, "loss": 0.14823841378092767, "lr": 0.00015345668358903813, "mse": 0.00014740221813553945, "p_zero": 0.0, "point_rel": 0.08165628984570503, "residual_mse": 0.0001474022152251564, "temporal_rel": 0.9210335969924927, "tke_rel": 0.5201609537005425}
TRAIN {"angle_aug_abs_deg": 0.0, "aoa_effective_shift_abs_deg_mean": 0.0, "aoa_meanfield_aug_fraction": 0.0, "aoa_meanfield_lambda_mean": 0.0, "delta_penalty": 2.4815345750539563e-05, "grad_rel": 0.504517848789692, "iteration": 1640, "loss": 0.14374804683029652, "lr": 0.00015240211943970633, "mse": 0.00014700894116685957, "p_zero": 0.0, "point_rel": 0.07736243326216936, "residual_mse": 0.00014700894134875853, "temporal_rel": 0.9226732641458512, "tke_rel": 0.5182174786925315}
TRAIN {"angle_aug_abs_deg": 0.0, "aoa_effective_shift_abs_deg_mean": 0.0, "aoa_meanfield_aug_fraction": 0.0, "aoa_meanfield_lambda_mean": 0.0, "delta_penalty": 2.20399939280469e-05, "grad_rel": 0.5070995032787323, "iteration": 1660, "loss": 0.14296146668493748, "lr": 0.0001513394594734597, "mse": 0.0001182710593639058, "p_zero": 0.0, "point_rel": 0.07628559581935405, "residual_mse": 0.0001182710593639058, "temporal_rel": 0.9286373794078827, "tke_rel": 0.5195722371339798}
TRAIN {"angle_aug_abs_deg": 0.0, "aoa_effective_shift_abs_deg_mean": 0.0, "aoa_meanfield_aug_fraction": 0.0, "aoa_meanfield_lambda_mean": 0.0, "delta_penalty": 2.441116976115154e-05, "grad_rel": 0.5164662852883339, "iteration": 1680, "loss": 0.1473365843296051, "lr": 0.0001502688678649655, "mse": 0.0001319008464633953, "p_zero": 0.0, "point_rel": 0.0801089197397232, "residual_mse": 0.00013190084537200163, "temporal_rel": 0.9290131539106369, "tke_rel": 0.526170340180397}
TRAIN {"angle_aug_abs_deg": 0.0, "aoa_effective_shift_abs_deg_mean": 0.0, "aoa_meanfield_aug_fraction": 0.0, "aoa_meanfield_lambda_mean": 0.0, "delta_penalty": 2.3809556932974373e-05, "grad_rel": 0.5007493421435356, "iteration": 1700, "loss": 0.14429022446274758, "lr": 0.00014919051001428295, "mse": 0.00012771100336976814, "p_zero": 0.0, "point_rel": 0.07666283845901489, "residual_mse": 0.00012771100191457662, "temporal_rel": 0.930194541811943, "tke_rel": 0.5361919939517975}
TRAIN {"angle_aug_abs_deg": 0.0, "aoa_effective_shift_abs_deg_mean": 0.0, "aoa_meanfield_aug_fraction": 0.0, "aoa_meanfield_lambda_mean": 0.0, "delta_penalty": 2.4901236793084534e-05, "grad_rel": 0.5121725156903267, "iteration": 1720, "loss": 0.14670567810535431, "lr": 0.00014810455252130947, "mse": 0.00013946205071988516, "p_zero": 0.0, "point_rel": 0.07955104820430278, "residual_mse": 0.0001394620499922894, "temporal_rel": 0.917740085721016, "tke_rel": 0.5316250905394554}
TRAIN {"angle_aug_abs_deg": 0.0, "aoa_effective_shift_abs_deg_mean": 0.0, "aoa_meanfield_aug_fraction": 0.0, "aoa_meanfield_lambda_mean": 0.0, "delta_penalty": 2.5104370433837175e-05, "grad_rel": 0.5064659938216209, "iteration": 1740, "loss": 0.14491893500089645, "lr": 0.00014701116316004234, "mse": 0.0001236355312357773, "p_zero": 0.0, "point_rel": 0.07861827947199344, "residual_mse": 0.00012363553141767625, "temporal_rel": 0.9193611055612564, "tke_rel": 0.5180874213576316}
TRAIN {"angle_aug_abs_deg": 0.0, "aoa_effective_shift_abs_deg_mean": 0.0, "aoa_meanfield_aug_fraction": 0.0, "aoa_meanfield_lambda_mean": 0.0, "delta_penalty": 2.3885954715296975e-05, "grad_rel": 0.5102406606078148, "iteration": 1760, "loss": 0.14590597599744798, "lr": 0.00014591051085265834, "mse": 0.00013870055918232537, "p_zero": 0.0, "point_rel": 0.0782007209956646, "residual_mse": 0.00013870055918232537, "temporal_rel": 0.9295241117477417, "tke_rel": 0.5353972643613816}
TRAIN {"angle_aug_abs_deg": 0.0, "aoa_effective_shift_abs_deg_mean": 0.0, "aoa_meanfield_aug_fraction": 0.0, "aoa_meanfield_lambda_mean": 0.0, "delta_penalty": 2.591952406874043e-05, "grad_rel": 0.5035580709576607, "iteration": 1780, "loss": 0.14276569709181786, "lr": 0.00014480276564341642, "mse": 0.00013484764131135307, "p_zero": 0.0, "point_rel": 0.07613477930426597, "residual_mse": 0.00013484764167515095, "temporal_rel": 0.9238021492958068, "tke_rel": 0.5220418870449066}
TRAIN {"angle_aug_abs_deg": 0.0, "aoa_effective_shift_abs_deg_mean": 0.0, "aoa_meanfield_aug_fraction": 0.0, "aoa_meanfield_lambda_mean": 0.0, "delta_penalty": 2.573296997070429e-05, "grad_rel": 0.5169357389211655, "iteration": 1800, "loss": 0.14689283147454263, "lr": 0.00014368809867238688, "mse": 0.0001298498176765861, "p_zero": 0.0, "point_rel": 0.07997048236429691, "residual_mse": 0.00012984981913177762, "temporal_rel": 0.9245464712381363, "tke_rel": 0.5232075542211533}
TRAIN {"angle_aug_abs_deg": 0.0, "aoa_effective_shift_abs_deg_mean": 0.0, "aoa_meanfield_aug_fraction": 0.0, "aoa_meanfield_lambda_mean": 0.0, "delta_penalty": 2.420685432298342e-05, "grad_rel": 0.5177683368325233, "iteration": 1820, "loss": 0.14750809371471404, "lr": 0.00014256668214901108, "mse": 0.00013499240594683215, "p_zero": 0.0, "point_rel": 0.08084153551608324, "residual_mse": 0.00013499240703822578, "temporal_rel": 0.92341068983078, "tke_rel": 0.5192788571119309}
TRAIN {"angle_aug_abs_deg": 0.0, "aoa_effective_shift_abs_deg_mean": 0.0, "aoa_meanfield_aug_fraction": 0.0, "aoa_meanfield_lambda_mean": 0.0, "delta_penalty": 2.3561438774777342e-05, "grad_rel": 0.5114725813269615, "iteration": 1840, "loss": 0.14601878821849823, "lr": 0.0001414386893254963, "mse": 0.00011654237896436825, "p_zero": 0.0, "point_rel": 0.07869470529258252, "residual_mse": 0.00011654237750917673, "temporal_rel": 0.9301579147577286, "tke_rel": 0.5285304084420204}
TRAIN {"angle_aug_abs_deg": 0.0, "aoa_effective_shift_abs_deg_mean": 0.0, "aoa_meanfield_aug_fraction": 0.0, "aoa_meanfield_lambda_mean": 0.0, "delta_penalty": 2.7355734800948994e-05, "grad_rel": 0.5174403131008148, "iteration": 1860, "loss": 0.14836421459913254, "lr": 0.00014030429447004934, "mse": 0.0001574494417582173, "p_zero": 0.0, "point_rel": 0.08119288682937623, "residual_mse": 0.00015744944212201518, "temporal_rel": 0.9270778596401215, "tke_rel": 0.5258267357945442}
TRAIN {"angle_aug_abs_deg": 0.0, "aoa_effective_shift_abs_deg_mean": 0.0, "aoa_meanfield_aug_fraction": 0.0, "aoa_meanfield_lambda_mean": 0.0, "delta_penalty": 2.540355890232604e-05, "grad_rel": 0.5083035662770271, "iteration": 1880, "loss": 0.14516131803393365, "lr": 0.00013916367283995263, "mse": 0.00011899346864083782, "p_zero": 0.0, "point_rel": 0.07797404397279024, "residual_mse": 0.00011899346827703994, "temporal_rel": 0.9345373451709748, "tke_rel": 0.5248399198055267}
TRAIN {"angle_aug_abs_deg": 0.0, "aoa_effective_shift_abs_deg_mean": 0.0, "aoa_meanfield_aug_fraction": 0.0, "aoa_meanfield_lambda_mean": 0.0, "delta_penalty": 2.4392277873630518e-05, "grad_rel": 0.5196919023990632, "iteration": 1900, "loss": 0.14703879356384278, "lr": 0.0001380170006544888, "mse": 0.00014389893349289195, "p_zero": 0.0, "point_rel": 0.08066606931388379, "residual_mse": 0.00014389893422048772, "temporal_rel": 0.9169572502374649, "tke_rel": 0.5170828774571419}
TRAIN {"angle_aug_abs_deg": 0.0, "aoa_effective_shift_abs_deg_mean": 0.0, "aoa_meanfield_aug_fraction": 0.0, "aoa_meanfield_lambda_mean": 0.0, "delta_penalty": 2.3719777163933032e-05, "grad_rel": 0.5055896297097207, "iteration": 1920, "loss": 0.14294712543487548, "lr": 0.00013686445506771525, "mse": 0.00012404833651089576, "p_zero": 0.0, "point_rel": 0.07668038792908191, "residual_mse": 0.00012404833687469364, "temporal_rel": 0.921057939529419, "tke_rel": 0.516891123354435}
TRAIN {"angle_aug_abs_deg": 0.0, "aoa_effective_shift_abs_deg_mean": 0.0, "aoa_meanfield_aug_fraction": 0.0, "aoa_meanfield_lambda_mean": 0.0, "delta_penalty": 2.5115306380030232e-05, "grad_rel": 0.5089859366416931, "iteration": 1940, "loss": 0.14572672061622144, "lr": 0.00013570621414109497, "mse": 0.0001275544876989443, "p_zero": 0.0, "point_rel": 0.07999853957444429, "residual_mse": 0.0001275544882446411, "temporal_rel": 0.9136338740587234, "tke_rel": 0.5107600957155227}
TRAIN {"angle_aug_abs_deg": 0.0, "aoa_effective_shift_abs_deg_mean": 0.0, "aoa_meanfield_aug_fraction": 0.0, "aoa_meanfield_lambda_mean": 0.0, "delta_penalty": 2.5926804710252327e-05, "grad_rel": 0.5131573706865311, "iteration": 1960, "loss": 0.14650889560580255, "lr": 0.00013454245681598733, "mse": 0.0001251627382771403, "p_zero": 0.0, "point_rel": 0.07882840596139432, "residual_mse": 0.00012516273936853396, "temporal_rel": 0.9275802791118621, "tke_rel": 0.535294258594513}
TRAIN {"angle_aug_abs_deg": 0.0, "aoa_effective_shift_abs_deg_mean": 0.0, "aoa_meanfield_aug_fraction": 0.0, "aoa_meanfield_lambda_mean": 0.0, "delta_penalty": 2.3193369452201294e-05, "grad_rel": 0.4985812336206436, "iteration": 1980, "loss": 0.14172624722123145, "lr": 0.00013337336288600258, "mse": 0.00011722777344402857, "p_zero": 0.0, "point_rel": 0.07485567517578602, "residual_mse": 0.00011722777271643281, "temporal_rel": 0.9346145182847977, "tke_rel": 0.5219631105661392}
TRAIN {"angle_aug_abs_deg": 0.0, "aoa_effective_shift_abs_deg_mean": 0.0, "aoa_meanfield_aug_fraction": 0.0, "aoa_meanfield_lambda_mean": 0.0, "delta_penalty": 2.441487608848547e-05, "grad_rel": 0.517238649725914, "iteration": 2000, "loss": 0.15012622475624085, "lr": 0.00013219911296922474, "mse": 0.00013575085104093886, "p_zero": 0.0, "point_rel": 0.08218188993632794, "residual_mse": 0.00013575085267802933, "temporal_rel": 0.9273380219936371, "tke_rel": 0.5387400671839714}
EVAL_TOP {"alpha": 1.0, "best_bound_abs": 0.0075, "best_bound_rel": 0.0075, "best_bounds": [{"abs": 0.0075, "coverage": 0.81296142578125, "final_est": 80.83118139482087, "rel": 0.0075, "sps_raw": 0.46071689569950103, "sps_score_linear": 46.0716895699501, "sps_score_used": 46.0716895699501}], "best_final_est": 80.83118139482087, "iteration": 2000, "mean_t_neural_s": 0.01762683533, "mvpe": 0.08108048401772976, "mvpe_score": 96.10392367616672, "n": 640, "rel_l2": 0.08801965340971947, "rel_l2_score": 95.7845390360199, "time_score": 86.54248999999716, "tke": 0.5108826458454132, "tke_score": 79.65326469197053}
BEST iteration=2000 final_est=80.831181 alpha=1.0 abs=0.0075 rel=0.0075
TRAIN {"angle_aug_abs_deg": 0.0, "aoa_effective_shift_abs_deg_mean": 0.0, "aoa_meanfield_aug_fraction": 0.0, "aoa_meanfield_lambda_mean": 0.0, "delta_penalty": 2.464308208800503e-05, "grad_rel": 0.5092191725969315, "iteration": 2020, "loss": 0.14438570514321328, "lr": 0.0001310198884803073, "mse": 0.00012837662270612782, "p_zero": 0.0, "point_rel": 0.07776698395609856, "residual_mse": 0.00012837662234232994, "temporal_rel": 0.9206527233123779, "tke_rel": 0.5220307812094689}
TRAIN {"angle_aug_abs_deg": 0.0, "aoa_effective_shift_abs_deg_mean": 0.0, "aoa_meanfield_aug_fraction": 0.0, "aoa_meanfield_lambda_mean": 0.0, "delta_penalty": 2.4978950023069046e-05, "grad_rel": 0.5094200611114502, "iteration": 2040, "loss": 0.14344820007681847, "lr": 0.0001298358716024456, "mse": 0.00011683308093779488, "p_zero": 0.0, "point_rel": 0.07759275361895561, "residual_mse": 0.00011683308093779488, "temporal_rel": 0.9178565263748169, "tke_rel": 0.5107150331139565}
TRAIN {"angle_aug_abs_deg": 0.0, "aoa_effective_shift_abs_deg_mean": 0.0, "aoa_meanfield_aug_fraction": 0.0, "aoa_meanfield_lambda_mean": 0.0, "delta_penalty": 2.757436905085342e-05, "grad_rel": 0.5134464994072914, "iteration": 2060, "loss": 0.14642908200621604, "lr": 0.0001286472452592307, "mse": 0.00014319595356937498, "p_zero": 0.0, "point_rel": 0.07996544130146503, "residual_mse": 0.0001431959528417792, "temporal_rel": 0.9202402681112289, "tke_rel": 0.5185204282402992}
TRAIN {"angle_aug_abs_deg": 0.0, "aoa_effective_shift_abs_deg_mean": 0.0, "aoa_meanfield_aug_fraction": 0.0, "aoa_meanfield_lambda_mean": 0.0, "delta_penalty": 2.6007459200627637e-05, "grad_rel": 0.5096276074647903, "iteration": 2080, "loss": 0.14385880529880524, "lr": 0.00012745419308638888, "mse": 0.00012130872182751773, "p_zero": 0.0, "point_rel": 0.07802342139184475, "residual_mse": 0.00012130872328270925, "temporal_rel": 0.9211261183023453, "tke_rel": 0.5086712002754211}
TRAIN {"angle_aug_abs_deg": 0.0, "aoa_effective_shift_abs_deg_mean": 0.0, "aoa_meanfield_aug_fraction": 0.0, "aoa_meanfield_lambda_mean": 0.0, "delta_penalty": 2.5764444944798016e-05, "grad_rel": 0.501771853864193, "iteration": 2100, "loss": 0.14380818381905555, "lr": 0.00012625689940341055, "mse": 0.00013039547156949992, "p_zero": 0.0, "point_rel": 0.07692447640001773, "residual_mse": 0.00013039547156949992, "temporal_rel": 0.9253930032253266, "tke_rel": 0.5259284660220146}
TRAIN {"angle_aug_abs_deg": 0.0, "aoa_effective_shift_abs_deg_mean": 0.0, "aoa_meanfield_aug_fraction": 0.0, "aoa_meanfield_lambda_mean": 0.0, "delta_penalty": 2.387251342952368e-05, "grad_rel": 0.5129433825612069, "iteration": 2120, "loss": 0.14687361866235732, "lr": 0.00012505554918507464, "mse": 0.0001207827324833488, "p_zero": 0.0, "point_rel": 0.07983161248266697, "residual_mse": 0.00012078273502993397, "temporal_rel": 0.9259094834327698, "tke_rel": 0.5255642905831337}
TRAIN {"angle_aug_abs_deg": 0.0, "aoa_effective_shift_abs_deg_mean": 0.0, "aoa_meanfield_aug_fraction": 0.0, "aoa_meanfield_lambda_mean": 0.0, "delta_penalty": 2.695856001082575e-05, "grad_rel": 0.5064788073301315, "iteration": 2140, "loss": 0.14284665659070014, "lr": 0.00012385032803287054, "mse": 0.00013497020245267777, "p_zero": 0.0, "point_rel": 0.07767016403377056, "residual_mse": 0.00013497020245267777, "temporal_rel": 0.9122951060533524, "tke_rel": 0.5028238296508789}
TRAIN {"angle_aug_abs_deg": 0.0, "aoa_effective_shift_abs_deg_mean": 0.0, "aoa_meanfield_aug_fraction": 0.0, "aoa_meanfield_lambda_mean": 0.0, "delta_penalty": 2.5320045551779913e-05, "grad_rel": 0.5053150519728661, "iteration": 2160, "loss": 0.14370733574032785, "lr": 0.00012264142214632405, "mse": 0.00012399015431583394, "p_zero": 0.0, "point_rel": 0.07774529308080673, "residual_mse": 0.00012399015467963183, "temporal_rel": 0.9102821797132492, "tke_rel": 0.5172691747546196}
TRAIN {"angle_aug_abs_deg": 0.0, "aoa_effective_shift_abs_deg_mean": 0.0, "aoa_meanfield_aug_fraction": 0.0, "aoa_meanfield_lambda_mean": 0.0, "delta_penalty": 2.531698360144219e-05, "grad_rel": 0.5055624410510063, "iteration": 2180, "loss": 0.142872603982687, "lr": 0.00012142901829423058, "mse": 0.00013028633766225538, "p_zero": 0.0, "point_rel": 0.07705866247415542, "residual_mse": 0.00013028633729845752, "temporal_rel": 0.9133320808410644, "tke_rel": 0.5131825551390647}
TRAIN {"angle_aug_abs_deg": 0.0, "aoa_effective_shift_abs_deg_mean": 0.0, "aoa_meanfield_aug_fraction": 0.0, "aoa_meanfield_lambda_mean": 0.0, "delta_penalty": 2.52806978096487e-05, "grad_rel": 0.5141036063432693, "iteration": 2200, "loss": 0.14649846851825715, "lr": 0.00012021330378580041, "mse": 0.00012110320985811996, "p_zero": 0.0, "point_rel": 0.07978681772947312, "residual_mse": 0.00012110320767533267, "temporal_rel": 0.920647817850113, "tke_rel": 0.5223970890045166}
TRAIN {"angle_aug_abs_deg": 0.0, "aoa_effective_shift_abs_deg_mean": 0.0, "aoa_meanfield_aug_fraction": 0.0, "aoa_meanfield_lambda_mean": 0.0, "delta_penalty": 2.6555701333563773e-05, "grad_rel": 0.5121253475546836, "iteration": 2220, "loss": 0.14603906497359276, "lr": 0.00011899446644172073, "mse": 0.00012782583871739917, "p_zero": 0.0, "point_rel": 0.0788702342659235, "residual_mse": 0.00012782583871739917, "temporal_rel": 0.9275611162185669, "tke_rel": 0.527020625770092}
TRAIN {"angle_aug_abs_deg": 0.0, "aoa_effective_shift_abs_deg_mean": 0.0, "aoa_meanfield_aug_fraction": 0.0, "aoa_meanfield_lambda_mean": 0.0, "delta_penalty": 2.4978427882160757e-05, "grad_rel": 0.5014542013406753, "iteration": 2240, "loss": 0.1414186429232359, "lr": 0.00011777269456513835, "mse": 0.00011517083075887057, "p_zero": 0.0, "point_rel": 0.07579353414475917, "residual_mse": 0.00011517083121361792, "temporal_rel": 0.9179419875144958, "tke_rel": 0.5088332042098045}
TRAIN {"angle_aug_abs_deg": 0.0, "aoa_effective_shift_abs_deg_mean": 0.0, "aoa_meanfield_aug_fraction": 0.0, "aoa_meanfield_lambda_mean": 0.0, "delta_penalty": 2.8536720128613525e-05, "grad_rel": 0.5088452711701393, "iteration": 2260, "loss": 0.14657590463757514, "lr": 0.0001165481769125678, "mse": 0.00016104715377878164, "p_zero": 0.0, "point_rel": 0.07888136953115463, "residual_mse": 0.00016104715232359012, "temporal_rel": 0.9178956270217895, "tke_rel": 0.5412684068083763}
TRAIN {"angle_aug_abs_deg": 0.0, "aoa_effective_shift_abs_deg_mean": 0.0, "aoa_meanfield_aug_fraction": 0.0, "aoa_meanfield_lambda_mean": 0.0, "delta_penalty": 2.5855053081613733e-05, "grad_rel": 0.5058985978364945, "iteration": 2280, "loss": 0.14376821219921113, "lr": 0.00011532110266472992, "mse": 0.00013329866051208227, "p_zero": 0.0, "point_rel": 0.07735956385731697, "residual_mse": 0.00013329866087588015, "temporal_rel": 0.9190306544303894, "tke_rel": 0.5201457023620606}
TRAIN {"angle_aug_abs_deg": 0.0, "aoa_effective_shift_abs_deg_mean": 0.0, "aoa_meanfield_aug_fraction": 0.0, "aoa_meanfield_lambda_mean": 0.0, "delta_penalty": 2.6274280935467685e-05, "grad_rel": 0.4984989300370216, "iteration": 2300, "loss": 0.14154052138328552, "lr": 0.0001140916613973243, "mse": 0.00012105590085411677, "p_zero": 0.0, "point_rel": 0.07534396387636662, "residual_mse": 0.00012105589976272313, "temporal_rel": 0.9138566374778747, "tke_rel": 0.5211089164018631}
TRAIN {"angle_aug_abs_deg": 0.0, "aoa_effective_shift_abs_deg_mean": 0.0, "aoa_meanfield_aug_fraction": 0.0, "aoa_meanfield_lambda_mean": 0.0, "delta_penalty": 2.6004917617683532e-05, "grad_rel": 0.5154880896210671, "iteration": 2320, "loss": 0.14837767109274863, "lr": 0.00011286004305174087, "mse": 0.00014054983403184452, "p_zero": 0.0, "point_rel": 0.08131284285336733, "residual_mse": 0.00014054983366804664, "temporal_rel": 0.9200026124715805, "tke_rel": 0.5281624138355255}
TRAIN {"angle_aug_abs_deg": 0.0, "aoa_effective_shift_abs_deg_mean": 0.0, "aoa_meanfield_aug_fraction": 0.0, "aoa_meanfield_lambda_mean": 0.0, "delta_penalty": 2.6248752465107828e-05, "grad_rel": 0.513070422410965, "iteration": 2340, "loss": 0.14578869864344596, "lr": 0.00011162643790571545, "mse": 0.00012573387921293032, "p_zero": 0.0, "point_rel": 0.07951945774257183, "residual_mse": 0.00012573388003147556, "temporal_rel": 0.9226071625947952, "tke_rel": 0.5142787963151931}
TRAIN {"angle_aug_abs_deg": 0.0, "aoa_effective_shift_abs_deg_mean": 0.0, "aoa_meanfield_aug_fraction": 0.0, "aoa_meanfield_lambda_mean": 0.0, "delta_penalty": 2.50703552410414e-05, "grad_rel": 0.5069396674633027, "iteration": 2360, "loss": 0.1449591338634491, "lr": 0.00011039103654393266, "mse": 0.00012985139019292547, "p_zero": 0.0, "point_rel": 0.07802543565630912, "residual_mse": 0.00012985139019292547, "temporal_rel": 0.9181092739105224, "tke_rel": 0.5291144549846649}
TRAIN {"angle_aug_abs_deg": 0.0, "aoa_effective_shift_abs_deg_mean": 0.0, "aoa_meanfield_aug_fraction": 0.0, "aoa_meanfield_lambda_mean": 0.0, "delta_penalty": 2.897389776990167e-05, "grad_rel": 0.5070864841341972, "iteration": 2380, "loss": 0.1428395237773657, "lr": 0.00010915402982858179, "mse": 0.00013586208187916783, "p_zero": 0.0, "point_rel": 0.07617880776524544, "residual_mse": 0.0001358620840619551, "temporal_rel": 0.9214574098587036, "tke_rel": 0.5228227034211159}
TRAIN {"angle_aug_abs_deg": 0.0, "aoa_effective_shift_abs_deg_mean": 0.0, "aoa_meanfield_aug_fraction": 0.0, "aoa_meanfield_lambda_mean": 0.0, "delta_penalty": 2.460942541802069e-05, "grad_rel": 0.5044331282377243, "iteration": 2400, "loss": 0.14226611629128455, "lr": 0.00010791560886986987, "mse": 0.0001180344246677123, "p_zero": 0.0, "point_rel": 0.07582885511219502, "residual_mse": 0.00011803442721429747, "temporal_rel": 0.9224016457796097, "tke_rel": 0.5193802833557128}
TRAIN {"angle_aug_abs_deg": 0.0, "aoa_effective_shift_abs_deg_mean": 0.0, "aoa_meanfield_aug_fraction": 0.0, "aoa_meanfield_lambda_mean": 0.0, "delta_penalty": 2.7270141345070442e-05, "grad_rel": 0.5011297538876534, "iteration": 2420, "loss": 0.14421041272580623, "lr": 0.00010667596499649596, "mse": 0.00014185166019160534, "p_zero": 0.0, "point_rel": 0.07862095683813095, "residual_mse": 0.00014185166037350427, "temporal_rel": 0.917667007446289, "tke_rel": 0.5083233833312988}
TRAIN {"angle_aug_abs_deg": 0.0, "aoa_effective_shift_abs_deg_mean": 0.0, "aoa_meanfield_aug_fraction": 0.0, "aoa_meanfield_lambda_mean": 0.0, "delta_penalty": 2.6509767940297026e-05, "grad_rel": 0.5057384848594666, "iteration": 2440, "loss": 0.14509331174194812, "lr": 0.0001054352897260923, "mse": 0.00013078218526061392, "p_zero": 0.0, "point_rel": 0.07872623689472676, "residual_mse": 0.00013078218889859273, "temporal_rel": 0.9170950710773468, "tke_rel": 0.520473051071167}
TRAIN {"angle_aug_abs_deg": 0.0, "aoa_effective_shift_abs_deg_mean": 0.0, "aoa_meanfield_aug_fraction": 0.0, "aoa_meanfield_lambda_mean": 0.0, "delta_penalty": 2.4744778511376352e-05, "grad_rel": 0.5048399984836578, "iteration": 2460, "loss": 0.14400628693401812, "lr": 0.00010419377473563587, "mse": 0.00013366490729822545, "p_zero": 0.0, "point_rel": 0.07808683402836322, "residual_mse": 0.00013366490729822545, "temporal_rel": 0.9141379624605179, "tke_rel": 0.514701983332634}
TRAIN {"angle_aug_abs_deg": 0.0, "aoa_effective_shift_abs_deg_mean": 0.0, "aoa_meanfield_aug_fraction": 0.0, "aoa_meanfield_lambda_mean": 0.0, "delta_penalty": 2.5825552256719675e-05, "grad_rel": 0.5070610344409943, "iteration": 2480, "loss": 0.14554849974811077, "lr": 0.00010295161183183544, "mse": 0.00012134622611483791, "p_zero": 0.0, "point_rel": 0.0792769517749548, "residual_mse": 0.0001213462246596464, "temporal_rel": 0.9182518690824508, "tke_rel": 0.5180193215608597}
TRAIN {"angle_aug_abs_deg": 0.0, "aoa_effective_shift_abs_deg_mean": 0.0, "aoa_meanfield_aug_fraction": 0.0, "aoa_meanfield_lambda_mean": 0.0, "delta_penalty": 2.6344405614509015e-05, "grad_rel": 0.5064682424068451, "iteration": 2500, "loss": 0.1437495119869709, "lr": 0.00010170899292149835, "mse": 0.00012772694681189022, "p_zero": 0.0, "point_rel": 0.07868733406066894, "residual_mse": 0.0001277269453566987, "temporal_rel": 0.9088266730308533, "tke_rel": 0.5026918306946755}
TRAIN {"angle_aug_abs_deg": 0.0, "aoa_effective_shift_abs_deg_mean": 0.0, "aoa_meanfield_aug_fraction": 0.0, "aoa_meanfield_lambda_mean": 0.0, "delta_penalty": 2.6048308063764126e-05, "grad_rel": 0.5048370242118836, "iteration": 2520, "loss": 0.1445832721889019, "lr": 0.00010046610998188257, "mse": 0.00012642881265492178, "p_zero": 0.0, "point_rel": 0.07923792079091072, "residual_mse": 0.00012642881301871967, "temporal_rel": 0.910718223452568, "tke_rel": 0.5068800583481788}
TRAIN {"angle_aug_abs_deg": 0.0, "aoa_effective_shift_abs_deg_mean": 0.0, "aoa_meanfield_aug_fraction": 0.0, "aoa_meanfield_lambda_mean": 0.0, "delta_penalty": 2.5225636090908665e-05, "grad_rel": 0.5087629780173302, "iteration": 2540, "loss": 0.1437317833304405, "lr": 9.922315503103676e-05, "mse": 0.0001092664311727276, "p_zero": 0.0, "point_rel": 0.07766305990517139, "residual_mse": 0.00010926643062703079, "temporal_rel": 0.9216121137142181, "tke_rel": 0.512593898177147}
TRAIN {"angle_aug_abs_deg": 0.0, "aoa_effective_shift_abs_deg_mean": 0.0, "aoa_meanfield_aug_fraction": 0.0, "aoa_meanfield_lambda_mean": 0.0, "delta_penalty": 2.881108421206591e-05, "grad_rel": 0.514684547483921, "iteration": 2560, "loss": 0.14721432887017727, "lr": 9.798032009813504e-05, "mse": 0.00014647310654254398, "p_zero": 0.0, "point_rel": 0.08028952796012163, "residual_mse": 0.00014647310508735244, "temporal_rel": 0.9180167287588119, "tke_rel": 0.5269919112324715}
TRAIN {"angle_aug_abs_deg": 0.0, "aoa_effective_shift_abs_deg_mean": 0.0, "aoa_meanfield_aug_fraction": 0.0, "aoa_meanfield_lambda_mean": 0.0, "delta_penalty": 2.678191622180748e-05, "grad_rel": 0.5010502085089683, "iteration": 2580, "loss": 0.1422238714993, "lr": 9.673779719380937e-05, "mse": 0.00013390680542215704, "p_zero": 0.0, "point_rel": 0.07605156786739826, "residual_mse": 0.0001339068065135507, "temporal_rel": 0.9225867450237274, "tke_rel": 0.5156373858451844}
TRAIN {"angle_aug_abs_deg": 0.0, "aoa_effective_shift_abs_deg_mean": 0.0, "aoa_meanfield_aug_fraction": 0.0, "aoa_meanfield_lambda_mean": 0.0, "delta_penalty": 2.765380531855044e-05, "grad_rel": 0.5079936444759369, "iteration": 2600, "loss": 0.14225289635360241, "lr": 9.549577828048522e-05, "mse": 0.00012933664020238212, "p_zero": 0.0, "point_rel": 0.07708118110895157, "residual_mse": 0.00012933664165757364, "temporal_rel": 0.9050510704517365, "tke_rel": 0.5060154393315315}
TRAIN {"angle_aug_abs_deg": 0.0, "aoa_effective_shift_abs_deg_mean": 0.0, "aoa_meanfield_aug_fraction": 0.0, "aoa_meanfield_lambda_mean": 0.0, "delta_penalty": 2.7825668530567783e-05, "grad_rel": 0.5152293562889099, "iteration": 2620, "loss": 0.14593963474035263, "lr": 9.425445524272437e-05, "mse": 0.00013373006495385198, "p_zero": 0.0, "point_rel": 0.08056212514638901, "residual_mse": 0.00013373006495385198, "temporal_rel": 0.9135348349809647, "tke_rel": 0.5033725157380105}
TRAIN {"angle_aug_abs_deg": 0.0, "aoa_effective_shift_abs_deg_mean": 0.0, "aoa_meanfield_aug_fraction": 0.0, "aoa_meanfield_lambda_mean": 0.0, "delta_penalty": 2.738226412475342e-05, "grad_rel": 0.504191891849041, "iteration": 2640, "loss": 0.14220930002629756, "lr": 9.30140198575801e-05, "mse": 0.00011624762955761981, "p_zero": 0.0, "point_rel": 0.07528594639152289, "residual_mse": 0.00011624763064901344, "temporal_rel": 0.9214498430490494, "tke_rel": 0.5280260011553765}
TRAIN {"angle_aug_abs_deg": 0.0, "aoa_effective_shift_abs_deg_mean": 0.0, "aoa_meanfield_aug_fraction": 0.0, "aoa_meanfield_lambda_mean": 0.0, "delta_penalty": 2.5806375379033853e-05, "grad_rel": 0.5040274932980537, "iteration": 2660, "loss": 0.14207765348255635, "lr": 9.177466376496842e-05, "mse": 0.00011341068766341777, "p_zero": 0.0, "point_rel": 0.07659652344882488, "residual_mse": 0.00011341068657202413, "temporal_rel": 0.9078744232654572, "tke_rel": 0.5108324274420738}
TRAIN {"angle_aug_abs_deg": 0.0, "aoa_effective_shift_abs_deg_mean": 0.0, "aoa_meanfield_aug_fraction": 0.0, "aoa_meanfield_lambda_mean": 0.0, "delta_penalty": 2.8697418292722433e-05, "grad_rel": 0.5076403632760048, "iteration": 2680, "loss": 0.14358297362923622, "lr": 9.053657843806119e-05, "mse": 0.00014219607764971444, "p_zero": 0.0, "point_rel": 0.07763555198907852, "residual_mse": 0.0001421960798325017, "temporal_rel": 0.9107714205980301, "tke_rel": 0.5161074593663215}
TRAIN {"angle_aug_abs_deg": 0.0, "aoa_effective_shift_abs_deg_mean": 0.0, "aoa_meanfield_aug_fraction": 0.0, "aoa_meanfield_lambda_mean": 0.0, "delta_penalty": 2.818708544509718e-05, "grad_rel": 0.5005663096904754, "iteration": 2700, "loss": 0.14199888035655023, "lr": 8.929995515370438e-05, "mse": 0.0001360225638563861, "p_zero": 0.0, "point_rel": 0.07616832349449396, "residual_mse": 0.0001360225678581628, "temporal_rel": 0.9073121458292007, "tke_rel": 0.5176888018846512}
TRAIN {"angle_aug_abs_deg": 0.0, "aoa_effective_shift_abs_deg_mean": 0.0, "aoa_meanfield_aug_fraction": 0.0, "aoa_meanfield_lambda_mean": 0.0, "delta_penalty": 2.8046009356330613e-05, "grad_rel": 0.5095109045505524, "iteration": 2720, "loss": 0.146341659873724, "lr": 8.806498496286708e-05, "mse": 0.0001329602428995713, "p_zero": 0.0, "point_rel": 0.07956597581505775, "residual_mse": 0.00013296024180817768, "temporal_rel": 0.9236512452363967, "tke_rel": 0.523050582408905}
TRAIN {"angle_aug_abs_deg": 0.0, "aoa_effective_shift_abs_deg_mean": 0.0, "aoa_meanfield_aug_fraction": 0.0, "aoa_meanfield_lambda_mean": 0.0, "delta_penalty": 2.955578524961311e-05, "grad_rel": 0.49116053730249404, "iteration": 2740, "loss": 0.1398893751204014, "lr": 8.683185866112533e-05, "mse": 0.00013628005244754605, "p_zero": 0.0, "point_rel": 0.07426666878163815, "residual_mse": 0.00013628005244754605, "temporal_rel": 0.9125495254993439, "tke_rel": 0.513955706357956}
TRAIN {"angle_aug_abs_deg": 0.0, "aoa_effective_shift_abs_deg_mean": 0.0, "aoa_meanfield_aug_fraction": 0.0, "aoa_meanfield_lambda_mean": 0.0, "delta_penalty": 2.734669646997645e-05, "grad_rel": 0.5163285806775093, "iteration": 2760, "loss": 0.14735075496137143, "lr": 8.560076675918511e-05, "mse": 0.00012672109851337155, "p_zero": 0.0, "point_rel": 0.08062543850392104, "residual_mse": 0.00012672109724007897, "temporal_rel": 0.9172690749168396, "tke_rel": 0.523729245364666}
TRAIN {"angle_aug_abs_deg": 0.0, "aoa_effective_shift_abs_deg_mean": 0.0, "aoa_meanfield_aug_fraction": 0.0, "aoa_meanfield_lambda_mean": 0.0, "delta_penalty": 2.7767438950832002e-05, "grad_rel": 0.5043523728847503, "iteration": 2780, "loss": 0.14244505316019057, "lr": 8.437189945344977e-05, "mse": 0.00012914616672787815, "p_zero": 0.0, "point_rel": 0.07687221467494965, "residual_mse": 0.00012914616745547393, "temporal_rel": 0.917733234167099, "tke_rel": 0.5072710201144218}
TRAIN {"angle_aug_abs_deg": 0.0, "aoa_effective_shift_abs_deg_mean": 0.0, "aoa_meanfield_aug_fraction": 0.0, "aoa_meanfield_lambda_mean": 0.0, "delta_penalty": 2.5694410669530044e-05, "grad_rel": 0.5140727251768112, "iteration": 2800, "loss": 0.1463907014578581, "lr": 8.31454465966357e-05, "mse": 0.0001314397744863527, "p_zero": 0.0, "point_rel": 0.08012387938797474, "residual_mse": 0.00013143977375875692, "temporal_rel": 0.916381174325943, "tke_rel": 0.5170724838972092}
TRAIN {"angle_aug_abs_deg": 0.0, "aoa_effective_shift_abs_deg_mean": 0.0, "aoa_meanfield_aug_fraction": 0.0, "aoa_meanfield_lambda_mean": 0.0, "delta_penalty": 2.8166502852400298e-05, "grad_rel": 0.49419902414083483, "iteration": 2820, "loss": 0.13870322331786156, "lr": 8.192159766844119e-05, "mse": 0.00012650312728510472, "p_zero": 0.0, "point_rel": 0.07379785887897014, "residual_mse": 0.0001265031254661153, "temporal_rel": 0.9088589042425156, "tke_rel": 0.5031349718570709}
TRAIN {"angle_aug_abs_deg": 0.0, "aoa_effective_shift_abs_deg_mean": 0.0, "aoa_meanfield_aug_fraction": 0.0, "aoa_meanfield_lambda_mean": 0.0, "delta_penalty": 2.89342229734757e-05, "grad_rel": 0.5000490456819534, "iteration": 2840, "loss": 0.14156442806124686, "lr": 8.070054174627304e-05, "mse": 0.00012854350461566355, "p_zero": 0.0, "point_rel": 0.07579306438565254, "residual_mse": 0.00012854350570705718, "temporal_rel": 0.9106346577405929, "tke_rel": 0.5152074337005615}
TRAIN {"angle_aug_abs_deg": 0.0, "aoa_effective_shift_abs_deg_mean": 0.0, "aoa_meanfield_aug_fraction": 0.0, "aoa_meanfield_lambda_mean": 0.0, "delta_penalty": 2.694768627407029e-05, "grad_rel": 0.5088934898376465, "iteration": 2860, "loss": 0.14371668472886084, "lr": 7.94824674760352e-05, "mse": 0.00012666108104895102, "p_zero": 0.0, "point_rel": 0.0780629213899374, "residual_mse": 0.00012666107995755737, "temporal_rel": 0.9113748878240585, "tke_rel": 0.5106762826442719}
TRAIN {"angle_aug_abs_deg": 0.0, "aoa_effective_shift_abs_deg_mean": 0.0, "aoa_meanfield_aug_fraction": 0.0, "aoa_meanfield_lambda_mean": 0.0, "delta_penalty": 2.6043180650958674e-05, "grad_rel": 0.5012401923537254, "iteration": 2880, "loss": 0.14257618710398673, "lr": 7.826756304298402e-05, "mse": 0.00012497717871156054, "p_zero": 0.0, "point_rel": 0.07721708156168461, "residual_mse": 0.0001249771801667521, "temporal_rel": 0.9057097524404526, "tke_rel": 0.5105199798941612}
TRAIN {"angle_aug_abs_deg": 0.0, "aoa_effective_shift_abs_deg_mean": 0.0, "aoa_meanfield_aug_fraction": 0.0, "aoa_meanfield_lambda_mean": 0.0, "delta_penalty": 2.623995414978708e-05, "grad_rel": 0.5038430958986282, "iteration": 2900, "loss": 0.1421615943312645, "lr": 7.70560161426548e-05, "mse": 0.00010580736752672238, "p_zero": 0.0, "point_rel": 0.07597277574241161, "residual_mse": 0.0001058073674357729, "temporal_rel": 0.9208823204040527, "tke_rel": 0.5162072539329529}
TRAIN {"angle_aug_abs_deg": 0.0, "aoa_effective_shift_abs_deg_mean": 0.0, "aoa_meanfield_aug_fraction": 0.0, "aoa_meanfield_lambda_mean": 0.0, "delta_penalty": 2.646585962793324e-05, "grad_rel": 0.494946064054966, "iteration": 2920, "loss": 0.13785320706665516, "lr": 7.58480139518639e-05, "mse": 0.00010387921956862556, "p_zero": 0.0, "point_rel": 0.07361563071608543, "residual_mse": 0.00010387922047812026, "temporal_rel": 0.9084373921155929, "tke_rel": 0.49214286655187606}
TRAIN {"angle_aug_abs_deg": 0.0, "aoa_effective_shift_abs_deg_mean": 0.0, "aoa_meanfield_aug_fraction": 0.0, "aoa_meanfield_lambda_mean": 0.0, "delta_penalty": 2.8300259964453288e-05, "grad_rel": 0.5094772696495056, "iteration": 2940, "loss": 0.14477508142590523, "lr": 7.464374309979117e-05, "mse": 0.0001375269666823442, "p_zero": 0.0, "point_rel": 0.0788898453116417, "residual_mse": 0.0001375269685013336, "temporal_rel": 0.9096266567707062, "tke_rel": 0.5152075484395027}
TRAIN {"angle_aug_abs_deg": 0.0, "aoa_effective_shift_abs_deg_mean": 0.0, "aoa_meanfield_aug_fraction": 0.0, "aoa_meanfield_lambda_mean": 0.0, "delta_penalty": 2.635388291309937e-05, "grad_rel": 0.5079157009720803, "iteration": 2960, "loss": 0.144120367243886, "lr": 7.344338963914658e-05, "mse": 0.00011785589686041931, "p_zero": 0.0, "point_rel": 0.07779999729245901, "residual_mse": 0.00011785589722421719, "temporal_rel": 0.9231452703475952, "tke_rel": 0.5161898925900459}
TRAIN {"angle_aug_abs_deg": 0.0, "aoa_effective_shift_abs_deg_mean": 0.0, "aoa_meanfield_aug_fraction": 0.0, "aoa_meanfield_lambda_mean": 0.0, "delta_penalty": 2.8704662145173643e-05, "grad_rel": 0.49989737570285797, "iteration": 2980, "loss": 0.1423021860420704, "lr": 7.224713901742646e-05, "mse": 0.00013497214349627028, "p_zero": 0.0, "point_rel": 0.0772885624319315, "residual_mse": 0.00013497214131348302, "temporal_rel": 0.9079571902751923, "tke_rel": 0.5039230927824974}
TRAIN {"angle_aug_abs_deg": 0.0, "aoa_effective_shift_abs_deg_mean": 0.0, "aoa_meanfield_aug_fraction": 0.0, "aoa_meanfield_lambda_mean": 0.0, "delta_penalty": 2.969648085127119e-05, "grad_rel": 0.5128305554389954, "iteration": 3000, "loss": 0.14643687531352043, "lr": 7.10551760482628e-05, "mse": 0.00014568663373211167, "p_zero": 0.0, "point_rel": 0.08074730522930622, "residual_mse": 0.00014568663282261697, "temporal_rel": 0.9061391472816467, "tke_rel": 0.5128106400370598}
EVAL_TOP {"alpha": 1.0, "best_bound_abs": 0.0075, "best_bound_rel": 0.0075, "best_bounds": [{"abs": 0.0075, "coverage": 0.8181057929992676, "final_est": 80.96194699959997, "rel": 0.0075, "sps_raw": 0.4646860955953598, "sps_score_linear": 46.46860955953598, "sps_score_used": 46.46860955953598}], "best_final_est": 80.96194699959997, "iteration": 3000, "mean_t_neural_s": 0.01762683533, "mvpe": 0.07968563847243786, "mvpe_score": 96.16838059568616, "n": 640, "rel_l2": 0.08694801926612854, "rel_l2_score": 95.83372376966516, "time_score": 86.54248999999716, "tke": 0.506374616920948, "tke_score": 79.79653107311535}
BEST iteration=3000 final_est=80.961947 alpha=1.0 abs=0.0075 rel=0.0075
TRAIN {"angle_aug_abs_deg": 0.0, "aoa_effective_shift_abs_deg_mean": 0.0, "aoa_meanfield_aug_fraction": 0.0, "aoa_meanfield_lambda_mean": 0.0, "delta_penalty": 3.0159360721881968e-05, "grad_rel": 0.5159165844321251, "iteration": 3020, "loss": 0.14654996544122695, "lr": 6.98676848828707e-05, "mse": 0.0001481592773416196, "p_zero": 0.0, "point_rel": 0.08101323693990707, "residual_mse": 0.0001481592773416196, "temporal_rel": 0.9088783234357833, "tke_rel": 0.5081096917390824}
TRAIN {"angle_aug_abs_deg": 0.0, "aoa_effective_shift_abs_deg_mean": 0.0, "aoa_meanfield_aug_fraction": 0.0, "aoa_meanfield_lambda_mean": 0.0, "delta_penalty": 2.629544424053165e-05, "grad_rel": 0.4904186099767685, "iteration": 3040, "loss": 0.13779278434813022, "lr": 6.868484898159803e-05, "mse": 0.00011890359655808425, "p_zero": 0.0, "point_rel": 0.07310998421162367, "residual_mse": 0.0001189035963761853, "temporal_rel": 0.9057962715625762, "tke_rel": 0.5019405961036683}
TRAIN {"angle_aug_abs_deg": 0.0, "aoa_effective_shift_abs_deg_mean": 0.0, "aoa_meanfield_aug_fraction": 0.0, "aoa_meanfield_lambda_mean": 0.0, "delta_penalty": 2.8986065444769338e-05, "grad_rel": 0.498587965965271, "iteration": 3060, "loss": 0.14168031103909015, "lr": 6.750685108558199e-05, "mse": 0.00012945910566486418, "p_zero": 0.0, "point_rel": 0.07618932984769344, "residual_mse": 0.00012945910566486418, "temporal_rel": 0.9109129995107651, "tke_rel": 0.5107559189200401}
TRAIN {"angle_aug_abs_deg": 0.0, "aoa_effective_shift_abs_deg_mean": 0.0, "aoa_meanfield_aug_fraction": 0.0, "aoa_meanfield_lambda_mean": 0.0, "delta_penalty": 2.8439135166991037e-05, "grad_rel": 0.5000694289803504, "iteration": 3080, "loss": 0.14005987867712974, "lr": 6.633387318851659e-05, "mse": 0.0001265462447918253, "p_zero": 0.0, "point_rel": 0.07405467908829451, "residual_mse": 0.0001265462429728359, "temporal_rel": 0.9147678643465043, "tke_rel": 0.5170431703329086}
TRAIN {"angle_aug_abs_deg": 0.0, "aoa_effective_shift_abs_deg_mean": 0.0, "aoa_meanfield_aug_fraction": 0.0, "aoa_meanfield_lambda_mean": 0.0, "delta_penalty": 2.912430099968333e-05, "grad_rel": 0.4998273864388466, "iteration": 3100, "loss": 0.14055992513895035, "lr": 6.51660965085358e-05, "mse": 0.00012481315634431666, "p_zero": 0.0, "point_rel": 0.07594649232923985, "residual_mse": 0.00012481315634431666, "temporal_rel": 0.9074799358844757, "tke_rel": 0.4975599765777588}
TRAIN {"angle_aug_abs_deg": 0.0, "aoa_effective_shift_abs_deg_mean": 0.0, "aoa_meanfield_aug_fraction": 0.0, "aoa_meanfield_lambda_mean": 0.0, "delta_penalty": 2.8467298125178787e-05, "grad_rel": 0.50761459171772, "iteration": 3120, "loss": 0.14521012976765632, "lr": 6.400370146021636e-05, "mse": 0.00013754355677519925, "p_zero": 0.0, "point_rel": 0.07909097187221051, "residual_mse": 0.00013754355750279502, "temporal_rel": 0.9068404823541641, "tke_rel": 0.520964965224266}
TRAIN {"angle_aug_abs_deg": 0.0, "aoa_effective_shift_abs_deg_mean": 0.0, "aoa_meanfield_aug_fraction": 0.0, "aoa_meanfield_lambda_mean": 0.0, "delta_penalty": 2.8422928153304383e-05, "grad_rel": 0.5142749443650245, "iteration": 3140, "loss": 0.14630501270294188, "lr": 6.284686762670478e-05, "mse": 0.0001284908470552182, "p_zero": 0.0, "point_rel": 0.0805353220552206, "residual_mse": 0.00012849084523622878, "temporal_rel": 0.913942140340805, "tke_rel": 0.50996984988451}
TRAIN {"angle_aug_abs_deg": 0.0, "aoa_effective_shift_abs_deg_mean": 0.0, "aoa_meanfield_aug_fraction": 0.0, "aoa_meanfield_lambda_mean": 0.0, "delta_penalty": 2.643085235831677e-05, "grad_rel": 0.5053362712264061, "iteration": 3160, "loss": 0.1435420572757721, "lr": 6.16957737319729e-05, "mse": 0.00011973177342952112, "p_zero": 0.0, "point_rel": 0.07816702798008919, "residual_mse": 0.00011973177452091477, "temporal_rel": 0.9148415118455887, "tke_rel": 0.505221526324749}
TRAIN {"angle_aug_abs_deg": 0.0, "aoa_effective_shift_abs_deg_mean": 0.0, "aoa_meanfield_aug_fraction": 0.0, "aoa_meanfield_lambda_mean": 0.0, "delta_penalty": 2.76413042229251e-05, "grad_rel": 0.4997000962495804, "iteration": 3180, "loss": 0.14209106788039208, "lr": 6.0550597613205966e-05, "mse": 0.0001260804421690409, "p_zero": 0.0, "point_rel": 0.07607466019690037, "residual_mse": 0.0001260804421690409, "temporal_rel": 0.9157996267080307, "tke_rel": 0.5168090343475342}
TRAIN {"angle_aug_abs_deg": 0.0, "aoa_effective_shift_abs_deg_mean": 0.0, "aoa_meanfield_aug_fraction": 0.0, "aoa_meanfield_lambda_mean": 0.0, "delta_penalty": 2.9803992856614058e-05, "grad_rel": 0.5051019653677941, "iteration": 3200, "loss": 0.1417496345937252, "lr": 5.941151619332792e-05, "mse": 0.00013878822728656813, "p_zero": 0.0, "point_rel": 0.07655898090451956, "residual_mse": 0.00013878822728656813, "temporal_rel": 0.9114370882511139, "tke_rel": 0.5038129776716233}
TRAIN {"angle_aug_abs_deg": 0.0, "aoa_effective_shift_abs_deg_mean": 0.0, "aoa_meanfield_aug_fraction": 0.0, "aoa_meanfield_lambda_mean": 0.0, "delta_penalty": 2.8716061115119375e-05, "grad_rel": 0.4959630161523819, "iteration": 3220, "loss": 0.139161691442132, "lr": 5.8278705453667894e-05, "mse": 0.00012535836540337187, "p_zero": 0.0, "point_rel": 0.07434624414891004, "residual_mse": 0.00012535836540337187, "temporal_rel": 0.9043101370334625, "tke_rel": 0.5034752950072289}
TRAIN {"angle_aug_abs_deg": 0.0, "aoa_effective_shift_abs_deg_mean": 0.0, "aoa_meanfield_aug_fraction": 0.0, "aoa_meanfield_lambda_mean": 0.0, "delta_penalty": 2.9180172623455293e-05, "grad_rel": 0.5065320670604706, "iteration": 3240, "loss": 0.14420680999755858, "lr": 5.7152340406772083e-05, "mse": 0.00013035348420089576, "p_zero": 0.0, "point_rel": 0.07923642434179783, "residual_mse": 0.00013035348383709787, "temporal_rel": 0.906523871421814, "tke_rel": 0.5022833660244942}
TRAIN {"angle_aug_abs_deg": 0.0, "aoa_effective_shift_abs_deg_mean": 0.0, "aoa_meanfield_aug_fraction": 0.0, "aoa_meanfield_lambda_mean": 0.0, "delta_penalty": 2.756338062681607e-05, "grad_rel": 0.5057216197252273, "iteration": 3260, "loss": 0.14349125027656556, "lr": 5.60325950693652e-05, "mse": 0.0001299004254178726, "p_zero": 0.0, "point_rel": 0.07764005325734616, "residual_mse": 0.00012990042432647897, "temporal_rel": 0.9091521352529526, "tke_rel": 0.5158548325300216}
TRAIN {"angle_aug_abs_deg": 0.0, "aoa_effective_shift_abs_deg_mean": 0.0, "aoa_meanfield_aug_fraction": 0.0, "aoa_meanfield_lambda_mean": 0.0, "delta_penalty": 2.6617491312208585e-05, "grad_rel": 0.5085423082113266, "iteration": 3280, "loss": 0.14257020130753517, "lr": 5.491964243546634e-05, "mse": 0.0001155609203124186, "p_zero": 0.0, "point_rel": 0.07782367989420891, "residual_mse": 0.00011556091885722708, "temporal_rel": 0.9039221793413162, "tke_rel": 0.4994253307580948}
TRAIN {"angle_aug_abs_deg": 0.0, "aoa_effective_shift_abs_deg_mean": 0.0, "aoa_meanfield_aug_fraction": 0.0, "aoa_meanfield_lambda_mean": 0.0, "delta_penalty": 2.631479337651399e-05, "grad_rel": 0.49527919143438337, "iteration": 3300, "loss": 0.1390172827988863, "lr": 5.381365444966187e-05, "mse": 0.00011384029403416207, "p_zero": 0.0, "point_rel": 0.07424539085477591, "residual_mse": 0.00011384029476175783, "temporal_rel": 0.9088905960321426, "tke_rel": 0.5006885096430779}
TRAIN {"angle_aug_abs_deg": 0.0, "aoa_effective_shift_abs_deg_mean": 0.0, "aoa_meanfield_aug_fraction": 0.0, "aoa_meanfield_lambda_mean": 0.0, "delta_penalty": 2.9778562566207257e-05, "grad_rel": 0.503650677204132, "iteration": 3320, "loss": 0.1411318216472864, "lr": 5.271480198054146e-05, "mse": 0.00013004520551476161, "p_zero": 0.0, "point_rel": 0.0767216470092535, "residual_mse": 0.00013004520551476161, "temporal_rel": 0.9072551846504211, "tke_rel": 0.4933024883270264}
TRAIN {"angle_aug_abs_deg": 0.0, "aoa_effective_shift_abs_deg_mean": 0.0, "aoa_meanfield_aug_fraction": 0.0, "aoa_meanfield_lambda_mean": 0.0, "delta_penalty": 2.8801661028410307e-05, "grad_rel": 0.4963696047663689, "iteration": 3340, "loss": 0.13993605822324753, "lr": 5.162325479429983e-05, "mse": 0.00012632070192921673, "p_zero": 0.0, "point_rel": 0.07464738041162491, "residual_mse": 0.0001263207017473178, "temporal_rel": 0.9097127914428711, "tke_rel": 0.5085546493530273}
TRAIN {"angle_aug_abs_deg": 0.0, "aoa_effective_shift_abs_deg_mean": 0.0, "aoa_meanfield_aug_fraction": 0.0, "aoa_meanfield_lambda_mean": 0.0, "delta_penalty": 3.12002114696952e-05, "grad_rel": 0.5083371847867966, "iteration": 3360, "loss": 0.14274839237332343, "lr": 5.053918152850853e-05, "mse": 0.00014243840269045904, "p_zero": 0.0, "point_rel": 0.07777746245265008, "residual_mse": 0.00014243840305425693, "temporal_rel": 0.9016436606645584, "tke_rel": 0.5042201623320579}
TRAIN {"angle_aug_abs_deg": 0.0, "aoa_effective_shift_abs_deg_mean": 0.0, "aoa_meanfield_aug_fraction": 0.0, "aoa_meanfield_lambda_mean": 0.0, "delta_penalty": 3.118920330962283e-05, "grad_rel": 0.5082802504301072, "iteration": 3380, "loss": 0.14516905024647714, "lr": 4.9462749666062885e-05, "mse": 0.00014544396199198673, "p_zero": 0.0, "point_rel": 0.07976496182382106, "residual_mse": 0.00014544396635756128, "temporal_rel": 0.9026493310928345, "tke_rel": 0.5109358161687851}
TRAIN {"angle_aug_abs_deg": 0.0, "aoa_effective_shift_abs_deg_mean": 0.0, "aoa_meanfield_aug_fraction": 0.0, "aoa_meanfield_lambda_mean": 0.0, "delta_penalty": 2.8469416793086567e-05, "grad_rel": 0.510269932448864, "iteration": 3400, "loss": 0.14420625939965248, "lr": 4.839412550930668e-05, "mse": 0.00012833395212510367, "p_zero": 0.0, "point_rel": 0.07843942232429982, "residual_mse": 0.00012833395212510367, "temporal_rel": 0.9061657696962356, "tke_rel": 0.5148124620318413}
TRAIN {"angle_aug_abs_deg": 0.0, "aoa_effective_shift_abs_deg_mean": 0.0, "aoa_meanfield_aug_fraction": 0.0, "aoa_meanfield_lambda_mean": 0.0, "delta_penalty": 2.8224218476680106e-05, "grad_rel": 0.5015401184558869, "iteration": 3420, "loss": 0.14023995138704776, "lr": 4.733347415433931e-05, "mse": 0.00012193390466563869, "p_zero": 0.0, "point_rel": 0.07649137824773788, "residual_mse": 0.00012193390539323445, "temporal_rel": 0.893938672542572, "tke_rel": 0.48950283527374266}
TRAIN {"angle_aug_abs_deg": 0.0, "aoa_effective_shift_abs_deg_mean": 0.0, "aoa_meanfield_aug_fraction": 0.0, "aoa_meanfield_lambda_mean": 0.0, "delta_penalty": 3.0306018288683845e-05, "grad_rel": 0.508221235871315, "iteration": 3440, "loss": 0.14204878136515617, "lr": 4.628095946550968e-05, "mse": 0.00013167780080038937, "p_zero": 0.0, "point_rel": 0.07631533704698086, "residual_mse": 0.00013167780007279363, "temporal_rel": 0.9174514383077621, "tke_rel": 0.5091079205274582}
TRAIN {"angle_aug_abs_deg": 0.0, "aoa_effective_shift_abs_deg_mean": 0.0, "aoa_meanfield_aug_fraction": 0.0, "aoa_meanfield_lambda_mean": 0.0, "delta_penalty": 2.740962672760361e-05, "grad_rel": 0.49751526564359666, "iteration": 3460, "loss": 0.14148960039019584, "lr": 4.523674405009991e-05, "mse": 0.00012099060368200298, "p_zero": 0.0, "point_rel": 0.07688089236617088, "residual_mse": 0.00012099060440959875, "temporal_rel": 0.9041487336158752, "tke_rel": 0.4997445657849312}
TRAIN {"angle_aug_abs_deg": 0.0, "aoa_effective_shift_abs_deg_mean": 0.0, "aoa_meanfield_aug_fraction": 0.0, "aoa_meanfield_lambda_mean": 0.0, "delta_penalty": 2.7769044754677454e-05, "grad_rel": 0.49637221544981003, "iteration": 3480, "loss": 0.1386520080268383, "lr": 4.420098923320365e-05, "mse": 0.00012691598913079362, "p_zero": 0.0, "point_rel": 0.0747247289866209, "residual_mse": 0.00012691599022218725, "temporal_rel": 0.9035546869039536, "tke_rel": 0.48894044011831284}
TRAIN {"angle_aug_abs_deg": 0.0, "aoa_effective_shift_abs_deg_mean": 0.0, "aoa_meanfield_aug_fraction": 0.0, "aoa_meanfield_lambda_mean": 0.0, "delta_penalty": 3.110567131443531e-05, "grad_rel": 0.4977402314543724, "iteration": 3500, "loss": 0.14047884792089463, "lr": 4.317385503280209e-05, "mse": 0.00014859717903163981, "p_zero": 0.0, "point_rel": 0.07607159055769444, "residual_mse": 0.0001485971772126504, "temporal_rel": 0.9069083362817765, "tke_rel": 0.4948117107152939}
TRAIN {"angle_aug_abs_deg": 0.0, "aoa_effective_shift_abs_deg_mean": 0.0, "aoa_meanfield_aug_fraction": 0.0, "aoa_meanfield_lambda_mean": 0.0, "delta_penalty": 3.002366584041738e-05, "grad_rel": 0.5066660419106483, "iteration": 3520, "loss": 0.14362059757113457, "lr": 4.215550013504233e-05, "mse": 0.00013330818292160983, "p_zero": 0.0, "point_rel": 0.07805527448654175, "residual_mse": 0.00013330818237591301, "temporal_rel": 0.9173112213611603, "tke_rel": 0.5067567259073258}
TRAIN {"angle_aug_abs_deg": 0.0, "aoa_effective_shift_abs_deg_mean": 0.0, "aoa_meanfield_aug_fraction": 0.0, "aoa_meanfield_lambda_mean": 0.0, "delta_penalty": 2.9173486291256266e-05, "grad_rel": 0.4968891143798828, "iteration": 3540, "loss": 0.13960124254226686, "lr": 4.11460818697213e-05, "mse": 0.00012531791617220733, "p_zero": 0.0, "point_rel": 0.07456256784498691, "residual_mse": 0.00012531791653600522, "temporal_rel": 0.9064633071422576, "tke_rel": 0.5058876574039459}
TRAIN {"angle_aug_abs_deg": 0.0, "aoa_effective_shift_abs_deg_mean": 0.0, "aoa_meanfield_aug_fraction": 0.0, "aoa_meanfield_lambda_mean": 0.0, "delta_penalty": 2.7980589402432086e-05, "grad_rel": 0.49391385316848757, "iteration": 3560, "loss": 0.1388265460729599, "lr": 4.0145756185979024e-05, "mse": 0.00011846818470075959, "p_zero": 0.0, "point_rel": 0.07335611637681723, "residual_mse": 0.00011846818579215323, "temporal_rel": 0.9102328062057495, "tke_rel": 0.511977344751358}
TRAIN {"angle_aug_abs_deg": 0.0, "aoa_effective_shift_abs_deg_mean": 0.0, "aoa_meanfield_aug_fraction": 0.0, "aoa_meanfield_lambda_mean": 0.0, "delta_penalty": 2.8991399631195236e-05, "grad_rel": 0.5074426889419555, "iteration": 3580, "loss": 0.14356301501393318, "lr": 3.9154677628205675e-05, "mse": 0.0001398137093929108, "p_zero": 0.0, "point_rel": 0.07869701460003853, "residual_mse": 0.0001398137093929108, "temporal_rel": 0.9020028054714203, "tke_rel": 0.5025292232632637}
TRAIN {"angle_aug_abs_deg": 0.0, "aoa_effective_shift_abs_deg_mean": 0.0, "aoa_meanfield_aug_fraction": 0.0, "aoa_meanfield_lambda_mean": 0.0, "delta_penalty": 2.9239198283903534e-05, "grad_rel": 0.5028645634651184, "iteration": 3600, "loss": 0.14262187033891677, "lr": 3.817299931216528e-05, "mse": 0.00012842423420806882, "p_zero": 0.0, "point_rel": 0.07797251790761947, "residual_mse": 0.00012842423238907942, "temporal_rel": 0.9066901236772538, "tke_rel": 0.49777611494064333}
TRAIN {"angle_aug_abs_deg": 0.0, "aoa_effective_shift_abs_deg_mean": 0.0, "aoa_meanfield_aug_fraction": 0.0, "aoa_meanfield_lambda_mean": 0.0, "delta_penalty": 2.9491117402358213e-05, "grad_rel": 0.5017185837030411, "iteration": 3620, "loss": 0.14193669222295285, "lr": 3.720087290134009e-05, "mse": 0.00012743308107019403, "p_zero": 0.0, "point_rel": 0.07722668703645467, "residual_mse": 0.00012743307997880037, "temporal_rel": 0.9014490067958831, "tke_rel": 0.5016989767551422}
TRAIN {"angle_aug_abs_deg": 0.0, "aoa_effective_shift_abs_deg_mean": 0.0, "aoa_meanfield_aug_fraction": 0.0, "aoa_meanfield_lambda_mean": 0.0, "delta_penalty": 2.8458279120968655e-05, "grad_rel": 0.5037339374423027, "iteration": 3640, "loss": 0.14201462604105472, "lr": 3.623844858349974e-05, "mse": 0.00011881605814778595, "p_zero": 0.0, "point_rel": 0.07715282626450062, "residual_mse": 0.00011881605996677536, "temporal_rel": 0.9066090822219849, "tke_rel": 0.501188500225544}
TRAIN {"angle_aug_abs_deg": 0.0, "aoa_effective_shift_abs_deg_mean": 0.0, "aoa_meanfield_aug_fraction": 0.0, "aoa_meanfield_lambda_mean": 0.0, "delta_penalty": 2.5468443709542044e-05, "grad_rel": 0.49525332152843476, "iteration": 3660, "loss": 0.1381441991776228, "lr": 3.5285875047497954e-05, "mse": 9.414736159669701e-05, "p_zero": 0.0, "point_rel": 0.07284170538187026, "residual_mse": 9.41473619604949e-05, "temporal_rel": 0.9133926838636398, "tke_rel": 0.5073860421776771}
TRAIN {"angle_aug_abs_deg": 0.0, "aoa_effective_shift_abs_deg_mean": 0.0, "aoa_meanfield_aug_fraction": 0.0, "aoa_meanfield_lambda_mean": 0.0, "delta_penalty": 3.0528476690960817e-05, "grad_rel": 0.5092495977878571, "iteration": 3680, "loss": 0.14499539583921434, "lr": 3.4343299460300984e-05, "mse": 0.00012621309069800192, "p_zero": 0.0, "point_rel": 0.079106255620718, "residual_mse": 0.00012621309051610296, "temporal_rel": 0.908743542432785, "tke_rel": 0.5158269509673119}
TRAIN {"angle_aug_abs_deg": 0.0, "aoa_effective_shift_abs_deg_mean": 0.0, "aoa_meanfield_aug_fraction": 0.0, "aoa_meanfield_lambda_mean": 0.0, "delta_penalty": 2.9532140797527972e-05, "grad_rel": 0.49986346811056137, "iteration": 3700, "loss": 0.13996200561523436, "lr": 3.341086744425131e-05, "mse": 0.0001241529611434089, "p_zero": 0.0, "point_rel": 0.07469248361885547, "residual_mse": 0.00012415296005201525, "temporal_rel": 0.9114759594202042, "tke_rel": 0.5064909443259239}
TRAIN {"angle_aug_abs_deg": 0.0, "aoa_effective_shift_abs_deg_mean": 0.0, "aoa_meanfield_aug_fraction": 0.0, "aoa_meanfield_lambda_mean": 0.0, "delta_penalty": 2.9993854059284786e-05, "grad_rel": 0.511431735754013, "iteration": 3720, "loss": 0.1461406856775284, "lr": 3.248872305456979e-05, "mse": 0.00013515769423975144, "p_zero": 0.0, "point_rel": 0.08014630265533924, "residual_mse": 0.00013515769496734719, "temporal_rel": 0.9046570509672165, "tke_rel": 0.5190342262387275}
TRAIN {"angle_aug_abs_deg": 0.0, "aoa_effective_shift_abs_deg_mean": 0.0, "aoa_meanfield_aug_fraction": 0.0, "aoa_meanfield_lambda_mean": 0.0, "delta_penalty": 2.8820672832807757e-05, "grad_rel": 0.49851349741220474, "iteration": 3740, "loss": 0.14000717587769032, "lr": 3.157700875709985e-05, "mse": 0.00011695353514369344, "p_zero": 0.0, "point_rel": 0.07474665008485318, "residual_mse": 0.0001169535340522998, "temporal_rel": 0.9123881042003632, "tke_rel": 0.5062586709856987}
TRAIN {"angle_aug_abs_deg": 0.0, "aoa_effective_shift_abs_deg_mean": 0.0, "aoa_meanfield_aug_fraction": 0.0, "aoa_meanfield_lambda_mean": 0.0, "delta_penalty": 3.0128354774205944e-05, "grad_rel": 0.5000283285975456, "iteration": 3760, "loss": 0.14036186262965203, "lr": 3.067586540629765e-05, "mse": 0.00013013117295486155, "p_zero": 0.0, "point_rel": 0.07634468972682953, "residual_mse": 0.00013013117477385095, "temporal_rel": 0.9000198543071747, "tke_rel": 0.49127519577741624}
TRAIN {"angle_aug_abs_deg": 0.0, "aoa_effective_shift_abs_deg_mean": 0.0, "aoa_meanfield_aug_fraction": 0.0, "aoa_meanfield_lambda_mean": 0.0, "delta_penalty": 2.6791076561494264e-05, "grad_rel": 0.4948692455887794, "iteration": 3780, "loss": 0.13666594736278057, "lr": 2.978543222347064e-05, "mse": 0.0001013043260172708, "p_zero": 0.0, "point_rel": 0.07319065630435943, "residual_mse": 0.0001013043260172708, "temporal_rel": 0.9001418560743332, "tke_rel": 0.4836178943514824}
TRAIN {"angle_aug_abs_deg": 0.0, "aoa_effective_shift_abs_deg_mean": 0.0, "aoa_meanfield_aug_fraction": 0.0, "aoa_meanfield_lambda_mean": 0.0, "delta_penalty": 2.8123892207077006e-05, "grad_rel": 0.5002773627638817, "iteration": 3800, "loss": 0.13918601647019385, "lr": 2.890584677526876e-05, "mse": 0.00011328905093250796, "p_zero": 0.0, "point_rel": 0.0748827202245593, "residual_mse": 0.00011328904911351856, "temporal_rel": 0.9033719718456268, "tke_rel": 0.4943904235959053}
TRAIN {"angle_aug_abs_deg": 0.0, "aoa_effective_shift_abs_deg_mean": 0.0, "aoa_meanfield_aug_fraction": 0.0, "aoa_meanfield_lambda_mean": 0.0, "delta_penalty": 2.8477961404860252e-05, "grad_rel": 0.5008956804871559, "iteration": 3820, "loss": 0.14095169603824614, "lr": 2.8037244952431307e-05, "mse": 0.00012651985198317562, "p_zero": 0.0, "point_rel": 0.07598480805754662, "residual_mse": 0.00012651985089178196, "temporal_rel": 0.9060004979372025, "tke_rel": 0.5039152085781098}
TRAIN {"angle_aug_abs_deg": 0.0, "aoa_effective_shift_abs_deg_mean": 0.0, "aoa_meanfield_aug_fraction": 0.0, "aoa_meanfield_lambda_mean": 0.0, "delta_penalty": 2.938314755738247e-05, "grad_rel": 0.5053700044751167, "iteration": 3840, "loss": 0.14183292016386986, "lr": 2.717976094879253e-05, "mse": 0.00012096521604689769, "p_zero": 0.0, "point_rel": 0.0772791400551796, "residual_mse": 0.00012096521641069558, "temporal_rel": 0.9098411351442337, "tke_rel": 0.4940186724066734}
TRAIN {"angle_aug_abs_deg": 0.0, "aoa_effective_shift_abs_deg_mean": 0.0, "aoa_meanfield_aug_fraction": 0.0, "aoa_meanfield_lambda_mean": 0.0, "delta_penalty": 2.9840319348295453e-05, "grad_rel": 0.500698147714138, "iteration": 3860, "loss": 0.1412562880665064, "lr": 2.633352724054944e-05, "mse": 0.0001355478372715879, "p_zero": 0.0, "point_rel": 0.07661417480558157, "residual_mse": 0.0001355478363620932, "temporal_rel": 0.9016200214624405, "tke_rel": 0.5006963297724724}
TRAIN {"angle_aug_abs_deg": 0.0, "aoa_effective_shift_abs_deg_mean": 0.0, "aoa_meanfield_aug_fraction": 0.0, "aoa_meanfield_lambda_mean": 0.0, "delta_penalty": 3.252353462812607e-05, "grad_rel": 0.5065900981426239, "iteration": 3880, "loss": 0.14350239522755145, "lr": 2.5498674565795135e-05, "mse": 0.00014595597285733676, "p_zero": 0.0, "point_rel": 0.07790697831660509, "residual_mse": 0.00014595597403967985, "temporal_rel": 0.9068382263183594, "tke_rel": 0.5124497368931771}
TRAIN {"angle_aug_abs_deg": 0.0, "aoa_effective_shift_abs_deg_mean": 0.0, "aoa_meanfield_aug_fraction": 0.0, "aoa_meanfield_lambda_mean": 0.0, "delta_penalty": 2.9559474478446644e-05, "grad_rel": 0.5114673182368279, "iteration": 3900, "loss": 0.1420394405722618, "lr": 2.4675331904320474e-05, "mse": 0.0001224328336320468, "p_zero": 0.0, "point_rel": 0.07838545516133308, "residual_mse": 0.0001224328327225521, "temporal_rel": 0.9037216871976852, "tke_rel": 0.48055010885000227}
TRAIN {"angle_aug_abs_deg": 0.0, "aoa_effective_shift_abs_deg_mean": 0.0, "aoa_meanfield_aug_fraction": 0.0, "aoa_meanfield_lambda_mean": 0.0, "delta_penalty": 2.937085500889225e-05, "grad_rel": 0.49355633109807967, "iteration": 3920, "loss": 0.1386882323771715, "lr": 2.3863626457687488e-05, "mse": 0.00011446791322669014, "p_zero": 0.0, "point_rel": 0.0737727615982294, "residual_mse": 0.00011446791086200392, "temporal_rel": 0.9109078586101532, "tke_rel": 0.5024994075298309}
TRAIN {"angle_aug_abs_deg": 0.0, "aoa_effective_shift_abs_deg_mean": 0.0, "aoa_meanfield_aug_fraction": 0.0, "aoa_meanfield_lambda_mean": 0.0, "delta_penalty": 3.02066399854084e-05, "grad_rel": 0.49984093606472013, "iteration": 3940, "loss": 0.14052826166152954, "lr": 2.3063683629577415e-05, "mse": 0.0001267019550141413, "p_zero": 0.0, "point_rel": 0.07519363313913345, "residual_mse": 0.00012670195574173703, "temporal_rel": 0.9063394159078598, "tke_rel": 0.5101369753479957}
TRAIN {"angle_aug_abs_deg": 0.0, "aoa_effective_shift_abs_deg_mean": 0.0, "aoa_meanfield_aug_fraction": 0.0, "aoa_meanfield_lambda_mean": 0.0, "delta_penalty": 3.1093826873984656e-05, "grad_rel": 0.5006613284349442, "iteration": 3960, "loss": 0.14422161504626274, "lr": 2.2275627006416737e-05, "mse": 0.00014497802294499706, "p_zero": 0.0, "point_rel": 0.07879019435495138, "residual_mse": 0.00014497802367259284, "temporal_rel": 0.9102401971817017, "tke_rel": 0.5095030769705773}
TRAIN {"angle_aug_abs_deg": 0.0, "aoa_effective_shift_abs_deg_mean": 0.0, "aoa_meanfield_aug_fraction": 0.0, "aoa_meanfield_lambda_mean": 0.0, "delta_penalty": 2.952136755993706e-05, "grad_rel": 0.49573622047901156, "iteration": 3980, "loss": 0.1404672607779503, "lr": 2.1499578338283634e-05, "mse": 0.00012465604304452428, "p_zero": 0.0, "point_rel": 0.07540093399584294, "residual_mse": 0.0001246560426807264, "temporal_rel": 0.9057744383811951, "tke_rel": 0.5069844171404838}
TRAIN {"angle_aug_abs_deg": 0.0, "aoa_effective_shift_abs_deg_mean": 0.0, "aoa_meanfield_aug_fraction": 0.0, "aoa_meanfield_lambda_mean": 0.0, "delta_penalty": 3.145258560834918e-05, "grad_rel": 0.49456557631492615, "iteration": 4000, "loss": 0.1395204644650221, "lr": 2.073565752009838e-05, "mse": 0.00013514921847672666, "p_zero": 0.0, "point_rel": 0.07473443932831288, "residual_mse": 0.0001351492181129288, "temporal_rel": 0.9008761346340179, "tke_rel": 0.5050013974308968}
EVAL_TOP {"alpha": 1.0, "best_bound_abs": 0.0075, "best_bound_rel": 0.0075, "best_bounds": [{"abs": 0.0075, "coverage": 0.8230658149719239, "final_est": 81.12779741722325, "rel": 0.0075, "sps_raw": 0.4693652764558793, "sps_score_linear": 46.93652764558793, "sps_score_used": 46.93652764558793}], "best_final_est": 81.12779741722325, "iteration": 4000, "mean_t_neural_s": 0.01762683533, "mvpe": 0.07832619920372963, "mvpe_score": 96.23128461577693, "n": 640, "rel_l2": 0.08542511146515608, "rel_l2_score": 95.90370754646092, "time_score": 86.54248999999716, "tke": 0.4992197036743164, "tke_score": 80.02497727829328}
BEST iteration=4000 final_est=81.127797 alpha=1.0 abs=0.0075 rel=0.0075
TRAIN {"angle_aug_abs_deg": 0.0, "aoa_effective_shift_abs_deg_mean": 0.0, "aoa_meanfield_aug_fraction": 0.0, "aoa_meanfield_lambda_mean": 0.0, "delta_penalty": 3.0187251650204416e-05, "grad_rel": 0.5016381323337555, "iteration": 4020, "loss": 0.14043560177087783, "lr": 1.998398257310039e-05, "mse": 0.00012042447251587873, "p_zero": 0.0, "point_rel": 0.0752333465963602, "residual_mse": 0.00012042447287967662, "temporal_rel": 0.9098813027143479, "tke_rel": 0.5057418808341027}
TRAIN {"angle_aug_abs_deg": 0.0, "aoa_effective_shift_abs_deg_mean": 0.0, "aoa_meanfield_aug_fraction": 0.0, "aoa_meanfield_lambda_mean": 0.0, "delta_penalty": 3.0026076456124428e-05, "grad_rel": 0.4985891833901405, "iteration": 4040, "loss": 0.13886315189301968, "lr": 1.9244669626614484e-05, "mse": 0.00012723379222734366, "p_zero": 0.0, "point_rel": 0.07521011363714933, "residual_mse": 0.00012723379259114154, "temporal_rel": 0.9016669481992722, "tke_rel": 0.48475701957941053}
TRAIN {"angle_aug_abs_deg": 0.0, "aoa_effective_shift_abs_deg_mean": 0.0, "aoa_meanfield_aug_fraction": 0.0, "aoa_meanfield_lambda_mean": 0.0, "delta_penalty": 2.814202407535049e-05, "grad_rel": 0.4945852652192116, "iteration": 4060, "loss": 0.13560191206634045, "lr": 1.8517832900109606e-05, "mse": 0.00010436072807351593, "p_zero": 0.0, "point_rel": 0.0718957083299756, "residual_mse": 0.00010436072716402123, "temporal_rel": 0.9046613425016403, "tke_rel": 0.4852618739008904}
TRAIN {"angle_aug_abs_deg": 0.0, "aoa_effective_shift_abs_deg_mean": 0.0, "aoa_meanfield_aug_fraction": 0.0, "aoa_meanfield_lambda_mean": 0.0, "delta_penalty": 3.3081267883972035e-05, "grad_rel": 0.5076801747083663, "iteration": 4080, "loss": 0.1425303690135479, "lr": 1.7803584685552848e-05, "mse": 0.00013586031691374955, "p_zero": 0.0, "point_rel": 0.0778054790571332, "residual_mse": 0.00013586031691374955, "temporal_rel": 0.9016611605882645, "tke_rel": 0.5003072664141655}
TRAIN {"angle_aug_abs_deg": 0.0, "aoa_effective_shift_abs_deg_mean": 0.0, "aoa_meanfield_aug_fraction": 0.0, "aoa_meanfield_lambda_mean": 0.0, "delta_penalty": 2.9999967864569044e-05, "grad_rel": 0.4929592400789261, "iteration": 4100, "loss": 0.13860098011791705, "lr": 1.7102035330060587e-05, "mse": 0.00012413237454893532, "p_zero": 0.0, "point_rel": 0.0746757099404931, "residual_mse": 0.0001241323767317226, "temporal_rel": 0.8975018113851547, "tke_rel": 0.49279985278844834}
TRAIN {"angle_aug_abs_deg": 0.0, "aoa_effective_shift_abs_deg_mean": 0.0, "aoa_meanfield_aug_fraction": 0.0, "aoa_meanfield_lambda_mean": 0.0, "delta_penalty": 3.093497498412035e-05, "grad_rel": 0.4993672952055931, "iteration": 4120, "loss": 0.1409136913716793, "lr": 1.6413293218850794e-05, "mse": 0.00013297279165271902, "p_zero": 0.0, "point_rel": 0.076058142259717, "residual_mse": 0.00013297279165271902, "temporal_rel": 0.9058598458766938, "tke_rel": 0.5024789214134217}
TRAIN {"angle_aug_abs_deg": 0.0, "aoa_effective_shift_abs_deg_mean": 0.0, "aoa_meanfield_aug_fraction": 0.0, "aoa_meanfield_lambda_mean": 0.0, "delta_penalty": 3.325352708998253e-05, "grad_rel": 0.5091137692332268, "iteration": 4140, "loss": 0.14304364882409573, "lr": 1.573746475849821e-05, "mse": 0.00014630869081884158, "p_zero": 0.0, "point_rel": 0.07818974126130343, "residual_mse": 0.00014630868972744792, "temporal_rel": 0.9059059113264084, "tke_rel": 0.49992448687553404}
TRAIN {"angle_aug_abs_deg": 0.0, "aoa_effective_shift_abs_deg_mean": 0.0, "aoa_meanfield_aug_fraction": 0.0, "aoa_meanfield_lambda_mean": 0.0, "delta_penalty": 3.04572824461502e-05, "grad_rel": 0.5014173492789269, "iteration": 4160, "loss": 0.14146793745458125, "lr": 1.50746543604949e-05, "mse": 0.00012770215726050084, "p_zero": 0.0, "point_rel": 0.07696887534111738, "residual_mse": 0.0001277021558053093, "temporal_rel": 0.9042145490646363, "tke_rel": 0.4968741491436958}
TRAIN {"angle_aug_abs_deg": 0.0, "aoa_effective_shift_abs_deg_mean": 0.0, "aoa_meanfield_aug_fraction": 0.0, "aoa_meanfield_lambda_mean": 0.0, "delta_penalty": 3.0864150812703886e-05, "grad_rel": 0.49089317172765734, "iteration": 4180, "loss": 0.13739839531481265, "lr": 1.442496442511946e-05, "mse": 0.00012471379195631017, "p_zero": 0.0, "point_rel": 0.07309338599443435, "residual_mse": 0.0001247137917744112, "temporal_rel": 0.9010633736848831, "tke_rel": 0.4978612378239632}
TRAIN {"angle_aug_abs_deg": 0.0, "aoa_effective_shift_abs_deg_mean": 0.0, "aoa_meanfield_aug_fraction": 0.0, "aoa_meanfield_lambda_mean": 0.0, "delta_penalty": 3.216078439436387e-05, "grad_rel": 0.5073593914508819, "iteration": 4200, "loss": 0.1448537167161703, "lr": 1.378849532561688e-05, "mse": 0.00014920799221727066, "p_zero": 0.0, "point_rel": 0.07931750863790513, "residual_mse": 0.00014920799367246218, "temporal_rel": 0.9055608570575714, "tke_rel": 0.5118931055068969}
TRAIN {"angle_aug_abs_deg": 0.0, "aoa_effective_shift_abs_deg_mean": 0.0, "aoa_meanfield_aug_fraction": 0.0, "aoa_meanfield_lambda_mean": 0.0, "delta_penalty": 2.950839307231945e-05, "grad_rel": 0.5010260447859765, "iteration": 4220, "loss": 0.13938853852450847, "lr": 1.316534539269124e-05, "mse": 0.00011991870087513234, "p_zero": 0.0, "point_rel": 0.0746623894199729, "residual_mse": 0.0001199187006932334, "temporal_rel": 0.9126135617494583, "tke_rel": 0.4965964913368225}
TRAIN {"angle_aug_abs_deg": 0.0, "aoa_effective_shift_abs_deg_mean": 0.0, "aoa_meanfield_aug_fraction": 0.0, "aoa_meanfield_lambda_mean": 0.0, "delta_penalty": 2.76888217740634e-05, "grad_rel": 0.49275629669427873, "iteration": 4240, "loss": 0.13682628124952317, "lr": 1.2555610899314306e-05, "mse": 0.00010433141669636825, "p_zero": 0.0, "point_rel": 0.07255936302244663, "residual_mse": 0.00010433141815155978, "temporal_rel": 0.9043588042259216, "tke_rel": 0.49521597623825075}
TRAIN {"angle_aug_abs_deg": 0.0, "aoa_effective_shift_abs_deg_mean": 0.0, "aoa_meanfield_aug_fraction": 0.0, "aoa_meanfield_lambda_mean": 0.0, "delta_penalty": 2.8746122825396015e-05, "grad_rel": 0.4957804575562477, "iteration": 4260, "loss": 0.1381731539964676, "lr": 1.1959386045852014e-05, "mse": 0.00011590967724259827, "p_zero": 0.0, "point_rel": 0.07429487891495228, "residual_mse": 0.00011590967797019403, "temporal_rel": 0.9006719678640366, "tke_rel": 0.4897676855325699}
TRAIN {"angle_aug_abs_deg": 0.0, "aoa_effective_shift_abs_deg_mean": 0.0, "aoa_meanfield_aug_fraction": 0.0, "aoa_meanfield_lambda_mean": 0.0, "delta_penalty": 3.2477737750014055e-05, "grad_rel": 0.5025308176875114, "iteration": 4280, "loss": 0.14306398071348667, "lr": 1.1376762945510951e-05, "mse": 0.00014065984651097098, "p_zero": 0.0, "point_rel": 0.0788145687431097, "residual_mse": 0.00014065984541957732, "temporal_rel": 0.899310514330864, "tke_rel": 0.4948214992880821}
TRAIN {"angle_aug_abs_deg": 0.0, "aoa_effective_shift_abs_deg_mean": 0.0, "aoa_meanfield_aug_fraction": 0.0, "aoa_meanfield_lambda_mean": 0.0, "delta_penalty": 3.0613407943747006e-05, "grad_rel": 0.503665478527546, "iteration": 4300, "loss": 0.14196833409368992, "lr": 1.080783161010749e-05, "mse": 0.0001305447729464504, "p_zero": 0.0, "point_rel": 0.07718531452119351, "residual_mse": 0.0001305447729464504, "temporal_rel": 0.9020541042089463, "tke_rel": 0.5021106213331222}
TRAIN {"angle_aug_abs_deg": 0.0, "aoa_effective_shift_abs_deg_mean": 0.0, "aoa_meanfield_aug_fraction": 0.0, "aoa_meanfield_lambda_mean": 0.0, "delta_penalty": 2.8515918620541926e-05, "grad_rel": 0.5036711350083352, "iteration": 4320, "loss": 0.14168397337198257, "lr": 1.0252679936161362e-05, "mse": 0.00010855460222956027, "p_zero": 0.0, "point_rel": 0.07676620744168758, "residual_mse": 0.00010855460150196449, "temporal_rel": 0.9112387776374817, "tke_rel": 0.49987331181764605}
TRAIN {"angle_aug_abs_deg": 0.0, "aoa_effective_shift_abs_deg_mean": 0.0, "aoa_meanfield_aug_fraction": 0.0, "aoa_meanfield_lambda_mean": 0.0, "delta_penalty": 2.8943344568688188e-05, "grad_rel": 0.5010003075003624, "iteration": 4340, "loss": 0.13926498368382453, "lr": 9.711393691316356e-06, "mse": 0.00011015785748895724, "p_zero": 0.0, "point_rel": 0.07483369912952184, "residual_mse": 0.00011015785712515935, "temporal_rel": 0.9065427124500275, "tke_rel": 0.4947729021310806}
TRAIN {"angle_aug_abs_deg": 0.0, "aoa_effective_shift_abs_deg_mean": 0.0, "aoa_meanfield_aug_fraction": 0.0, "aoa_meanfield_lambda_mean": 0.0, "delta_penalty": 3.0457034335995557e-05, "grad_rel": 0.5060436710715294, "iteration": 4360, "loss": 0.14244708307087423, "lr": 9.184056501089608e-06, "mse": 0.0001305339837927022, "p_zero": 0.0, "point_rel": 0.07750991135835647, "residual_mse": 0.0001305339837927022, "temporal_rel": 0.9078931212425232, "tke_rel": 0.5011659219861031}
TRAIN {"angle_aug_abs_deg": 0.0, "aoa_effective_shift_abs_deg_mean": 0.0, "aoa_meanfield_aug_fraction": 0.0, "aoa_meanfield_lambda_mean": 0.0, "delta_penalty": 3.0087558297964278e-05, "grad_rel": 0.4991434082388878, "iteration": 4380, "loss": 0.14003706611692907, "lr": 8.670749835951963e-06, "mse": 0.00012336786567175296, "p_zero": 0.0, "point_rel": 0.0756107907742262, "residual_mse": 0.00012336786603555082, "temporal_rel": 0.9010971307754516, "tke_rel": 0.49780998229980467}
TRAIN {"angle_aug_abs_deg": 0.0, "aoa_effective_shift_abs_deg_mean": 0.0, "aoa_meanfield_aug_fraction": 0.0, "aoa_meanfield_lambda_mean": 0.0, "delta_penalty": 3.0065662667766446e-05, "grad_rel": 0.5019258886575699, "iteration": 4400, "loss": 0.1408856797963381, "lr": 8.171552998741276e-06, "mse": 0.00012040457877446898, "p_zero": 0.0, "point_rel": 0.07720263451337814, "residual_mse": 0.00012040457913826685, "temporal_rel": 0.8978307247161865, "tke_rel": 0.4863752409815788}
TRAIN {"angle_aug_abs_deg": 0.0, "aoa_effective_shift_abs_deg_mean": 0.0, "aoa_meanfield_aug_fraction": 0.0, "aoa_meanfield_lambda_mean": 0.0, "delta_penalty": 3.150917846141965e-05, "grad_rel": 0.5004827171564102, "iteration": 4420, "loss": 0.14039611555635928, "lr": 7.686543112410667e-06, "mse": 0.00013834727615176235, "p_zero": 0.0, "point_rel": 0.07690114863216876, "residual_mse": 0.00013834727578796447, "temporal_rel": 0.8946472823619842, "tke_rel": 0.48510288149118425}
TRAIN {"angle_aug_abs_deg": 0.0, "aoa_effective_shift_abs_deg_mean": 0.0, "aoa_meanfield_aug_fraction": 0.0, "aoa_meanfield_lambda_mean": 0.0, "delta_penalty": 3.0614283423346934e-05, "grad_rel": 0.4953334301710129, "iteration": 4440, "loss": 0.13842423036694526, "lr": 7.215795108113317e-06, "mse": 0.00013275885521579767, "p_zero": 0.0, "point_rel": 0.0746552187949419, "residual_mse": 0.00013275885594339344, "temporal_rel": 0.9012810260057449, "tke_rel": 0.48766902685165403}
TRAIN {"angle_aug_abs_deg": 0.0, "aoa_effective_shift_abs_deg_mean": 0.0, "aoa_meanfield_aug_fraction": 0.0, "aoa_meanfield_lambda_mean": 0.0, "delta_penalty": 3.0007971508894117e-05, "grad_rel": 0.49770606905221937, "iteration": 4460, "loss": 0.1397356942296028, "lr": 6.759381713626255e-06, "mse": 0.00012024885218124837, "p_zero": 0.0, "point_rel": 0.07488572970032692, "residual_mse": 0.00012024885108985472, "temporal_rel": 0.9113748162984848, "tke_rel": 0.5001076072454452}
TRAIN {"angle_aug_abs_deg": 0.0, "aoa_effective_shift_abs_deg_mean": 0.0, "aoa_meanfield_aug_fraction": 0.0, "aoa_meanfield_lambda_mean": 0.0, "delta_penalty": 3.0888192486600016e-05, "grad_rel": 0.4981958344578743, "iteration": 4480, "loss": 0.14031002148985863, "lr": 6.317373442114172e-06, "mse": 0.00011856414130306803, "p_zero": 0.0, "point_rel": 0.07478742748498916, "residual_mse": 0.00011856414203066379, "temporal_rel": 0.9118299752473831, "tke_rel": 0.5109761089086533}
TRAIN {"angle_aug_abs_deg": 0.0, "aoa_effective_shift_abs_deg_mean": 0.0, "aoa_meanfield_aug_fraction": 0.0, "aoa_meanfield_lambda_mean": 0.0, "delta_penalty": 3.0541353589796925e-05, "grad_rel": 0.5002071708440781, "iteration": 4500, "loss": 0.1409781016409397, "lr": 5.88983858123562e-06, "mse": 0.00013182029579184018, "p_zero": 0.0, "point_rel": 0.07570909466594458, "residual_mse": 0.0001318202972470317, "temporal_rel": 0.9045500844717026, "tke_rel": 0.5098206594586372}
TRAIN {"angle_aug_abs_deg": 0.0, "aoa_effective_shift_abs_deg_mean": 0.0, "aoa_meanfield_aug_fraction": 0.0, "aoa_meanfield_lambda_mean": 0.0, "delta_penalty": 2.9852889565518125e-05, "grad_rel": 0.5004404947161675, "iteration": 4520, "loss": 0.1393365252763033, "lr": 5.476843182593052e-06, "mse": 0.00012807267339667305, "p_zero": 0.0, "point_rel": 0.07573093492537737, "residual_mse": 0.0001280726744880667, "temporal_rel": 0.9024474561214447, "tke_rel": 0.48310904651880265}
TRAIN {"angle_aug_abs_deg": 0.0, "aoa_effective_shift_abs_deg_mean": 0.0, "aoa_meanfield_aug_fraction": 0.0, "aoa_meanfield_lambda_mean": 0.0, "delta_penalty": 2.9246771919133608e-05, "grad_rel": 0.503073337674141, "iteration": 4540, "loss": 0.14103518053889275, "lr": 5.078451051528091e-06, "mse": 0.0001230340743859415, "p_zero": 0.0, "point_rel": 0.0770426880568266, "residual_mse": 0.0001230340765687288, "temporal_rel": 0.9027482599020005, "tke_rel": 0.48877417147159574}
TRAIN {"angle_aug_abs_deg": 0.0, "aoa_effective_shift_abs_deg_mean": 0.0, "aoa_meanfield_aug_fraction": 0.0, "aoa_meanfield_lambda_mean": 0.0, "delta_penalty": 2.9904962775617606e-05, "grad_rel": 0.4948469132184982, "iteration": 4560, "loss": 0.1397985450923443, "lr": 4.694723737264079e-06, "mse": 0.00011591330585360992, "p_zero": 0.0, "point_rel": 0.07539381198585034, "residual_mse": 0.0001159133065812057, "temporal_rel": 0.9059846758842468, "tke_rel": 0.4961186334490776}
TRAIN {"angle_aug_abs_deg": 0.0, "aoa_effective_shift_abs_deg_mean": 0.0, "aoa_meanfield_aug_fraction": 0.0, "aoa_meanfield_lambda_mean": 0.0, "delta_penalty": 2.8382926848280478e-05, "grad_rel": 0.4879146799445152, "iteration": 4580, "loss": 0.13522241227328777, "lr": 4.32572052339711e-06, "mse": 9.741630765347509e-05, "p_zero": 0.0, "point_rel": 0.07177818939089775, "residual_mse": 9.741630838107085e-05, "temporal_rel": 0.9000660568475723, "tke_rel": 0.4848955601453781}
TRAIN {"angle_aug_abs_deg": 0.0, "aoa_effective_shift_abs_deg_mean": 0.0, "aoa_meanfield_aug_fraction": 0.0, "aoa_meanfield_lambda_mean": 0.0, "delta_penalty": 2.8267256129765884e-05, "grad_rel": 0.49286723881959915, "iteration": 4600, "loss": 0.13688794188201428, "lr": 3.97149841873696e-06, "mse": 0.00010945728063234128, "p_zero": 0.0, "point_rel": 0.07283038720488548, "residual_mse": 0.0001094572802685434, "temporal_rel": 0.9008384853601455, "tke_rel": 0.49343313872814176}
TRAIN {"angle_aug_abs_deg": 0.0, "aoa_effective_shift_abs_deg_mean": 0.0, "aoa_meanfield_aug_fraction": 0.0, "aoa_meanfield_lambda_mean": 0.0, "delta_penalty": 3.204490276402794e-05, "grad_rel": 0.5070084556937218, "iteration": 4620, "loss": 0.1433391712605953, "lr": 3.6321121484996427e-06, "mse": 0.0001364901594570256, "p_zero": 0.0, "point_rel": 0.0775398001074791, "residual_mse": 0.0001364901594570256, "temporal_rel": 0.9147099822759628, "tke_rel": 0.511855973303318}
TRAIN {"angle_aug_abs_deg": 0.0, "aoa_effective_shift_abs_deg_mean": 0.0, "aoa_meanfield_aug_fraction": 0.0, "aoa_meanfield_lambda_mean": 0.0, "delta_penalty": 3.163979954479146e-05, "grad_rel": 0.5094290018081665, "iteration": 4640, "loss": 0.14300491511821747, "lr": 3.307614145852721e-06, "mse": 0.00013397604143392528, "p_zero": 0.0, "point_rel": 0.0780734047293663, "residual_mse": 0.0001339760428891168, "temporal_rel": 0.8991546481847763, "tke_rel": 0.5045768186450005}
TRAIN {"angle_aug_abs_deg": 0.0, "aoa_effective_shift_abs_deg_mean": 0.0, "aoa_meanfield_aug_fraction": 0.0, "aoa_meanfield_lambda_mean": 0.0, "delta_penalty": 3.0533646258845694e-05, "grad_rel": 0.5056622579693795, "iteration": 4660, "loss": 0.14001931995153427, "lr": 2.998054543814577e-06, "mse": 0.00012990527575311716, "p_zero": 0.0, "point_rel": 0.07574862409383058, "residual_mse": 0.0001299052750255214, "temporal_rel": 0.9080582201480866, "tke_rel": 0.4900739252567291}
TRAIN {"angle_aug_abs_deg": 0.0, "aoa_effective_shift_abs_deg_mean": 0.0, "aoa_meanfield_aug_fraction": 0.0, "aoa_meanfield_lambda_mean": 0.0, "delta_penalty": 3.0357139985426328e-05, "grad_rel": 0.49125645607709884, "iteration": 4680, "loss": 0.13667000085115433, "lr": 2.703481167509271e-06, "mse": 0.00011932010293094208, "p_zero": 0.0, "point_rel": 0.07281583212316037, "residual_mse": 0.00011932010365853785, "temporal_rel": 0.8982499152421951, "tke_rel": 0.491690368950367}
TRAIN {"angle_aug_abs_deg": 0.0, "aoa_effective_shift_abs_deg_mean": 0.0, "aoa_meanfield_aug_fraction": 0.0, "aoa_meanfield_lambda_mean": 0.0, "delta_penalty": 3.2841291795193686e-05, "grad_rel": 0.5144154548645019, "iteration": 4700, "loss": 0.14483665488660336, "lr": 2.4239395267777747e-06, "mse": 0.00013944931833975716, "p_zero": 0.0, "point_rel": 0.07967004347592592, "residual_mse": 0.00013944931870355504, "temporal_rel": 0.908084186911583, "tke_rel": 0.5027561023831367}
TRAIN {"angle_aug_abs_deg": 0.0, "aoa_effective_shift_abs_deg_mean": 0.0, "aoa_meanfield_aug_fraction": 0.0, "aoa_meanfield_lambda_mean": 0.0, "delta_penalty": 3.087933955612243e-05, "grad_rel": 0.5003145277500153, "iteration": 4720, "loss": 0.13953423798084258, "lr": 2.159472809147001e-06, "mse": 0.00012679946430580458, "p_zero": 0.0, "point_rel": 0.07567463777959346, "residual_mse": 0.0001267994635782088, "temporal_rel": 0.8974285393953323, "tke_rel": 0.4898895189166069}
TRAIN {"angle_aug_abs_deg": 0.0, "aoa_effective_shift_abs_deg_mean": 0.0, "aoa_meanfield_aug_fraction": 0.0, "aoa_meanfield_lambda_mean": 0.0, "delta_penalty": 2.951152300738613e-05, "grad_rel": 0.49586727619171145, "iteration": 4740, "loss": 0.13805166743695735, "lr": 1.9101218731575674e-06, "mse": 0.00011357612429492292, "p_zero": 0.0, "point_rel": 0.07411252986639738, "residual_mse": 0.00011357612629581126, "temporal_rel": 0.9011714100837708, "tke_rel": 0.49052210450172423}
TRAIN {"angle_aug_abs_deg": 0.0, "aoa_effective_shift_abs_deg_mean": 0.0, "aoa_meanfield_aug_fraction": 0.0, "aoa_meanfield_lambda_mean": 0.0, "delta_penalty": 3.079951293329941e-05, "grad_rel": 0.5014311403036118, "iteration": 4760, "loss": 0.14151111729443072, "lr": 1.6759252420514242e-06, "mse": 0.00013074681082798635, "p_zero": 0.0, "point_rel": 0.07760558184236288, "residual_mse": 0.0001307468111917842, "temporal_rel": 0.8957874417304993, "tke_rel": 0.4911767229437828}
TRAIN {"angle_aug_abs_deg": 0.0, "aoa_effective_shift_abs_deg_mean": 0.0, "aoa_meanfield_aug_fraction": 0.0, "aoa_meanfield_lambda_mean": 0.0, "delta_penalty": 2.920147717304644e-05, "grad_rel": 0.4898138105869293, "iteration": 4780, "loss": 0.1381476078182459, "lr": 1.4569190978201974e-06, "mse": 0.00011226231399632524, "p_zero": 0.0, "point_rel": 0.0739881606772542, "residual_mse": 0.00011226231345062843, "temporal_rel": 0.9010749161243439, "tke_rel": 0.4957621872425079}
TRAIN {"angle_aug_abs_deg": 0.0, "aoa_effective_shift_abs_deg_mean": 0.0, "aoa_meanfield_aug_fraction": 0.0, "aoa_meanfield_lambda_mean": 0.0, "delta_penalty": 3.10740947497834e-05, "grad_rel": 0.5055450990796089, "iteration": 4800, "loss": 0.14134341552853585, "lr": 1.253137275615346e-06, "mse": 0.00012337797834334198, "p_zero": 0.0, "point_rel": 0.07714757062494755, "residual_mse": 0.00012337797816144302, "temporal_rel": 0.9105750977993011, "tke_rel": 0.48762973546981814}
TRAIN {"angle_aug_abs_deg": 0.0, "aoa_effective_shift_abs_deg_mean": 0.0, "aoa_meanfield_aug_fraction": 0.0, "aoa_meanfield_lambda_mean": 0.0, "delta_penalty": 3.188239024893846e-05, "grad_rel": 0.5057824239134788, "iteration": 4820, "loss": 0.14171816483139993, "lr": 1.0646112585207647e-06, "mse": 0.0001347411220194772, "p_zero": 0.0, "point_rel": 0.07734997905790805, "residual_mse": 0.00013474112274707294, "temporal_rel": 0.8972800314426422, "tke_rel": 0.49703319519758227}
TRAIN {"angle_aug_abs_deg": 0.0, "aoa_effective_shift_abs_deg_mean": 0.0, "aoa_meanfield_aug_fraction": 0.0, "aoa_meanfield_lambda_mean": 0.0, "delta_penalty": 3.1100731212063694e-05, "grad_rel": 0.49882258027791976, "iteration": 4840, "loss": 0.1404435858130455, "lr": 8.913701726888658e-07, "mse": 0.00012939722532792075, "p_zero": 0.0, "point_rel": 0.0758646309375763, "residual_mse": 0.00012939722469127446, "temporal_rel": 0.9095746517181397, "tke_rel": 0.49616563618183135}
TRAIN {"angle_aug_abs_deg": 0.0, "aoa_effective_shift_abs_deg_mean": 0.0, "aoa_meanfield_aug_fraction": 0.0, "aoa_meanfield_lambda_mean": 0.0, "delta_penalty": 3.013882706000004e-05, "grad_rel": 0.4994214951992035, "iteration": 4860, "loss": 0.13823146931827068, "lr": 7.334407828407886e-07, "mse": 0.00011255428325966932, "p_zero": 0.0, "point_rel": 0.07276900075376033, "residual_mse": 0.00011255428307777038, "temporal_rel": 0.9165111452341079, "tke_rel": 0.5073574110865593}
TRAIN {"angle_aug_abs_deg": 0.0, "aoa_effective_shift_abs_deg_mean": 0.0, "aoa_meanfield_aug_fraction": 0.0, "aoa_meanfield_lambda_mean": 0.0, "delta_penalty": 3.121836462014471e-05, "grad_rel": 0.5106561437249184, "iteration": 4880, "loss": 0.1437032151967287, "lr": 5.908474881313631e-07, "mse": 0.00013098385043122107, "p_zero": 0.0, "point_rel": 0.07823587991297246, "residual_mse": 0.00013098385115881684, "temporal_rel": 0.9073306232690811, "tke_rel": 0.5091275915503501}
TRAIN {"angle_aug_abs_deg": 0.0, "aoa_effective_shift_abs_deg_mean": 0.0, "aoa_meanfield_aug_fraction": 0.0, "aoa_meanfield_lambda_mean": 0.0, "delta_penalty": 3.15237273753155e-05, "grad_rel": 0.5030501380562782, "iteration": 4900, "loss": 0.14071362987160682, "lr": 4.636123183795918e-07, "mse": 0.0001291636443056632, "p_zero": 0.0, "point_rel": 0.07608663868159056, "residual_mse": 0.00012916364448756212, "temporal_rel": 0.9008162379264831, "tke_rel": 0.5002895131707191}
TRAIN {"angle_aug_abs_deg": 0.0, "aoa_effective_shift_abs_deg_mean": 0.0, "aoa_meanfield_aug_fraction": 0.0, "aoa_meanfield_lambda_mean": 0.0, "delta_penalty": 2.9376607290032553e-05, "grad_rel": 0.4913353085517883, "iteration": 4920, "loss": 0.1363819468766451, "lr": 3.5175493066521584e-07, "mse": 0.000115581766658579, "p_zero": 0.0, "point_rel": 0.07222414817661046, "residual_mse": 0.00011558176811377052, "temporal_rel": 0.9064123272895813, "tke_rel": 0.49266902208328245}
TRAIN {"angle_aug_abs_deg": 0.0, "aoa_effective_shift_abs_deg_mean": 0.0, "aoa_meanfield_aug_fraction": 0.0, "aoa_meanfield_lambda_mean": 0.0, "delta_penalty": 3.0882550800015454e-05, "grad_rel": 0.4950559601187706, "iteration": 4940, "loss": 0.13785350359976292, "lr": 2.55292606291735e-07, "mse": 0.00012885443011327878, "p_zero": 0.0, "point_rel": 0.07419502437114715, "residual_mse": 0.00012885443011327878, "temporal_rel": 0.8969674855470657, "tke_rel": 0.48807238787412643}
TRAIN {"angle_aug_abs_deg": 0.0, "aoa_effective_shift_abs_deg_mean": 0.0, "aoa_meanfield_aug_fraction": 0.0, "aoa_meanfield_lambda_mean": 0.0, "delta_penalty": 2.9522702516260323e-05, "grad_rel": 0.498930224776268, "iteration": 4960, "loss": 0.13895778059959413, "lr": 1.7424024811665288e-07, "mse": 0.0001150744281403604, "p_zero": 0.0, "point_rel": 0.0747511437162757, "residual_mse": 0.00011507442959555192, "temporal_rel": 0.9019321531057358, "tke_rel": 0.49382674396038057}
TRAIN {"angle_aug_abs_deg": 0.0, "aoa_effective_shift_abs_deg_mean": 0.0, "aoa_meanfield_aug_fraction": 0.0, "aoa_meanfield_lambda_mean": 0.0, "delta_penalty": 3.168881839883397e-05, "grad_rel": 0.5107523337006569, "iteration": 4980, "loss": 0.14497088454663754, "lr": 1.0861037824896351e-07, "mse": 0.00013359949152800255, "p_zero": 0.0, "point_rel": 0.08075253665447235, "residual_mse": 0.00013359949152800255, "temporal_rel": 0.8989465713500977, "tke_rel": 0.49246593117713927}
TRAIN {"angle_aug_abs_deg": 0.0, "aoa_effective_shift_abs_deg_mean": 0.0, "aoa_meanfield_aug_fraction": 0.0, "aoa_meanfield_lambda_mean": 0.0, "delta_penalty": 2.992258559970651e-05, "grad_rel": 0.4926776707172394, "iteration": 5000, "loss": 0.13688168972730635, "lr": 5.841313611465458e-08, "mse": 0.00011938587049371563, "p_zero": 0.0, "point_rel": 0.07400773614645004, "residual_mse": 0.00011938586867472622, "temporal_rel": 0.9029053241014481, "tke_rel": 0.472670291364193}
EVAL_TOP {"alpha": 1.0, "best_bound_abs": 0.0075, "best_bound_rel": 0.0075, "best_bounds": [{"abs": 0.0075, "coverage": 0.823274040222168, "final_est": 81.18210081874426, "rel": 0.0075, "sps_raw": 0.4702194775342941, "sps_score_linear": 47.02194775342941, "sps_score_used": 47.02194775342941}], "best_final_est": 81.18210081874426, "iteration": 5000, "mean_t_neural_s": 0.01762683533, "mvpe": 0.07784369820728898, "mvpe_score": 96.25363070983393, "n": 640, "rel_l2": 0.08523608725517988, "rel_l2_score": 95.91240110526874, "time_score": 86.54248999999716, "tke": 0.49438655376434326, "tke_score": 80.18003452519211}
BEST iteration=5000 final_est=81.182101 alpha=1.0 abs=0.0075 rel=0.0075
TRAIN {"angle_aug_abs_deg": 0.0, "aoa_effective_shift_abs_deg_mean": 0.0, "aoa_meanfield_aug_fraction": 0.0, "aoa_meanfield_lambda_mean": 0.0, "delta_penalty": 3.16201970235852e-05, "grad_rel": 0.4966119274497032, "iteration": 5020, "loss": 0.13899611569941045, "lr": 2.3656276890138304e-08, "mse": 0.00013284630003909114, "p_zero": 0.0, "point_rel": 0.07518677599728107, "residual_mse": 0.0001328462989476975, "temporal_rel": 0.8960387378931045, "tke_rel": 0.4906418904662132}
TRAIN {"angle_aug_abs_deg": 0.0, "aoa_effective_shift_abs_deg_mean": 0.0, "aoa_meanfield_aug_fraction": 0.0, "aoa_meanfield_lambda_mean": 0.0, "delta_penalty": 3.25339369737776e-05, "grad_rel": 0.5044059336185456, "iteration": 5040, "loss": 0.14084348119795323, "lr": 4.345170304220773e-09, "mse": 0.0001348178566331626, "p_zero": 0.0, "point_rel": 0.0771733608096838, "residual_mse": 0.0001348178580883541, "temporal_rel": 0.9004442900419235, "tke_rel": 0.48416016846895216}
EVAL_TOP {"alpha": 1.0, "best_bound_abs": 0.0075, "best_bound_rel": 0.0075, "best_bounds": [{"abs": 0.0075, "coverage": 0.8232810783386231, "final_est": 81.1816400787425, "rel": 0.0075, "sps_raw": 0.4702183213233948, "sps_score_linear": 47.02183213233948, "sps_score_used": 47.02183213233948}], "best_final_est": 81.1816400787425, "iteration": 5055, "mean_t_neural_s": 0.01762683533, "mvpe": 0.07784482501447201, "mvpe_score": 96.25357851186361, "n": 640, "rel_l2": 0.0852330069988966, "rel_l2_score": 95.91254278477179, "time_score": 86.54248999999716, "tke": 0.49445741027593615, "tke_score": 80.17775696474051}
DONE out_dir=/hy-tmp/realpde_runs/disjoint_trajectory_sampling_screen_20260923_v1/A_train65_fixed_stride20 best_iter=5000 best_score=81.182101 alpha=1.0 abs=0.0075 rel=0.0075 primary={"alpha": 1.0, "base_mvpe_raw": 0.08762361109256744, "base_rel_l2_raw": 0.0979706197977066, "base_tke_raw": 0.7003257870674133, "experiment": "A_train65_fixed_stride20", "mvpe_improvement_vs_base": 0.11159992218017578, "mvpe_raw": 0.07784482091665268, "rel_l2_improvement_vs_base": 0.1300145983695984, "rel_l2_raw": 0.08523301035165787, "tke_improvement_vs_base": 0.2939608693122864, "tke_raw": 0.4944573938846588, "trajectories": 16, "windows": 640}
