/hy-tmp/realpde-competition-origin-main/tools/colleague_80pt/realpde_h5_feature_adapter_train.py:458: FutureWarning: You are using `torch.load` with `weights_only=False` (the current default value), which uses the default pickle module implicitly. It is possible to construct malicious pickle data which will execute arbitrary code during unpickling (See https://github.com/pytorch/pytorch/blob/main/SECURITY.md#untrusted-models for more details). In a future release, the default value for `weights_only` will be flipped to `True`. This limits the functions that could be executed during unpickling. Arbitrary objects will no longer be allowed to be loaded via this mode unless they are explicitly allowlisted by the user via `torch.serialization.add_safe_globals`. We recommend you start setting `weights_only=True` for any use case where you don't have full control of the loaded file. Please open an issue on GitHub for any issues related to this experimental feature.
  checkpoint = torch.load(checkpoint_path, map_location=device)
{
  "real_root": "/hy-tmp/realpde_data/train_real",
  "split_manifest": "/hy-tmp/realpde_runs/disjoint_trajectory_sampling_screen_20260923_v1/residual_train65_dev16_manifest.json",
  "allow_train_dev_overlap": false,
  "checkpoint": "/hy-tmp/realpde_assets/colleague-80pt/20260921/extracted/handoff_colleague_80pt_archive_20260921/checkpoints/cno_final_all81.pt",
  "resume_checkpoint": null,
  "resume_iteration": 0,
  "optimizer_policy": "reset_identically_for_each_screen_arm",
  "realpdebench_root": "tools/colleague_80pt/submission",
  "device": "cuda:0",
  "train_trajectories": 65,
  "fit_trajectories": 65,
  "val_trajectories": 16,
  "train_windows": 53299,
  "candidate_legal_windows": 53299,
  "train_samples_per_epoch": 2696,
  "reference_fixed_stride_windows": 2701,
  "val_windows": 640,
  "train_stride": 20,
  "eval_stride": 20,
  "train_window_mode": "trajectory_stratified_random_start",
  "sampling_policy": "baseline_weight_matched_trajectory_stratified_random_start",
  "batch_unique_trajectory_required": true,
  "angle_augmentation": {
    "kind": "global_uv_component_rotation",
    "max_abs_degrees": 0.0,
    "training_only": true,
    "same_angle_for_past_and_future": true,
    "spatial_grid_rotated": false,
    "physical_exact_aoa_claimed": false
  },
  "aoa_meanfield_augmentation": {
    "kind": "same_re_adjacent_aoa_past20_mean_field_shift",
    "probability": 0.0,
    "lambda_min": 0.2,
    "lambda_max": 0.5,
    "max_neighbor_gap_deg": 5.1,
    "min_eligible_fraction": 0.8,
    "bridge_pair": null,
    "training_only": true,
    "aoa_re_model_inputs": false,
    "future_used_to_construct_input_shift": false,
    "audit": null
  },
  "phase_counts_equalized": false,
  "updates": 5055,
  "eval_interval": 1000,
  "batch_size": 8,
  "test_batch_size": 32,
  "lr": 0.0002,
  "weight_decay": 1e-05,
  "corrector_config": {
    "hidden": 96,
    "blocks": 2,
    "dropout": 0.0,
    "include_pressure": true,
    "max_delta": 0.04,
    "history_context": false
  },
  "train_alpha": 1.0,
  "eval_alphas": [
    0.0,
    0.025,
    0.05,
    0.075,
    0.1,
    0.15,
    0.2,
    0.3,
    0.5,
    0.75,
    1.0
  ],
  "abs_widths": [
    0.0075
  ],
  "rel_widths": [
    0.0075
  ],
  "loss_weights": {
    "point": 1.0,
    "mse": 0.05,
    "tke": 0.06,
    "temporal": 0.03,
    "grad": 0.015,
    "p_zero": 0.01
  },
  "gradient_mode": "scalar",
  "gradient_projection": "none",
  "residual_mse": 0.25,
  "delta_penalty": 0.02,
  "fixed_time_seconds": 0.01762683533,
  "benchmark_mode": false,
  "trainable_parameters": 1087849,
  "total_parameters": 9048316
}
EVAL_TOP {"alpha": 0.0, "best_bound_abs": 0.0075, "best_bound_rel": 0.0075, "best_bounds": [{"abs": 0.0075, "coverage": 0.7797014045715333, "final_est": 78.78243331868228, "rel": 0.0075, "sps_raw": 0.42171609836816787, "sps_score_linear": 42.171609836816785, "sps_score_used": 42.171609836816785}], "best_final_est": 78.78243331868228, "iteration": 0, "mean_t_neural_s": 0.01762683533, "mvpe": 0.08762361314147711, "mvpe_score": 95.80271019211072, "n": 640, "rel_l2": 0.09797063041478396, "rel_l2_score": 95.33021916539344, "time_score": 86.54248999999716, "tke": 0.7003257811069489, "tke_score": 74.06513739909326}
TRAIN {"angle_aug_abs_deg": 0.0, "aoa_effective_shift_abs_deg_mean": 0.0, "aoa_meanfield_aug_fraction": 0.0, "aoa_meanfield_lambda_mean": 0.0, "delta_penalty": 7.049481837384519e-06, "grad_rel": 0.5825873285531997, "iteration": 20, "loss": 0.18378578573465348, "lr": 0.0001999922752963034, "mse": 0.00014362379188241902, "p_zero": 0.0, "point_rel": 0.09158944897353649, "residual_mse": 0.00014362379115482327, "temporal_rel": 1.3544189274311065, "tke_rel": 0.7130288630723953}
TRAIN {"angle_aug_abs_deg": 0.0, "aoa_effective_shift_abs_deg_mean": 0.0, "aoa_meanfield_aug_fraction": 0.0, "aoa_meanfield_lambda_mean": 0.0, "delta_penalty": 9.994676261726454e-07, "grad_rel": 0.5790525615215302, "iteration": 40, "loss": 0.17809182330965995, "lr": 0.00019996910237863455, "mse": 0.0001415425675077131, "p_zero": 0.0, "point_rel": 0.08779159486293793, "residual_mse": 0.00014154256787151097, "temporal_rel": 1.3122323870658874, "tke_rel": 0.7034164607524872}
TRAIN {"angle_aug_abs_deg": 0.0, "aoa_effective_shift_abs_deg_mean": 0.0, "aoa_meanfield_aug_fraction": 0.0, "aoa_meanfield_lambda_mean": 0.0, "delta_penalty": 1.1237207729664077e-06, "grad_rel": 0.5812339305877685, "iteration": 60, "loss": 0.17909612581133844, "lr": 0.00019993048482707187, "mse": 0.00014042228449397953, "p_zero": 0.0, "point_rel": 0.08916552849113941, "residual_mse": 0.00014042228413018164, "temporal_rel": 1.3180081129074097, "tke_rel": 0.6938282549381256}
TRAIN {"angle_aug_abs_deg": 0.0, "aoa_effective_shift_abs_deg_mean": 0.0, "aoa_meanfield_aug_fraction": 0.0, "aoa_meanfield_lambda_mean": 0.0, "delta_penalty": 1.3723779687779825e-06, "grad_rel": 0.5812510401010513, "iteration": 80, "loss": 0.1791120544075966, "lr": 0.0001998764286077984, "mse": 0.0001407201387337409, "p_zero": 0.0, "point_rel": 0.08850095197558402, "residual_mse": 0.00014072013946133665, "temporal_rel": 1.3316177368164062, "tke_rel": 0.69835946559906}
TRAIN {"angle_aug_abs_deg": 0.0, "aoa_effective_shift_abs_deg_mean": 0.0, "aoa_meanfield_aug_fraction": 0.0, "aoa_meanfield_lambda_mean": 0.0, "delta_penalty": 9.887595140867233e-07, "grad_rel": 0.5868941366672515, "iteration": 100, "loss": 0.181389918923378, "lr": 0.00019980694207217948, "mse": 0.00014755461670574733, "p_zero": 0.0, "point_rel": 0.09004095532000064, "residual_mse": 0.00014755461652384838, "temporal_rel": 1.3230741798877717, "tke_rel": 0.7134840607643127}
TRAIN {"angle_aug_abs_deg": 0.0, "aoa_effective_shift_abs_deg_mean": 0.0, "aoa_meanfield_aug_fraction": 0.0, "aoa_meanfield_lambda_mean": 0.0, "delta_penalty": 1.4570488673371074e-06, "grad_rel": 0.5770476996898651, "iteration": 120, "loss": 0.17658217176795005, "lr": 0.0001997220359554732, "mse": 0.0001327631167441723, "p_zero": 0.0, "point_rel": 0.08613507561385632, "residual_mse": 0.0001327631172898691, "temporal_rel": 1.3260022521018981, "tke_rel": 0.6995242238044739}
TRAIN {"angle_aug_abs_deg": 0.0, "aoa_effective_shift_abs_deg_mean": 0.0, "aoa_meanfield_aug_fraction": 0.0, "aoa_meanfield_lambda_mean": 0.0, "delta_penalty": 2.7111585097827628e-06, "grad_rel": 0.581850579380989, "iteration": 140, "loss": 0.17742645516991615, "lr": 0.0001996217233751714, "mse": 0.00014685174537589773, "p_zero": 0.0, "point_rel": 0.08942108526825905, "residual_mse": 0.00014685174573969562, "temporal_rel": 1.296542888879776, "tke_rel": 0.6722869247198104}
TRAIN {"angle_aug_abs_deg": 0.0, "aoa_effective_shift_abs_deg_mean": 0.0, "aoa_meanfield_aug_fraction": 0.0, "aoa_meanfield_lambda_mean": 0.0, "delta_penalty": 4.657742124436481e-06, "grad_rel": 0.5766614019870758, "iteration": 160, "loss": 0.17369753792881965, "lr": 0.00019950601982897327, "mse": 0.00013656896517204585, "p_zero": 0.0, "point_rel": 0.08745355047285557, "residual_mse": 0.0001365689662634395, "temporal_rel": 1.2638734221458434, "tke_rel": 0.6606133580207825}
TRAIN {"angle_aug_abs_deg": 0.0, "aoa_effective_shift_abs_deg_mean": 0.0, "aoa_meanfield_aug_fraction": 0.0, "aoa_meanfield_lambda_mean": 0.0, "delta_penalty": 6.703905728500103e-06, "grad_rel": 0.5740127593278885, "iteration": 180, "loss": 0.1732558451592922, "lr": 0.0001993749431923909, "mse": 0.00014448973670369014, "p_zero": 0.0, "point_rel": 0.08881698995828628, "residual_mse": 0.0001444897356122965, "temporal_rel": 1.2286956399679183, "tke_rel": 0.6487385869026184}
TRAIN {"angle_aug_abs_deg": 0.0, "aoa_effective_shift_abs_deg_mean": 0.0, "aoa_meanfield_aug_fraction": 0.0, "aoa_meanfield_lambda_mean": 0.0, "delta_penalty": 7.534765165928547e-06, "grad_rel": 0.5714036762714386, "iteration": 200, "loss": 0.16980978101491928, "lr": 0.00019922851371598815, "mse": 0.0001433887955499813, "p_zero": 0.0, "point_rel": 0.0879312887787819, "residual_mse": 0.0001433887955499813, "temporal_rel": 1.1792763113975524, "tke_rel": 0.6314330846071243}
TRAIN {"angle_aug_abs_deg": 0.0, "aoa_effective_shift_abs_deg_mean": 0.0, "aoa_meanfield_aug_fraction": 0.0, "aoa_meanfield_lambda_mean": 0.0, "delta_penalty": 8.744773526814243e-06, "grad_rel": 0.5624736115336418, "iteration": 220, "loss": 0.16532519832253456, "lr": 0.0001990667540222511, "mse": 0.0001295491068958654, "p_zero": 0.0, "point_rel": 0.08570075649768114, "residual_mse": 0.00012954910798725904, "temporal_rel": 1.157340306043625, "tke_rel": 0.6071348756551742}
TRAIN {"angle_aug_abs_deg": 0.0, "aoa_effective_shift_abs_deg_mean": 0.0, "aoa_meanfield_aug_fraction": 0.0, "aoa_meanfield_lambda_mean": 0.0, "delta_penalty": 1.0511192931517143e-05, "grad_rel": 0.5599798351526261, "iteration": 240, "loss": 0.16483810618519784, "lr": 0.00019888968910209413, "mse": 0.000143353606290475, "p_zero": 0.0, "point_rel": 0.08614470474421979, "residual_mse": 0.000143353606290475, "temporal_rel": 1.1160499066114427, "tke_rel": 0.6128165900707245}
TRAIN {"angle_aug_abs_deg": 0.0, "aoa_effective_shift_abs_deg_mean": 0.0, "aoa_meanfield_aug_fraction": 0.0, "aoa_meanfield_lambda_mean": 0.0, "delta_penalty": 1.1552587375263102e-05, "grad_rel": 0.5604160338640213, "iteration": 260, "loss": 0.1644108071923256, "lr": 0.00019869734631099798, "mse": 0.00013849546630808617, "p_zero": 0.0, "point_rel": 0.08721023015677928, "residual_mse": 0.00013849546630808617, "temporal_rel": 1.1039687156677247, "tke_rel": 0.5938915848731995}
TRAIN {"angle_aug_abs_deg": 0.0, "aoa_effective_shift_abs_deg_mean": 0.0, "aoa_meanfield_aug_fraction": 0.0, "aoa_meanfield_lambda_mean": 0.0, "delta_penalty": 1.2658523746722495e-05, "grad_rel": 0.5505931794643402, "iteration": 280, "loss": 0.16034296452999114, "lr": 0.0001984897553647838, "mse": 0.00014955784226913237, "p_zero": 0.0, "point_rel": 0.08456849157810212, "residual_mse": 0.00014955784336052603, "temporal_rel": 1.0633687227964401, "tke_rel": 0.592823150753975}
TRAIN {"angle_aug_abs_deg": 0.0, "aoa_effective_shift_abs_deg_mean": 0.0, "aoa_meanfield_aug_fraction": 0.0, "aoa_meanfield_lambda_mean": 0.0, "delta_penalty": 1.3146667060937035e-05, "grad_rel": 0.5480893686413765, "iteration": 300, "loss": 0.16030280366539956, "lr": 0.00019826694833502276, "mse": 0.0001458079415897373, "p_zero": 0.0, "point_rel": 0.08494402877986432, "residual_mse": 0.00014580794231733307, "temporal_rel": 1.0483688175678254, "tke_rel": 0.5940394014120102}
TRAIN {"angle_aug_abs_deg": 0.0, "aoa_effective_shift_abs_deg_mean": 0.0, "aoa_meanfield_aug_fraction": 0.0, "aoa_meanfield_lambda_mean": 0.0, "delta_penalty": 1.464538440814067e-05, "grad_rel": 0.5529528811573983, "iteration": 320, "loss": 0.1615382708609104, "lr": 0.00019802895964408067, "mse": 0.0001483682051912183, "p_zero": 0.0, "point_rel": 0.08660088554024696, "residual_mse": 0.00014836820737400557, "temporal_rel": 1.0474139750003815, "tke_rel": 0.5862644791603089}
TRAIN {"angle_aug_abs_deg": 0.0, "aoa_effective_shift_abs_deg_mean": 0.0, "aoa_meanfield_aug_fraction": 0.0, "aoa_meanfield_lambda_mean": 0.0, "delta_penalty": 1.4512361758534098e-05, "grad_rel": 0.5446896612644195, "iteration": 340, "loss": 0.1577800914645195, "lr": 0.00019777582605979982, "mse": 0.00013854686167178443, "p_zero": 0.0, "point_rel": 0.08362944275140763, "residual_mse": 0.00013854686239938018, "temporal_rel": 1.0379806369543076, "tke_rel": 0.5799838840961457}
TRAIN {"angle_aug_abs_deg": 0.0, "aoa_effective_shift_abs_deg_mean": 0.0, "aoa_meanfield_aug_fraction": 0.0, "aoa_meanfield_lambda_mean": 0.0, "delta_penalty": 1.5641749405403972e-05, "grad_rel": 0.5425101488828659, "iteration": 360, "loss": 0.1589790478348732, "lr": 0.00019750758668981894, "mse": 0.0001384633879752073, "p_zero": 0.0, "point_rel": 0.08525378555059433, "residual_mse": 0.00013846338833900518, "temporal_rel": 1.0196096181869507, "tke_rel": 0.5826245412230492}
TRAIN {"angle_aug_abs_deg": 0.0, "aoa_effective_shift_abs_deg_mean": 0.0, "aoa_meanfield_aug_fraction": 0.0, "aoa_meanfield_lambda_mean": 0.0, "delta_penalty": 1.4117788168732659e-05, "grad_rel": 0.5426581874489784, "iteration": 380, "loss": 0.15711480379104614, "lr": 0.0001972242829755312, "mse": 0.00013387003818934317, "p_zero": 0.0, "point_rel": 0.08307891972362995, "residual_mse": 0.00013387003782554529, "temporal_rel": 1.0104799717664719, "tke_rel": 0.5923528373241425}
TRAIN {"angle_aug_abs_deg": 0.0, "aoa_effective_shift_abs_deg_mean": 0.0, "aoa_meanfield_aug_fraction": 0.0, "aoa_meanfield_lambda_mean": 0.0, "delta_penalty": 1.311555743086501e-05, "grad_rel": 0.5371783837676049, "iteration": 400, "loss": 0.15465943589806558, "lr": 0.00019692595868568143, "mse": 0.00012214573380333604, "p_zero": 0.0, "point_rel": 0.08172657936811448, "residual_mse": 0.0001221457330757403, "temporal_rel": 1.0099847614765167, "tke_rel": 0.5756455808877945}
TRAIN {"angle_aug_abs_deg": 0.0, "aoa_effective_shift_abs_deg_mean": 0.0, "aoa_meanfield_aug_fraction": 0.0, "aoa_meanfield_lambda_mean": 0.0, "delta_penalty": 1.6370623188777245e-05, "grad_rel": 0.5418719545006752, "iteration": 420, "loss": 0.15892458632588385, "lr": 0.00019661265990960453, "mse": 0.0001384835530188866, "p_zero": 0.0, "point_rel": 0.08575272485613823, "residual_mse": 0.00013848355283698765, "temporal_rel": 1.001607471704483, "tke_rel": 0.5825614690780639}
TRAIN {"angle_aug_abs_deg": 0.0, "aoa_effective_shift_abs_deg_mean": 0.0, "aoa_meanfield_aug_fraction": 0.0, "aoa_meanfield_lambda_mean": 0.0, "delta_penalty": 1.6201897278733667e-05, "grad_rel": 0.5377140671014786, "iteration": 440, "loss": 0.15517714619636536, "lr": 0.0001962844350501049, "mse": 0.000140065596497152, "p_zero": 0.0, "point_rel": 0.08274197075515985, "residual_mse": 0.0001400655983161414, "temporal_rel": 0.9911528408527375, "tke_rel": 0.576542304456234}
TRAIN {"angle_aug_abs_deg": 0.0, "aoa_effective_shift_abs_deg_mean": 0.0, "aoa_meanfield_aug_fraction": 0.0, "aoa_meanfield_lambda_mean": 0.0, "delta_penalty": 1.6916560252866474e-05, "grad_rel": 0.5360628858208656, "iteration": 460, "loss": 0.15544418543577193, "lr": 0.00019594133481597812, "mse": 0.00013767750351689756, "p_zero": 0.0, "point_rel": 0.08358935117721558, "residual_mse": 0.0001376775027893018, "temporal_rel": 0.982553431391716, "tke_rel": 0.5715941697359085}
TRAIN {"angle_aug_abs_deg": 0.0, "aoa_effective_shift_abs_deg_mean": 0.0, "aoa_meanfield_aug_fraction": 0.0, "aoa_meanfield_lambda_mean": 0.0, "delta_penalty": 1.8278197285326313e-05, "grad_rel": 0.53524951338768, "iteration": 480, "loss": 0.15324206203222274, "lr": 0.00019558341221417717, "mse": 0.00013564942182711092, "p_zero": 0.0, "point_rel": 0.0818391852080822, "residual_mse": 0.00013564942146331304, "temporal_rel": 0.9768061131238938, "tke_rel": 0.5671482428908348}
TRAIN {"angle_aug_abs_deg": 0.0, "aoa_effective_shift_abs_deg_mean": 0.0, "aoa_meanfield_aug_fraction": 0.0, "aoa_meanfield_lambda_mean": 0.0, "delta_penalty": 1.7012976786645596e-05, "grad_rel": 0.5292392835021019, "iteration": 500, "loss": 0.15070734918117523, "lr": 0.0001952107225416229, "mse": 0.00012034185165248346, "p_zero": 0.0, "point_rel": 0.07991466987878085, "residual_mse": 0.00012034185310767498, "temporal_rel": 0.9807686686515809, "tke_rel": 0.5565764531493187}
TRAIN {"angle_aug_abs_deg": 0.0, "aoa_effective_shift_abs_deg_mean": 0.0, "aoa_meanfield_aug_fraction": 0.0, "aoa_meanfield_lambda_mean": 0.0, "delta_penalty": 1.7974118691199692e-05, "grad_rel": 0.5364825159311295, "iteration": 520, "loss": 0.15486735925078393, "lr": 0.00019482332337666122, "mse": 0.00014177589255268686, "p_zero": 0.0, "point_rel": 0.08344742357730865, "residual_mse": 0.0001417758914612932, "temporal_rel": 0.9714148879051209, "tke_rel": 0.5697893798351288}
TRAIN {"angle_aug_abs_deg": 0.0, "aoa_effective_shift_abs_deg_mean": 0.0, "aoa_meanfield_aug_fraction": 0.0, "aoa_meanfield_lambda_mean": 0.0, "delta_penalty": 1.711512122710701e-05, "grad_rel": 0.5308130025863648, "iteration": 540, "loss": 0.15381266698241233, "lr": 0.0001944212745701674, "mse": 0.00014105852460488677, "p_zero": 0.0, "point_rel": 0.08316530883312226, "residual_mse": 0.00014105852642387617, "temporal_rel": 0.9676625728607178, "tke_rel": 0.560210543870926}
TRAIN {"angle_aug_abs_deg": 0.0, "aoa_effective_shift_abs_deg_mean": 0.0, "aoa_meanfield_aug_fraction": 0.0, "aoa_meanfield_lambda_mean": 0.0, "delta_penalty": 1.896191347441345e-05, "grad_rel": 0.529294130206108, "iteration": 560, "loss": 0.15101637244224547, "lr": 0.0001940046382362993, "mse": 0.0001285476981138345, "p_zero": 0.0, "point_rel": 0.08091113716363907, "residual_mse": 0.0001285476977500366, "temporal_rel": 0.9651459455490112, "tke_rel": 0.5528750434517861}
TRAIN {"angle_aug_abs_deg": 0.0, "aoa_effective_shift_abs_deg_mean": 0.0, "aoa_meanfield_aug_fraction": 0.0, "aoa_meanfield_lambda_mean": 0.0, "delta_penalty": 1.871926760941278e-05, "grad_rel": 0.5320172905921936, "iteration": 580, "loss": 0.153840222209692, "lr": 0.00019357347874290168, "mse": 0.00013693246055481722, "p_zero": 0.0, "point_rel": 0.0825985949486494, "residual_mse": 0.00013693246055481722, "temporal_rel": 0.9689774125814438, "tke_rel": 0.5691765248775482}
TRAIN {"angle_aug_abs_deg": 0.0, "aoa_effective_shift_abs_deg_mean": 0.0, "aoa_meanfield_aug_fraction": 0.0, "aoa_meanfield_lambda_mean": 0.0, "delta_penalty": 1.8098910959452042e-05, "grad_rel": 0.5312394291162491, "iteration": 600, "loss": 0.15465690866112708, "lr": 0.000193127862701561, "mse": 0.0001460891091483063, "p_zero": 0.0, "point_rel": 0.08284204583615065, "residual_mse": 0.00014608911151299254, "temporal_rel": 0.968514084815979, "tke_rel": 0.579111072421074}
TRAIN {"angle_aug_abs_deg": 0.0, "aoa_effective_shift_abs_deg_mean": 0.0, "aoa_meanfield_aug_fraction": 0.0, "aoa_meanfield_lambda_mean": 0.0, "delta_penalty": 1.9366786409591442e-05, "grad_rel": 0.5280350714921951, "iteration": 620, "loss": 0.15281205251812935, "lr": 0.0001926678589573151, "mse": 0.0001411238012224203, "p_zero": 0.0, "point_rel": 0.08252596631646156, "residual_mse": 0.0001411238015862182, "temporal_rel": 0.9638172298669815, "tke_rel": 0.5568053454160691}
TRAIN {"angle_aug_abs_deg": 0.0, "aoa_effective_shift_abs_deg_mean": 0.0, "aoa_meanfield_aug_fraction": 0.0, "aoa_meanfield_lambda_mean": 0.0, "delta_penalty": 2.0111030289626795e-05, "grad_rel": 0.5316086411476135, "iteration": 640, "loss": 0.15421373397111893, "lr": 0.00019219353857801634, "mse": 0.00014752434799447656, "p_zero": 0.0, "point_rel": 0.08366457670927048, "residual_mse": 0.00014752434799447656, "temporal_rel": 0.9647220939397811, "tke_rel": 0.559811806678772}
TRAIN {"angle_aug_abs_deg": 0.0, "aoa_effective_shift_abs_deg_mean": 0.0, "aoa_meanfield_aug_fraction": 0.0, "aoa_meanfield_lambda_mean": 0.0, "delta_penalty": 1.8563386402092873e-05, "grad_rel": 0.5284188628196717, "iteration": 660, "loss": 0.1519273579120636, "lr": 0.00019170497484335242, "mse": 0.0001405819712090306, "p_zero": 0.0, "point_rel": 0.08220236003398895, "residual_mse": 0.00014058197157282848, "temporal_rel": 0.9543675184249878, "tke_rel": 0.5520858004689216}
TRAIN {"angle_aug_abs_deg": 0.0, "aoa_effective_shift_abs_deg_mean": 0.0, "aoa_meanfield_aug_fraction": 0.0, "aoa_meanfield_lambda_mean": 0.0, "delta_penalty": 1.9691357329065796e-05, "grad_rel": 0.5290052324533463, "iteration": 680, "loss": 0.15393874645233155, "lr": 0.0001912022432335251, "mse": 0.00014578909967895016, "p_zero": 0.0, "point_rel": 0.08333496786653996, "residual_mse": 0.0001457890989513544, "temporal_rel": 0.9574070841073989, "tke_rel": 0.5650393009185791}
TRAIN {"angle_aug_abs_deg": 0.0, "aoa_effective_shift_abs_deg_mean": 0.0, "aoa_meanfield_aug_fraction": 0.0, "aoa_meanfield_lambda_mean": 0.0, "delta_penalty": 1.974071005861333e-05, "grad_rel": 0.5206133246421814, "iteration": 700, "loss": 0.1504166305065155, "lr": 0.00019068542141758912, "mse": 0.00013127833844919223, "p_zero": 0.0, "point_rel": 0.08008878491818905, "residual_mse": 0.00013127833626640494, "temporal_rel": 0.9531386882066727, "tke_rel": 0.5647451370954514}
TRAIN {"angle_aug_abs_deg": 0.0, "aoa_effective_shift_abs_deg_mean": 0.0, "aoa_meanfield_aug_fraction": 0.0, "aoa_meanfield_lambda_mean": 0.0, "delta_penalty": 2.0465072066144784e-05, "grad_rel": 0.5310718506574631, "iteration": 720, "loss": 0.1528876729309559, "lr": 0.0001901545892414519, "mse": 0.00013816842110827565, "p_zero": 0.0, "point_rel": 0.08269836567342281, "residual_mse": 0.00013816842256346716, "temporal_rel": 0.9669298440217972, "tke_rel": 0.5528912946581841}
TRAIN {"angle_aug_abs_deg": 0.0, "aoa_effective_shift_abs_deg_mean": 0.0, "aoa_meanfield_aug_fraction": 0.0, "aoa_meanfield_lambda_mean": 0.0, "delta_penalty": 1.8361714364800718e-05, "grad_rel": 0.5217722594738007, "iteration": 740, "loss": 0.14983171075582505, "lr": 0.00018960982871553923, "mse": 0.00012903567530884175, "p_zero": 0.0, "point_rel": 0.0799806423485279, "residual_mse": 0.0001290356760364375, "temporal_rel": 0.9521068781614304, "tke_rel": 0.5570366188883782}
TRAIN {"angle_aug_abs_deg": 0.0, "aoa_effective_shift_abs_deg_mean": 0.0, "aoa_meanfield_aug_fraction": 0.0, "aoa_meanfield_lambda_mean": 0.0, "delta_penalty": 1.967389507626649e-05, "grad_rel": 0.5205237656831742, "iteration": 760, "loss": 0.1495329424738884, "lr": 0.000189051224002124, "mse": 0.00012986158435523976, "p_zero": 0.0, "point_rel": 0.07993116825819016, "residual_mse": 0.00012986158581043127, "temporal_rel": 0.9495184570550919, "tke_rel": 0.5544835641980171}
TRAIN {"angle_aug_abs_deg": 0.0, "aoa_effective_shift_abs_deg_mean": 0.0, "aoa_meanfield_aug_fraction": 0.0, "aoa_meanfield_lambda_mean": 0.0, "delta_penalty": 2.0583610921676155e-05, "grad_rel": 0.5233744800090789, "iteration": 780, "loss": 0.15012109130620957, "lr": 0.0001884788614023241, "mse": 0.00013131654995959252, "p_zero": 0.0, "point_rel": 0.08085129857063293, "residual_mse": 0.0001313165506871883, "temporal_rel": 0.9518351405858994, "tke_rel": 0.5470719546079635}
TRAIN {"angle_aug_abs_deg": 0.0, "aoa_effective_shift_abs_deg_mean": 0.0, "aoa_meanfield_aug_fraction": 0.0, "aoa_meanfield_lambda_mean": 0.0, "delta_penalty": 1.9735814748855774e-05, "grad_rel": 0.5220271557569504, "iteration": 800, "loss": 0.14985740482807158, "lr": 0.0001878928293427692, "mse": 0.00012873238410975317, "p_zero": 0.0, "point_rel": 0.08041957430541516, "residual_mse": 0.00012873238301835954, "temporal_rel": 0.9487546294927597, "tke_rel": 0.5517628163099288}
TRAIN {"angle_aug_abs_deg": 0.0, "aoa_effective_shift_abs_deg_mean": 0.0, "aoa_meanfield_aug_fraction": 0.0, "aoa_meanfield_lambda_mean": 0.0, "delta_penalty": 2.0187639756841234e-05, "grad_rel": 0.5209359675645828, "iteration": 820, "loss": 0.14908981025218965, "lr": 0.00018729321836193983, "mse": 0.00013064322138234274, "p_zero": 0.0, "point_rel": 0.08009624257683753, "residual_mse": 0.00013064322210993852, "temporal_rel": 0.9479585587978363, "tke_rel": 0.5450195983052254}
TRAIN {"angle_aug_abs_deg": 0.0, "aoa_effective_shift_abs_deg_mean": 0.0, "aoa_meanfield_aug_fraction": 0.0, "aoa_meanfield_lambda_mean": 0.0, "delta_penalty": 2.096747566611157e-05, "grad_rel": 0.517487171292305, "iteration": 840, "loss": 0.1492229789495468, "lr": 0.00018668012109617909, "mse": 0.00013338115168153307, "p_zero": 0.0, "point_rel": 0.07952313758432865, "residual_mse": 0.00013338115095393733, "temporal_rel": 0.9485195964574814, "tke_rel": 0.5573586285114288}
TRAIN {"angle_aug_abs_deg": 0.0, "aoa_effective_shift_abs_deg_mean": 0.0, "aoa_meanfield_aug_fraction": 0.0, "aoa_meanfield_lambda_mean": 0.0, "delta_penalty": 2.116158093485865e-05, "grad_rel": 0.5240138158202171, "iteration": 860, "loss": 0.1507416032254696, "lr": 0.0001860536322653813, "mse": 0.0001301143782256986, "p_zero": 0.0, "point_rel": 0.0818792749196291, "residual_mse": 0.0001301143754972145, "temporal_rel": 0.9442307621240615, "tke_rel": 0.5439290508627892}
TRAIN {"angle_aug_abs_deg": 0.0, "aoa_effective_shift_abs_deg_mean": 0.0, "aoa_meanfield_aug_fraction": 0.0, "aoa_meanfield_lambda_mean": 0.0, "delta_penalty": 2.0908189071633387e-05, "grad_rel": 0.5168522775173188, "iteration": 880, "loss": 0.14785499274730682, "lr": 0.0001854138486583582, "mse": 0.0001348087664155173, "p_zero": 0.0, "point_rel": 0.07943055592477322, "residual_mse": 0.00013480876714311307, "temporal_rel": 0.9452336668968201, "tke_rel": 0.5378964245319366}
TRAIN {"angle_aug_abs_deg": 0.0, "aoa_effective_shift_abs_deg_mean": 0.0, "aoa_meanfield_aug_fraction": 0.0, "aoa_meanfield_lambda_mean": 0.0, "delta_penalty": 2.038860016000399e-05, "grad_rel": 0.5191740363836288, "iteration": 900, "loss": 0.14855495020747184, "lr": 0.0001847608691178857, "mse": 0.00012925262399221538, "p_zero": 0.0, "point_rel": 0.08018227256834506, "residual_mse": 0.00012925262471981115, "temporal_rel": 0.9415985316038131, "tke_rel": 0.5382988199591636}
TRAIN {"angle_aug_abs_deg": 0.0, "aoa_effective_shift_abs_deg_mean": 0.0, "aoa_meanfield_aug_fraction": 0.0, "aoa_meanfield_lambda_mean": 0.0, "delta_penalty": 2.1867573195777368e-05, "grad_rel": 0.5242283836007118, "iteration": 920, "loss": 0.1503732420504093, "lr": 0.00018409479452543312, "mse": 0.00014391304212040267, "p_zero": 0.0, "point_rel": 0.08287422060966491, "residual_mse": 0.00014391304430318996, "temporal_rel": 0.9312161684036255, "tke_rel": 0.5275916710495949}
TRAIN {"angle_aug_abs_deg": 0.0, "aoa_effective_shift_abs_deg_mean": 0.0, "aoa_meanfield_aug_fraction": 0.0, "aoa_meanfield_lambda_mean": 0.0, "delta_penalty": 2.1364298117987345e-05, "grad_rel": 0.51750927567482, "iteration": 940, "loss": 0.14901582524180412, "lr": 0.00018341572778557785, "mse": 0.00013648848944285418, "p_zero": 0.0, "point_rel": 0.0801064210012555, "residual_mse": 0.00013648848798766266, "temporal_rel": 0.9473715424537659, "tke_rel": 0.5447374656796455}
TRAIN {"angle_aug_abs_deg": 0.0, "aoa_effective_shift_abs_deg_mean": 0.0, "aoa_meanfield_aug_fraction": 0.0, "aoa_meanfield_lambda_mean": 0.0, "delta_penalty": 2.11474604839168e-05, "grad_rel": 0.5186837628483772, "iteration": 960, "loss": 0.14947690516710282, "lr": 0.000182723773810107, "mse": 0.00014290882591012634, "p_zero": 0.0, "point_rel": 0.08113651052117347, "residual_mse": 0.0001429088244549348, "temporal_rel": 0.9367088913917542, "tke_rel": 0.5402596294879913}
TRAIN {"angle_aug_abs_deg": 0.0, "aoa_effective_shift_abs_deg_mean": 0.0, "aoa_meanfield_aug_fraction": 0.0, "aoa_meanfield_lambda_mean": 0.0, "delta_penalty": 2.0963615315849893e-05, "grad_rel": 0.519893017411232, "iteration": 980, "loss": 0.14951056838035584, "lr": 0.00018201903950180925, "mse": 0.00013834587571182055, "p_zero": 0.0, "point_rel": 0.08096684515476227, "residual_mse": 0.00013834587571182055, "temporal_rel": 0.9352191030979157, "tke_rel": 0.5441139012575149}
TRAIN {"angle_aug_abs_deg": 0.0, "aoa_effective_shift_abs_deg_mean": 0.0, "aoa_meanfield_aug_fraction": 0.0, "aoa_meanfield_lambda_mean": 0.0, "delta_penalty": 2.1853565704077484e-05, "grad_rel": 0.5210928276181221, "iteration": 1000, "loss": 0.15159167498350143, "lr": 0.00018130163373795887, "mse": 0.00014574036977137438, "p_zero": 0.0, "point_rel": 0.08185605444014073, "residual_mse": 0.00014574037013517226, "temporal_rel": 0.937419080734253, "tke_rel": 0.5625417068600654}
EVAL_TOP {"alpha": 1.0, "best_bound_abs": 0.0075, "best_bound_rel": 0.0075, "best_bounds": [{"abs": 0.0075, "coverage": 0.8024538612365723, "final_est": 80.38850274158183, "rel": 0.0075, "sps_raw": 0.44995385068655014, "sps_score_linear": 44.99538506865501, "sps_score_used": 44.99538506865501}], "best_final_est": 80.38850274158183, "iteration": 1000, "mean_t_neural_s": 0.01762683533, "mvpe": 0.08595269601792097, "mvpe_score": 95.87945133262109, "n": 640, "rel_l2": 0.09190374910831452, "rel_l2_score": 95.60669322632607, "time_score": 86.54248999999716, "tke": 0.5342602178454399, "tke_score": 78.9184940803098}
BEST iteration=1000 final_est=80.388503 alpha=1.0 abs=0.0075 rel=0.0075
TRAIN {"angle_aug_abs_deg": 0.0, "aoa_effective_shift_abs_deg_mean": 0.0, "aoa_meanfield_aug_fraction": 0.0, "aoa_meanfield_lambda_mean": 0.0, "delta_penalty": 2.2026580836609355e-05, "grad_rel": 0.5160475462675095, "iteration": 1020, "loss": 0.14942591786384582, "lr": 0.00018057166735349503, "mse": 0.00013518520772777266, "p_zero": 0.0, "point_rel": 0.08040395006537437, "residual_mse": 0.00013518520554498537, "temporal_rel": 0.9444999366998672, "tke_rel": 0.548421049118042}
TRAIN {"angle_aug_abs_deg": 0.0, "aoa_effective_shift_abs_deg_mean": 0.0, "aoa_meanfield_aug_fraction": 0.0, "aoa_meanfield_lambda_mean": 0.0, "delta_penalty": 2.0986375739084905e-05, "grad_rel": 0.5153745234012603, "iteration": 1040, "loss": 0.14710837751626968, "lr": 0.00017982925312389825, "mse": 0.00012035791851303657, "p_zero": 0.0, "point_rel": 0.0786522913724184, "residual_mse": 0.00012035791996822809, "temporal_rel": 0.946043261885643, "tke_rel": 0.5384608194231987}
TRAIN {"angle_aug_abs_deg": 0.0, "aoa_effective_shift_abs_deg_mean": 0.0, "aoa_meanfield_aug_fraction": 0.0, "aoa_meanfield_lambda_mean": 0.0, "delta_penalty": 2.1237270902929595e-05, "grad_rel": 0.5252777367830277, "iteration": 1060, "loss": 0.1504543922841549, "lr": 0.00017907450574776746, "mse": 0.00014133407876215642, "p_zero": 0.0, "point_rel": 0.08234864231199027, "residual_mse": 0.00014133408021734794, "temporal_rel": 0.9367894560098649, "tke_rel": 0.5346679016947746}
TRAIN {"angle_aug_abs_deg": 0.0, "aoa_effective_shift_abs_deg_mean": 0.0, "aoa_meanfield_aug_fraction": 0.0, "aoa_meanfield_lambda_mean": 0.0, "delta_penalty": 2.1398586795839947e-05, "grad_rel": 0.513519948720932, "iteration": 1080, "loss": 0.14776527360081673, "lr": 0.00017830754182909952, "mse": 0.00012674267818510999, "p_zero": 0.0, "point_rel": 0.07901675589382648, "residual_mse": 0.00012674267672991847, "temporal_rel": 0.9423022091388702, "tke_rel": 0.5456366986036301}
TRAIN {"angle_aug_abs_deg": 0.0, "aoa_effective_shift_abs_deg_mean": 0.0, "aoa_meanfield_aug_fraction": 0.0, "aoa_meanfield_lambda_mean": 0.0, "delta_penalty": 2.3422684989782283e-05, "grad_rel": 0.5148276388645172, "iteration": 1100, "loss": 0.1482638545334339, "lr": 0.00017752847985927483, "mse": 0.0001357290317173465, "p_zero": 0.0, "point_rel": 0.07977363839745522, "residual_mse": 0.00013572903135354862, "temporal_rel": 0.9392275452613831, "tke_rel": 0.5424964815378189}
TRAIN {"angle_aug_abs_deg": 0.0, "aoa_effective_shift_abs_deg_mean": 0.0, "aoa_meanfield_aug_fraction": 0.0, "aoa_meanfield_lambda_mean": 0.0, "delta_penalty": 2.3659000453335467e-05, "grad_rel": 0.5202879086136818, "iteration": 1120, "loss": 0.14915799871087074, "lr": 0.000176737440198751, "mse": 0.0001322881855230662, "p_zero": 0.0, "point_rel": 0.08042300753295421, "residual_mse": 0.00013228818224888527, "temporal_rel": 0.937113744020462, "tke_rel": 0.5462850272655487}
TRAIN {"angle_aug_abs_deg": 0.0, "aoa_effective_shift_abs_deg_mean": 0.0, "aoa_meanfield_aug_fraction": 0.0, "aoa_meanfield_lambda_mean": 0.0, "delta_penalty": 2.2458687863036175e-05, "grad_rel": 0.5095907002687454, "iteration": 1140, "loss": 0.14614891931414603, "lr": 0.00017593454505846767, "mse": 0.0001288519870286109, "p_zero": 0.0, "point_rel": 0.07890315689146518, "residual_mse": 0.0001288519879381056, "temporal_rel": 0.929767507314682, "tke_rel": 0.5278295546770095}
TRAIN {"angle_aug_abs_deg": 0.0, "aoa_effective_shift_abs_deg_mean": 0.0, "aoa_meanfield_aug_fraction": 0.0, "aoa_meanfield_lambda_mean": 0.0, "delta_penalty": 2.390065064901137e-05, "grad_rel": 0.5143919855356216, "iteration": 1160, "loss": 0.1474489763379097, "lr": 0.00017511991848096623, "mse": 0.0001406360537657747, "p_zero": 0.0, "point_rel": 0.08026091381907463, "residual_mse": 0.0001406360537657747, "temporal_rel": 0.930548158288002, "tke_rel": 0.5252178266644478}
TRAIN {"angle_aug_abs_deg": 0.0, "aoa_effective_shift_abs_deg_mean": 0.0, "aoa_meanfield_aug_fraction": 0.0, "aoa_meanfield_lambda_mean": 0.0, "delta_penalty": 2.1664274481736356e-05, "grad_rel": 0.5197509542107582, "iteration": 1180, "loss": 0.14773556292057038, "lr": 0.00017429368632122515, "mse": 0.00012621010737348115, "p_zero": 0.0, "point_rel": 0.08000129461288452, "residual_mse": 0.00012621010810107692, "temporal_rel": 0.9358293354511261, "tke_rel": 0.5304138451814652}
TRAIN {"angle_aug_abs_deg": 0.0, "aoa_effective_shift_abs_deg_mean": 0.0, "aoa_meanfield_aug_fraction": 0.0, "aoa_meanfield_lambda_mean": 0.0, "delta_penalty": 2.2569844986719545e-05, "grad_rel": 0.5111019223928451, "iteration": 1200, "loss": 0.1464061751961708, "lr": 0.00017345597622721692, "mse": 0.00012642787132790544, "p_zero": 0.0, "point_rel": 0.07821004316210747, "residual_mse": 0.00012642787096410756, "temporal_rel": 0.9293267220258713, "tke_rel": 0.5435236796736718}
TRAIN {"angle_aug_abs_deg": 0.0, "aoa_effective_shift_abs_deg_mean": 0.0, "aoa_meanfield_aug_fraction": 0.0, "aoa_meanfield_lambda_mean": 0.0, "delta_penalty": 2.2872083536640276e-05, "grad_rel": 0.5146471619606018, "iteration": 1220, "loss": 0.14766309149563311, "lr": 0.00017260691762018668, "mse": 0.00013408708800852765, "p_zero": 0.0, "point_rel": 0.07950949892401696, "residual_mse": 0.00013408708546194247, "temporal_rel": 0.9403494566679, "tke_rel": 0.5363787159323692}
TRAIN {"angle_aug_abs_deg": 0.0, "aoa_effective_shift_abs_deg_mean": 0.0, "aoa_meanfield_aug_fraction": 0.0, "aoa_meanfield_lambda_mean": 0.0, "delta_penalty": 2.309097703800944e-05, "grad_rel": 0.5136987924575805, "iteration": 1240, "loss": 0.14671719409525394, "lr": 0.00017174664167465766, "mse": 0.00013070478489680682, "p_zero": 0.0, "point_rel": 0.07944760844111443, "residual_mse": 0.00013070478489680682, "temporal_rel": 0.932323333621025, "tke_rel": 0.5259122103452682}
TRAIN {"angle_aug_abs_deg": 0.0, "aoa_effective_shift_abs_deg_mean": 0.0, "aoa_meanfield_aug_fraction": 0.0, "aoa_meanfield_lambda_mean": 0.0, "delta_penalty": 2.406492149020778e-05, "grad_rel": 0.5146639153361321, "iteration": 1260, "loss": 0.1469046428799629, "lr": 0.00017087528129816544, "mse": 0.00013987033162266016, "p_zero": 0.0, "point_rel": 0.0796620924025774, "residual_mse": 0.00013987033053126653, "temporal_rel": 0.9236266016960144, "tke_rel": 0.5295225620269776}
TRAIN {"angle_aug_abs_deg": 0.0, "aoa_effective_shift_abs_deg_mean": 0.0, "aoa_meanfield_aug_fraction": 0.0, "aoa_meanfield_lambda_mean": 0.0, "delta_penalty": 2.3355281336989718e-05, "grad_rel": 0.5172387018799782, "iteration": 1280, "loss": 0.14867874085903168, "lr": 0.0001699929711107244, "mse": 0.0001396619303704938, "p_zero": 0.0, "point_rel": 0.08105501681566238, "residual_mse": 0.0001396619303704938, "temporal_rel": 0.9333239793777466, "tke_rel": 0.5303843900561332}
TRAIN {"angle_aug_abs_deg": 0.0, "aoa_effective_shift_abs_deg_mean": 0.0, "aoa_meanfield_aug_fraction": 0.0, "aoa_meanfield_lambda_mean": 0.0, "delta_penalty": 2.346985338590457e-05, "grad_rel": 0.5134412541985511, "iteration": 1300, "loss": 0.14662091806530952, "lr": 0.00016909984742402985, "mse": 0.00013184628514864016, "p_zero": 0.0, "point_rel": 0.0793580587953329, "residual_mse": 0.0001318462844210444, "temporal_rel": 0.9313577890396119, "tke_rel": 0.5263414487242699}
TRAIN {"angle_aug_abs_deg": 0.0, "aoa_effective_shift_abs_deg_mean": 0.0, "aoa_meanfield_aug_fraction": 0.0, "aoa_meanfield_lambda_mean": 0.0, "delta_penalty": 2.336205780011369e-05, "grad_rel": 0.5100268661975861, "iteration": 1320, "loss": 0.14434619322419168, "lr": 0.00016819604822039866, "mse": 0.00012625854778889334, "p_zero": 0.0, "point_rel": 0.0783194862306118, "residual_mse": 0.00012625854833459016, "temporal_rel": 0.9266472280025482, "tke_rel": 0.5089757964015007}
TRAIN {"angle_aug_abs_deg": 0.0, "aoa_effective_shift_abs_deg_mean": 0.0, "aoa_meanfield_aug_fraction": 0.0, "aoa_meanfield_lambda_mean": 0.0, "delta_penalty": 2.4491761541867164e-05, "grad_rel": 0.5158589720726013, "iteration": 1340, "loss": 0.14930742271244526, "lr": 0.00016728171313145192, "mse": 0.00014699960556754376, "p_zero": 0.0, "point_rel": 0.08119878023862839, "residual_mse": 0.00014699960811412894, "temporal_rel": 0.9340638875961303, "tke_rel": 0.5384041428565979}
TRAIN {"angle_aug_abs_deg": 0.0, "aoa_effective_shift_abs_deg_mean": 0.0, "aoa_meanfield_aug_fraction": 0.0, "aoa_meanfield_lambda_mean": 0.0, "delta_penalty": 2.3428650820278563e-05, "grad_rel": 0.5148013219237327, "iteration": 1360, "loss": 0.147417863458395, "lr": 0.00016635698341654236, "mse": 0.0001406831663189223, "p_zero": 0.0, "point_rel": 0.08000706322491169, "residual_mse": 0.00014068316559132655, "temporal_rel": 0.9334683865308762, "tke_rel": 0.5273675501346589}
TRAIN {"angle_aug_abs_deg": 0.0, "aoa_effective_shift_abs_deg_mean": 0.0, "aoa_meanfield_aug_fraction": 0.0, "aoa_meanfield_lambda_mean": 0.0, "delta_penalty": 2.222345656264224e-05, "grad_rel": 0.5115067169070244, "iteration": 1380, "loss": 0.14782024249434472, "lr": 0.00016542200194093095, "mse": 0.0001302509743254632, "p_zero": 0.0, "point_rel": 0.07906252108514308, "residual_mse": 0.00013025097650825045, "temporal_rel": 0.9389664769172669, "tke_rel": 0.5479434996843338}
TRAIN {"angle_aug_abs_deg": 0.0, "aoa_effective_shift_abs_deg_mean": 0.0, "aoa_meanfield_aug_fraction": 0.0, "aoa_meanfield_lambda_mean": 0.0, "delta_penalty": 2.369773974351119e-05, "grad_rel": 0.5130478054285049, "iteration": 1400, "loss": 0.1468072012066841, "lr": 0.00016447691315371496, "mse": 0.00013479225835908438, "p_zero": 0.0, "point_rel": 0.07988324500620365, "residual_mse": 0.00013479226090566953, "temporal_rel": 0.9232847660779953, "tke_rel": 0.5248131066560745}
TRAIN {"angle_aug_abs_deg": 0.0, "aoa_effective_shift_abs_deg_mean": 0.0, "aoa_meanfield_aug_fraction": 0.0, "aoa_meanfield_lambda_mean": 0.0, "delta_penalty": 2.371897217017249e-05, "grad_rel": 0.5110107436776161, "iteration": 1420, "loss": 0.14557075202465058, "lr": 0.00016352186306551136, "mse": 0.00012622211597772547, "p_zero": 0.0, "point_rel": 0.07833324261009693, "residual_mse": 0.0001262221156139276, "temporal_rel": 0.9283217012882232, "tke_rel": 0.5280726060271264}
TRAIN {"angle_aug_abs_deg": 0.0, "aoa_effective_shift_abs_deg_mean": 0.0, "aoa_meanfield_aug_fraction": 0.0, "aoa_meanfield_lambda_mean": 0.0, "delta_penalty": 2.3808931200619553e-05, "grad_rel": 0.5129722252488136, "iteration": 1440, "loss": 0.14712740033864974, "lr": 0.00016255699922589894, "mse": 0.00013378684234339745, "p_zero": 0.0, "point_rel": 0.07915972098708153, "residual_mse": 0.00013378684161580168, "temporal_rel": 0.9265417873859405, "tke_rel": 0.5406037971377373}
TRAIN {"angle_aug_abs_deg": 0.0, "aoa_effective_shift_abs_deg_mean": 0.0, "aoa_meanfield_aug_fraction": 0.0, "aoa_meanfield_lambda_mean": 0.0, "delta_penalty": 2.2784162774769355e-05, "grad_rel": 0.5114380463957786, "iteration": 1460, "loss": 0.14704959988594055, "lr": 0.00016158247070062327, "mse": 0.000129819739049708, "p_zero": 0.0, "point_rel": 0.07874610181897879, "residual_mse": 0.00012981973850401118, "temporal_rel": 0.9387748688459396, "tke_rel": 0.5404879719018936}
TRAIN {"angle_aug_abs_deg": 0.0, "aoa_effective_shift_abs_deg_mean": 0.0, "aoa_meanfield_aug_fraction": 0.0, "aoa_meanfield_lambda_mean": 0.0, "delta_penalty": 2.43114754994167e-05, "grad_rel": 0.5111311078071594, "iteration": 1480, "loss": 0.14644547626376153, "lr": 0.00016059842804856623, "mse": 0.0001343962376267882, "p_zero": 0.0, "point_rel": 0.07945218794047833, "residual_mse": 0.0001343962370810914, "temporal_rel": 0.9276449143886566, "tke_rel": 0.5242695391178132}
TRAIN {"angle_aug_abs_deg": 0.0, "aoa_effective_shift_abs_deg_mean": 0.0, "aoa_meanfield_aug_fraction": 0.0, "aoa_meanfield_lambda_mean": 0.0, "delta_penalty": 2.4793093689368107e-05, "grad_rel": 0.5122470542788505, "iteration": 1500, "loss": 0.1463078461587429, "lr": 0.00015960502329848605, "mse": 0.0001291025306272786, "p_zero": 0.0, "point_rel": 0.0790132898837328, "residual_mse": 0.00012910253026348072, "temporal_rel": 0.9301726907491684, "tke_rel": 0.5277741089463234}
TRAIN {"angle_aug_abs_deg": 0.0, "aoa_effective_shift_abs_deg_mean": 0.0, "aoa_meanfield_aug_fraction": 0.0, "aoa_meanfield_lambda_mean": 0.0, "delta_penalty": 2.4254308482341002e-05, "grad_rel": 0.51652662307024, "iteration": 1520, "loss": 0.14751139283180237, "lr": 0.0001586024099255298, "mse": 0.00013442891358863562, "p_zero": 0.0, "point_rel": 0.08036394082009793, "residual_mse": 0.00013442891358863562, "temporal_rel": 0.9253867834806442, "tke_rel": 0.5266189396381378}
TRAIN {"angle_aug_abs_deg": 0.0, "aoa_effective_shift_abs_deg_mean": 0.0, "aoa_meanfield_aug_fraction": 0.0, "aoa_meanfield_lambda_mean": 0.0, "delta_penalty": 2.343814976484282e-05, "grad_rel": 0.5059428125619888, "iteration": 1540, "loss": 0.14496273398399354, "lr": 0.00015759074282752184, "mse": 0.0001276605658858898, "p_zero": 0.0, "point_rel": 0.0772496335208416, "residual_mse": 0.0001276605662496877, "temporal_rel": 0.931132385134697, "tke_rel": 0.5358537018299103}
TRAIN {"angle_aug_abs_deg": 0.0, "aoa_effective_shift_abs_deg_mean": 0.0, "aoa_meanfield_aug_fraction": 0.0, "aoa_meanfield_lambda_mean": 0.0, "delta_penalty": 2.3628325288882478e-05, "grad_rel": 0.5124718174338341, "iteration": 1560, "loss": 0.1470958836376667, "lr": 0.0001565701783010338, "mse": 0.00014092417040956207, "p_zero": 0.0, "point_rel": 0.0799769837409258, "residual_mse": 0.00014092417222855147, "temporal_rel": 0.918482655286789, "tke_rel": 0.5305765777826309}
TRAIN {"angle_aug_abs_deg": 0.0, "aoa_effective_shift_abs_deg_mean": 0.0, "aoa_meanfield_aug_fraction": 0.0, "aoa_meanfield_lambda_mean": 0.0, "delta_penalty": 2.3110432812245564e-05, "grad_rel": 0.513092614710331, "iteration": 1580, "loss": 0.1470663659274578, "lr": 0.00015554087401723689, "mse": 0.00012955727561347885, "p_zero": 0.0, "point_rel": 0.07933880500495434, "residual_mse": 0.00012955727597727674, "temporal_rel": 0.9303524047136307, "tke_rel": 0.534687876701355}
TRAIN {"angle_aug_abs_deg": 0.0, "aoa_effective_shift_abs_deg_mean": 0.0, "aoa_meanfield_aug_fraction": 0.0, "aoa_meanfield_lambda_mean": 0.0, "delta_penalty": 2.356511540710926e-05, "grad_rel": 0.5079630807042121, "iteration": 1600, "loss": 0.1456860564649105, "lr": 0.00015450298899754333, "mse": 0.00012711765175481559, "p_zero": 0.0, "point_rel": 0.07717479430139065, "residual_mse": 0.00012711765139101773, "temporal_rel": 0.9307081520557403, "tke_rel": 0.5488660782575607}
TRAIN {"angle_aug_abs_deg": 0.0, "aoa_effective_shift_abs_deg_mean": 0.0, "aoa_meanfield_aug_fraction": 0.0, "aoa_meanfield_lambda_mean": 0.0, "delta_penalty": 2.4966313958429964e-05, "grad_rel": 0.5117098584771156, "iteration": 1620, "loss": 0.1468214772641659, "lr": 0.00015345668358903813, "mse": 0.00014187265005602968, "p_zero": 0.0, "point_rel": 0.08003915548324585, "residual_mse": 0.0001418726515112212, "temporal_rel": 0.9213055193424224, "tke_rel": 0.5237407714128495}
TRAIN {"angle_aug_abs_deg": 0.0, "aoa_effective_shift_abs_deg_mean": 0.0, "aoa_meanfield_aug_fraction": 0.0, "aoa_meanfield_lambda_mean": 0.0, "delta_penalty": 2.3912192409625278e-05, "grad_rel": 0.512536709010601, "iteration": 1640, "loss": 0.1471617490053177, "lr": 0.00015240211943970633, "mse": 0.0001395706698531285, "p_zero": 0.0, "point_rel": 0.07950438931584358, "residual_mse": 0.00013957067058072424, "temporal_rel": 0.9271422415971756, "tke_rel": 0.5352116137742996}
TRAIN {"angle_aug_abs_deg": 0.0, "aoa_effective_shift_abs_deg_mean": 0.0, "aoa_meanfield_aug_fraction": 0.0, "aoa_meanfield_lambda_mean": 0.0, "delta_penalty": 2.5477520830463617e-05, "grad_rel": 0.510440944135189, "iteration": 1660, "loss": 0.14607593193650245, "lr": 0.0001513394594734597, "mse": 0.00013111229345668106, "p_zero": 0.0, "point_rel": 0.07894820459187031, "residual_mse": 0.0001311122949118726, "temporal_rel": 0.9277257859706879, "tke_rel": 0.5266582608222962}
TRAIN {"angle_aug_abs_deg": 0.0, "aoa_effective_shift_abs_deg_mean": 0.0, "aoa_meanfield_aug_fraction": 0.0, "aoa_meanfield_lambda_mean": 0.0, "delta_penalty": 2.358633637413732e-05, "grad_rel": 0.5057079493999481, "iteration": 1680, "loss": 0.14488835632801056, "lr": 0.0001502688678649655, "mse": 0.00013173584229662084, "p_zero": 0.0, "point_rel": 0.07765292637050152, "residual_mse": 0.00013173584193282295, "temporal_rel": 0.9259309649467469, "tke_rel": 0.5305315554141998}
TRAIN {"angle_aug_abs_deg": 0.0, "aoa_effective_shift_abs_deg_mean": 0.0, "aoa_meanfield_aug_fraction": 0.0, "aoa_meanfield_lambda_mean": 0.0, "delta_penalty": 2.4929844676080394e-05, "grad_rel": 0.5104879200458526, "iteration": 1700, "loss": 0.1454058915376663, "lr": 0.00014919051001428295, "mse": 0.00012841605148423697, "p_zero": 0.0, "point_rel": 0.07900266032665967, "residual_mse": 0.00012841605184803483, "temporal_rel": 0.9207470566034317, "tke_rel": 0.5180746510624885}
TRAIN {"angle_aug_abs_deg": 0.0, "aoa_effective_shift_abs_deg_mean": 0.0, "aoa_meanfield_aug_fraction": 0.0, "aoa_meanfield_lambda_mean": 0.0, "delta_penalty": 2.6067134331242415e-05, "grad_rel": 0.5135432183742523, "iteration": 1720, "loss": 0.14729576408863068, "lr": 0.00014810455252130947, "mse": 0.0001358912864816375, "p_zero": 0.0, "point_rel": 0.07944548204541206, "residual_mse": 0.0001358912901196163, "temporal_rel": 0.9285818219184876, "tke_rel": 0.537473164498806}
TRAIN {"angle_aug_abs_deg": 0.0, "aoa_effective_shift_abs_deg_mean": 0.0, "aoa_meanfield_aug_fraction": 0.0, "aoa_meanfield_lambda_mean": 0.0, "delta_penalty": 2.3210030394693604e-05, "grad_rel": 0.5076935097575188, "iteration": 1740, "loss": 0.14439874440431594, "lr": 0.00014701116316004234, "mse": 0.0001173084518086398, "p_zero": 0.0, "point_rel": 0.0775371715426445, "residual_mse": 0.00011730845108104404, "temporal_rel": 0.9260007917881012, "tke_rel": 0.5238415345549583}
TRAIN {"angle_aug_abs_deg": 0.0, "aoa_effective_shift_abs_deg_mean": 0.0, "aoa_meanfield_aug_fraction": 0.0, "aoa_meanfield_lambda_mean": 0.0, "delta_penalty": 2.4121045316860546e-05, "grad_rel": 0.5122592017054558, "iteration": 1760, "loss": 0.1471847862005234, "lr": 0.00014591051085265834, "mse": 0.00013408027261903045, "p_zero": 0.0, "point_rel": 0.08008122183382511, "residual_mse": 0.0001340802733466262, "temporal_rel": 0.9199573904275894, "tke_rel": 0.5296709090471268}
TRAIN {"angle_aug_abs_deg": 0.0, "aoa_effective_shift_abs_deg_mean": 0.0, "aoa_meanfield_aug_fraction": 0.0, "aoa_meanfield_lambda_mean": 0.0, "delta_penalty": 2.4543289055145578e-05, "grad_rel": 0.5094047755002975, "iteration": 1780, "loss": 0.1460280917584896, "lr": 0.00014480276564341642, "mse": 0.00012487149324442727, "p_zero": 0.0, "point_rel": 0.0782827042043209, "residual_mse": 0.00012487149178923572, "temporal_rel": 0.9302912533283234, "tke_rel": 0.5359605565667153}
TRAIN {"angle_aug_abs_deg": 0.0, "aoa_effective_shift_abs_deg_mean": 0.0, "aoa_meanfield_aug_fraction": 0.0, "aoa_meanfield_lambda_mean": 0.0, "delta_penalty": 2.4640961601107848e-05, "grad_rel": 0.5097890719771385, "iteration": 1800, "loss": 0.1447924930602312, "lr": 0.00014368809867238688, "mse": 0.00013099257494104678, "p_zero": 0.0, "point_rel": 0.07870509922504425, "residual_mse": 0.00013099257403155208, "temporal_rel": 0.919398233294487, "tke_rel": 0.5136469975113869}
TRAIN {"angle_aug_abs_deg": 0.0, "aoa_effective_shift_abs_deg_mean": 0.0, "aoa_meanfield_aug_fraction": 0.0, "aoa_meanfield_lambda_mean": 0.0, "delta_penalty": 2.538032736083551e-05, "grad_rel": 0.5110966891050339, "iteration": 1820, "loss": 0.1466901559382677, "lr": 0.00014256668214901108, "mse": 0.0001354106851067627, "p_zero": 0.0, "point_rel": 0.07897495143115521, "residual_mse": 0.00013541068728954996, "temporal_rel": 0.9330391019582749, "tke_rel": 0.5336075395345687}
TRAIN {"angle_aug_abs_deg": 0.0, "aoa_effective_shift_abs_deg_mean": 0.0, "aoa_meanfield_aug_fraction": 0.0, "aoa_meanfield_lambda_mean": 0.0, "delta_penalty": 2.397366506556864e-05, "grad_rel": 0.5111824050545692, "iteration": 1840, "loss": 0.14590654969215394, "lr": 0.0001414386893254963, "mse": 0.00012966410558874487, "p_zero": 0.0, "point_rel": 0.07951754741370679, "residual_mse": 0.00012966410467925017, "temporal_rel": 0.9213211953639984, "tke_rel": 0.5173708602786065}
TRAIN {"angle_aug_abs_deg": 0.0, "aoa_effective_shift_abs_deg_mean": 0.0, "aoa_meanfield_aug_fraction": 0.0, "aoa_meanfield_lambda_mean": 0.0, "delta_penalty": 2.5261558312195122e-05, "grad_rel": 0.5055827349424362, "iteration": 1860, "loss": 0.144379360973835, "lr": 0.00014030429447004934, "mse": 0.00013092887656966922, "p_zero": 0.0, "point_rel": 0.07736355811357498, "residual_mse": 0.00013092887584207347, "temporal_rel": 0.9252603501081467, "tke_rel": 0.5272411659359932}
TRAIN {"angle_aug_abs_deg": 0.0, "aoa_effective_shift_abs_deg_mean": 0.0, "aoa_meanfield_aug_fraction": 0.0, "aoa_meanfield_lambda_mean": 0.0, "delta_penalty": 2.5190655287588014e-05, "grad_rel": 0.5090875223278999, "iteration": 1880, "loss": 0.14603734239935875, "lr": 0.00013916367283995263, "mse": 0.0001329782573520788, "p_zero": 0.0, "point_rel": 0.07910543158650399, "residual_mse": 0.00013297825862537138, "temporal_rel": 0.9186858177185059, "tke_rel": 0.5282437950372696}
TRAIN {"angle_aug_abs_deg": 0.0, "aoa_effective_shift_abs_deg_mean": 0.0, "aoa_meanfield_aug_fraction": 0.0, "aoa_meanfield_lambda_mean": 0.0, "delta_penalty": 2.479587474226719e-05, "grad_rel": 0.5084999889135361, "iteration": 1900, "loss": 0.14553243853151798, "lr": 0.0001380170006544888, "mse": 0.00012869642287114403, "p_zero": 0.0, "point_rel": 0.07856785170733929, "residual_mse": 0.00012869642287114403, "temporal_rel": 0.9258838772773743, "tke_rel": 0.5253578558564186}
TRAIN {"angle_aug_abs_deg": 0.0, "aoa_effective_shift_abs_deg_mean": 0.0, "aoa_meanfield_aug_fraction": 0.0, "aoa_meanfield_lambda_mean": 0.0, "delta_penalty": 2.452348408041871e-05, "grad_rel": 0.5101229175925255, "iteration": 1920, "loss": 0.14489575959742068, "lr": 0.00013686445506771525, "mse": 0.00012229468866280512, "p_zero": 0.0, "point_rel": 0.07756578288972378, "residual_mse": 0.00012229468866280512, "temporal_rel": 0.9299042344093322, "tke_rel": 0.5290638595819473}
TRAIN {"angle_aug_abs_deg": 0.0, "aoa_effective_shift_abs_deg_mean": 0.0, "aoa_meanfield_aug_fraction": 0.0, "aoa_meanfield_lambda_mean": 0.0, "delta_penalty": 2.589131900094799e-05, "grad_rel": 0.5077300801873207, "iteration": 1940, "loss": 0.145473999902606, "lr": 0.00013570621414109497, "mse": 0.00013557240254158387, "p_zero": 0.0, "point_rel": 0.07870085909962654, "residual_mse": 0.00013557240108639235, "temporal_rel": 0.9219062983989715, "tke_rel": 0.5243135645985604}
TRAIN {"angle_aug_abs_deg": 0.0, "aoa_effective_shift_abs_deg_mean": 0.0, "aoa_meanfield_aug_fraction": 0.0, "aoa_meanfield_lambda_mean": 0.0, "delta_penalty": 2.589979012554977e-05, "grad_rel": 0.5121286317706109, "iteration": 1960, "loss": 0.1467485886067152, "lr": 0.00013454245681598733, "mse": 0.00013990505485708126, "p_zero": 0.0, "point_rel": 0.07959151342511177, "residual_mse": 0.00013990505412948552, "temporal_rel": 0.9222556859254837, "tke_rel": 0.5294164031744003}
TRAIN {"angle_aug_abs_deg": 0.0, "aoa_effective_shift_abs_deg_mean": 0.0, "aoa_meanfield_aug_fraction": 0.0, "aoa_meanfield_lambda_mean": 0.0, "delta_penalty": 2.5945053221221314e-05, "grad_rel": 0.5099165976047516, "iteration": 1980, "loss": 0.14566127583384514, "lr": 0.00013337336288600258, "mse": 0.00013873432053514989, "p_zero": 0.0, "point_rel": 0.07946219854056835, "residual_mse": 0.00013873431907995837, "temporal_rel": 0.9179507970809937, "tke_rel": 0.516161073744297}
TRAIN {"angle_aug_abs_deg": 0.0, "aoa_effective_shift_abs_deg_mean": 0.0, "aoa_meanfield_aug_fraction": 0.0, "aoa_meanfield_lambda_mean": 0.0, "delta_penalty": 2.552336891312734e-05, "grad_rel": 0.5061841994524002, "iteration": 2000, "loss": 0.14428786486387252, "lr": 0.00013219911296922474, "mse": 0.00013283235730341403, "p_zero": 0.0, "point_rel": 0.07779540233314038, "residual_mse": 0.00013283235730341403, "temporal_rel": 0.9160364687442779, "tke_rel": 0.5229707449674607}
EVAL_TOP {"alpha": 1.0, "best_bound_abs": 0.0075, "best_bound_rel": 0.0075, "best_bounds": [{"abs": 0.0075, "coverage": 0.8163647079467773, "final_est": 80.80884597341272, "rel": 0.0075, "sps_raw": 0.4619649049043656, "sps_score_linear": 46.19649049043656, "sps_score_used": 46.19649049043656}], "best_final_est": 80.80884597341272, "iteration": 2000, "mean_t_neural_s": 0.01762683533, "mvpe": 0.08003533631563187, "mvpe_score": 96.1522126610888, "n": 640, "rel_l2": 0.08725127410143614, "rel_l2_score": 95.81980017528088, "time_score": 86.54248999999716, "tke": 0.5210114791989326, "tke_score": 79.33323654026013}
BEST iteration=2000 final_est=80.808846 alpha=1.0 abs=0.0075 rel=0.0075
TRAIN {"angle_aug_abs_deg": 0.0, "aoa_effective_shift_abs_deg_mean": 0.0, "aoa_meanfield_aug_fraction": 0.0, "aoa_meanfield_lambda_mean": 0.0, "delta_penalty": 2.6615690148901195e-05, "grad_rel": 0.5131191700696945, "iteration": 2020, "loss": 0.1484216645359993, "lr": 0.0001310198884803073, "mse": 0.00013899387286073762, "p_zero": 0.0, "point_rel": 0.08110827691853047, "residual_mse": 0.00013899387213314184, "temporal_rel": 0.9254932194948197, "tke_rel": 0.5301595285534859}
TRAIN {"angle_aug_abs_deg": 0.0, "aoa_effective_shift_abs_deg_mean": 0.0, "aoa_meanfield_aug_fraction": 0.0, "aoa_meanfield_lambda_mean": 0.0, "delta_penalty": 2.69378245320695e-05, "grad_rel": 0.5026387125253677, "iteration": 2040, "loss": 0.14275604709982873, "lr": 0.0001298358716024456, "mse": 0.00013410903557087295, "p_zero": 0.0, "point_rel": 0.07732287794351578, "residual_mse": 0.00013410903484327718, "temporal_rel": 0.914229741692543, "tke_rel": 0.50709877461195}
TRAIN {"angle_aug_abs_deg": 0.0, "aoa_effective_shift_abs_deg_mean": 0.0, "aoa_meanfield_aug_fraction": 0.0, "aoa_meanfield_lambda_mean": 0.0, "delta_penalty": 2.4886058963602408e-05, "grad_rel": 0.5086020857095719, "iteration": 2060, "loss": 0.14555518105626106, "lr": 0.0001286472452592307, "mse": 0.0001263603868210339, "p_zero": 0.0, "point_rel": 0.07836640011519194, "residual_mse": 0.0001263603868210339, "temporal_rel": 0.918426126241684, "tke_rel": 0.5328093439340591}
TRAIN {"angle_aug_abs_deg": 0.0, "aoa_effective_shift_abs_deg_mean": 0.0, "aoa_meanfield_aug_fraction": 0.0, "aoa_meanfield_lambda_mean": 0.0, "delta_penalty": 2.5424994237255306e-05, "grad_rel": 0.5067404836416245, "iteration": 2080, "loss": 0.14346511363983155, "lr": 0.00012745419308638888, "mse": 0.00012081119130016304, "p_zero": 0.0, "point_rel": 0.07731018587946892, "residual_mse": 0.00012081119239155668, "temporal_rel": 0.9181311637163162, "tke_rel": 0.5162189319729805}
TRAIN {"angle_aug_abs_deg": 0.0, "aoa_effective_shift_abs_deg_mean": 0.0, "aoa_meanfield_aug_fraction": 0.0, "aoa_meanfield_lambda_mean": 0.0, "delta_penalty": 2.6982119834428886e-05, "grad_rel": 0.5095707029104233, "iteration": 2100, "loss": 0.146334358304739, "lr": 0.00012625689940341055, "mse": 0.0001388921367833973, "p_zero": 0.0, "point_rel": 0.07975744381546974, "residual_mse": 0.00013889213605580152, "temporal_rel": 0.9163803160190582, "tke_rel": 0.5233289554715157}
TRAIN {"angle_aug_abs_deg": 0.0, "aoa_effective_shift_abs_deg_mean": 0.0, "aoa_meanfield_aug_fraction": 0.0, "aoa_meanfield_lambda_mean": 0.0, "delta_penalty": 2.5309131342510226e-05, "grad_rel": 0.504875898361206, "iteration": 2120, "loss": 0.14458158388733863, "lr": 0.00012505554918507464, "mse": 0.00012890190628240817, "p_zero": 0.0, "point_rel": 0.07822164967656135, "residual_mse": 0.0001289019059186103, "temporal_rel": 0.9168042361736297, "tke_rel": 0.5207248255610466}
TRAIN {"angle_aug_abs_deg": 0.0, "aoa_effective_shift_abs_deg_mean": 0.0, "aoa_meanfield_aug_fraction": 0.0, "aoa_meanfield_lambda_mean": 0.0, "delta_penalty": 2.6049542429973372e-05, "grad_rel": 0.5100754275918007, "iteration": 2140, "loss": 0.14445265531539916, "lr": 0.00012385032803287054, "mse": 0.0001311316307692323, "p_zero": 0.0, "point_rel": 0.07821823880076409, "residual_mse": 0.00013113163149682804, "temporal_rel": 0.9187539905309677, "tke_rel": 0.5163467958569526}
TRAIN {"angle_aug_abs_deg": 0.0, "aoa_effective_shift_abs_deg_mean": 0.0, "aoa_meanfield_aug_fraction": 0.0, "aoa_meanfield_lambda_mean": 0.0, "delta_penalty": 2.654603331393446e-05, "grad_rel": 0.5089881494641304, "iteration": 2160, "loss": 0.14446896836161613, "lr": 0.00012264142214632405, "mse": 0.00013029388937866316, "p_zero": 0.0, "point_rel": 0.07854742147028446, "residual_mse": 0.00013029388901486527, "temporal_rel": 0.9133852511644364, "tke_rel": 0.5140924632549286}
TRAIN {"angle_aug_abs_deg": 0.0, "aoa_effective_shift_abs_deg_mean": 0.0, "aoa_meanfield_aug_fraction": 0.0, "aoa_meanfield_lambda_mean": 0.0, "delta_penalty": 2.627515896165278e-05, "grad_rel": 0.5039228454232216, "iteration": 2180, "loss": 0.144129379093647, "lr": 0.00012142901829423058, "mse": 0.00012909385886814562, "p_zero": 0.0, "point_rel": 0.07771321348845958, "residual_mse": 0.00012909385814054985, "temporal_rel": 0.909188637137413, "tke_rel": 0.5257069244980812}
TRAIN {"angle_aug_abs_deg": 0.0, "aoa_effective_shift_abs_deg_mean": 0.0, "aoa_meanfield_aug_fraction": 0.0, "aoa_meanfield_lambda_mean": 0.0, "delta_penalty": 2.5413061302970162e-05, "grad_rel": 0.5050032630562782, "iteration": 2200, "loss": 0.1426129385828972, "lr": 0.00012021330378580041, "mse": 0.00012948643206982523, "p_zero": 0.0, "point_rel": 0.0766938766464591, "residual_mse": 0.0001294864309784316, "temporal_rel": 0.917552599310875, "tke_rel": 0.5129680752754211}
TRAIN {"angle_aug_abs_deg": 0.0, "aoa_effective_shift_abs_deg_mean": 0.0, "aoa_meanfield_aug_fraction": 0.0, "aoa_meanfield_lambda_mean": 0.0, "delta_penalty": 2.536412484914763e-05, "grad_rel": 0.5025387376546859, "iteration": 2220, "loss": 0.1434982180595398, "lr": 0.00011899446644172073, "mse": 0.00012547490750876024, "p_zero": 0.0, "point_rel": 0.07719992995262145, "residual_mse": 0.0001254749096915475, "temporal_rel": 0.9136273562908173, "tke_rel": 0.5218873053789139}
TRAIN {"angle_aug_abs_deg": 0.0, "aoa_effective_shift_abs_deg_mean": 0.0, "aoa_meanfield_aug_fraction": 0.0, "aoa_meanfield_lambda_mean": 0.0, "delta_penalty": 2.7102492731501114e-05, "grad_rel": 0.5105013683438301, "iteration": 2240, "loss": 0.14477267153561116, "lr": 0.00011777269456513835, "mse": 0.00013037090666330188, "p_zero": 0.0, "point_rel": 0.07909512594342231, "residual_mse": 0.00013037090702709974, "temporal_rel": 0.9163567066192627, "tke_rel": 0.5081611916422843}
TRAIN {"angle_aug_abs_deg": 0.0, "aoa_effective_shift_abs_deg_mean": 0.0, "aoa_meanfield_aug_fraction": 0.0, "aoa_meanfield_lambda_mean": 0.0, "delta_penalty": 2.6346158665546682e-05, "grad_rel": 0.5057656452059746, "iteration": 2260, "loss": 0.1444009520113468, "lr": 0.0001165481769125678, "mse": 0.00012416955705703004, "p_zero": 0.0, "point_rel": 0.07784660421311855, "residual_mse": 0.00012416955814842368, "temporal_rel": 0.918057557940483, "tke_rel": 0.52313933968544}
TRAIN {"angle_aug_abs_deg": 0.0, "aoa_effective_shift_abs_deg_mean": 0.0, "aoa_meanfield_aug_fraction": 0.0, "aoa_meanfield_lambda_mean": 0.0, "delta_penalty": 2.7759263139159886e-05, "grad_rel": 0.5075095549225808, "iteration": 2280, "loss": 0.14571249336004258, "lr": 0.00011532110266472992, "mse": 0.00014103483754297487, "p_zero": 0.0, "point_rel": 0.07873691022396087, "residual_mse": 0.0001410348382705706, "temporal_rel": 0.9206496566534043, "tke_rel": 0.5283430680632591}
TRAIN {"angle_aug_abs_deg": 0.0, "aoa_effective_shift_abs_deg_mean": 0.0, "aoa_meanfield_aug_fraction": 0.0, "aoa_meanfield_lambda_mean": 0.0, "delta_penalty": 2.448127111165377e-05, "grad_rel": 0.5061019510030746, "iteration": 2300, "loss": 0.14465524703264238, "lr": 0.0001140916613973243, "mse": 0.00012988436847081176, "p_zero": 0.0, "point_rel": 0.07835156321525574, "residual_mse": 0.00012988436774321598, "temporal_rel": 0.9110518753528595, "tke_rel": 0.5223524376749993}
TRAIN {"angle_aug_abs_deg": 0.0, "aoa_effective_shift_abs_deg_mean": 0.0, "aoa_meanfield_aug_fraction": 0.0, "aoa_meanfield_lambda_mean": 0.0, "delta_penalty": 2.7221515438213828e-05, "grad_rel": 0.5081818193197251, "iteration": 2320, "loss": 0.14499121494591236, "lr": 0.00011286004305174087, "mse": 0.00013865143801012892, "p_zero": 0.0, "point_rel": 0.07843653243035079, "residual_mse": 0.00013865143982911833, "temporal_rel": 0.9123136460781097, "tke_rel": 0.5253401055932045}
TRAIN {"angle_aug_abs_deg": 0.0, "aoa_effective_shift_abs_deg_mean": 0.0, "aoa_meanfield_aug_fraction": 0.0, "aoa_meanfield_lambda_mean": 0.0, "delta_penalty": 2.5601690322218928e-05, "grad_rel": 0.5098193734884262, "iteration": 2340, "loss": 0.14643337279558183, "lr": 0.00011162643790571545, "mse": 0.00013531643726309993, "p_zero": 0.0, "point_rel": 0.07927027940750123, "residual_mse": 0.00013531643871829148, "temporal_rel": 0.9230017185211181, "tke_rel": 0.5297440737485886}
TRAIN {"angle_aug_abs_deg": 0.0, "aoa_effective_shift_abs_deg_mean": 0.0, "aoa_meanfield_aug_fraction": 0.0, "aoa_meanfield_lambda_mean": 0.0, "delta_penalty": 2.587678682175465e-05, "grad_rel": 0.504610575735569, "iteration": 2360, "loss": 0.1435111839324236, "lr": 0.00011039103654393266, "mse": 0.00012822797943954357, "p_zero": 0.0, "point_rel": 0.07788624614477158, "residual_mse": 0.00012822797943954357, "temporal_rel": 0.9155428409576416, "tke_rel": 0.5091751739382744}
TRAIN {"angle_aug_abs_deg": 0.0, "aoa_effective_shift_abs_deg_mean": 0.0, "aoa_meanfield_aug_fraction": 0.0, "aoa_meanfield_lambda_mean": 0.0, "delta_penalty": 2.6043946854770182e-05, "grad_rel": 0.5033955544233322, "iteration": 2380, "loss": 0.14361524619162083, "lr": 0.00010915402982858179, "mse": 0.00012743098359351278, "p_zero": 0.0, "point_rel": 0.07767009250819683, "residual_mse": 0.00012743098268401808, "temporal_rel": 0.913937446475029, "tke_rel": 0.5156224682927132}
TRAIN {"angle_aug_abs_deg": 0.0, "aoa_effective_shift_abs_deg_mean": 0.0, "aoa_meanfield_aug_fraction": 0.0, "aoa_meanfield_lambda_mean": 0.0, "delta_penalty": 2.7247704383626115e-05, "grad_rel": 0.5044536873698234, "iteration": 2400, "loss": 0.14335804730653762, "lr": 0.00010791560886986987, "mse": 0.00012731934511975851, "p_zero": 0.0, "point_rel": 0.07691856138408185, "residual_mse": 0.00012731934402836486, "temporal_rel": 0.9203956663608551, "tke_rel": 0.5203679025173187}
TRAIN {"angle_aug_abs_deg": 0.0, "aoa_effective_shift_abs_deg_mean": 0.0, "aoa_meanfield_aug_fraction": 0.0, "aoa_meanfield_lambda_mean": 0.0, "delta_penalty": 2.61459531429864e-05, "grad_rel": 0.5054375842213631, "iteration": 2420, "loss": 0.14424740746617318, "lr": 0.00010667596499649596, "mse": 0.00012805354826923577, "p_zero": 0.0, "point_rel": 0.07766989953815936, "residual_mse": 0.00012805354863303363, "temporal_rel": 0.9181111305952072, "tke_rel": 0.5235611841082572}
TRAIN {"angle_aug_abs_deg": 0.0, "aoa_effective_shift_abs_deg_mean": 0.0, "aoa_meanfield_aug_fraction": 0.0, "aoa_meanfield_lambda_mean": 0.0, "delta_penalty": 2.7300346755509963e-05, "grad_rel": 0.5034159600734711, "iteration": 2440, "loss": 0.1436028279364109, "lr": 0.0001054352897260923, "mse": 0.00013169596204534172, "p_zero": 0.0, "point_rel": 0.07774032168090343, "residual_mse": 0.00013169596168154384, "temporal_rel": 0.9144459247589112, "tke_rel": 0.5139639541506767}
TRAIN {"angle_aug_abs_deg": 0.0, "aoa_effective_shift_abs_deg_mean": 0.0, "aoa_meanfield_aug_fraction": 0.0, "aoa_meanfield_lambda_mean": 0.0, "delta_penalty": 2.628138863656204e-05, "grad_rel": 0.503363436460495, "iteration": 2460, "loss": 0.14303562939167022, "lr": 0.00010419377473563587, "mse": 0.00012838704096793663, "p_zero": 0.0, "point_rel": 0.07686854545027018, "residual_mse": 0.00012838704024034086, "temporal_rel": 0.9166724950075149, "tke_rel": 0.5179569125175476}
TRAIN {"angle_aug_abs_deg": 0.0, "aoa_effective_shift_abs_deg_mean": 0.0, "aoa_meanfield_aug_fraction": 0.0, "aoa_meanfield_lambda_mean": 0.0, "delta_penalty": 2.4957131699920865e-05, "grad_rel": 0.5071051493287086, "iteration": 2480, "loss": 0.14429204910993576, "lr": 0.00010295161183183544, "mse": 0.00012392113567329943, "p_zero": 0.0, "point_rel": 0.07814902849495411, "residual_mse": 0.0001239211364008952, "temporal_rel": 0.9161160260438919, "tke_rel": 0.516921478509903}
TRAIN {"angle_aug_abs_deg": 0.0, "aoa_effective_shift_abs_deg_mean": 0.0, "aoa_meanfield_aug_fraction": 0.0, "aoa_meanfield_lambda_mean": 0.0, "delta_penalty": 2.7160230911249527e-05, "grad_rel": 0.505536250770092, "iteration": 2500, "loss": 0.14460175074636936, "lr": 0.00010170899292149835, "mse": 0.00013773884729744167, "p_zero": 0.0, "point_rel": 0.07868774887174368, "residual_mse": 0.00013773884948022896, "temporal_rel": 0.9094726860523223, "tke_rel": 0.5167486280202865}
TRAIN {"angle_aug_abs_deg": 0.0, "aoa_effective_shift_abs_deg_mean": 0.0, "aoa_meanfield_aug_fraction": 0.0, "aoa_meanfield_lambda_mean": 0.0, "delta_penalty": 2.544308517826721e-05, "grad_rel": 0.5009922355413436, "iteration": 2520, "loss": 0.14199939444661142, "lr": 0.00010046610998188257, "mse": 0.00012052632082486525, "p_zero": 0.0, "point_rel": 0.07628087289631366, "residual_mse": 0.00012052632046106737, "temporal_rel": 0.9133787661790848, "tke_rel": 0.5127602070569992}
TRAIN {"angle_aug_abs_deg": 0.0, "aoa_effective_shift_abs_deg_mean": 0.0, "aoa_meanfield_aug_fraction": 0.0, "aoa_meanfield_lambda_mean": 0.0, "delta_penalty": 2.5849549547274365e-05, "grad_rel": 0.5037669286131858, "iteration": 2540, "loss": 0.1433121830224991, "lr": 9.922315503103676e-05, "mse": 0.00012419793329172536, "p_zero": 0.0, "point_rel": 0.0777306031435728, "residual_mse": 0.00012419793147273596, "temporal_rel": 0.9099001884460449, "tke_rel": 0.5115049004554748}
TRAIN {"angle_aug_abs_deg": 0.0, "aoa_effective_shift_abs_deg_mean": 0.0, "aoa_meanfield_aug_fraction": 0.0, "aoa_meanfield_lambda_mean": 0.0, "delta_penalty": 2.801039081532508e-05, "grad_rel": 0.5066291868686676, "iteration": 2560, "loss": 0.14359124302864074, "lr": 9.798032009813504e-05, "mse": 0.00013212674857641105, "p_zero": 0.0, "point_rel": 0.07814595475792885, "residual_mse": 0.00013212674712121953, "temporal_rel": 0.9142265081405639, "tke_rel": 0.5063142582774163}
TRAIN {"angle_aug_abs_deg": 0.0, "aoa_effective_shift_abs_deg_mean": 0.0, "aoa_meanfield_aug_fraction": 0.0, "aoa_meanfield_lambda_mean": 0.0, "delta_penalty": 2.5834505049715516e-05, "grad_rel": 0.49856738895177843, "iteration": 2580, "loss": 0.14183921478688716, "lr": 9.673779719380937e-05, "mse": 0.00012519105530373054, "p_zero": 0.0, "point_rel": 0.07575408946722746, "residual_mse": 0.00012519105530373054, "temporal_rel": 0.915781632065773, "tke_rel": 0.5182515606284142}
TRAIN {"angle_aug_abs_deg": 0.0, "aoa_effective_shift_abs_deg_mean": 0.0, "aoa_meanfield_aug_fraction": 0.0, "aoa_meanfield_lambda_mean": 0.0, "delta_penalty": 2.764581313385861e-05, "grad_rel": 0.5087249770760536, "iteration": 2600, "loss": 0.143929061666131, "lr": 9.549577828048522e-05, "mse": 0.00013419161987258122, "p_zero": 0.0, "point_rel": 0.07867637500166894, "residual_mse": 0.00013419162132777274, "temporal_rel": 0.9055455088615417, "tke_rel": 0.5069105729460717}
TRAIN {"angle_aug_abs_deg": 0.0, "aoa_effective_shift_abs_deg_mean": 0.0, "aoa_meanfield_aug_fraction": 0.0, "aoa_meanfield_lambda_mean": 0.0, "delta_penalty": 2.6709039775596467e-05, "grad_rel": 0.5031786277890206, "iteration": 2620, "loss": 0.14410338997840882, "lr": 9.425445524272437e-05, "mse": 0.00013679768762813181, "p_zero": 0.0, "point_rel": 0.07797442525625228, "residual_mse": 0.00013679768762813181, "temporal_rel": 0.9143770933151245, "tke_rel": 0.5184732988476753}
TRAIN {"angle_aug_abs_deg": 0.0, "aoa_effective_shift_abs_deg_mean": 0.0, "aoa_meanfield_aug_fraction": 0.0, "aoa_meanfield_lambda_mean": 0.0, "delta_penalty": 2.6820159291673917e-05, "grad_rel": 0.5043261006474495, "iteration": 2640, "loss": 0.14225664213299752, "lr": 9.30140198575801e-05, "mse": 0.0001278218649531482, "p_zero": 0.0, "point_rel": 0.07733125612139702, "residual_mse": 0.0001278218649531482, "temporal_rel": 0.9015190958976745, "tke_rel": 0.5046006679534912}
TRAIN {"angle_aug_abs_deg": 0.0, "aoa_effective_shift_abs_deg_mean": 0.0, "aoa_meanfield_aug_fraction": 0.0, "aoa_meanfield_lambda_mean": 0.0, "delta_penalty": 2.779713718155108e-05, "grad_rel": 0.5052257061004639, "iteration": 2660, "loss": 0.14446992576122283, "lr": 9.177466376496842e-05, "mse": 0.00013841907548339805, "p_zero": 0.0, "point_rel": 0.07798677086830139, "residual_mse": 0.00013841907548339805, "temporal_rel": 0.9192248821258545, "tke_rel": 0.5214324116706848}
TRAIN {"angle_aug_abs_deg": 0.0, "aoa_effective_shift_abs_deg_mean": 0.0, "aoa_meanfield_aug_fraction": 0.0, "aoa_meanfield_lambda_mean": 0.0, "delta_penalty": 2.653602605278138e-05, "grad_rel": 0.502451978623867, "iteration": 2680, "loss": 0.14258634261786937, "lr": 9.053657843806119e-05, "mse": 0.00012565095239551737, "p_zero": 0.0, "point_rel": 0.0771367723122239, "residual_mse": 0.00012565095221361844, "temporal_rel": 0.9069023966789246, "tke_rel": 0.5111248508095741}
TRAIN {"angle_aug_abs_deg": 0.0, "aoa_effective_shift_abs_deg_mean": 0.0, "aoa_meanfield_aug_fraction": 0.0, "aoa_meanfield_lambda_mean": 0.0, "delta_penalty": 2.726826905927737e-05, "grad_rel": 0.503347484767437, "iteration": 2700, "loss": 0.14369727857410908, "lr": 8.929995515370438e-05, "mse": 0.0001320093879257911, "p_zero": 0.0, "point_rel": 0.07773011103272438, "residual_mse": 0.00013200938919908368, "temporal_rel": 0.9117894738912582, "tke_rel": 0.5170520424842835}
TRAIN {"angle_aug_abs_deg": 0.0, "aoa_effective_shift_abs_deg_mean": 0.0, "aoa_meanfield_aug_fraction": 0.0, "aoa_meanfield_lambda_mean": 0.0, "delta_penalty": 2.603663479021634e-05, "grad_rel": 0.5027342200279236, "iteration": 2720, "loss": 0.14277782216668128, "lr": 8.806498496286708e-05, "mse": 0.00012880790018243715, "p_zero": 0.0, "point_rel": 0.07694809921085835, "residual_mse": 0.00012880789945484138, "temporal_rel": 0.9086750596761703, "tke_rel": 0.5164883300662041}
TRAIN {"angle_aug_abs_deg": 0.0, "aoa_effective_shift_abs_deg_mean": 0.0, "aoa_meanfield_aug_fraction": 0.0, "aoa_meanfield_lambda_mean": 0.0, "delta_penalty": 2.793063467834145e-05, "grad_rel": 0.5007989495992661, "iteration": 2740, "loss": 0.14266667664051055, "lr": 8.683185866112533e-05, "mse": 0.0001310766427195631, "p_zero": 0.0, "point_rel": 0.07750040404498577, "residual_mse": 0.00013107664490235037, "temporal_rel": 0.9082067966461181, "tke_rel": 0.506136703491211}
TRAIN {"angle_aug_abs_deg": 0.0, "aoa_effective_shift_abs_deg_mean": 0.0, "aoa_meanfield_aug_fraction": 0.0, "aoa_meanfield_lambda_mean": 0.0, "delta_penalty": 2.6409922065795398e-05, "grad_rel": 0.5048625215888023, "iteration": 2760, "loss": 0.14232223927974702, "lr": 8.560076675918511e-05, "mse": 0.00012435727167030562, "p_zero": 0.0, "point_rel": 0.07747545391321183, "residual_mse": 0.0001243572720341035, "temporal_rel": 0.9044312208890914, "tke_rel": 0.501717934012413}
TRAIN {"angle_aug_abs_deg": 0.0, "aoa_effective_shift_abs_deg_mean": 0.0, "aoa_meanfield_aug_fraction": 0.0, "aoa_meanfield_lambda_mean": 0.0, "delta_penalty": 2.725275035118102e-05, "grad_rel": 0.50441954433918, "iteration": 2780, "loss": 0.1436132788658142, "lr": 8.437189945344977e-05, "mse": 0.0001239500152223627, "p_zero": 0.0, "point_rel": 0.07798170037567616, "residual_mse": 0.00012395001358527223, "temporal_rel": 0.908248507976532, "tke_rel": 0.5130017161369324}
TRAIN {"angle_aug_abs_deg": 0.0, "aoa_effective_shift_abs_deg_mean": 0.0, "aoa_meanfield_aug_fraction": 0.0, "aoa_meanfield_lambda_mean": 0.0, "delta_penalty": 2.79643892099557e-05, "grad_rel": 0.5011260420083999, "iteration": 2800, "loss": 0.14156630039215087, "lr": 8.31454465966357e-05, "mse": 0.0001263442760318867, "p_zero": 0.0, "point_rel": 0.0759014192968607, "residual_mse": 0.00012634427639568457, "temporal_rel": 0.9110692024230957, "tke_rel": 0.5129575729370117}
TRAIN {"angle_aug_abs_deg": 0.0, "aoa_effective_shift_abs_deg_mean": 0.0, "aoa_meanfield_aug_fraction": 0.0, "aoa_meanfield_lambda_mean": 0.0, "delta_penalty": 2.6245089884469053e-05, "grad_rel": 0.5001312583684921, "iteration": 2820, "loss": 0.1411207552999258, "lr": 8.192159766844119e-05, "mse": 0.00011699775495799258, "p_zero": 0.0, "point_rel": 0.0762222945690155, "residual_mse": 0.00011699775332090212, "temporal_rel": 0.9058827519416809, "tke_rel": 0.5030731812119484}
TRAIN {"angle_aug_abs_deg": 0.0, "aoa_effective_shift_abs_deg_mean": 0.0, "aoa_meanfield_aug_fraction": 0.0, "aoa_meanfield_lambda_mean": 0.0, "delta_penalty": 2.6783858538692583e-05, "grad_rel": 0.5052372455596924, "iteration": 2840, "loss": 0.1437020219862461, "lr": 8.070054174627304e-05, "mse": 0.0001371711578030954, "p_zero": 0.0, "point_rel": 0.07781641501933337, "residual_mse": 0.0001371711581668933, "temporal_rel": 0.90998694896698, "tke_rel": 0.5160959154367447}
TRAIN {"angle_aug_abs_deg": 0.0, "aoa_effective_shift_abs_deg_mean": 0.0, "aoa_meanfield_aug_fraction": 0.0, "aoa_meanfield_lambda_mean": 0.0, "delta_penalty": 2.833139296853915e-05, "grad_rel": 0.5019361391663552, "iteration": 2860, "loss": 0.14124386757612228, "lr": 7.94824674760352e-05, "mse": 0.00012017585158901057, "p_zero": 0.0, "point_rel": 0.07630702182650566, "residual_mse": 0.00012017585322610103, "temporal_rel": 0.9076559573411942, "tke_rel": 0.5023584693670273}
TRAIN {"angle_aug_abs_deg": 0.0, "aoa_effective_shift_abs_deg_mean": 0.0, "aoa_meanfield_aug_fraction": 0.0, "aoa_meanfield_lambda_mean": 0.0, "delta_penalty": 2.7409151061874582e-05, "grad_rel": 0.4993884712457657, "iteration": 2880, "loss": 0.14155322089791297, "lr": 7.826756304298402e-05, "mse": 0.00012807365619664778, "p_zero": 0.0, "point_rel": 0.07605241686105728, "residual_mse": 0.00012807365365006263, "temporal_rel": 0.9123624801635742, "tke_rel": 0.5100022003054618}
TRAIN {"angle_aug_abs_deg": 0.0, "aoa_effective_shift_abs_deg_mean": 0.0, "aoa_meanfield_aug_fraction": 0.0, "aoa_meanfield_lambda_mean": 0.0, "delta_penalty": 2.7422295443102484e-05, "grad_rel": 0.5067345753312111, "iteration": 2900, "loss": 0.1448531873524189, "lr": 7.70560161426548e-05, "mse": 0.00013248872783151456, "p_zero": 0.0, "point_rel": 0.07889282740652562, "residual_mse": 0.00013248872746771668, "temporal_rel": 0.9082205712795257, "tke_rel": 0.5178738221526146}
TRAIN {"angle_aug_abs_deg": 0.0, "aoa_effective_shift_abs_deg_mean": 0.0, "aoa_meanfield_aug_fraction": 0.0, "aoa_meanfield_lambda_mean": 0.0, "delta_penalty": 2.6676665493141626e-05, "grad_rel": 0.4995854914188385, "iteration": 2920, "loss": 0.14128235466778277, "lr": 7.58480139518639e-05, "mse": 0.00012253749127921765, "p_zero": 0.0, "point_rel": 0.07558711413294077, "residual_mse": 0.00012253748982402613, "temporal_rel": 0.911795848608017, "tke_rel": 0.5135048180818558}
TRAIN {"angle_aug_abs_deg": 0.0, "aoa_effective_shift_abs_deg_mean": 0.0, "aoa_meanfield_aug_fraction": 0.0, "aoa_meanfield_lambda_mean": 0.0, "delta_penalty": 2.7965542358288076e-05, "grad_rel": 0.504416236281395, "iteration": 2940, "loss": 0.1435585618019104, "lr": 7.464374309979117e-05, "mse": 0.00012837290196330287, "p_zero": 0.0, "point_rel": 0.07771437838673592, "residual_mse": 0.00012837290269089862, "temporal_rel": 0.9133363276720047, "tke_rel": 0.5139796510338783}
TRAIN {"angle_aug_abs_deg": 0.0, "aoa_effective_shift_abs_deg_mean": 0.0, "aoa_meanfield_aug_fraction": 0.0, "aoa_meanfield_lambda_mean": 0.0, "delta_penalty": 2.772863454083563e-05, "grad_rel": 0.5015089243650437, "iteration": 2960, "loss": 0.14246859401464462, "lr": 7.344338963914658e-05, "mse": 0.00013220435012044617, "p_zero": 0.0, "point_rel": 0.07693141214549541, "residual_mse": 0.00013220434957474935, "temporal_rel": 0.9124350905418396, "tke_rel": 0.5100213915109635}
TRAIN {"angle_aug_abs_deg": 0.0, "aoa_effective_shift_abs_deg_mean": 0.0, "aoa_meanfield_aug_fraction": 0.0, "aoa_meanfield_lambda_mean": 0.0, "delta_penalty": 2.7927192331844707e-05, "grad_rel": 0.5066719710826874, "iteration": 2980, "loss": 0.14436615109443665, "lr": 7.224713901742646e-05, "mse": 0.00013750339385296684, "p_zero": 0.0, "point_rel": 0.07847344726324082, "residual_mse": 0.00013750339385296684, "temporal_rel": 0.9098676651716232, "tke_rel": 0.515913012623787}
TRAIN {"angle_aug_abs_deg": 0.0, "aoa_effective_shift_abs_deg_mean": 0.0, "aoa_meanfield_aug_fraction": 0.0, "aoa_meanfield_lambda_mean": 0.0, "delta_penalty": 2.8172409020044143e-05, "grad_rel": 0.5046006634831428, "iteration": 3000, "loss": 0.14399035051465034, "lr": 7.10551760482628e-05, "mse": 0.00013729639067605603, "p_zero": 0.0, "point_rel": 0.07833367548882961, "residual_mse": 0.00013729639103985392, "temporal_rel": 0.910283824801445, "tke_rel": 0.5122899666428566}
EVAL_TOP {"alpha": 1.0, "best_bound_abs": 0.0075, "best_bound_rel": 0.0075, "best_bounds": [{"abs": 0.0075, "coverage": 0.8222113990783692, "final_est": 80.94254698399375, "rel": 0.0075, "sps_raw": 0.466617042183876, "sps_score_linear": 46.6617042183876, "sps_score_used": 46.6617042183876}], "best_final_est": 80.94254698399375, "iteration": 3000, "mean_t_neural_s": 0.01762683533, "mvpe": 0.07887786086648703, "mvpe_score": 96.20574818986191, "n": 640, "rel_l2": 0.08592158127576113, "rel_l2_score": 95.8808815227267, "time_score": 86.54248999999716, "tke": 0.5181967735290527, "tke_score": 79.42191098899546}
BEST iteration=3000 final_est=80.942547 alpha=1.0 abs=0.0075 rel=0.0075
TRAIN {"angle_aug_abs_deg": 0.0, "aoa_effective_shift_abs_deg_mean": 0.0, "aoa_meanfield_aug_fraction": 0.0, "aoa_meanfield_lambda_mean": 0.0, "delta_penalty": 2.5785482193896314e-05, "grad_rel": 0.5025172248482704, "iteration": 3020, "loss": 0.14322973415255547, "lr": 6.98676848828707e-05, "mse": 0.00012952257620781892, "p_zero": 0.0, "point_rel": 0.07715986594557762, "residual_mse": 0.00012952257584402104, "temporal_rel": 0.9093587517738342, "tke_rel": 0.5201995655894279}
TRAIN {"angle_aug_abs_deg": 0.0, "aoa_effective_shift_abs_deg_mean": 0.0, "aoa_meanfield_aug_fraction": 0.0, "aoa_meanfield_lambda_mean": 0.0, "delta_penalty": 2.857343752111774e-05, "grad_rel": 0.5000754103064537, "iteration": 3040, "loss": 0.1412560496479273, "lr": 6.868484898159803e-05, "mse": 0.00013648023505083984, "p_zero": 0.0, "point_rel": 0.07647964246571064, "residual_mse": 0.00013648023432324407, "temporal_rel": 0.9032224118709564, "tke_rel": 0.5022847831249238}
TRAIN {"angle_aug_abs_deg": 0.0, "aoa_effective_shift_abs_deg_mean": 0.0, "aoa_meanfield_aug_fraction": 0.0, "aoa_meanfield_lambda_mean": 0.0, "delta_penalty": 2.7462267280498053e-05, "grad_rel": 0.5029381647706032, "iteration": 3060, "loss": 0.1421433299779892, "lr": 6.750685108558199e-05, "mse": 0.00013205764716985868, "p_zero": 0.0, "point_rel": 0.0773512426763773, "residual_mse": 0.00013205764607846505, "temporal_rel": 0.9074146151542664, "tke_rel": 0.4997568503022194}
TRAIN {"angle_aug_abs_deg": 0.0, "aoa_effective_shift_abs_deg_mean": 0.0, "aoa_meanfield_aug_fraction": 0.0, "aoa_meanfield_lambda_mean": 0.0, "delta_penalty": 2.704847174754832e-05, "grad_rel": 0.5024777665734291, "iteration": 3080, "loss": 0.14168199449777602, "lr": 6.633387318851659e-05, "mse": 0.00011824509256257443, "p_zero": 0.0, "point_rel": 0.07607234641909599, "residual_mse": 0.000118245093835867, "temporal_rel": 0.9109576940536499, "tke_rel": 0.511795662343502}
TRAIN {"angle_aug_abs_deg": 0.0, "aoa_effective_shift_abs_deg_mean": 0.0, "aoa_meanfield_aug_fraction": 0.0, "aoa_meanfield_lambda_mean": 0.0, "delta_penalty": 2.758357622951735e-05, "grad_rel": 0.5010735988616943, "iteration": 3100, "loss": 0.14143525138497354, "lr": 6.51660965085358e-05, "mse": 0.00012124861150368816, "p_zero": 0.0, "point_rel": 0.07645094282925129, "residual_mse": 0.00012124861223128391, "temporal_rel": 0.9059453785419465, "tke_rel": 0.5042152777314186}
TRAIN {"angle_aug_abs_deg": 0.0, "aoa_effective_shift_abs_deg_mean": 0.0, "aoa_meanfield_aug_fraction": 0.0, "aoa_meanfield_lambda_mean": 0.0, "delta_penalty": 2.7567352390178712e-05, "grad_rel": 0.5011877298355103, "iteration": 3120, "loss": 0.14181748703122138, "lr": 6.400370146021636e-05, "mse": 0.00012634948816412362, "p_zero": 0.0, "point_rel": 0.07691144496202469, "residual_mse": 0.00012634948780032573, "temporal_rel": 0.903872412443161, "tke_rel": 0.5038933470845223}
TRAIN {"angle_aug_abs_deg": 0.0, "aoa_effective_shift_abs_deg_mean": 0.0, "aoa_meanfield_aug_fraction": 0.0, "aoa_meanfield_lambda_mean": 0.0, "delta_penalty": 2.744756302490714e-05, "grad_rel": 0.4980460345745087, "iteration": 3140, "loss": 0.1406192548573017, "lr": 6.284686762670478e-05, "mse": 0.0001226807644343353, "p_zero": 0.0, "point_rel": 0.0751604124903679, "residual_mse": 0.00012268076370673952, "temporal_rel": 0.9140502393245697, "tke_rel": 0.5088215276598931}
TRAIN {"angle_aug_abs_deg": 0.0, "aoa_effective_shift_abs_deg_mean": 0.0, "aoa_meanfield_aug_fraction": 0.0, "aoa_meanfield_lambda_mean": 0.0, "delta_penalty": 2.90556270556408e-05, "grad_rel": 0.5060450360178947, "iteration": 3160, "loss": 0.1439289502799511, "lr": 6.16957737319729e-05, "mse": 0.0001323215699812863, "p_zero": 0.0, "point_rel": 0.0790354359894991, "residual_mse": 0.00013232157034508417, "temporal_rel": 0.9044907122850419, "tke_rel": 0.5021306797862053}
TRAIN {"angle_aug_abs_deg": 0.0, "aoa_effective_shift_abs_deg_mean": 0.0, "aoa_meanfield_aug_fraction": 0.0, "aoa_meanfield_lambda_mean": 0.0, "delta_penalty": 2.647647197591141e-05, "grad_rel": 0.5010113462805748, "iteration": 3180, "loss": 0.14204949960112573, "lr": 6.0550597613205966e-05, "mse": 0.00012715028242382687, "p_zero": 0.0, "point_rel": 0.07650034576654434, "residual_mse": 0.00012715028206002898, "temporal_rel": 0.9071946710348129, "tke_rel": 0.5129912048578262}
TRAIN {"angle_aug_abs_deg": 0.0, "aoa_effective_shift_abs_deg_mean": 0.0, "aoa_meanfield_aug_fraction": 0.0, "aoa_meanfield_lambda_mean": 0.0, "delta_penalty": 2.8852369268861366e-05, "grad_rel": 0.50396199375391, "iteration": 3200, "loss": 0.1420553769916296, "lr": 5.941151619332792e-05, "mse": 0.00012291851253394271, "p_zero": 0.0, "point_rel": 0.07643251605331898, "residual_mse": 0.00012291851107875117, "temporal_rel": 0.9090047240257263, "tke_rel": 0.5125972971320152}
TRAIN {"angle_aug_abs_deg": 0.0, "aoa_effective_shift_abs_deg_mean": 0.0, "aoa_meanfield_aug_fraction": 0.0, "aoa_meanfield_lambda_mean": 0.0, "delta_penalty": 2.724338237385382e-05, "grad_rel": 0.5018733248114586, "iteration": 3220, "loss": 0.14328631311655043, "lr": 5.8278705453667894e-05, "mse": 0.00013016059128858614, "p_zero": 0.0, "point_rel": 0.07680581286549568, "residual_mse": 0.00013016059201618191, "temporal_rel": 0.9090165197849274, "tke_rel": 0.5273719251155853}
TRAIN {"angle_aug_abs_deg": 0.0, "aoa_effective_shift_abs_deg_mean": 0.0, "aoa_meanfield_aug_fraction": 0.0, "aoa_meanfield_lambda_mean": 0.0, "delta_penalty": 2.8286980341363233e-05, "grad_rel": 0.5004802033305168, "iteration": 3240, "loss": 0.14078570529818535, "lr": 5.7152340406772083e-05, "mse": 0.00012145103755756281, "p_zero": 0.0, "point_rel": 0.07570959534496069, "residual_mse": 0.00012145103682996705, "temporal_rel": 0.9057147800922394, "tke_rel": 0.5060077145695686}
TRAIN {"angle_aug_abs_deg": 0.0, "aoa_effective_shift_abs_deg_mean": 0.0, "aoa_meanfield_aug_fraction": 0.0, "aoa_meanfield_lambda_mean": 0.0, "delta_penalty": 2.8089690113120012e-05, "grad_rel": 0.5035227626562119, "iteration": 3260, "loss": 0.14222513288259506, "lr": 5.60325950693652e-05, "mse": 0.00012231556083861506, "p_zero": 0.0, "point_rel": 0.07682186849415303, "residual_mse": 0.00012231556029291825, "temporal_rel": 0.9112432539463043, "tke_rel": 0.5079311564564705}
TRAIN {"angle_aug_abs_deg": 0.0, "aoa_effective_shift_abs_deg_mean": 0.0, "aoa_meanfield_aug_fraction": 0.0, "aoa_meanfield_lambda_mean": 0.0, "delta_penalty": 2.9354885100474348e-05, "grad_rel": 0.5028402119874954, "iteration": 3280, "loss": 0.14307658076286317, "lr": 5.491964243546634e-05, "mse": 0.00013651314766320865, "p_zero": 0.0, "point_rel": 0.07729984410107135, "residual_mse": 0.00013651314984599593, "temporal_rel": 0.9088100016117096, "tke_rel": 0.5154715523123741}
TRAIN {"angle_aug_abs_deg": 0.0, "aoa_effective_shift_abs_deg_mean": 0.0, "aoa_meanfield_aug_fraction": 0.0, "aoa_meanfield_lambda_mean": 0.0, "delta_penalty": 2.785168608170352e-05, "grad_rel": 0.5010091841220856, "iteration": 3300, "loss": 0.14291214793920518, "lr": 5.381365444966187e-05, "mse": 0.0001339367121545365, "p_zero": 0.0, "point_rel": 0.07747051119804382, "residual_mse": 0.00013393671142694074, "temporal_rel": 0.9036393672227859, "tke_rel": 0.5129430904984474}
TRAIN {"angle_aug_abs_deg": 0.0, "aoa_effective_shift_abs_deg_mean": 0.0, "aoa_meanfield_aug_fraction": 0.0, "aoa_meanfield_lambda_mean": 0.0, "delta_penalty": 2.8634629597945604e-05, "grad_rel": 0.5088694602251053, "iteration": 3320, "loss": 0.1453029714524746, "lr": 5.271480198054146e-05, "mse": 0.00013799302450934192, "p_zero": 0.0, "point_rel": 0.07909239009022713, "residual_mse": 0.0001379930230541504, "temporal_rel": 0.9092597246170044, "tke_rel": 0.5209629759192467}
TRAIN {"angle_aug_abs_deg": 0.0, "aoa_effective_shift_abs_deg_mean": 0.0, "aoa_meanfield_aug_fraction": 0.0, "aoa_meanfield_lambda_mean": 0.0, "delta_penalty": 2.7760295779444277e-05, "grad_rel": 0.5026448205113411, "iteration": 3340, "loss": 0.14164525792002677, "lr": 5.162325479429983e-05, "mse": 0.00013432049181574257, "p_zero": 0.0, "point_rel": 0.07689468078315258, "residual_mse": 0.00013432049108814682, "temporal_rel": 0.9039322584867477, "tke_rel": 0.5008681207895279}
TRAIN {"angle_aug_abs_deg": 0.0, "aoa_effective_shift_abs_deg_mean": 0.0, "aoa_meanfield_aug_fraction": 0.0, "aoa_meanfield_lambda_mean": 0.0, "delta_penalty": 2.791084380078246e-05, "grad_rel": 0.49753770530223845, "iteration": 3360, "loss": 0.14090750515460967, "lr": 5.053918152850853e-05, "mse": 0.00012608046345121692, "p_zero": 0.0, "point_rel": 0.07576629389077424, "residual_mse": 0.00012608046490640844, "temporal_rel": 0.9099906951189041, "tke_rel": 0.5056674659252167}
TRAIN {"angle_aug_abs_deg": 0.0, "aoa_effective_shift_abs_deg_mean": 0.0, "aoa_meanfield_aug_fraction": 0.0, "aoa_meanfield_lambda_mean": 0.0, "delta_penalty": 2.8352080335025676e-05, "grad_rel": 0.503348408639431, "iteration": 3380, "loss": 0.14330290630459785, "lr": 4.9462749666062885e-05, "mse": 0.00013459805322781903, "p_zero": 0.0, "point_rel": 0.07729495000094175, "residual_mse": 0.00013459805359161692, "temporal_rel": 0.9117950737476349, "tke_rel": 0.5177156120538712}
TRAIN {"angle_aug_abs_deg": 0.0, "aoa_effective_shift_abs_deg_mean": 0.0, "aoa_meanfield_aug_fraction": 0.0, "aoa_meanfield_lambda_mean": 0.0, "delta_penalty": 2.7622458219411783e-05, "grad_rel": 0.5001714497804641, "iteration": 3400, "loss": 0.14264324381947519, "lr": 4.839412550930668e-05, "mse": 0.0001346200650004903, "p_zero": 0.0, "point_rel": 0.07797449342906475, "residual_mse": 0.00013462006572808604, "temporal_rel": 0.9005489975214005, "tke_rel": 0.5018128514289856}
TRAIN {"angle_aug_abs_deg": 0.0, "aoa_effective_shift_abs_deg_mean": 0.0, "aoa_meanfield_aug_fraction": 0.0, "aoa_meanfield_lambda_mean": 0.0, "delta_penalty": 2.821382686306606e-05, "grad_rel": 0.49655788242816923, "iteration": 3420, "loss": 0.14012508541345597, "lr": 4.733347415433931e-05, "mse": 0.00012063573703926522, "p_zero": 0.0, "point_rel": 0.07543923147022724, "residual_mse": 0.00012063573885825462, "temporal_rel": 0.905198934674263, "tke_rel": 0.5007461369037628}
TRAIN {"angle_aug_abs_deg": 0.0, "aoa_effective_shift_abs_deg_mean": 0.0, "aoa_meanfield_aug_fraction": 0.0, "aoa_meanfield_lambda_mean": 0.0, "delta_penalty": 2.969648066937225e-05, "grad_rel": 0.5063518762588501, "iteration": 3440, "loss": 0.1437491737306118, "lr": 4.628095946550968e-05, "mse": 0.000133530049060937, "p_zero": 0.0, "point_rel": 0.07795829325914383, "residual_mse": 0.00013353004833334127, "temporal_rel": 0.9121456384658814, "tke_rel": 0.513176342844963}
TRAIN {"angle_aug_abs_deg": 0.0, "aoa_effective_shift_abs_deg_mean": 0.0, "aoa_meanfield_aug_fraction": 0.0, "aoa_meanfield_lambda_mean": 0.0, "delta_penalty": 2.7394695462135132e-05, "grad_rel": 0.49582364559173586, "iteration": 3460, "loss": 0.1385006047785282, "lr": 4.523674405009991e-05, "mse": 0.00011360481803421863, "p_zero": 0.0, "point_rel": 0.07382476609200239, "residual_mse": 0.00011360481912561226, "temporal_rel": 0.9042965561151505, "tke_rel": 0.5012493371963501}
TRAIN {"angle_aug_abs_deg": 0.0, "aoa_effective_shift_abs_deg_mean": 0.0, "aoa_meanfield_aug_fraction": 0.0, "aoa_meanfield_lambda_mean": 0.0, "delta_penalty": 2.8631793247768657e-05, "grad_rel": 0.5011260330677032, "iteration": 3480, "loss": 0.1421629127115011, "lr": 4.420098923320365e-05, "mse": 0.00012969440285814926, "p_zero": 0.0, "point_rel": 0.07668835539370775, "residual_mse": 0.00012969440176675563, "temporal_rel": 0.9023835211992264, "tke_rel": 0.5141113191843033}
TRAIN {"angle_aug_abs_deg": 0.0, "aoa_effective_shift_abs_deg_mean": 0.0, "aoa_meanfield_aug_fraction": 0.0, "aoa_meanfield_lambda_mean": 0.0, "delta_penalty": 2.8138551715528593e-05, "grad_rel": 0.5030588284134865, "iteration": 3500, "loss": 0.14180373027920723, "lr": 4.317385503280209e-05, "mse": 0.0001257520028957515, "p_zero": 0.0, "point_rel": 0.07670757323503494, "residual_mse": 0.00012575200144056, "temporal_rel": 0.9064136475324631, "tke_rel": 0.5053263172507286}
TRAIN {"angle_aug_abs_deg": 0.0, "aoa_effective_shift_abs_deg_mean": 0.0, "aoa_meanfield_aug_fraction": 0.0, "aoa_meanfield_lambda_mean": 0.0, "delta_penalty": 2.9387119138846173e-05, "grad_rel": 0.4976528510451317, "iteration": 3520, "loss": 0.1401885636150837, "lr": 4.215550013504233e-05, "mse": 0.00012650202806980816, "p_zero": 0.0, "point_rel": 0.07584691122174263, "residual_mse": 0.00012650202806980816, "temporal_rel": 0.9059792906045914, "tke_rel": 0.4943157583475113}
TRAIN {"angle_aug_abs_deg": 0.0, "aoa_effective_shift_abs_deg_mean": 0.0, "aoa_meanfield_aug_fraction": 0.0, "aoa_meanfield_lambda_mean": 0.0, "delta_penalty": 2.8295696392888203e-05, "grad_rel": 0.4988767966628075, "iteration": 3540, "loss": 0.14103634357452394, "lr": 4.11460818697213e-05, "mse": 0.0001242326850842801, "p_zero": 0.0, "point_rel": 0.07618797942996025, "residual_mse": 0.00012423268435668433, "temporal_rel": 0.8967863261699677, "tke_rel": 0.5070631131529808}
TRAIN {"angle_aug_abs_deg": 0.0, "aoa_effective_shift_abs_deg_mean": 0.0, "aoa_meanfield_aug_fraction": 0.0, "aoa_meanfield_lambda_mean": 0.0, "delta_penalty": 2.9984031152707756e-05, "grad_rel": 0.5015400320291519, "iteration": 3560, "loss": 0.14096409529447557, "lr": 4.0145756185979024e-05, "mse": 0.0001280061897887208, "p_zero": 0.0, "point_rel": 0.07678054347634315, "residual_mse": 0.0001280061916077102, "temporal_rel": 0.8996400266885758, "tke_rel": 0.4938708066940308}
TRAIN {"angle_aug_abs_deg": 0.0, "aoa_effective_shift_abs_deg_mean": 0.0, "aoa_meanfield_aug_fraction": 0.0, "aoa_meanfield_lambda_mean": 0.0, "delta_penalty": 2.8887487678730396e-05, "grad_rel": 0.498903788626194, "iteration": 3580, "loss": 0.14109066873788834, "lr": 3.9154677628205675e-05, "mse": 0.00012424442556948633, "p_zero": 0.0, "point_rel": 0.07569874748587609, "residual_mse": 0.0001242444262970821, "temporal_rel": 0.9068012088537216, "tke_rel": 0.5111079022288323}
TRAIN {"angle_aug_abs_deg": 0.0, "aoa_effective_shift_abs_deg_mean": 0.0, "aoa_meanfield_aug_fraction": 0.0, "aoa_meanfield_lambda_mean": 0.0, "delta_penalty": 2.9137150795577328e-05, "grad_rel": 0.5005459681153297, "iteration": 3600, "loss": 0.14072285518050193, "lr": 3.817299931216528e-05, "mse": 0.0001246456087756087, "p_zero": 0.0, "point_rel": 0.07607760950922966, "residual_mse": 0.00012464560950320447, "temporal_rel": 0.9076806247234345, "tke_rel": 0.4978110045194626}
TRAIN {"angle_aug_abs_deg": 0.0, "aoa_effective_shift_abs_deg_mean": 0.0, "aoa_meanfield_aug_fraction": 0.0, "aoa_meanfield_lambda_mean": 0.0, "delta_penalty": 2.953316125058336e-05, "grad_rel": 0.5046812668442726, "iteration": 3620, "loss": 0.14343414679169655, "lr": 3.720087290134009e-05, "mse": 0.00013738465659116628, "p_zero": 0.0, "point_rel": 0.0781218245625496, "residual_mse": 0.0001373846558635705, "temporal_rel": 0.901972445845604, "tke_rel": 0.5106854170560837}
TRAIN {"angle_aug_abs_deg": 0.0, "aoa_effective_shift_abs_deg_mean": 0.0, "aoa_meanfield_aug_fraction": 0.0, "aoa_meanfield_lambda_mean": 0.0, "delta_penalty": 2.8630279393837556e-05, "grad_rel": 0.4946641281247139, "iteration": 3640, "loss": 0.14102396182715893, "lr": 3.623844858349974e-05, "mse": 0.00012128124562877929, "p_zero": 0.0, "point_rel": 0.07519799917936325, "residual_mse": 0.00012128124526498141, "temporal_rel": 0.911440122127533, "tke_rel": 0.5170974001288414}
TRAIN {"angle_aug_abs_deg": 0.0, "aoa_effective_shift_abs_deg_mean": 0.0, "aoa_meanfield_aug_fraction": 0.0, "aoa_meanfield_lambda_mean": 0.0, "delta_penalty": 2.8968252354388824e-05, "grad_rel": 0.5031838282942772, "iteration": 3660, "loss": 0.14101679027080535, "lr": 3.5285875047497954e-05, "mse": 0.00013277583602757658, "p_zero": 0.0, "point_rel": 0.07652618661522866, "residual_mse": 0.000132775834754284, "temporal_rel": 0.9006474852561951, "tke_rel": 0.4980501666665077}
TRAIN {"angle_aug_abs_deg": 0.0, "aoa_effective_shift_abs_deg_mean": 0.0, "aoa_meanfield_aug_fraction": 0.0, "aoa_meanfield_lambda_mean": 0.0, "delta_penalty": 2.9287120560184122e-05, "grad_rel": 0.5012180641293525, "iteration": 3680, "loss": 0.14270451553165914, "lr": 3.4343299460300984e-05, "mse": 0.00013752656832366483, "p_zero": 0.0, "point_rel": 0.07774614784866571, "residual_mse": 0.00013752656795986695, "temporal_rel": 0.9048371016979218, "tke_rel": 0.5042189985513688}
TRAIN {"angle_aug_abs_deg": 0.0, "aoa_effective_shift_abs_deg_mean": 0.0, "aoa_meanfield_aug_fraction": 0.0, "aoa_meanfield_lambda_mean": 0.0, "delta_penalty": 2.8741459937009493e-05, "grad_rel": 0.4979128882288933, "iteration": 3700, "loss": 0.13962345235049725, "lr": 3.341086744425131e-05, "mse": 0.00012594185336638474, "p_zero": 0.0, "point_rel": 0.07564774751663209, "residual_mse": 0.00012594185300258688, "temporal_rel": 0.9051224797964096, "tke_rel": 0.4885829910635948}
TRAIN {"angle_aug_abs_deg": 0.0, "aoa_effective_shift_abs_deg_mean": 0.0, "aoa_meanfield_aug_fraction": 0.0, "aoa_meanfield_lambda_mean": 0.0, "delta_penalty": 2.9167602588131557e-05, "grad_rel": 0.5057707592844963, "iteration": 3720, "loss": 0.14336294643580913, "lr": 3.248872305456979e-05, "mse": 0.0001325637465015461, "p_zero": 0.0, "point_rel": 0.07751097958534955, "residual_mse": 0.00013256374722914188, "temporal_rel": 0.9143700063228607, "tke_rel": 0.5132325634360313}
TRAIN {"angle_aug_abs_deg": 0.0, "aoa_effective_shift_abs_deg_mean": 0.0, "aoa_meanfield_aug_fraction": 0.0, "aoa_meanfield_lambda_mean": 0.0, "delta_penalty": 2.8447962540667505e-05, "grad_rel": 0.49829078912734986, "iteration": 3740, "loss": 0.13986193537712097, "lr": 3.157700875709985e-05, "mse": 0.00012523530876933363, "p_zero": 0.0, "point_rel": 0.07607256397604942, "residual_mse": 0.00012523530913313152, "temporal_rel": 0.8978508889675141, "tke_rel": 0.4890224039554596}
TRAIN {"angle_aug_abs_deg": 0.0, "aoa_effective_shift_abs_deg_mean": 0.0, "aoa_meanfield_aug_fraction": 0.0, "aoa_meanfield_lambda_mean": 0.0, "delta_penalty": 3.014406966030947e-05, "grad_rel": 0.4991456478834152, "iteration": 3760, "loss": 0.1417488843202591, "lr": 3.067586540629765e-05, "mse": 0.00013358212991079199, "p_zero": 0.0, "point_rel": 0.07661384101957083, "residual_mse": 0.0001335821313659835, "temporal_rel": 0.9064646482467651, "tke_rel": 0.5068873763084412}
TRAIN {"angle_aug_abs_deg": 0.0, "aoa_effective_shift_abs_deg_mean": 0.0, "aoa_meanfield_aug_fraction": 0.0, "aoa_meanfield_lambda_mean": 0.0, "delta_penalty": 2.9056953826511746e-05, "grad_rel": 0.5016688510775567, "iteration": 3780, "loss": 0.14085918106138706, "lr": 2.978543222347064e-05, "mse": 0.00011861946168210125, "p_zero": 0.0, "point_rel": 0.07641988918185234, "residual_mse": 0.00011861946313729277, "temporal_rel": 0.9017585754394531, "tke_rel": 0.49708896577358247}
TRAIN {"angle_aug_abs_deg": 0.0, "aoa_effective_shift_abs_deg_mean": 0.0, "aoa_meanfield_aug_fraction": 0.0, "aoa_meanfield_lambda_mean": 0.0, "delta_penalty": 2.988117721542949e-05, "grad_rel": 0.5020886346697807, "iteration": 3800, "loss": 0.14361673071980477, "lr": 2.890584677526876e-05, "mse": 0.00013254369114292785, "p_zero": 0.0, "point_rel": 0.077550832554698, "residual_mse": 0.0001325436922343215, "temporal_rel": 0.9059548139572143, "tke_rel": 0.5219261094927787}
TRAIN {"angle_aug_abs_deg": 0.0, "aoa_effective_shift_abs_deg_mean": 0.0, "aoa_meanfield_aug_fraction": 0.0, "aoa_meanfield_lambda_mean": 0.0, "delta_penalty": 2.8689063401543536e-05, "grad_rel": 0.49479820132255553, "iteration": 3820, "loss": 0.13904841020703315, "lr": 2.8037244952431307e-05, "mse": 0.0001176556414065999, "p_zero": 0.0, "point_rel": 0.07475806251168252, "residual_mse": 0.00011765564031520625, "temporal_rel": 0.9013620972633362, "tke_rel": 0.49652727544307707}
TRAIN {"angle_aug_abs_deg": 0.0, "aoa_effective_shift_abs_deg_mean": 0.0, "aoa_meanfield_aug_fraction": 0.0, "aoa_meanfield_lambda_mean": 0.0, "delta_penalty": 2.994957549162791e-05, "grad_rel": 0.5027525946497917, "iteration": 3840, "loss": 0.1431495375931263, "lr": 2.717976094879253e-05, "mse": 0.0001294492338274722, "p_zero": 0.0, "point_rel": 0.07743078656494617, "residual_mse": 0.0001294492338274722, "temporal_rel": 0.9067224353551865, "tke_rel": 0.5156059488654137}
TRAIN {"angle_aug_abs_deg": 0.0, "aoa_effective_shift_abs_deg_mean": 0.0, "aoa_meanfield_aug_fraction": 0.0, "aoa_meanfield_lambda_mean": 0.0, "delta_penalty": 2.873280764106312e-05, "grad_rel": 0.5037495955824852, "iteration": 3860, "loss": 0.14420677050948144, "lr": 2.633352724054944e-05, "mse": 0.00013552904674725142, "p_zero": 0.0, "point_rel": 0.07820653803646564, "residual_mse": 0.00013552904747484717, "temporal_rel": 0.9074925303459167, "tke_rel": 0.5196330487728119}
TRAIN {"angle_aug_abs_deg": 0.0, "aoa_effective_shift_abs_deg_mean": 0.0, "aoa_meanfield_aug_fraction": 0.0, "aoa_meanfield_lambda_mean": 0.0, "delta_penalty": 2.8782247500203085e-05, "grad_rel": 0.495845302939415, "iteration": 3880, "loss": 0.1405078336596489, "lr": 2.5498674565795135e-05, "mse": 0.00011612698172029923, "p_zero": 0.0, "point_rel": 0.07578418664634227, "residual_mse": 0.00011612698172029923, "temporal_rel": 0.9002148300409317, "tke_rel": 0.5040685221552849}
TRAIN {"angle_aug_abs_deg": 0.0, "aoa_effective_shift_abs_deg_mean": 0.0, "aoa_meanfield_aug_fraction": 0.0, "aoa_meanfield_lambda_mean": 0.0, "delta_penalty": 2.9194856779213296e-05, "grad_rel": 0.4995065212249756, "iteration": 3900, "loss": 0.14054054170846939, "lr": 2.4675331904320474e-05, "mse": 0.0001294711652008118, "p_zero": 0.0, "point_rel": 0.07597372457385063, "residual_mse": 0.00012947116410941817, "temporal_rel": 0.9043576776981354, "tke_rel": 0.49840103536844255}
TRAIN {"angle_aug_abs_deg": 0.0, "aoa_effective_shift_abs_deg_mean": 0.0, "aoa_meanfield_aug_fraction": 0.0, "aoa_meanfield_lambda_mean": 0.0, "delta_penalty": 2.963262868433958e-05, "grad_rel": 0.5010229259729385, "iteration": 3920, "loss": 0.14168337732553482, "lr": 2.3863626457687488e-05, "mse": 0.00013217137802712386, "p_zero": 0.0, "point_rel": 0.07641414366662502, "residual_mse": 0.0001321713754805387, "temporal_rel": 0.9048578292131424, "tke_rel": 0.5094652652740479}
TRAIN {"angle_aug_abs_deg": 0.0, "aoa_effective_shift_abs_deg_mean": 0.0, "aoa_meanfield_aug_fraction": 0.0, "aoa_meanfield_lambda_mean": 0.0, "delta_penalty": 2.9482689114956884e-05, "grad_rel": 0.49978762269020083, "iteration": 3940, "loss": 0.14109314046800137, "lr": 2.3063683629577415e-05, "mse": 0.00012479399356379872, "p_zero": 0.0, "point_rel": 0.07598150949925184, "residual_mse": 0.0001247939939275966, "temporal_rel": 0.903681069612503, "tke_rel": 0.5077726140618324}
TRAIN {"angle_aug_abs_deg": 0.0, "aoa_effective_shift_abs_deg_mean": 0.0, "aoa_meanfield_aug_fraction": 0.0, "aoa_meanfield_lambda_mean": 0.0, "delta_penalty": 2.9398364858934656e-05, "grad_rel": 0.4987888544797897, "iteration": 3960, "loss": 0.1412493348121643, "lr": 2.2275627006416737e-05, "mse": 0.00013046642852714284, "p_zero": 0.0, "point_rel": 0.07655834332108498, "residual_mse": 0.00013046642925473861, "temporal_rel": 0.9013931334018708, "tke_rel": 0.502127243578434}
TRAIN {"angle_aug_abs_deg": 0.0, "aoa_effective_shift_abs_deg_mean": 0.0, "aoa_meanfield_aug_fraction": 0.0, "aoa_meanfield_lambda_mean": 0.0, "delta_penalty": 2.8983917763980573e-05, "grad_rel": 0.5055028170347213, "iteration": 3980, "loss": 0.14235289618372918, "lr": 2.1499578338283634e-05, "mse": 0.0001287082986891619, "p_zero": 0.0, "point_rel": 0.07730593681335449, "residual_mse": 0.00012870829978055552, "temporal_rel": 0.905779242515564, "tke_rel": 0.5041974738240242}
TRAIN {"angle_aug_abs_deg": 0.0, "aoa_effective_shift_abs_deg_mean": 0.0, "aoa_meanfield_aug_fraction": 0.0, "aoa_meanfield_lambda_mean": 0.0, "delta_penalty": 2.9070189248159296e-05, "grad_rel": 0.5010519161820411, "iteration": 4000, "loss": 0.14316146299242974, "lr": 2.073565752009838e-05, "mse": 0.00013677175011252984, "p_zero": 0.0, "point_rel": 0.07776723597198724, "residual_mse": 0.00013677174865733832, "temporal_rel": 0.9058419406414032, "tke_rel": 0.5110262587666512}
EVAL_TOP {"alpha": 1.0, "best_bound_abs": 0.0075, "best_bound_rel": 0.0075, "best_bounds": [{"abs": 0.0075, "coverage": 0.8238921928405761, "final_est": 81.13958044684867, "rel": 0.0075, "sps_raw": 0.46988751578330995, "sps_score_linear": 46.988751578331, "sps_score_used": 46.988751578331}], "best_final_est": 81.13958044684867, "iteration": 4000, "mean_t_neural_s": 0.01762683533, "mvpe": 0.07800058601424098, "mvpe_score": 96.24636361802708, "n": 640, "rel_l2": 0.08518885020166636, "rel_l2_score": 95.9145738673297, "time_score": 86.54248999999716, "tke": 0.49982116371393204, "tke_score": 80.0057231705584}
BEST iteration=4000 final_est=81.139580 alpha=1.0 abs=0.0075 rel=0.0075
TRAIN {"angle_aug_abs_deg": 0.0, "aoa_effective_shift_abs_deg_mean": 0.0, "aoa_meanfield_aug_fraction": 0.0, "aoa_meanfield_lambda_mean": 0.0, "delta_penalty": 3.0991825860837706e-05, "grad_rel": 0.5002220690250396, "iteration": 4020, "loss": 0.14157478846609592, "lr": 1.998398257310039e-05, "mse": 0.00014010220620548354, "p_zero": 0.0, "point_rel": 0.07668577805161476, "residual_mse": 0.000140102204750292, "temporal_rel": 0.9060134053230285, "tke_rel": 0.5027104601264}
TRAIN {"angle_aug_abs_deg": 0.0, "aoa_effective_shift_abs_deg_mean": 0.0, "aoa_meanfield_aug_fraction": 0.0, "aoa_meanfield_lambda_mean": 0.0, "delta_penalty": 2.9898372667958027e-05, "grad_rel": 0.5007827088236809, "iteration": 4040, "loss": 0.14202987626194954, "lr": 1.9244669626614484e-05, "mse": 0.00013350447043194435, "p_zero": 0.0, "point_rel": 0.07635599412024022, "residual_mse": 0.00013350447043194435, "temporal_rel": 0.9054725885391235, "tke_rel": 0.5159552603960037}
TRAIN {"angle_aug_abs_deg": 0.0, "aoa_effective_shift_abs_deg_mean": 0.0, "aoa_meanfield_aug_fraction": 0.0, "aoa_meanfield_lambda_mean": 0.0, "delta_penalty": 2.9313570667000022e-05, "grad_rel": 0.5001805409789085, "iteration": 4060, "loss": 0.1396525762975216, "lr": 1.8517832900109606e-05, "mse": 0.00011642980616670684, "p_zero": 0.0, "point_rel": 0.07503923252224923, "residual_mse": 0.00011642980580290896, "temporal_rel": 0.9032216876745224, "tke_rel": 0.49964120984077454}
TRAIN {"angle_aug_abs_deg": 0.0, "aoa_effective_shift_abs_deg_mean": 0.0, "aoa_meanfield_aug_fraction": 0.0, "aoa_meanfield_lambda_mean": 0.0, "delta_penalty": 3.0113342836557423e-05, "grad_rel": 0.49782647341489794, "iteration": 4080, "loss": 0.14020994044840335, "lr": 1.7803584685552848e-05, "mse": 0.00012942458342877217, "p_zero": 0.0, "point_rel": 0.07588323764503002, "residual_mse": 0.00012942458342877217, "temporal_rel": 0.8987807214260102, "tke_rel": 0.49760757982730863}
TRAIN {"angle_aug_abs_deg": 0.0, "aoa_effective_shift_abs_deg_mean": 0.0, "aoa_meanfield_aug_fraction": 0.0, "aoa_meanfield_lambda_mean": 0.0, "delta_penalty": 2.8650634521909524e-05, "grad_rel": 0.4990831077098846, "iteration": 4100, "loss": 0.14098371639847757, "lr": 1.7102035330060587e-05, "mse": 0.0001249299086339306, "p_zero": 0.0, "point_rel": 0.07610356621444225, "residual_mse": 0.00012492990827013274, "temporal_rel": 0.9063744366168975, "tke_rel": 0.5027436405420304}
TRAIN {"angle_aug_abs_deg": 0.0, "aoa_effective_shift_abs_deg_mean": 0.0, "aoa_meanfield_aug_fraction": 0.0, "aoa_meanfield_lambda_mean": 0.0, "delta_penalty": 2.9011569404246983e-05, "grad_rel": 0.49824448823928835, "iteration": 4120, "loss": 0.14052459299564363, "lr": 1.6413293218850794e-05, "mse": 0.00012116076086385875, "p_zero": 0.0, "point_rel": 0.07528776973485947, "residual_mse": 0.00012116075849917251, "temporal_rel": 0.9090761333703995, "tke_rel": 0.5075657740235329}
TRAIN {"angle_aug_abs_deg": 0.0, "aoa_effective_shift_abs_deg_mean": 0.0, "aoa_meanfield_aug_fraction": 0.0, "aoa_meanfield_lambda_mean": 0.0, "delta_penalty": 3.0238796171033755e-05, "grad_rel": 0.5017819121479988, "iteration": 4140, "loss": 0.14118743054568766, "lr": 1.573746475849821e-05, "mse": 0.00012556508072520957, "p_zero": 0.0, "point_rel": 0.0763197721913457, "residual_mse": 0.00012556508072520957, "temporal_rel": 0.9048103988170624, "tke_rel": 0.5026391059160232}
TRAIN {"angle_aug_abs_deg": 0.0, "aoa_effective_shift_abs_deg_mean": 0.0, "aoa_meanfield_aug_fraction": 0.0, "aoa_meanfield_lambda_mean": 0.0, "delta_penalty": 2.902247451856965e-05, "grad_rel": 0.49699494540691375, "iteration": 4160, "loss": 0.13881899863481523, "lr": 1.50746543604949e-05, "mse": 0.00011765556992031634, "p_zero": 0.0, "point_rel": 0.07475022841244935, "residual_mse": 0.00011765556992031634, "temporal_rel": 0.8999914556741715, "tke_rel": 0.4929703935980797}
TRAIN {"angle_aug_abs_deg": 0.0, "aoa_effective_shift_abs_deg_mean": 0.0, "aoa_meanfield_aug_fraction": 0.0, "aoa_meanfield_lambda_mean": 0.0, "delta_penalty": 3.081322811340215e-05, "grad_rel": 0.5021223932504654, "iteration": 4180, "loss": 0.14219580367207527, "lr": 1.442496442511946e-05, "mse": 0.00013302795377967414, "p_zero": 0.0, "point_rel": 0.07717449106276035, "residual_mse": 0.00013302795159688685, "temporal_rel": 0.9046379327774048, "tke_rel": 0.5051635846495628}
TRAIN {"angle_aug_abs_deg": 0.0, "aoa_effective_shift_abs_deg_mean": 0.0, "aoa_meanfield_aug_fraction": 0.0, "aoa_meanfield_lambda_mean": 0.0, "delta_penalty": 2.9228437779238447e-05, "grad_rel": 0.49696990102529526, "iteration": 4200, "loss": 0.1403462003916502, "lr": 1.378849532561688e-05, "mse": 0.00012290102640690747, "p_zero": 0.0, "point_rel": 0.07521763779222965, "residual_mse": 0.00012290102640690747, "temporal_rel": 0.906238466501236, "tke_rel": 0.507490099966526}
TRAIN {"angle_aug_abs_deg": 0.0, "aoa_effective_shift_abs_deg_mean": 0.0, "aoa_meanfield_aug_fraction": 0.0, "aoa_meanfield_lambda_mean": 0.0, "delta_penalty": 3.0404604876821396e-05, "grad_rel": 0.5030078887939453, "iteration": 4220, "loss": 0.14243878349661826, "lr": 1.316534539269124e-05, "mse": 0.00013066422379779397, "p_zero": 0.0, "point_rel": 0.07729600928723812, "residual_mse": 0.0001306642227064003, "temporal_rel": 0.9012388408184051, "tke_rel": 0.5086781173944473}
TRAIN {"angle_aug_abs_deg": 0.0, "aoa_effective_shift_abs_deg_mean": 0.0, "aoa_meanfield_aug_fraction": 0.0, "aoa_meanfield_lambda_mean": 0.0, "delta_penalty": 2.8780580669263146e-05, "grad_rel": 0.49246576577425005, "iteration": 4240, "loss": 0.1374263886362314, "lr": 1.2555610899314306e-05, "mse": 0.00011930003875022521, "p_zero": 0.0, "point_rel": 0.07361284270882607, "residual_mse": 0.0001193000391140231, "temporal_rel": 0.8983619898557663, "tke_rel": 0.49065558314323426}
TRAIN {"angle_aug_abs_deg": 0.0, "aoa_effective_shift_abs_deg_mean": 0.0, "aoa_meanfield_aug_fraction": 0.0, "aoa_meanfield_lambda_mean": 0.0, "delta_penalty": 3.0316043466882548e-05, "grad_rel": 0.5011127039790153, "iteration": 4260, "loss": 0.14126852042973043, "lr": 1.1959386045852014e-05, "mse": 0.00012939285707034288, "p_zero": 0.0, "point_rel": 0.07728375922888517, "residual_mse": 0.0001293928563427471, "temporal_rel": 0.8994563341140747, "tke_rel": 0.4907493397593498}
TRAIN {"angle_aug_abs_deg": 0.0, "aoa_effective_shift_abs_deg_mean": 0.0, "aoa_meanfield_aug_fraction": 0.0, "aoa_meanfield_lambda_mean": 0.0, "delta_penalty": 2.9226120932435152e-05, "grad_rel": 0.49825379997491837, "iteration": 4280, "loss": 0.13918552845716475, "lr": 1.1376762945510951e-05, "mse": 0.00012849794075009413, "p_zero": 0.0, "point_rel": 0.07535664029419423, "residual_mse": 0.00012849794111389202, "temporal_rel": 0.8949682682752609, "tke_rel": 0.491115003824234}
TRAIN {"angle_aug_abs_deg": 0.0, "aoa_effective_shift_abs_deg_mean": 0.0, "aoa_meanfield_aug_fraction": 0.0, "aoa_meanfield_lambda_mean": 0.0, "delta_penalty": 3.07175362650014e-05, "grad_rel": 0.5014293521642685, "iteration": 4300, "loss": 0.14208470284938812, "lr": 1.080783161010749e-05, "mse": 0.00013383913956204195, "p_zero": 0.0, "point_rel": 0.07738542035222054, "residual_mse": 0.0001338391388344462, "temporal_rel": 0.9038333833217621, "tke_rel": 0.5003679424524308}
TRAIN {"angle_aug_abs_deg": 0.0, "aoa_effective_shift_abs_deg_mean": 0.0, "aoa_meanfield_aug_fraction": 0.0, "aoa_meanfield_lambda_mean": 0.0, "delta_penalty": 2.9666565660591003e-05, "grad_rel": 0.49910503029823305, "iteration": 4320, "loss": 0.14049678444862365, "lr": 1.0252679936161362e-05, "mse": 0.00012625042199942982, "p_zero": 0.0, "point_rel": 0.07598313335329294, "residual_mse": 0.00012625042163563193, "temporal_rel": 0.8966124802827835, "tke_rel": 0.5015039026737214}
TRAIN {"angle_aug_abs_deg": 0.0, "aoa_effective_shift_abs_deg_mean": 0.0, "aoa_meanfield_aug_fraction": 0.0, "aoa_meanfield_lambda_mean": 0.0, "delta_penalty": 2.9984549655637238e-05, "grad_rel": 0.500715397298336, "iteration": 4340, "loss": 0.14241283796727658, "lr": 9.711393691316356e-06, "mse": 0.00013753009279753313, "p_zero": 0.0, "point_rel": 0.07722600046545267, "residual_mse": 0.0001375300938889268, "temporal_rel": 0.9012015074491501, "tke_rel": 0.5099700272083283}
TRAIN {"angle_aug_abs_deg": 0.0, "aoa_effective_shift_abs_deg_mean": 0.0, "aoa_meanfield_aug_fraction": 0.0, "aoa_meanfield_lambda_mean": 0.0, "delta_penalty": 2.916159146479913e-05, "grad_rel": 0.5024546205997467, "iteration": 4360, "loss": 0.14202181659638882, "lr": 9.184056501089608e-06, "mse": 0.00013544952980737435, "p_zero": 0.0, "point_rel": 0.07694120928645135, "residual_mse": 0.00013544953017117223, "temporal_rel": 0.9042179852724075, "tke_rel": 0.5062672138214112}
TRAIN {"angle_aug_abs_deg": 0.0, "aoa_effective_shift_abs_deg_mean": 0.0, "aoa_meanfield_aug_fraction": 0.0, "aoa_meanfield_lambda_mean": 0.0, "delta_penalty": 3.096077507507289e-05, "grad_rel": 0.4960846617817879, "iteration": 4380, "loss": 0.13970748372375966, "lr": 8.670749835951963e-06, "mse": 0.00013039140467299148, "p_zero": 0.0, "point_rel": 0.07539328690618277, "residual_mse": 0.00013039140321779996, "temporal_rel": 0.9005287647247314, "tke_rel": 0.49695549011230467}
TRAIN {"angle_aug_abs_deg": 0.0, "aoa_effective_shift_abs_deg_mean": 0.0, "aoa_meanfield_aug_fraction": 0.0, "aoa_meanfield_lambda_mean": 0.0, "delta_penalty": 3.009828014910454e-05, "grad_rel": 0.4981513455510139, "iteration": 4400, "loss": 0.13905130326747894, "lr": 8.171552998741276e-06, "mse": 0.00011871960014104843, "p_zero": 0.0, "point_rel": 0.0751078462228179, "residual_mse": 0.00011871959977725056, "temporal_rel": 0.896422603726387, "tke_rel": 0.4923714935779572}
TRAIN {"angle_aug_abs_deg": 0.0, "aoa_effective_shift_abs_deg_mean": 0.0, "aoa_meanfield_aug_fraction": 0.0, "aoa_meanfield_lambda_mean": 0.0, "delta_penalty": 2.972270021928125e-05, "grad_rel": 0.4977811545133591, "iteration": 4420, "loss": 0.1408153332769871, "lr": 7.686543112410667e-06, "mse": 0.00012750122677971377, "p_zero": 0.0, "point_rel": 0.07537174578756094, "residual_mse": 0.0001275012251426233, "temporal_rel": 0.9027882248163224, "tke_rel": 0.5142396941781044}
TRAIN {"angle_aug_abs_deg": 0.0, "aoa_effective_shift_abs_deg_mean": 0.0, "aoa_meanfield_aug_fraction": 0.0, "aoa_meanfield_lambda_mean": 0.0, "delta_penalty": 2.979207611133461e-05, "grad_rel": 0.5008643299341202, "iteration": 4440, "loss": 0.14174818322062493, "lr": 7.215795108113317e-06, "mse": 0.00012856953471782618, "p_zero": 0.0, "point_rel": 0.07717217989265919, "residual_mse": 0.0001285695348997251, "temporal_rel": 0.9034011512994766, "tke_rel": 0.49869738668203356}
TRAIN {"angle_aug_abs_deg": 0.0, "aoa_effective_shift_abs_deg_mean": 0.0, "aoa_meanfield_aug_fraction": 0.0, "aoa_meanfield_lambda_mean": 0.0, "delta_penalty": 3.0093585064605576e-05, "grad_rel": 0.49667060524225237, "iteration": 4460, "loss": 0.1393603805452585, "lr": 6.759381713626255e-06, "mse": 0.00011896685136889574, "p_zero": 0.0, "point_rel": 0.07482498977333307, "residual_mse": 0.00011896685064129997, "temporal_rel": 0.8995563507080078, "tke_rel": 0.5010392010211945}
TRAIN {"angle_aug_abs_deg": 0.0, "aoa_effective_shift_abs_deg_mean": 0.0, "aoa_meanfield_aug_fraction": 0.0, "aoa_meanfield_lambda_mean": 0.0, "delta_penalty": 3.11519977003627e-05, "grad_rel": 0.4969921916723251, "iteration": 4480, "loss": 0.1392460998147726, "lr": 6.317373442114172e-06, "mse": 0.00012584625856106867, "p_zero": 0.0, "point_rel": 0.07505432479083538, "residual_mse": 0.00012584625965246233, "temporal_rel": 0.9031895160675049, "tke_rel": 0.493380518257618}
TRAIN {"angle_aug_abs_deg": 0.0, "aoa_effective_shift_abs_deg_mean": 0.0, "aoa_meanfield_aug_fraction": 0.0, "aoa_meanfield_lambda_mean": 0.0, "delta_penalty": 3.004730351676699e-05, "grad_rel": 0.5002624839544296, "iteration": 4500, "loss": 0.13983449563384057, "lr": 5.88983858123562e-06, "mse": 0.00011766250700020464, "p_zero": 0.0, "point_rel": 0.07554247342050076, "residual_mse": 0.00011766250627260888, "temporal_rel": 0.9062174469232559, "tke_rel": 0.4927610710263252}
TRAIN {"angle_aug_abs_deg": 0.0, "aoa_effective_shift_abs_deg_mean": 0.0, "aoa_meanfield_aug_fraction": 0.0, "aoa_meanfield_lambda_mean": 0.0, "delta_penalty": 3.0196294028428382e-05, "grad_rel": 0.49868860840797424, "iteration": 4520, "loss": 0.1406968157738447, "lr": 5.476843182593052e-06, "mse": 0.00012896075586468214, "p_zero": 0.0, "point_rel": 0.07544988580048084, "residual_mse": 0.0001289607551370864, "temporal_rel": 0.9069995999336242, "tke_rel": 0.5086220234632493}
TRAIN {"angle_aug_abs_deg": 0.0, "aoa_effective_shift_abs_deg_mean": 0.0, "aoa_meanfield_aug_fraction": 0.0, "aoa_meanfield_lambda_mean": 0.0, "delta_penalty": 2.9331838777579833e-05, "grad_rel": 0.5009239837527275, "iteration": 4540, "loss": 0.14132123962044715, "lr": 5.078451051528091e-06, "mse": 0.00012414985012583203, "p_zero": 0.0, "point_rel": 0.0771845618262887, "residual_mse": 0.00012414985194482143, "temporal_rel": 0.8997298806905747, "tke_rel": 0.4932181254029274}
TRAIN {"angle_aug_abs_deg": 0.0, "aoa_effective_shift_abs_deg_mean": 0.0, "aoa_meanfield_aug_fraction": 0.0, "aoa_meanfield_lambda_mean": 0.0, "delta_penalty": 3.044704180865665e-05, "grad_rel": 0.5007464691996575, "iteration": 4560, "loss": 0.14047403112053872, "lr": 4.694723737264079e-06, "mse": 0.00012688126480497885, "p_zero": 0.0, "point_rel": 0.07603320479393005, "residual_mse": 0.00012688126334978734, "temporal_rel": 0.9032092243432999, "tke_rel": 0.4965780347585678}
TRAIN {"angle_aug_abs_deg": 0.0, "aoa_effective_shift_abs_deg_mean": 0.0, "aoa_meanfield_aug_fraction": 0.0, "aoa_meanfield_lambda_mean": 0.0, "delta_penalty": 2.896094028983498e-05, "grad_rel": 0.49824669361114504, "iteration": 4580, "loss": 0.13997703641653061, "lr": 4.32572052339711e-06, "mse": 0.00012310985985095613, "p_zero": 0.0, "point_rel": 0.07487919740378857, "residual_mse": 0.00012310985985095613, "temporal_rel": 0.9103191137313843, "tke_rel": 0.5046175926923752}
TRAIN {"angle_aug_abs_deg": 0.0, "aoa_effective_shift_abs_deg_mean": 0.0, "aoa_meanfield_aug_fraction": 0.0, "aoa_meanfield_lambda_mean": 0.0, "delta_penalty": 2.879043640859891e-05, "grad_rel": 0.49655730873346327, "iteration": 4600, "loss": 0.1392765510827303, "lr": 3.97149841873696e-06, "mse": 0.00011722172803274589, "p_zero": 0.0, "point_rel": 0.07465726733207703, "residual_mse": 0.00011722172730515013, "temporal_rel": 0.9052224576473236, "tke_rel": 0.49964179694652555}
TRAIN {"angle_aug_abs_deg": 0.0, "aoa_effective_shift_abs_deg_mean": 0.0, "aoa_meanfield_aug_fraction": 0.0, "aoa_meanfield_lambda_mean": 0.0, "delta_penalty": 2.985415731018293e-05, "grad_rel": 0.5003466561436654, "iteration": 4620, "loss": 0.1412028018385172, "lr": 3.6321121484996427e-06, "mse": 0.00013190310219215461, "p_zero": 0.0, "point_rel": 0.07627433501183986, "residual_mse": 0.0001319030989179737, "temporal_rel": 0.8982068181037903, "tke_rel": 0.507281543314457}
TRAIN {"angle_aug_abs_deg": 0.0, "aoa_effective_shift_abs_deg_mean": 0.0, "aoa_meanfield_aug_fraction": 0.0, "aoa_meanfield_lambda_mean": 0.0, "delta_penalty": 2.9828522201569285e-05, "grad_rel": 0.4985764488577843, "iteration": 4640, "loss": 0.14009458310902118, "lr": 3.307614145852721e-06, "mse": 0.00012574455540743658, "p_zero": 0.0, "point_rel": 0.07536885440349579, "residual_mse": 0.00012574455486173973, "temporal_rel": 0.8991900146007538, "tke_rel": 0.5038843125104904}
TRAIN {"angle_aug_abs_deg": 0.0, "aoa_effective_shift_abs_deg_mean": 0.0, "aoa_meanfield_aug_fraction": 0.0, "aoa_meanfield_lambda_mean": 0.0, "delta_penalty": 3.099140867561801e-05, "grad_rel": 0.4995922535657883, "iteration": 4660, "loss": 0.1411322422325611, "lr": 2.998054543814577e-06, "mse": 0.0001306679714616621, "p_zero": 0.0, "point_rel": 0.07644661329686642, "residual_mse": 0.0001306679714616621, "temporal_rel": 0.9038072109222413, "tke_rel": 0.5006285727024078}
TRAIN {"angle_aug_abs_deg": 0.0, "aoa_effective_shift_abs_deg_mean": 0.0, "aoa_meanfield_aug_fraction": 0.0, "aoa_meanfield_lambda_mean": 0.0, "delta_penalty": 3.0691946085426026e-05, "grad_rel": 0.4985180512070656, "iteration": 4680, "loss": 0.13932226672768594, "lr": 2.703481167509271e-06, "mse": 0.0001245018973349943, "p_zero": 0.0, "point_rel": 0.07558192424476147, "residual_mse": 0.00012450189806259004, "temporal_rel": 0.8997390985488891, "tke_rel": 0.48720724880695343}
TRAIN {"angle_aug_abs_deg": 0.0, "aoa_effective_shift_abs_deg_mean": 0.0, "aoa_meanfield_aug_fraction": 0.0, "aoa_meanfield_lambda_mean": 0.0, "delta_penalty": 2.981553006975446e-05, "grad_rel": 0.49886162132024764, "iteration": 4700, "loss": 0.14036511071026325, "lr": 2.4239395267777747e-06, "mse": 0.00012276278848730727, "p_zero": 0.0, "point_rel": 0.07543622944504022, "residual_mse": 0.00012276278484932846, "temporal_rel": 0.9043786019086838, "tke_rel": 0.5046195328235626}
TRAIN {"angle_aug_abs_deg": 0.0, "aoa_effective_shift_abs_deg_mean": 0.0, "aoa_meanfield_aug_fraction": 0.0, "aoa_meanfield_lambda_mean": 0.0, "delta_penalty": 3.1120745006774087e-05, "grad_rel": 0.5054597809910775, "iteration": 4720, "loss": 0.14244350120425225, "lr": 2.159472809147001e-06, "mse": 0.00014216160107025644, "p_zero": 0.0, "point_rel": 0.07757445964962244, "residual_mse": 0.00014216160216165007, "temporal_rel": 0.9017632842063904, "tke_rel": 0.5031829565763474}
TRAIN {"angle_aug_abs_deg": 0.0, "aoa_effective_shift_abs_deg_mean": 0.0, "aoa_meanfield_aug_fraction": 0.0, "aoa_meanfield_lambda_mean": 0.0, "delta_penalty": 3.02109689982899e-05, "grad_rel": 0.49946916103363037, "iteration": 4740, "loss": 0.1410050518810749, "lr": 1.9101218731575674e-06, "mse": 0.000127666890330147, "p_zero": 0.0, "point_rel": 0.0764618955552578, "residual_mse": 0.000127666890330147, "temporal_rel": 0.9010960429906845, "tke_rel": 0.49965557307004926}
TRAIN {"angle_aug_abs_deg": 0.0, "aoa_effective_shift_abs_deg_mean": 0.0, "aoa_meanfield_aug_fraction": 0.0, "aoa_meanfield_lambda_mean": 0.0, "delta_penalty": 2.974631288452656e-05, "grad_rel": 0.49709170311689377, "iteration": 4760, "loss": 0.1389730792492628, "lr": 1.6759252420514242e-06, "mse": 0.0001216443148223334, "p_zero": 0.0, "point_rel": 0.07421155367046595, "residual_mse": 0.00012164431500423234, "temporal_rel": 0.9017483115196228, "tke_rel": 0.5035935893654824}
TRAIN {"angle_aug_abs_deg": 0.0, "aoa_effective_shift_abs_deg_mean": 0.0, "aoa_meanfield_aug_fraction": 0.0, "aoa_meanfield_lambda_mean": 0.0, "delta_penalty": 2.9550282306445297e-05, "grad_rel": 0.4966567263007164, "iteration": 4780, "loss": 0.139103727042675, "lr": 1.4569190978201974e-06, "mse": 0.00011671640295389807, "p_zero": 0.0, "point_rel": 0.07498307637870312, "residual_mse": 0.00011671640513668535, "temporal_rel": 0.903056874871254, "tke_rel": 0.4923914924263954}
TRAIN {"angle_aug_abs_deg": 0.0, "aoa_effective_shift_abs_deg_mean": 0.0, "aoa_meanfield_aug_fraction": 0.0, "aoa_meanfield_lambda_mean": 0.0, "delta_penalty": 3.105555633737822e-05, "grad_rel": 0.5011368960142135, "iteration": 4800, "loss": 0.1404836505651474, "lr": 1.253137275615346e-06, "mse": 0.00013454345116770128, "p_zero": 0.0, "point_rel": 0.07639528587460517, "residual_mse": 0.00013454344916681294, "temporal_rel": 0.9053177773952484, "tke_rel": 0.48951326310634613}
TRAIN {"angle_aug_abs_deg": 0.0, "aoa_effective_shift_abs_deg_mean": 0.0, "aoa_meanfield_aug_fraction": 0.0, "aoa_meanfield_lambda_mean": 0.0, "delta_penalty": 3.038010117961676e-05, "grad_rel": 0.5011566862463951, "iteration": 4820, "loss": 0.14095756858587266, "lr": 1.0646112585207647e-06, "mse": 0.00012753053688356885, "p_zero": 0.0, "point_rel": 0.07652800716459751, "residual_mse": 0.0001275305383387604, "temporal_rel": 0.8990300983190537, "tke_rel": 0.49837404787540435}
TRAIN {"angle_aug_abs_deg": 0.0, "aoa_effective_shift_abs_deg_mean": 0.0, "aoa_meanfield_aug_fraction": 0.0, "aoa_meanfield_lambda_mean": 0.0, "delta_penalty": 2.9179630018916214e-05, "grad_rel": 0.49559409618377687, "iteration": 4840, "loss": 0.13861777931451796, "lr": 8.913701726888658e-07, "mse": 0.00011636205654212972, "p_zero": 0.0, "point_rel": 0.07413453627377749, "residual_mse": 0.0001163620559964329, "temporal_rel": 0.9065060824155807, "tke_rel": 0.4969776511192322}
TRAIN {"angle_aug_abs_deg": 0.0, "aoa_effective_shift_abs_deg_mean": 0.0, "aoa_meanfield_aug_fraction": 0.0, "aoa_meanfield_lambda_mean": 0.0, "delta_penalty": 2.987799261973123e-05, "grad_rel": 0.5007998943328857, "iteration": 4860, "loss": 0.14001438319683074, "lr": 7.334407828407886e-07, "mse": 0.00012211336070322432, "p_zero": 0.0, "point_rel": 0.07521487511694432, "residual_mse": 0.0001221133614308201, "temporal_rel": 0.9072545826435089, "tke_rel": 0.5005440011620521}
TRAIN {"angle_aug_abs_deg": 0.0, "aoa_effective_shift_abs_deg_mean": 0.0, "aoa_meanfield_aug_fraction": 0.0, "aoa_meanfield_lambda_mean": 0.0, "delta_penalty": 3.1075830702320675e-05, "grad_rel": 0.4977853462100029, "iteration": 4880, "loss": 0.14019154459238053, "lr": 5.908474881313631e-07, "mse": 0.00013618471639347262, "p_zero": 0.0, "point_rel": 0.07600628063082696, "residual_mse": 0.00013618471821246202, "temporal_rel": 0.8987822324037552, "tke_rel": 0.49522569924592974}
TRAIN {"angle_aug_abs_deg": 0.0, "aoa_effective_shift_abs_deg_mean": 0.0, "aoa_meanfield_aug_fraction": 0.0, "aoa_meanfield_lambda_mean": 0.0, "delta_penalty": 2.958029353976599e-05, "grad_rel": 0.5008828401565552, "iteration": 4900, "loss": 0.14050062000751495, "lr": 4.636123183795918e-07, "mse": 0.00011779083779401844, "p_zero": 0.0, "point_rel": 0.07579351887106896, "residual_mse": 0.00011779083815781633, "temporal_rel": 0.9049405336380005, "tke_rel": 0.5001619130373001}
TRAIN {"angle_aug_abs_deg": 0.0, "aoa_effective_shift_abs_deg_mean": 0.0, "aoa_meanfield_aug_fraction": 0.0, "aoa_meanfield_lambda_mean": 0.0, "delta_penalty": 2.950081689050421e-05, "grad_rel": 0.4923328965902328, "iteration": 4920, "loss": 0.1373686458915472, "lr": 3.5175493066521584e-07, "mse": 0.00012005882344965358, "p_zero": 0.0, "point_rel": 0.07396460492163896, "residual_mse": 0.00012005882508674404, "temporal_rel": 0.8978441387414933, "tke_rel": 0.4841186538338661}
TRAIN {"angle_aug_abs_deg": 0.0, "aoa_effective_shift_abs_deg_mean": 0.0, "aoa_meanfield_aug_fraction": 0.0, "aoa_meanfield_lambda_mean": 0.0, "delta_penalty": 3.0341820911417015e-05, "grad_rel": 0.5025615990161896, "iteration": 4940, "loss": 0.14060236290097236, "lr": 2.55292606291735e-07, "mse": 0.00012600577210832852, "p_zero": 0.0, "point_rel": 0.07597544938325881, "residual_mse": 0.00012600577174453064, "temporal_rel": 0.9053912281990051, "tke_rel": 0.4981390744447708}
TRAIN {"angle_aug_abs_deg": 0.0, "aoa_effective_shift_abs_deg_mean": 0.0, "aoa_meanfield_aug_fraction": 0.0, "aoa_meanfield_lambda_mean": 0.0, "delta_penalty": 3.0168628836690913e-05, "grad_rel": 0.49812368750572206, "iteration": 4960, "loss": 0.1393721889704466, "lr": 1.7424024811665288e-07, "mse": 0.00012468065815482988, "p_zero": 0.0, "point_rel": 0.0747808001935482, "residual_mse": 0.00012468065888242562, "temporal_rel": 0.9072394967079163, "tke_rel": 0.4977389797568321}
TRAIN {"angle_aug_abs_deg": 0.0, "aoa_effective_shift_abs_deg_mean": 0.0, "aoa_meanfield_aug_fraction": 0.0, "aoa_meanfield_lambda_mean": 0.0, "delta_penalty": 3.0450798112724443e-05, "grad_rel": 0.5036137595772743, "iteration": 4980, "loss": 0.14213619194924831, "lr": 1.0861037824896351e-07, "mse": 0.00013538482526200823, "p_zero": 0.0, "point_rel": 0.07744506746530533, "residual_mse": 0.00013538482671719975, "temporal_rel": 0.9036494851112366, "tke_rel": 0.4997702106833458}
TRAIN {"angle_aug_abs_deg": 0.0, "aoa_effective_shift_abs_deg_mean": 0.0, "aoa_meanfield_aug_fraction": 0.0, "aoa_meanfield_lambda_mean": 0.0, "delta_penalty": 3.046023693968891e-05, "grad_rel": 0.4959582358598709, "iteration": 5000, "loss": 0.13997275680303572, "lr": 5.841313611465458e-08, "mse": 0.00012804917787434533, "p_zero": 0.0, "point_rel": 0.07505700178444386, "residual_mse": 0.0001280491786019411, "temporal_rel": 0.9051050990819931, "tke_rel": 0.5047367662191391}
EVAL_TOP {"alpha": 1.0, "best_bound_abs": 0.0075, "best_bound_rel": 0.0075, "best_bounds": [{"abs": 0.0075, "coverage": 0.8239352035522461, "final_est": 81.18658707933824, "rel": 0.0075, "sps_raw": 0.4706357772350311, "sps_score_linear": 47.06357772350311, "sps_score_used": 47.06357772350311}], "best_final_est": 81.18658707933824, "iteration": 5000, "mean_t_neural_s": 0.01762683533, "mvpe": 0.07761705536395311, "mvpe_score": 96.26413081450391, "n": 640, "rel_l2": 0.08482468295842409, "rel_l2_score": 95.93132776814328, "time_score": 86.54248999999716, "tke": 0.49590020030736925, "tke_score": 80.1314090905438}
BEST iteration=5000 final_est=81.186587 alpha=1.0 abs=0.0075 rel=0.0075
TRAIN {"angle_aug_abs_deg": 0.0, "aoa_effective_shift_abs_deg_mean": 0.0, "aoa_meanfield_aug_fraction": 0.0, "aoa_meanfield_lambda_mean": 0.0, "delta_penalty": 3.018662782778847e-05, "grad_rel": 0.5042058378458023, "iteration": 5020, "loss": 0.1423739440739155, "lr": 2.3656276890138304e-08, "mse": 0.00013068930948065827, "p_zero": 0.0, "point_rel": 0.07732745334506035, "residual_mse": 0.00013068930766166887, "temporal_rel": 0.9027955502271652, "tke_rel": 0.5059954628348351}
TRAIN {"angle_aug_abs_deg": 0.0, "aoa_effective_shift_abs_deg_mean": 0.0, "aoa_meanfield_aug_fraction": 0.0, "aoa_meanfield_lambda_mean": 0.0, "delta_penalty": 3.030519983440172e-05, "grad_rel": 0.4996656611561775, "iteration": 5040, "loss": 0.14170582741498947, "lr": 4.345170304220773e-09, "mse": 0.000137923494730785, "p_zero": 0.0, "point_rel": 0.07752453051507473, "residual_mse": 0.00013792349454888608, "temporal_rel": 0.898302111029625, "tke_rel": 0.4949210971593857}
EVAL_TOP {"alpha": 1.0, "best_bound_abs": 0.0075, "best_bound_rel": 0.0075, "best_bounds": [{"abs": 0.0075, "coverage": 0.8239428329467774, "final_est": 81.18637282148931, "rel": 0.0075, "sps_raw": 0.4706366231441498, "sps_score_linear": 47.06366231441498, "sps_score_used": 47.06366231441498}], "best_final_est": 81.18637282148931, "iteration": 5055, "mean_t_neural_s": 0.01762683533, "mvpe": 0.077619051001966, "mvpe_score": 96.26403834887185, "n": 640, "rel_l2": 0.08482468985021115, "rel_l2_score": 95.93132745102393, "time_score": 86.54248999999716, "tke": 0.4959333136677742, "tke_score": 80.13034599313872}
DONE out_dir=/hy-tmp/realpde_runs/disjoint_trajectory_sampling_screen_20260923_v1/B_train65_stratified_random_start best_iter=5000 best_score=81.186587 alpha=1.0 abs=0.0075 rel=0.0075 primary={"alpha": 1.0, "base_mvpe_raw": 0.08762361109256744, "base_rel_l2_raw": 0.0979706197977066, "base_tke_raw": 0.7003257870674133, "experiment": "B_train65_stratified_random_start", "mvpe_improvement_vs_base": 0.11417651176452637, "mvpe_raw": 0.0776190534234047, "rel_l2_improvement_vs_base": 0.13418233394622803, "rel_l2_raw": 0.08482469618320465, "tke_improvement_vs_base": 0.2918533682823181, "tke_raw": 0.4959333539009094, "trajectories": 16, "windows": 640}
