/hy-tmp/realpde-v2-batch-benchmark/tools/colleague_80pt/realpde_h5_feature_adapter_train.py:314: FutureWarning: You are using `torch.load` with `weights_only=False` (the current default value), which uses the default pickle module implicitly. It is possible to construct malicious pickle data which will execute arbitrary code during unpickling (See https://github.com/pytorch/pytorch/blob/main/SECURITY.md#untrusted-models for more details). In a future release, the default value for `weights_only` will be flipped to `True`. This limits the functions that could be executed during unpickling. Arbitrary objects will no longer be allowed to be loaded via this mode unless they are explicitly allowlisted by the user via `torch.serialization.add_safe_globals`. We recommend you start setting `weights_only=True` for any use case where you don't have full control of the loaded file. Please open an issue on GitHub for any issues related to this experimental feature.
  checkpoint = torch.load(checkpoint_path, map_location=device)
/hy-tmp/realpde-v2-batch-benchmark/tools/colleague_80pt/residual_multi.py:77: FutureWarning: You are using `torch.load` with `weights_only=False` (the current default value), which uses the default pickle module implicitly. It is possible to construct malicious pickle data which will execute arbitrary code during unpickling (See https://github.com/pytorch/pytorch/blob/main/SECURITY.md#untrusted-models for more details). In a future release, the default value for `weights_only` will be flipped to `True`. This limits the functions that could be executed during unpickling. Arbitrary objects will no longer be allowed to be loaded via this mode unless they are explicitly allowlisted by the user via `torch.serialization.add_safe_globals`. We recommend you start setting `weights_only=True` for any use case where you don't have full control of the loaded file. Please open an issue on GitHub for any issues related to this experimental feature.
  checkpoint = torch.load(checkpoint_path, map_location=device)
{
  "real_root": "/hy-tmp/realpde_data/train_real",
  "split_manifest": "/hy-tmp/realpde_bootstrap_20260922/env_bundle/code/docs/colleague_screening/results/20260921/colleague_dev16_manifest.json",
  "allow_train_dev_overlap": true,
  "checkpoint": "/hy-tmp/realpde_assets/colleague-80pt/20260921/extracted/handoff_colleague_80pt_archive_20260921/checkpoints/cno_final_all81.pt",
  "resume_checkpoint": "/hy-tmp/realpde_assets/colleague-80pt/20260921/extracted/handoff_colleague_80pt_archive_20260921/checkpoints/residual_model_best.pth",
  "resume_iteration": 34000,
  "optimizer_policy": "reset_identically_for_each_screen_arm",
  "realpdebench_root": "/hy-tmp/realpde-competition/tools/colleague_80pt/submission",
  "device": "cuda:0",
  "train_trajectories": 81,
  "fit_trajectories": 81,
  "val_trajectories": 16,
  "train_windows": 3260,
  "val_windows": 640,
  "train_window_mode": "fixed",
  "angle_augmentation": {
    "kind": "global_uv_component_rotation",
    "max_abs_degrees": 0.0,
    "training_only": true,
    "same_angle_for_past_and_future": true,
    "spatial_grid_rotated": false,
    "physical_exact_aoa_claimed": false
  },
  "aoa_meanfield_augmentation": {
    "kind": "same_re_adjacent_aoa_past20_mean_field_shift",
    "probability": 0.0,
    "lambda_min": 0.2,
    "lambda_max": 0.5,
    "max_neighbor_gap_deg": 5.1,
    "min_eligible_fraction": 0.8,
    "bridge_pair": null,
    "training_only": true,
    "aoa_re_model_inputs": false,
    "future_used_to_construct_input_shift": false,
    "audit": null
  },
  "phase_counts_equalized": true,
  "updates": 12000,
  "eval_interval": 2000,
  "batch_size": 8,
  "test_batch_size": 32,
  "lr": 0.0002,
  "weight_decay": 1e-05,
  "corrector_config": {
    "hidden": 96,
    "blocks": 2,
    "dropout": 0.0,
    "include_pressure": true,
    "max_delta": 0.04,
    "history_context": false
  },
  "train_alpha": 1.0,
  "eval_alphas": [
    0.0,
    0.025,
    0.05,
    0.075,
    0.1,
    0.15,
    0.2,
    0.3,
    0.5,
    0.75,
    1.0
  ],
  "abs_widths": [
    0.0075
  ],
  "rel_widths": [
    0.0075
  ],
  "loss_weights": {
    "point": 1.0,
    "mse": 0.05,
    "tke": 0.12,
    "temporal": 0.03,
    "grad": 0.015,
    "p_zero": 0.01
  },
  "gradient_mode": "project_tke",
  "gradient_projection": "project weighted TKE gradient orthogonal to primary residual gradient only when their dot product is negative",
  "residual_mse": 0.25,
  "delta_penalty": 0.02,
  "fixed_time_seconds": 0.01762683533,
  "benchmark_mode": false,
  "trainable_parameters": 1087849,
  "total_parameters": 9048316
}
EVAL_TOP {"alpha": 1.0, "best_bound_abs": 0.0075, "best_bound_rel": 0.0075, "best_bounds": [{"abs": 0.0075, "coverage": 0.8336611938476562, "final_est": 81.87247414303005, "rel": 0.0075, "sps_raw": 0.48458640050888063, "sps_score_linear": 48.458640050888064, "sps_score_used": 48.458640050888064}], "best_final_est": 81.87247414303005, "iteration": 0, "mean_t_neural_s": 0.01762683533, "mvpe": 0.07111712982878089, "mvpe_score": 96.56624298044119, "n": 640, "rel_l2": 0.08042023908346892, "rel_l2_score": 96.13442334521328, "time_score": 86.54248999999716, "tke": 0.44916229918599127, "tke_score": 81.66057433861056}
TRAIN {"angle_aug_abs_deg": 0.0, "aoa_effective_shift_abs_deg_mean": 0.0, "aoa_meanfield_aug_fraction": 0.0, "aoa_meanfield_lambda_mean": 0.0, "delta_penalty": 4.066594865435036e-05, "energy_loss": 0.05619488060474396, "grad_rel": 0.4910424768924713, "iteration": 20, "loss": 0.16705335080623626, "lr": 0.00019999862922474274, "mse": 0.00013426552668533988, "p_zero": 0.0, "pareto_conflict": 0.3, "pareto_grad_cosine_before": 0.022336574329528958, "pareto_grad_dot_after": 0.04762356402607111, "pareto_grad_dot_before": 0.024424640543293206, "pareto_primary_grad_norm": 1.4911321327090263, "pareto_projected_tke_grad_norm": 0.5192830502986908, "pareto_tke_grad_norm": 0.5225630819797515, "point_rel": 0.07666468955576419, "primary_loss": 0.11085847318172455, "residual_mse": 0.00013426552450255259, "temporal_rel": 0.8929017722606659, "tke_rel": 0.46829068213701247}
TRAIN {"angle_aug_abs_deg": 0.0, "aoa_effective_shift_abs_deg_mean": 0.0, "aoa_meanfield_aug_fraction": 0.0, "aoa_meanfield_lambda_mean": 0.0, "delta_penalty": 3.9409208784491054e-05, "energy_loss": 0.05713360011577606, "grad_rel": 0.49932231307029723, "iteration": 40, "loss": 0.16982102692127227, "lr": 0.00019999451693655131, "mse": 0.0001224058078150847, "p_zero": 0.0, "pareto_conflict": 0.65, "pareto_grad_cosine_before": 0.006947994267102331, "pareto_grad_dot_after": 0.03603163047810085, "pareto_grad_dot_before": 0.009695916611235589, "pareto_primary_grad_norm": 1.009933841228485, "pareto_projected_tke_grad_norm": 0.5047219052910805, "pareto_tke_grad_norm": 0.5065603598952293, "point_rel": 0.07784913033246994, "primary_loss": 0.11268742717802524, "residual_mse": 0.0001224058096340741, "temporal_rel": 0.9103650271892547, "tke_rel": 0.4761133477091789}
TRAIN {"angle_aug_abs_deg": 0.0, "aoa_effective_shift_abs_deg_mean": 0.0, "aoa_meanfield_aug_fraction": 0.0, "aoa_meanfield_lambda_mean": 0.0, "delta_penalty": 4.047121074108872e-05, "energy_loss": 0.058599361777305604, "grad_rel": 0.5031550541520119, "iteration": 60, "loss": 0.172392325848341, "lr": 0.00019998766324816615, "mse": 0.00012918423126393464, "p_zero": 0.0, "pareto_conflict": 0.7, "pareto_grad_cosine_before": -0.07851879838854074, "pareto_grad_dot_after": 0.03633394092885282, "pareto_grad_dot_before": -6.797817768529057e-05, "pareto_primary_grad_norm": 0.8324678003787994, "pareto_projected_tke_grad_norm": 0.45754720866680143, "pareto_tke_grad_norm": 0.46556857526302337, "point_rel": 0.07891277447342873, "primary_loss": 0.11379296593368053, "residual_mse": 0.00012918422926304628, "temporal_rel": 0.9097768396139145, "tke_rel": 0.48832802623510363}
TRAIN {"angle_aug_abs_deg": 0.0, "aoa_effective_shift_abs_deg_mean": 0.0, "aoa_meanfield_aug_fraction": 0.0, "aoa_meanfield_lambda_mean": 0.0, "delta_penalty": 3.939538000850007e-05, "energy_loss": 0.055658160150051116, "grad_rel": 0.4948455855250359, "iteration": 80, "loss": 0.16826787069439889, "lr": 0.00019997806834748464, "mse": 0.0001275803973840084, "p_zero": 0.0, "pareto_conflict": 0.55, "pareto_grad_cosine_before": -0.01320710377767682, "pareto_grad_dot_after": 0.046280437670429816, "pareto_grad_dot_before": 0.011752776708453894, "pareto_primary_grad_norm": 1.0211116075515747, "pareto_projected_tke_grad_norm": 0.522937361896038, "pareto_tke_grad_norm": 0.5289371505379676, "point_rel": 0.07808671444654465, "primary_loss": 0.1126097109168768, "residual_mse": 0.0001275803973840084, "temporal_rel": 0.9020417392253876, "tke_rel": 0.4638180106878281}
TRAIN {"angle_aug_abs_deg": 0.0, "aoa_effective_shift_abs_deg_mean": 0.0, "aoa_meanfield_aug_fraction": 0.0, "aoa_meanfield_lambda_mean": 0.0, "delta_penalty": 4.265457291694474e-05, "energy_loss": 0.056076128222048285, "grad_rel": 0.5045088261365891, "iteration": 100, "loss": 0.17241979986429215, "lr": 0.00019996573249755575, "mse": 0.00014026433673279825, "p_zero": 0.0, "pareto_conflict": 0.45, "pareto_grad_cosine_before": -0.02291176593862474, "pareto_grad_dot_after": 0.02290378583566053, "pareto_grad_dot_before": -0.0028565778862684964, "pareto_primary_grad_norm": 0.8770642429590225, "pareto_projected_tke_grad_norm": 0.4559775605797768, "pareto_tke_grad_norm": 0.46103504598140715, "point_rel": 0.08192117065191269, "primary_loss": 0.11634366996586323, "residual_mse": 0.00014026433673279825, "temporal_rel": 0.8937311053276062, "tke_rel": 0.4673010781407356}
TRAIN {"angle_aug_abs_deg": 0.0, "aoa_effective_shift_abs_deg_mean": 0.0, "aoa_meanfield_aug_fraction": 0.0, "aoa_meanfield_lambda_mean": 0.0, "delta_penalty": 3.9838173688622194e-05, "energy_loss": 0.055448425747454164, "grad_rel": 0.4920380860567093, "iteration": 120, "loss": 0.16453785449266434, "lr": 0.00019995065603657322, "mse": 0.00012772816389770015, "p_zero": 0.0, "pareto_conflict": 0.85, "pareto_grad_cosine_before": -0.10747807864099741, "pareto_grad_dot_after": 0.006513354516937397, "pareto_grad_dot_before": -0.03742513619363308, "pareto_primary_grad_norm": 0.8058380529284477, "pareto_projected_tke_grad_norm": 0.47048033475875856, "pareto_tke_grad_norm": 0.4760039284825325, "point_rel": 0.07468811050057411, "primary_loss": 0.10908942855894566, "residual_mse": 0.00012772816498909378, "temporal_rel": 0.8993877619504929, "tke_rel": 0.4620702251791954}
TRAIN {"angle_aug_abs_deg": 0.0, "aoa_effective_shift_abs_deg_mean": 0.0, "aoa_meanfield_aug_fraction": 0.0, "aoa_meanfield_lambda_mean": 0.0, "delta_penalty": 4.489504544835654e-05, "energy_loss": 0.057910478115081786, "grad_rel": 0.5085007026791573, "iteration": 140, "loss": 0.17289106026291848, "lr": 0.00019993283937786577, "mse": 0.00015827780662220904, "p_zero": 0.0, "pareto_conflict": 0.85, "pareto_grad_cosine_before": -0.10383480237796902, "pareto_grad_dot_after": 0.008677286726469901, "pareto_grad_dot_before": -0.039726696978323164, "pareto_primary_grad_norm": 0.769067969918251, "pareto_projected_tke_grad_norm": 0.49140582233667374, "pareto_tke_grad_norm": 0.4988270699977875, "point_rel": 0.08028692416846753, "primary_loss": 0.11498058252036572, "residual_mse": 0.00015827780807740056, "temporal_rel": 0.900592240691185, "tke_rel": 0.48258732706308366}
TRAIN {"angle_aug_abs_deg": 0.0, "aoa_effective_shift_abs_deg_mean": 0.0, "aoa_meanfield_aug_fraction": 0.0, "aoa_meanfield_lambda_mean": 0.0, "delta_penalty": 3.768750566450763e-05, "energy_loss": 0.05761516038328409, "grad_rel": 0.4936381831765175, "iteration": 160, "loss": 0.16788518950343131, "lr": 0.00019991228300988599, "mse": 0.0001420517053702497, "p_zero": 0.0, "pareto_conflict": 0.7, "pareto_grad_cosine_before": -0.09885026358533651, "pareto_grad_dot_after": 0.013052550286988662, "pareto_grad_dot_before": -0.028030490811215714, "pareto_primary_grad_norm": 0.6833597853779793, "pareto_projected_tke_grad_norm": 0.47339495867490766, "pareto_tke_grad_norm": 0.48261131793260575, "point_rel": 0.07563006896525622, "primary_loss": 0.1102700300514698, "residual_mse": 0.00014205170500645182, "temporal_rel": 0.9064006298780442, "tke_rel": 0.4801263496279716}
TRAIN {"angle_aug_abs_deg": 0.0, "aoa_effective_shift_abs_deg_mean": 0.0, "aoa_meanfield_aug_fraction": 0.0, "aoa_meanfield_lambda_mean": 0.0, "delta_penalty": 3.573090771169518e-05, "energy_loss": 0.05389153175055981, "grad_rel": 0.4799921691417694, "iteration": 180, "loss": 0.1596679523587227, "lr": 0.00019988898749619713, "mse": 0.00011037898893846431, "p_zero": 0.0, "pareto_conflict": 0.65, "pareto_grad_cosine_before": -0.02211690731346607, "pareto_grad_dot_after": 0.02623095737872063, "pareto_grad_dot_before": -0.0049252744996920225, "pareto_primary_grad_norm": 0.9603399157524108, "pareto_projected_tke_grad_norm": 0.5174950793385505, "pareto_tke_grad_norm": 0.5235253661870957, "point_rel": 0.07180423475801945, "primary_loss": 0.10577642172574997, "residual_mse": 0.00011037898711947491, "temporal_rel": 0.8912826180458069, "tke_rel": 0.4490961104631424}
TRAIN {"angle_aug_abs_deg": 0.0, "aoa_effective_shift_abs_deg_mean": 0.0, "aoa_meanfield_aug_fraction": 0.0, "aoa_meanfield_lambda_mean": 0.0, "delta_penalty": 4.089848271178198e-05, "energy_loss": 0.05804482568055391, "grad_rel": 0.4961006462574005, "iteration": 200, "loss": 0.16947066411376, "lr": 0.00019986295347545753, "mse": 0.0001370682890410535, "p_zero": 0.0, "pareto_conflict": 0.65, "pareto_grad_cosine_before": -0.08925309777259827, "pareto_grad_dot_after": 0.013373334963034722, "pareto_grad_dot_before": -0.027119319047778846, "pareto_primary_grad_norm": 0.9435373812913894, "pareto_projected_tke_grad_norm": 0.44969970136880877, "pareto_tke_grad_norm": 0.4577739804983139, "point_rel": 0.07687487937510014, "primary_loss": 0.1114258386194706, "residual_mse": 0.00013706828922295245, "temporal_rel": 0.9022503703832626, "tke_rel": 0.483706896007061}
TRAIN {"angle_aug_abs_deg": 0.0, "aoa_effective_shift_abs_deg_mean": 0.0, "aoa_meanfield_aug_fraction": 0.0, "aoa_meanfield_lambda_mean": 0.0, "delta_penalty": 4.175649100943701e-05, "energy_loss": 0.05543469823896885, "grad_rel": 0.4969402402639389, "iteration": 220, "loss": 0.1671600468456745, "lr": 0.00019983418166140304, "mse": 0.00013692283173440955, "p_zero": 0.0, "pareto_conflict": 0.75, "pareto_grad_cosine_before": -0.12065133722499014, "pareto_grad_dot_after": 0.011139883832947816, "pareto_grad_dot_before": -0.03173975085373968, "pareto_primary_grad_norm": 0.8371919259428978, "pareto_projected_tke_grad_norm": 0.4558690294623375, "pareto_tke_grad_norm": 0.4678860127925873, "point_rel": 0.07741073779761791, "primary_loss": 0.11172535009682179, "residual_mse": 0.00013692283173440955, "temporal_rel": 0.8939532548189163, "tke_rel": 0.4619558289647102}
TRAIN {"angle_aug_abs_deg": 0.0, "aoa_effective_shift_abs_deg_mean": 0.0, "aoa_meanfield_aug_fraction": 0.0, "aoa_meanfield_lambda_mean": 0.0, "delta_penalty": 3.933681700800662e-05, "energy_loss": 0.056144211627542975, "grad_rel": 0.4959412604570389, "iteration": 240, "loss": 0.16653313413262366, "lr": 0.0001998026728428274, "mse": 0.00012880533467978238, "p_zero": 0.0, "pareto_conflict": 0.95, "pareto_grad_cosine_before": -0.16259784235153346, "pareto_grad_dot_after": 0.00014179863883327924, "pareto_grad_dot_before": -0.0511081577395089, "pareto_primary_grad_norm": 0.7505663469433784, "pareto_projected_tke_grad_norm": 0.45032100975513456, "pareto_tke_grad_norm": 0.4607476681470871, "point_rel": 0.07593155503273011, "primary_loss": 0.11038892231881618, "residual_mse": 0.00012880533395218663, "temporal_rel": 0.8992940217256546, "tke_rel": 0.46786843836307523}
TRAIN {"angle_aug_abs_deg": 0.0, "aoa_effective_shift_abs_deg_mean": 0.0, "aoa_meanfield_aug_fraction": 0.0, "aoa_meanfield_lambda_mean": 0.0, "delta_penalty": 4.036879245177261e-05, "energy_loss": 0.057622297666966915, "grad_rel": 0.5063558220863342, "iteration": 260, "loss": 0.17053425908088685, "lr": 0.00019976842788356074, "mse": 0.0001335447534074774, "p_zero": 0.0, "pareto_conflict": 0.75, "pareto_grad_cosine_before": -0.10110501151066273, "pareto_grad_dot_after": 0.01290880512979129, "pareto_grad_dot_before": -0.024566640419652685, "pareto_primary_grad_norm": 0.7826985105872154, "pareto_projected_tke_grad_norm": 0.4653690204024315, "pareto_tke_grad_norm": 0.4733783170580864, "point_rel": 0.07812470532953739, "primary_loss": 0.11291196122765541, "residual_mse": 0.0001335447534074774, "temporal_rel": 0.9050349503755569, "tke_rel": 0.48018582314252856}
TRAIN {"angle_aug_abs_deg": 0.0, "aoa_effective_shift_abs_deg_mean": 0.0, "aoa_meanfield_aug_fraction": 0.0, "aoa_meanfield_lambda_mean": 0.0, "delta_penalty": 4.4734972743754045e-05, "energy_loss": 0.057603910006582736, "grad_rel": 0.5028618425130844, "iteration": 280, "loss": 0.16992421820759773, "lr": 0.000199731447722446, "mse": 0.0001570560871186899, "p_zero": 0.0, "pareto_conflict": 0.85, "pareto_grad_cosine_before": -0.17044235090725124, "pareto_grad_dot_after": 0.0010901710507368989, "pareto_grad_dot_before": -0.04513996953610331, "pareto_primary_grad_norm": 0.6254014730453491, "pareto_projected_tke_grad_norm": 0.45768871158361435, "pareto_tke_grad_norm": 0.469561730325222, "point_rel": 0.0777339793741703, "primary_loss": 0.11232030875980854, "residual_mse": 0.0001570560889376793, "temporal_rel": 0.899846413731575, "tke_rel": 0.4800325930118561}
TRAIN {"angle_aug_abs_deg": 0.0, "aoa_effective_shift_abs_deg_mean": 0.0, "aoa_meanfield_aug_fraction": 0.0, "aoa_meanfield_lambda_mean": 0.0, "delta_penalty": 4.0460432137479076e-05, "energy_loss": 0.05598506089299917, "grad_rel": 0.5008158713579178, "iteration": 300, "loss": 0.16903941854834556, "lr": 0.0001996917333733131, "mse": 0.0001265566106667393, "p_zero": 0.0, "pareto_conflict": 0.65, "pareto_grad_cosine_before": -0.05423372337827459, "pareto_grad_dot_after": 0.015063917382121872, "pareto_grad_dot_before": -0.020495201769517735, "pareto_primary_grad_norm": 0.9096674621105194, "pareto_projected_tke_grad_norm": 0.4358801834285259, "pareto_tke_grad_norm": 0.44106999710202216, "point_rel": 0.0785686444491148, "primary_loss": 0.11305435635149479, "residual_mse": 0.00012655661103053717, "temporal_rel": 0.8978232383728028, "tke_rel": 0.466542187333107}
TRAIN {"angle_aug_abs_deg": 0.0, "aoa_effective_shift_abs_deg_mean": 0.0, "aoa_meanfield_aug_fraction": 0.0, "aoa_meanfield_lambda_mean": 0.0, "delta_penalty": 3.9714319791528395e-05, "energy_loss": 0.055784338526427744, "grad_rel": 0.49206098169088364, "iteration": 320, "loss": 0.16671742796897887, "lr": 0.00019964928592495075, "mse": 0.00013747483517363436, "p_zero": 0.0, "pareto_conflict": 0.85, "pareto_grad_cosine_before": -0.13863603046629577, "pareto_grad_dot_after": 0.004980599954433273, "pareto_grad_dot_before": -0.04213968688854948, "pareto_primary_grad_norm": 0.6627550557255745, "pareto_projected_tke_grad_norm": 0.47061882317066195, "pareto_tke_grad_norm": 0.47993591576814654, "point_rel": 0.07667466551065445, "primary_loss": 0.11093308851122856, "residual_mse": 0.00013747483699262376, "temporal_rel": 0.8945158243179321, "tke_rel": 0.4648694977164268}
TRAIN {"angle_aug_abs_deg": 0.0, "aoa_effective_shift_abs_deg_mean": 0.0, "aoa_meanfield_aug_fraction": 0.0, "aoa_meanfield_lambda_mean": 0.0, "delta_penalty": 4.238441160850925e-05, "energy_loss": 0.05576299410313368, "grad_rel": 0.5019476234912872, "iteration": 340, "loss": 0.1683422401547432, "lr": 0.00019960410654107737, "mse": 0.00013421435214695522, "p_zero": 0.0, "pareto_conflict": 0.8, "pareto_grad_cosine_before": -0.13853931926423685, "pareto_grad_dot_after": 0.011903399838593032, "pareto_grad_dot_before": -0.02962139839073643, "pareto_primary_grad_norm": 0.7771353214979172, "pareto_projected_tke_grad_norm": 0.4438707992434502, "pareto_tke_grad_norm": 0.45745341181755067, "point_rel": 0.07806947156786918, "primary_loss": 0.1125792447477579, "residual_mse": 0.00013421435141935945, "temporal_rel": 0.8979816228151322, "tke_rel": 0.46469162553548815}
TRAIN {"angle_aug_abs_deg": 0.0, "aoa_effective_shift_abs_deg_mean": 0.0, "aoa_meanfield_aug_fraction": 0.0, "aoa_meanfield_lambda_mean": 0.0, "delta_penalty": 3.9907700011099226e-05, "energy_loss": 0.05841217320412397, "grad_rel": 0.504421153664589, "iteration": 360, "loss": 0.1712564595043659, "lr": 0.00019955619646030846, "mse": 0.0001375839123284095, "p_zero": 0.0, "pareto_conflict": 0.55, "pareto_grad_cosine_before": -0.08606290403404274, "pareto_grad_dot_after": 0.017103834333283885, "pareto_grad_dot_before": -0.02559158939111512, "pareto_primary_grad_norm": 0.840696319937706, "pareto_projected_tke_grad_norm": 0.49671127200126647, "pareto_tke_grad_norm": 0.5085004404187202, "point_rel": 0.07797429896891117, "primary_loss": 0.1128442868590355, "residual_mse": 0.00013758391160081373, "temporal_rel": 0.9087198734283447, "tke_rel": 0.4867681205272675}
TRAIN {"angle_aug_abs_deg": 0.0, "aoa_effective_shift_abs_deg_mean": 0.0, "aoa_meanfield_aug_fraction": 0.0, "aoa_meanfield_lambda_mean": 0.0, "delta_penalty": 3.704663577082101e-05, "energy_loss": 0.05578161459416151, "grad_rel": 0.4853826597332954, "iteration": 380, "loss": 0.16428009271621705, "lr": 0.00019950555699612302, "mse": 0.00011371977734597749, "p_zero": 0.0, "pareto_conflict": 0.65, "pareto_grad_cosine_before": -0.09534799756947905, "pareto_grad_dot_after": 0.018616150729940273, "pareto_grad_dot_before": -0.045408324972959234, "pareto_primary_grad_norm": 1.0499432593584062, "pareto_projected_tke_grad_norm": 0.5029892414808274, "pareto_tke_grad_norm": 0.5140008121728897, "point_rel": 0.0742405705153942, "primary_loss": 0.1084984790533781, "residual_mse": 0.00011371977734597749, "temporal_rel": 0.8980771481990815, "tke_rel": 0.4648467987775803}
TRAIN {"angle_aug_abs_deg": 0.0, "aoa_effective_shift_abs_deg_mean": 0.0, "aoa_meanfield_aug_fraction": 0.0, "aoa_meanfield_lambda_mean": 0.0, "delta_penalty": 4.27117034632829e-05, "energy_loss": 0.05580444186925888, "grad_rel": 0.4901661589741707, "iteration": 400, "loss": 0.16638593897223472, "lr": 0.00019945218953682775, "mse": 0.00014689028103020974, "p_zero": 0.0, "pareto_conflict": 0.8, "pareto_grad_cosine_before": -0.14454430285841227, "pareto_grad_dot_after": 0.014242724254057749, "pareto_grad_dot_before": -0.031024568993598223, "pareto_primary_grad_norm": 0.6736291825771332, "pareto_projected_tke_grad_norm": 0.488751782476902, "pareto_tke_grad_norm": 0.4997179165482521, "point_rel": 0.07625356744974851, "primary_loss": 0.11058149710297585, "residual_mse": 0.00014689028103020974, "temporal_rel": 0.8976839154958725, "tke_rel": 0.4650370255112648}
TRAIN {"angle_aug_abs_deg": 0.0, "aoa_effective_shift_abs_deg_mean": 0.0, "aoa_meanfield_aug_fraction": 0.0, "aoa_meanfield_lambda_mean": 0.0, "delta_penalty": 4.1120331479760354e-05, "energy_loss": 0.05785007365047932, "grad_rel": 0.5026377499103546, "iteration": 420, "loss": 0.17451307848095893, "lr": 0.00019939609554551842, "mse": 0.00015056245465530082, "p_zero": 0.0, "pareto_conflict": 0.65, "pareto_grad_cosine_before": -0.04209338948130607, "pareto_grad_dot_after": 0.02168459374915983, "pareto_grad_dot_before": -0.0011164010269567371, "pareto_primary_grad_norm": 1.1654413506388663, "pareto_projected_tke_grad_norm": 0.4809709429740906, "pareto_tke_grad_norm": 0.48541186153888705, "point_rel": 0.08195144943892956, "primary_loss": 0.11666300483047962, "residual_mse": 0.0001505624553828966, "temporal_rel": 0.9041999191045761, "tke_rel": 0.4820839613676071}
TRAIN {"angle_aug_abs_deg": 0.0, "aoa_effective_shift_abs_deg_mean": 0.0, "aoa_meanfield_aug_fraction": 0.0, "aoa_meanfield_lambda_mean": 0.0, "delta_penalty": 3.937035453418503e-05, "energy_loss": 0.05545398537069559, "grad_rel": 0.49258679896593094, "iteration": 440, "loss": 0.16511868238449096, "lr": 0.0001993372765600401, "mse": 0.0001231545540576917, "p_zero": 0.0, "pareto_conflict": 0.75, "pareto_grad_cosine_before": -0.10417185500264167, "pareto_grad_dot_after": 0.011085242563831343, "pareto_grad_dot_before": -0.0391147717833519, "pareto_primary_grad_norm": 0.8488509982824326, "pareto_projected_tke_grad_norm": 0.506758177280426, "pareto_tke_grad_norm": 0.5217478349804878, "point_rel": 0.0752303522080183, "primary_loss": 0.10966469831764698, "residual_mse": 0.0001231545544214896, "temporal_rel": 0.9002604097127914, "tke_rel": 0.46211655586957934}
TRAIN {"angle_aug_abs_deg": 0.0, "aoa_effective_shift_abs_deg_mean": 0.0, "aoa_meanfield_aug_fraction": 0.0, "aoa_meanfield_lambda_mean": 0.0, "delta_penalty": 3.826864185612067e-05, "energy_loss": 0.05591335371136665, "grad_rel": 0.49155930429697037, "iteration": 460, "loss": 0.1656249098479748, "lr": 0.000199275734192945, "mse": 0.00011670340609271079, "p_zero": 0.0, "pareto_conflict": 0.75, "pareto_grad_cosine_before": -0.08232316900976003, "pareto_grad_dot_after": 0.01536140195948974, "pareto_grad_dot_before": -0.024222652008756996, "pareto_primary_grad_norm": 0.7929991409182549, "pareto_projected_tke_grad_norm": 0.47966340333223345, "pareto_tke_grad_norm": 0.49029348492622377, "point_rel": 0.07543965354561806, "primary_loss": 0.10971155613660813, "residual_mse": 0.00011670340645650868, "temporal_rel": 0.8954245954751968, "tke_rel": 0.4659446194767952}
TRAIN {"angle_aug_abs_deg": 0.0, "aoa_effective_shift_abs_deg_mean": 0.0, "aoa_meanfield_aug_fraction": 0.0, "aoa_meanfield_lambda_mean": 0.0, "delta_penalty": 3.639735841716174e-05, "energy_loss": 0.055631352961063384, "grad_rel": 0.49509271383285525, "iteration": 480, "loss": 0.16496856659650802, "lr": 0.00019921147013144826, "mse": 0.0001108030397517723, "p_zero": 0.0, "pareto_conflict": 0.75, "pareto_grad_cosine_before": -0.1122850782237947, "pareto_grad_dot_after": 0.008047818056093092, "pareto_grad_dot_before": -0.04441676556598395, "pareto_primary_grad_norm": 0.8763762608170509, "pareto_projected_tke_grad_norm": 0.4551889762282372, "pareto_tke_grad_norm": 0.46304825842380526, "point_rel": 0.07495404221117496, "primary_loss": 0.10933721289038659, "residual_mse": 0.00011080304047936807, "temporal_rel": 0.8974270671606064, "tke_rel": 0.4635946199297905}
TRAIN {"angle_aug_abs_deg": 0.0, "aoa_effective_shift_abs_deg_mean": 0.0, "aoa_meanfield_aug_fraction": 0.0, "aoa_meanfield_lambda_mean": 0.0, "delta_penalty": 4.5430295540427326e-05, "energy_loss": 0.05550083946436644, "grad_rel": 0.5057119011878968, "iteration": 500, "loss": 0.17080762162804602, "lr": 0.0001991444861373815, "mse": 0.00015995841276890134, "p_zero": 0.0, "pareto_conflict": 0.75, "pareto_grad_cosine_before": -0.11095597004750743, "pareto_grad_dot_after": 0.001758492314547766, "pareto_grad_dot_before": -0.03906503065663856, "pareto_primary_grad_norm": 0.7281252890825272, "pareto_projected_tke_grad_norm": 0.42708505541086195, "pareto_tke_grad_norm": 0.4340470239520073, "point_rel": 0.08090177848935128, "primary_loss": 0.11530678160488605, "residual_mse": 0.00015995841386029497, "temporal_rel": 0.8923476248979568, "tke_rel": 0.462507002055645}
TRAIN {"angle_aug_abs_deg": 0.0, "aoa_effective_shift_abs_deg_mean": 0.0, "aoa_meanfield_aug_fraction": 0.0, "aoa_meanfield_lambda_mean": 0.0, "delta_penalty": 4.4042980789527064e-05, "energy_loss": 0.05638891737908125, "grad_rel": 0.4890093833208084, "iteration": 520, "loss": 0.1661929152905941, "lr": 0.00019907478404714482, "mse": 0.00014395671023521573, "p_zero": 0.0, "pareto_conflict": 0.8, "pareto_grad_cosine_before": -0.14003357844194397, "pareto_grad_dot_after": 0.006887084996833437, "pareto_grad_dot_before": -0.04034443444106728, "pareto_primary_grad_norm": 0.6366832628846169, "pareto_projected_tke_grad_norm": 0.46405000537633895, "pareto_tke_grad_norm": 0.4774567648768425, "point_rel": 0.07559198159724474, "primary_loss": 0.10980399958789348, "residual_mse": 0.00014395671132660937, "temporal_rel": 0.8944269835948944, "tke_rel": 0.46990765631198883}
TRAIN {"angle_aug_abs_deg": 0.0, "aoa_effective_shift_abs_deg_mean": 0.0, "aoa_meanfield_aug_fraction": 0.0, "aoa_meanfield_lambda_mean": 0.0, "delta_penalty": 4.000660819656332e-05, "energy_loss": 0.05736216939985752, "grad_rel": 0.4971863627433777, "iteration": 540, "loss": 0.16999707520008087, "lr": 0.00019900236577165628, "mse": 0.00013096337643219157, "p_zero": 0.0, "pareto_conflict": 0.8, "pareto_grad_cosine_before": -0.18802115467842667, "pareto_grad_dot_after": 0.0055686537728888656, "pareto_grad_dot_before": -0.06644138405099512, "pareto_primary_grad_norm": 0.9128750398755073, "pareto_projected_tke_grad_norm": 0.47254161834716796, "pareto_tke_grad_norm": 0.4920302271842957, "point_rel": 0.07797242440283299, "primary_loss": 0.1126349050551653, "residual_mse": 0.00013096337770548416, "temporal_rel": 0.905486524105072, "tke_rel": 0.47801809161901476}
TRAIN {"angle_aug_abs_deg": 0.0, "aoa_effective_shift_abs_deg_mean": 0.0, "aoa_meanfield_aug_fraction": 0.0, "aoa_meanfield_lambda_mean": 0.0, "delta_penalty": 3.9715680759400127e-05, "energy_loss": 0.05578162409365177, "grad_rel": 0.495920167863369, "iteration": 560, "loss": 0.16726309061050415, "lr": 0.00019892723329629946, "mse": 0.00014051371053938055, "p_zero": 0.0, "pareto_conflict": 0.85, "pareto_grad_cosine_before": -0.17834498602896928, "pareto_grad_dot_after": 0.001787651844551874, "pareto_grad_dot_before": -0.04928729864768684, "pareto_primary_grad_norm": 0.6764416545629501, "pareto_projected_tke_grad_norm": 0.46481598615646363, "pareto_tke_grad_norm": 0.48289934694767, "point_rel": 0.07697434760630131, "primary_loss": 0.11148146726191044, "residual_mse": 0.00014051370726519963, "temporal_rel": 0.900845667719841, "tke_rel": 0.46484687775373457}
TRAIN {"angle_aug_abs_deg": 0.0, "aoa_effective_shift_abs_deg_mean": 0.0, "aoa_meanfield_aug_fraction": 0.0, "aoa_meanfield_lambda_mean": 0.0, "delta_penalty": 4.1936510478990384e-05, "energy_loss": 0.05643217153847217, "grad_rel": 0.5004900515079498, "iteration": 580, "loss": 0.16868328899145127, "lr": 0.00019884938868086909, "mse": 0.0001410645991199999, "p_zero": 0.0, "pareto_conflict": 0.85, "pareto_grad_cosine_before": -0.1512217446230352, "pareto_grad_dot_after": 0.010570050583010016, "pareto_grad_dot_before": -0.038545650662854314, "pareto_primary_grad_norm": 0.6910516396164894, "pareto_projected_tke_grad_norm": 0.46559606641530993, "pareto_tke_grad_norm": 0.4787277847528458, "point_rel": 0.07774364352226257, "primary_loss": 0.11225111782550812, "residual_mse": 0.0001410645994837978, "temporal_rel": 0.8985655337572098, "tke_rel": 0.47026810348033904}
TRAIN {"angle_aug_abs_deg": 0.0, "aoa_effective_shift_abs_deg_mean": 0.0, "aoa_meanfield_aug_fraction": 0.0, "aoa_meanfield_lambda_mean": 0.0, "delta_penalty": 4.3586925767158394e-05, "energy_loss": 0.05486232563853264, "grad_rel": 0.5035633176565171, "iteration": 600, "loss": 0.16752593219280243, "lr": 0.00019876883405951456, "mse": 0.00015249837306328118, "p_zero": 0.0, "pareto_conflict": 0.7, "pareto_grad_cosine_before": -0.11563447727821767, "pareto_grad_dot_after": 0.007046723538587684, "pareto_grad_dot_before": -0.035502264322713015, "pareto_primary_grad_norm": 0.7835954710841179, "pareto_projected_tke_grad_norm": 0.437955042719841, "pareto_tke_grad_norm": 0.4474009796977043, "point_rel": 0.07830017171800137, "primary_loss": 0.1126636065542698, "residual_mse": 0.0001524983723356854, "temporal_rel": 0.892112198472023, "tke_rel": 0.4571860536932945}
TRAIN {"angle_aug_abs_deg": 0.0, "aoa_effective_shift_abs_deg_mean": 0.0, "aoa_meanfield_aug_fraction": 0.0, "aoa_meanfield_lambda_mean": 0.0, "delta_penalty": 3.983829055869137e-05, "energy_loss": 0.054873897694051266, "grad_rel": 0.5074357494711876, "iteration": 620, "loss": 0.16887728050351142, "lr": 0.00019868557164068153, "mse": 0.00013350474637263687, "p_zero": 0.0, "pareto_conflict": 0.6, "pareto_grad_cosine_before": -0.05830525925848633, "pareto_grad_dot_after": 0.010858053989346672, "pareto_grad_dot_before": -0.020339035452343522, "pareto_primary_grad_norm": 0.9941840291023254, "pareto_projected_tke_grad_norm": 0.4537240207195282, "pareto_tke_grad_norm": 0.45793234556913376, "point_rel": 0.07947735786437989, "primary_loss": 0.11400338299572468, "residual_mse": 0.00013350474418984958, "temporal_rel": 0.8957880109548568, "tke_rel": 0.4572824895381927}
TRAIN {"angle_aug_abs_deg": 0.0, "aoa_effective_shift_abs_deg_mean": 0.0, "aoa_meanfield_aug_fraction": 0.0, "aoa_meanfield_lambda_mean": 0.0, "delta_penalty": 4.323342191128177e-05, "energy_loss": 0.05638709980994463, "grad_rel": 0.5080975040793418, "iteration": 640, "loss": 0.17166523411870002, "lr": 0.00019859960370705127, "mse": 0.0001499138252256671, "p_zero": 0.0, "pareto_conflict": 0.6, "pareto_grad_cosine_before": -0.08032988948107231, "pareto_grad_dot_after": 0.012960894721072692, "pareto_grad_dot_before": -0.023882386169134406, "pareto_primary_grad_norm": 0.8458327174186706, "pareto_projected_tke_grad_norm": 0.44241552650928495, "pareto_tke_grad_norm": 0.4507867515087128, "point_rel": 0.08064257763326169, "primary_loss": 0.11527813524007798, "residual_mse": 0.00014991382413427347, "temporal_rel": 0.8989419251680374, "tke_rel": 0.4698925107717514}
TRAIN {"angle_aug_abs_deg": 0.0, "aoa_effective_shift_abs_deg_mean": 0.0, "aoa_meanfield_aug_fraction": 0.0, "aoa_meanfield_lambda_mean": 0.0, "delta_penalty": 3.8422589568654075e-05, "energy_loss": 0.05691756140440703, "grad_rel": 0.5057863086462021, "iteration": 660, "loss": 0.16934319138526915, "lr": 0.00019851093261547817, "mse": 0.00012804775196855188, "p_zero": 0.0, "pareto_conflict": 0.85, "pareto_grad_cosine_before": -0.09369761753478087, "pareto_grad_dot_after": 0.013046920440319808, "pareto_grad_dot_before": -0.013703332957084058, "pareto_primary_grad_norm": 0.7858984306454658, "pareto_projected_tke_grad_norm": 0.46223822236061096, "pareto_tke_grad_norm": 0.470458921790123, "point_rel": 0.07775701954960823, "primary_loss": 0.11242563091218472, "residual_mse": 0.00012804775160475402, "temporal_rel": 0.901421132683754, "tke_rel": 0.4743130221962929}
TRAIN {"angle_aug_abs_deg": 0.0, "aoa_effective_shift_abs_deg_mean": 0.0, "aoa_meanfield_aug_fraction": 0.0, "aoa_meanfield_lambda_mean": 0.0, "delta_penalty": 4.246715643603238e-05, "energy_loss": 0.05821999944746494, "grad_rel": 0.4940929919481277, "iteration": 680, "loss": 0.16798398941755294, "lr": 0.00019841956079692493, "mse": 0.0001377103455524775, "p_zero": 0.0, "pareto_conflict": 0.8, "pareto_grad_cosine_before": -0.18125603683292865, "pareto_grad_dot_after": 0.01269556916122383, "pareto_grad_dot_before": -0.04752117861062288, "pareto_primary_grad_norm": 0.6721369072794914, "pareto_projected_tke_grad_norm": 0.482965224981308, "pareto_tke_grad_norm": 0.5006953060626984, "point_rel": 0.07497054245322943, "primary_loss": 0.10976399183273315, "residual_mse": 0.00013771034518867965, "temporal_rel": 0.9113298147916794, "tke_rel": 0.48516667187213897}
TRAIN {"angle_aug_abs_deg": 0.0, "aoa_effective_shift_abs_deg_mean": 0.0, "aoa_meanfield_aug_fraction": 0.0, "aoa_meanfield_lambda_mean": 0.0, "delta_penalty": 3.9139848740887825e-05, "energy_loss": 0.05588083267211914, "grad_rel": 0.5000294417142868, "iteration": 700, "loss": 0.16806669309735298, "lr": 0.0001983254907563962, "mse": 0.00012568430447572608, "p_zero": 0.0, "pareto_conflict": 0.85, "pareto_grad_cosine_before": -0.13646492175757885, "pareto_grad_dot_after": 0.007689009498335508, "pareto_grad_dot_before": -0.054287572670727965, "pareto_primary_grad_norm": 0.9035262152552604, "pareto_projected_tke_grad_norm": 0.4438498988747597, "pareto_tke_grad_norm": 0.45433675199747087, "point_rel": 0.07748972438275814, "primary_loss": 0.11218586042523385, "residual_mse": 0.00012568430520332186, "temporal_rel": 0.9052402377128601, "tke_rel": 0.4656736135482788}
TRAIN {"angle_aug_abs_deg": 0.0, "aoa_effective_shift_abs_deg_mean": 0.0, "aoa_meanfield_aug_fraction": 0.0, "aoa_meanfield_lambda_mean": 0.0, "delta_penalty": 3.7935506406938656e-05, "energy_loss": 0.05640367940068245, "grad_rel": 0.49366698414087296, "iteration": 720, "loss": 0.16614325046539308, "lr": 0.00019822872507286958, "mse": 0.00011507732888276223, "p_zero": 0.0, "pareto_conflict": 0.95, "pareto_grad_cosine_before": -0.15992969289654865, "pareto_grad_dot_after": 0.002854871227827971, "pareto_grad_dot_before": -0.05087324607302435, "pareto_primary_grad_norm": 0.6530763238668442, "pareto_projected_tke_grad_norm": 0.4574283957481384, "pareto_tke_grad_norm": 0.46812120974063876, "point_rel": 0.07507356479763985, "primary_loss": 0.10973957106471062, "residual_mse": 0.00011507732797326753, "temporal_rel": 0.9075239479541779, "tke_rel": 0.470030677318573}
TRAIN {"angle_aug_abs_deg": 0.0, "aoa_effective_shift_abs_deg_mean": 0.0, "aoa_meanfield_aug_fraction": 0.0, "aoa_meanfield_lambda_mean": 0.0, "delta_penalty": 4.0637849906488555e-05, "energy_loss": 0.05458284169435501, "grad_rel": 0.4888955131173134, "iteration": 740, "loss": 0.16449192613363267, "lr": 0.00019812926639922523, "mse": 0.00012399568768159953, "p_zero": 0.0, "pareto_conflict": 0.75, "pareto_grad_cosine_before": -0.13733517453074456, "pareto_grad_dot_after": 0.012237734256996192, "pareto_grad_dot_before": -0.03806392140686512, "pareto_primary_grad_norm": 0.7923175871372223, "pareto_projected_tke_grad_norm": 0.4698427081108093, "pareto_tke_grad_norm": 0.4803114891052246, "point_rel": 0.07571870684623719, "primary_loss": 0.10990908481180668, "residual_mse": 0.00012399568913679104, "temporal_rel": 0.8939644813537597, "tke_rel": 0.45485702306032183}
TRAIN {"angle_aug_abs_deg": 0.0, "aoa_effective_shift_abs_deg_mean": 0.0, "aoa_meanfield_aug_fraction": 0.0, "aoa_meanfield_lambda_mean": 0.0, "delta_penalty": 3.892362765327562e-05, "energy_loss": 0.05744303315877915, "grad_rel": 0.48584944307804107, "iteration": 760, "loss": 0.16638211756944657, "lr": 0.00019802711746217294, "mse": 0.00011725565473170718, "p_zero": 0.0, "pareto_conflict": 0.85, "pareto_grad_cosine_before": -0.12474292726255953, "pareto_grad_dot_after": 0.0169584923801267, "pareto_grad_dot_before": -0.04134774885023944, "pareto_primary_grad_norm": 0.8115232035517692, "pareto_projected_tke_grad_norm": 0.49561691135168073, "pareto_tke_grad_norm": 0.510427612066269, "point_rel": 0.07452015597373247, "primary_loss": 0.10893908329308033, "residual_mse": 0.00011725565473170718, "temporal_rel": 0.9031743347644806, "tke_rel": 0.47869195491075517}
TRAIN {"angle_aug_abs_deg": 0.0, "aoa_effective_shift_abs_deg_mean": 0.0, "aoa_meanfield_aug_fraction": 0.0, "aoa_meanfield_lambda_mean": 0.0, "delta_penalty": 4.3632731467369014e-05, "energy_loss": 0.056019199267029765, "grad_rel": 0.5081414356827736, "iteration": 780, "loss": 0.17199226915836335, "lr": 0.00019792228106217734, "mse": 0.00016237587933574105, "p_zero": 0.0, "pareto_conflict": 0.7, "pareto_grad_cosine_before": -0.08023496477399021, "pareto_grad_dot_after": 0.013475526128877391, "pareto_grad_dot_before": -0.020868751750094817, "pareto_primary_grad_norm": 0.7225237131118775, "pareto_projected_tke_grad_norm": 0.45229969173669815, "pareto_tke_grad_norm": 0.45893292427062987, "point_rel": 0.08142247945070266, "primary_loss": 0.11597306802868843, "residual_mse": 0.00016237587860814528, "temporal_rel": 0.8959627360105514, "tke_rel": 0.4668266728520393}
TRAIN {"angle_aug_abs_deg": 0.0, "aoa_effective_shift_abs_deg_mean": 0.0, "aoa_meanfield_aug_fraction": 0.0, "aoa_meanfield_lambda_mean": 0.0, "delta_penalty": 3.975275485572638e-05, "energy_loss": 0.055121066980063915, "grad_rel": 0.4852209836244583, "iteration": 800, "loss": 0.16203611493110656, "lr": 0.00019781476007338142, "mse": 0.00012400986342981924, "p_zero": 0.0, "pareto_conflict": 0.85, "pareto_grad_cosine_before": -0.1376868474530056, "pareto_grad_dot_after": 0.004904217510920716, "pareto_grad_dot_before": -0.0462580087594688, "pareto_primary_grad_norm": 0.856843239068985, "pareto_projected_tke_grad_norm": 0.4670940458774567, "pareto_tke_grad_norm": 0.47631156593561175, "point_rel": 0.07264076434075832, "primary_loss": 0.10691504813730716, "residual_mse": 0.00012400986142893088, "temporal_rel": 0.8985990136861801, "tke_rel": 0.45934223383665085}
TRAIN {"angle_aug_abs_deg": 0.0, "aoa_effective_shift_abs_deg_mean": 0.0, "aoa_meanfield_aug_fraction": 0.0, "aoa_meanfield_lambda_mean": 0.0, "delta_penalty": 3.882806749970769e-05, "energy_loss": 0.05630766581743955, "grad_rel": 0.49937478452920914, "iteration": 820, "loss": 0.16932933703064917, "lr": 0.00019770455744352725, "mse": 0.00013642320918734186, "p_zero": 0.0, "pareto_conflict": 0.6, "pareto_grad_cosine_before": -0.10134772133897059, "pareto_grad_dot_after": 0.026769082394093858, "pareto_grad_dot_before": -0.014110918299411423, "pareto_primary_grad_norm": 0.9532183706760406, "pareto_projected_tke_grad_norm": 0.4564173504710197, "pareto_tke_grad_norm": 0.4650620877742767, "point_rel": 0.07850931603461504, "primary_loss": 0.11302167288959027, "residual_mse": 0.00013642321100633127, "temporal_rel": 0.8993343979120254, "tke_rel": 0.46923056095838545}
TRAIN {"angle_aug_abs_deg": 0.0, "aoa_effective_shift_abs_deg_mean": 0.0, "aoa_meanfield_aug_fraction": 0.0, "aoa_meanfield_lambda_mean": 0.0, "delta_penalty": 4.0654659733263544e-05, "energy_loss": 0.05630664564669132, "grad_rel": 0.4933457002043724, "iteration": 840, "loss": 0.1654889352619648, "lr": 0.00019759167619387563, "mse": 0.00013351435172808123, "p_zero": 0.0, "pareto_conflict": 0.85, "pareto_grad_cosine_before": -0.15792009905562737, "pareto_grad_dot_after": 0.005025461144305155, "pareto_grad_dot_before": -0.05517181980831083, "pareto_primary_grad_norm": 0.972559243440628, "pareto_projected_tke_grad_norm": 0.4363237708806992, "pareto_tke_grad_norm": 0.44768688678741453, "point_rel": 0.07458838857710362, "primary_loss": 0.10918229222297668, "residual_mse": 0.0001335143506366876, "temporal_rel": 0.9050950437784195, "tke_rel": 0.46922205835580827}
TRAIN {"angle_aug_abs_deg": 0.0, "aoa_effective_shift_abs_deg_mean": 0.0, "aoa_meanfield_aug_fraction": 0.0, "aoa_meanfield_lambda_mean": 0.0, "delta_penalty": 3.844427965304931e-05, "energy_loss": 0.05772549025714398, "grad_rel": 0.48940802216529844, "iteration": 860, "loss": 0.16593966111540795, "lr": 0.00019747611941912306, "mse": 0.00012196771222079405, "p_zero": 0.0, "pareto_conflict": 0.9, "pareto_grad_cosine_before": -0.15373693984001874, "pareto_grad_dot_after": 0.00874889308361162, "pareto_grad_dot_before": -0.037623942643404004, "pareto_primary_grad_norm": 0.7603619128465653, "pareto_projected_tke_grad_norm": 0.4431777685880661, "pareto_tke_grad_norm": 0.45486580580472946, "point_rel": 0.0734084352850914, "primary_loss": 0.108214171230793, "residual_mse": 0.00012196771313028875, "temporal_rel": 0.914241936802864, "tke_rel": 0.4810457617044449}
TRAIN {"angle_aug_abs_deg": 0.0, "aoa_effective_shift_abs_deg_mean": 0.0, "aoa_meanfield_aug_fraction": 0.0, "aoa_meanfield_lambda_mean": 0.0, "delta_penalty": 3.61420525223366e-05, "energy_loss": 0.05527973063290119, "grad_rel": 0.48462181985378266, "iteration": 880, "loss": 0.1628033474087715, "lr": 0.00019735789028731688, "mse": 0.00011895991701749153, "p_zero": 0.0, "pareto_conflict": 0.8, "pareto_grad_cosine_before": -0.11513011101633311, "pareto_grad_dot_after": 0.01474967894355359, "pareto_grad_dot_before": -0.04240798931568861, "pareto_primary_grad_norm": 0.9540268748998642, "pareto_projected_tke_grad_norm": 0.5128274247050285, "pareto_tke_grad_norm": 0.5260028734803199, "point_rel": 0.07334375604987145, "primary_loss": 0.10752361603081226, "residual_mse": 0.00011895991701749153, "temporal_rel": 0.8958041042089462, "tke_rel": 0.4606644302606583}
TRAIN {"angle_aug_abs_deg": 0.0, "aoa_effective_shift_abs_deg_mean": 0.0, "aoa_meanfield_aug_fraction": 0.0, "aoa_meanfield_lambda_mean": 0.0, "delta_penalty": 4.027488703286508e-05, "energy_loss": 0.054162189923226835, "grad_rel": 0.49046435207128525, "iteration": 900, "loss": 0.16386248618364335, "lr": 0.0001972369920397685, "mse": 0.0001252565211871115, "p_zero": 0.0, "pareto_conflict": 0.7, "pareto_grad_cosine_before": -0.0948355128057301, "pareto_grad_dot_after": 0.008917373872827738, "pareto_grad_dot_before": -0.02906992577482015, "pareto_primary_grad_norm": 0.953154930472374, "pareto_projected_tke_grad_norm": 0.46602856665849685, "pareto_tke_grad_norm": 0.475531330704689, "point_rel": 0.07568466458469629, "primary_loss": 0.10970029681921005, "residual_mse": 0.00012525652264230302, "temporal_rel": 0.8873427361249924, "tke_rel": 0.4513515904545784}
TRAIN {"angle_aug_abs_deg": 0.0, "aoa_effective_shift_abs_deg_mean": 0.0, "aoa_meanfield_aug_fraction": 0.0, "aoa_meanfield_lambda_mean": 0.0, "delta_penalty": 4.318358023738256e-05, "energy_loss": 0.05530255399644375, "grad_rel": 0.49815048426389696, "iteration": 920, "loss": 0.16666878014802933, "lr": 0.0001971134279909645, "mse": 0.00013752556951658336, "p_zero": 0.0, "pareto_conflict": 0.7, "pareto_grad_cosine_before": -0.10714071590336971, "pareto_grad_dot_after": 0.021259860687325726, "pareto_grad_dot_before": -0.028033017867710442, "pareto_primary_grad_norm": 0.9983082503080368, "pareto_projected_tke_grad_norm": 0.48133171498775484, "pareto_tke_grad_norm": 0.4944243371486664, "point_rel": 0.0769938699901104, "primary_loss": 0.11136622540652752, "residual_mse": 0.0001375255702441791, "temporal_rel": 0.8952658623456955, "tke_rel": 0.4608546271920204}
TRAIN {"angle_aug_abs_deg": 0.0, "aoa_effective_shift_abs_deg_mean": 0.0, "aoa_meanfield_aug_fraction": 0.0, "aoa_meanfield_lambda_mean": 0.0, "delta_penalty": 4.331221280153841e-05, "energy_loss": 0.05704712085425854, "grad_rel": 0.49971131831407545, "iteration": 940, "loss": 0.16957628652453421, "lr": 0.00019698720152847558, "mse": 0.00015417358135891846, "p_zero": 0.0, "pareto_conflict": 0.75, "pareto_grad_cosine_before": -0.1300056810476235, "pareto_grad_dot_after": 0.012353517484643816, "pareto_grad_dot_before": -0.03581602563426713, "pareto_primary_grad_norm": 0.7762790322303772, "pareto_projected_tke_grad_norm": 0.45674614459276197, "pareto_tke_grad_norm": 0.4682897195219994, "point_rel": 0.07800080776214599, "primary_loss": 0.11252916641533375, "residual_mse": 0.0001541735839055036, "temporal_rel": 0.8995190262794495, "tke_rel": 0.47539268285036085}
TRAIN {"angle_aug_abs_deg": 0.0, "aoa_effective_shift_abs_deg_mean": 0.0, "aoa_meanfield_aug_fraction": 0.0, "aoa_meanfield_lambda_mean": 0.0, "delta_penalty": 4.2025059701700226e-05, "energy_loss": 0.057087674550712106, "grad_rel": 0.49441884607076647, "iteration": 960, "loss": 0.167586337774992, "lr": 0.00019685831611286394, "mse": 0.00013375714279391105, "p_zero": 0.0, "pareto_conflict": 0.95, "pareto_grad_cosine_before": -0.2280086326878518, "pareto_grad_dot_after": 6.748104560756474e-05, "pareto_grad_dot_before": -0.06529396150726825, "pareto_primary_grad_norm": 0.5723837047815323, "pareto_projected_tke_grad_norm": 0.4812108188867569, "pareto_tke_grad_norm": 0.5013097375631332, "point_rel": 0.07571396604180336, "primary_loss": 0.11049866303801537, "residual_mse": 0.0001337571407930227, "temporal_rel": 0.9109148859977723, "tke_rel": 0.47573063224554063}
TRAIN {"angle_aug_abs_deg": 0.0, "aoa_effective_shift_abs_deg_mean": 0.0, "aoa_meanfield_aug_fraction": 0.0, "aoa_meanfield_lambda_mean": 0.0, "delta_penalty": 3.7997451818228e-05, "energy_loss": 0.05676501337438822, "grad_rel": 0.5035478696227074, "iteration": 980, "loss": 0.16976416930556298, "lr": 0.00019672677527758853, "mse": 0.00013135030558260042, "p_zero": 0.0, "pareto_conflict": 0.65, "pareto_grad_cosine_before": -0.09239362109219655, "pareto_grad_dot_after": 0.013901110032747965, "pareto_grad_dot_before": -0.028931777010438964, "pareto_primary_grad_norm": 0.8794104427099227, "pareto_projected_tke_grad_norm": 0.464973746240139, "pareto_tke_grad_norm": 0.477974171936512, "point_rel": 0.0781911138445139, "primary_loss": 0.11299915723502636, "residual_mse": 0.00013135030558260042, "temporal_rel": 0.9071553260087967, "tke_rel": 0.47304178923368456}
TRAIN {"angle_aug_abs_deg": 0.0, "aoa_effective_shift_abs_deg_mean": 0.0, "aoa_meanfield_aug_fraction": 0.0, "aoa_meanfield_lambda_mean": 0.0, "delta_penalty": 4.4724320468958466e-05, "energy_loss": 0.05596851035952568, "grad_rel": 0.5034805089235306, "iteration": 1000, "loss": 0.16983126252889633, "lr": 0.00019659258262890762, "mse": 0.00015793663915246724, "p_zero": 0.0, "pareto_conflict": 0.8, "pareto_grad_cosine_before": -0.13528191808145493, "pareto_grad_dot_after": 0.008166671576691441, "pareto_grad_dot_before": -0.037577763036824766, "pareto_primary_grad_norm": 0.6962304428219795, "pareto_projected_tke_grad_norm": 0.4394582286477089, "pareto_tke_grad_norm": 0.4531019777059555, "point_rel": 0.07949550859630108, "primary_loss": 0.11386275216937065, "residual_mse": 0.0001579366380610736, "temporal_rel": 0.8922254025936127, "tke_rel": 0.46640426367521287}
TRAIN {"angle_aug_abs_deg": 0.0, "aoa_effective_shift_abs_deg_mean": 0.0, "aoa_meanfield_aug_fraction": 0.0, "aoa_meanfield_lambda_mean": 0.0, "delta_penalty": 3.576896142476471e-05, "energy_loss": 0.05602137576788664, "grad_rel": 0.49374607354402544, "iteration": 1020, "loss": 0.16721162423491479, "lr": 0.0001964557418457807, "mse": 0.00010923511781584239, "p_zero": 0.0, "pareto_conflict": 0.5, "pareto_grad_cosine_before": 0.016577781201340257, "pareto_grad_dot_after": 0.024533915615575098, "pareto_grad_dot_before": -0.018242443731287493, "pareto_primary_grad_norm": 1.0172679856419564, "pareto_projected_tke_grad_norm": 0.4661201000213623, "pareto_tke_grad_norm": 0.46856053322553637, "point_rel": 0.07657377421855927, "primary_loss": 0.11119024865329266, "residual_mse": 0.00010923511817964026, "temporal_rel": 0.9058933079242706, "tke_rel": 0.4668448090553284}
TRAIN {"angle_aug_abs_deg": 0.0, "aoa_effective_shift_abs_deg_mean": 0.0, "aoa_meanfield_aug_fraction": 0.0, "aoa_meanfield_lambda_mean": 0.0, "delta_penalty": 4.0799817543302194e-05, "energy_loss": 0.0562784668058157, "grad_rel": 0.5045332327485085, "iteration": 1040, "loss": 0.17052148282527924, "lr": 0.00019631625667976675, "mse": 0.00012456861131795449, "p_zero": 0.0, "pareto_conflict": 0.75, "pareto_grad_cosine_before": -0.08004302671179175, "pareto_grad_dot_after": 0.008051124117992003, "pareto_grad_dot_before": -0.043176038551609966, "pareto_primary_grad_norm": 0.842915278673172, "pareto_projected_tke_grad_norm": 0.4941344052553177, "pareto_tke_grad_norm": 0.5006679400801659, "point_rel": 0.07946455851197243, "primary_loss": 0.11424301713705062, "residual_mse": 0.00012456861131795449, "temporal_rel": 0.9057424545288086, "tke_rel": 0.4689872324466705}
TRAIN {"angle_aug_abs_deg": 0.0, "aoa_effective_shift_abs_deg_mean": 0.0, "aoa_meanfield_aug_fraction": 0.0, "aoa_meanfield_lambda_mean": 0.0, "delta_penalty": 4.211326431686757e-05, "energy_loss": 0.05675208456814289, "grad_rel": 0.498324491083622, "iteration": 1060, "loss": 0.16976471170783042, "lr": 0.0001961741309549221, "mse": 0.00015036957465781599, "p_zero": 0.0, "pareto_conflict": 0.8, "pareto_grad_cosine_before": -0.13567164975393098, "pareto_grad_dot_after": 0.011104370514840412, "pareto_grad_dot_before": -0.03846569125598762, "pareto_primary_grad_norm": 0.6958567440509796, "pareto_projected_tke_grad_norm": 0.4837201774120331, "pareto_tke_grad_norm": 0.4988301008939743, "point_rel": 0.07850739117711783, "primary_loss": 0.11301262676715851, "residual_mse": 0.00015036957465781599, "temporal_rel": 0.8994805961847305, "tke_rel": 0.4729340493679047}
TRAIN {"angle_aug_abs_deg": 0.0, "aoa_effective_shift_abs_deg_mean": 0.0, "aoa_meanfield_aug_fraction": 0.0, "aoa_meanfield_lambda_mean": 0.0, "delta_penalty": 3.926804583898047e-05, "energy_loss": 0.0559560252353549, "grad_rel": 0.4980173990130424, "iteration": 1080, "loss": 0.16848123595118522, "lr": 0.00019602936856769526, "mse": 0.00013721647592319642, "p_zero": 0.0, "pareto_conflict": 0.65, "pareto_grad_cosine_before": -0.030278675630688666, "pareto_grad_dot_after": 0.02268314406155696, "pareto_grad_dot_before": -0.021808935701847075, "pareto_primary_grad_norm": 1.294643796980381, "pareto_projected_tke_grad_norm": 0.46225701570510863, "pareto_tke_grad_norm": 0.4648273289203644, "point_rel": 0.07804231531918049, "primary_loss": 0.11252520866692066, "residual_mse": 0.00013721647810598369, "temporal_rel": 0.8990227937698364, "tke_rel": 0.4663002207875252}
TRAIN {"angle_aug_abs_deg": 0.0, "aoa_effective_shift_abs_deg_mean": 0.0, "aoa_meanfield_aug_fraction": 0.0, "aoa_meanfield_lambda_mean": 0.0, "delta_penalty": 3.971126225223998e-05, "energy_loss": 0.05622053686529398, "grad_rel": 0.5028948962688446, "iteration": 1100, "loss": 0.16900393068790437, "lr": 0.00019588197348682017, "mse": 0.0001277634175494313, "p_zero": 0.0, "pareto_conflict": 0.7, "pareto_grad_cosine_before": -0.11857568284758599, "pareto_grad_dot_after": 0.012728649029486405, "pareto_grad_dot_before": -0.03716461738804355, "pareto_primary_grad_norm": 0.9680935323238373, "pareto_projected_tke_grad_norm": 0.4719898849725723, "pareto_tke_grad_norm": 0.4822853446006775, "point_rel": 0.07812033705413342, "primary_loss": 0.11278339624404907, "residual_mse": 0.0001277634179132292, "temporal_rel": 0.9026837617158889, "tke_rel": 0.46850448548793794}
TRAIN {"angle_aug_abs_deg": 0.0, "aoa_effective_shift_abs_deg_mean": 0.0, "aoa_meanfield_aug_fraction": 0.0, "aoa_meanfield_lambda_mean": 0.0, "delta_penalty": 4.000992275905446e-05, "energy_loss": 0.05572925731539726, "grad_rel": 0.5017216175794601, "iteration": 1120, "loss": 0.16916323006153106, "lr": 0.00019573194975320752, "mse": 0.00013653039150085533, "p_zero": 0.0, "pareto_conflict": 0.65, "pareto_grad_cosine_before": -0.09114780621603132, "pareto_grad_dot_after": 0.021004910697683954, "pareto_grad_dot_before": -0.021369163529016078, "pareto_primary_grad_norm": 0.9080075338482857, "pareto_projected_tke_grad_norm": 0.46272810697555544, "pareto_tke_grad_norm": 0.4722933128476143, "point_rel": 0.07887941673398018, "primary_loss": 0.11343397349119186, "residual_mse": 0.0001365303922284511, "temporal_rel": 0.8995658367872238, "tke_rel": 0.46441048830747605}
TRAIN {"angle_aug_abs_deg": 0.0, "aoa_effective_shift_abs_deg_mean": 0.0, "aoa_meanfield_aug_fraction": 0.0, "aoa_meanfield_lambda_mean": 0.0, "delta_penalty": 4.111464013476507e-05, "energy_loss": 0.05497427247464657, "grad_rel": 0.49397301524877546, "iteration": 1140, "loss": 0.1662870667874813, "lr": 0.0001955793014798339, "mse": 0.00012779474800481694, "p_zero": 0.0, "pareto_conflict": 0.85, "pareto_grad_cosine_before": -0.13526807948946953, "pareto_grad_dot_after": 0.008527054714659244, "pareto_grad_dot_before": -0.03321615145541727, "pareto_primary_grad_norm": 0.5823044002056121, "pareto_projected_tke_grad_norm": 0.4524901583790779, "pareto_tke_grad_norm": 0.4638084262609482, "point_rel": 0.07721766587346793, "primary_loss": 0.11131279431283474, "residual_mse": 0.00012779474764101906, "temporal_rel": 0.8882124722003937, "tke_rel": 0.45811894685029986}
TRAIN {"angle_aug_abs_deg": 0.0, "aoa_effective_shift_abs_deg_mean": 0.0, "aoa_meanfield_aug_fraction": 0.0, "aoa_meanfield_lambda_mean": 0.0, "delta_penalty": 4.075567676409264e-05, "energy_loss": 0.054407052136957644, "grad_rel": 0.4995063662528992, "iteration": 1160, "loss": 0.16616921350359917, "lr": 0.00019542403285162854, "mse": 0.0001399509258590115, "p_zero": 0.0, "pareto_conflict": 0.75, "pareto_grad_cosine_before": -0.149555900786072, "pareto_grad_dot_after": 0.005631412280308723, "pareto_grad_dot_before": -0.03619936462928308, "pareto_primary_grad_norm": 0.5998339563608169, "pareto_projected_tke_grad_norm": 0.4601205542683601, "pareto_tke_grad_norm": 0.47374509572982787, "point_rel": 0.07746984623372555, "primary_loss": 0.11176216006278991, "residual_mse": 0.00013995092440381994, "temporal_rel": 0.891897302865982, "tke_rel": 0.45339211225509646}
TRAIN {"angle_aug_abs_deg": 0.0, "aoa_effective_shift_abs_deg_mean": 0.0, "aoa_meanfield_aug_fraction": 0.0, "aoa_meanfield_lambda_mean": 0.0, "delta_penalty": 4.265614843461663e-05, "energy_loss": 0.055834687873721124, "grad_rel": 0.5042756363749504, "iteration": 1180, "loss": 0.16949909552931786, "lr": 0.0001952661481253595, "mse": 0.00015139258739509386, "p_zero": 0.0, "pareto_conflict": 0.85, "pareto_grad_cosine_before": -0.1521929122507572, "pareto_grad_dot_after": 0.010745531495194883, "pareto_grad_dot_before": -0.04222277062945068, "pareto_primary_grad_norm": 0.6514032736420632, "pareto_projected_tke_grad_norm": 0.4356383740901947, "pareto_tke_grad_norm": 0.44841172993183137, "point_rel": 0.07924670614302158, "primary_loss": 0.11366440691053867, "residual_mse": 0.00015139258848648752, "temporal_rel": 0.8935765594244003, "tke_rel": 0.4652890756726265}
TRAIN {"angle_aug_abs_deg": 0.0, "aoa_effective_shift_abs_deg_mean": 0.0, "aoa_meanfield_aug_fraction": 0.0, "aoa_meanfield_lambda_mean": 0.0, "delta_penalty": 4.131320401938865e-05, "energy_loss": 0.05518639981746674, "grad_rel": 0.5011412262916565, "iteration": 1200, "loss": 0.1667028322815895, "lr": 0.0001951056516295162, "mse": 0.00012834202370868298, "p_zero": 0.0, "pareto_conflict": 0.9, "pareto_grad_cosine_before": -0.15210929522290825, "pareto_grad_dot_after": 0.0012796633049219964, "pareto_grad_dot_before": -0.04093995653092861, "pareto_primary_grad_norm": 0.7687016427516937, "pareto_projected_tke_grad_norm": 0.4306472420692444, "pareto_tke_grad_norm": 0.4385500386357307, "point_rel": 0.07697391305118799, "primary_loss": 0.1115164328366518, "residual_mse": 0.00012834202407248086, "temporal_rel": 0.8995357692241669, "tke_rel": 0.4598866760730743}
TRAIN {"angle_aug_abs_deg": 0.0, "aoa_effective_shift_abs_deg_mean": 0.0, "aoa_meanfield_aug_fraction": 0.0, "aoa_meanfield_lambda_mean": 0.0, "delta_penalty": 4.361347655503778e-05, "energy_loss": 0.05535953156650066, "grad_rel": 0.49734159260988237, "iteration": 1220, "loss": 0.168267672508955, "lr": 0.00019494254776419122, "mse": 0.00015187561621132772, "p_zero": 0.0, "pareto_conflict": 0.9, "pareto_grad_cosine_before": -0.18030766961164774, "pareto_grad_dot_after": 0.004706511636345567, "pareto_grad_dot_before": -0.04589147474616766, "pareto_primary_grad_norm": 0.7777029603719712, "pareto_projected_tke_grad_norm": 0.41472415924072265, "pareto_tke_grad_norm": 0.4270980626344681, "point_rel": 0.07869395837187768, "primary_loss": 0.11290814094245434, "residual_mse": 0.00015187561548373195, "temporal_rel": 0.8902541726827622, "tke_rel": 0.4613294377923012}
TRAIN {"angle_aug_abs_deg": 0.0, "aoa_effective_shift_abs_deg_mean": 0.0, "aoa_meanfield_aug_fraction": 0.0, "aoa_meanfield_lambda_mean": 0.0, "delta_penalty": 4.188154707662761e-05, "energy_loss": 0.05378029346466064, "grad_rel": 0.49310160875320436, "iteration": 1240, "loss": 0.16447042673826218, "lr": 0.0001947768410009593, "mse": 0.00012969665185664782, "p_zero": 0.0, "pareto_conflict": 0.6, "pareto_grad_cosine_before": -0.08500912147574127, "pareto_grad_dot_after": 0.008761491070345073, "pareto_grad_dot_before": -0.03178476065513678, "pareto_primary_grad_norm": 0.8189229622483254, "pareto_projected_tke_grad_norm": 0.4369706675410271, "pareto_tke_grad_norm": 0.44680016338825224, "point_rel": 0.07631207033991813, "primary_loss": 0.11069013215601445, "residual_mse": 0.00012969665149284993, "temporal_rel": 0.8980596899986267, "tke_rel": 0.4481691211462021}
TRAIN {"angle_aug_abs_deg": 0.0, "aoa_effective_shift_abs_deg_mean": 0.0, "aoa_meanfield_aug_fraction": 0.0, "aoa_meanfield_lambda_mean": 0.0, "delta_penalty": 3.9537568591185844e-05, "energy_loss": 0.056443789042532444, "grad_rel": 0.5039741918444633, "iteration": 1260, "loss": 0.16923670768737792, "lr": 0.00019460853588275522, "mse": 0.00013360636403376703, "p_zero": 0.0, "pareto_conflict": 0.7, "pareto_grad_cosine_before": -0.13101700115948917, "pareto_grad_dot_after": 0.015856440219249635, "pareto_grad_dot_before": -0.037616079207509756, "pareto_primary_grad_norm": 0.8338305339217186, "pareto_projected_tke_grad_norm": 0.4596212610602379, "pareto_tke_grad_norm": 0.473080986738205, "point_rel": 0.07811442725360393, "primary_loss": 0.11279291845858097, "residual_mse": 0.0001336063625785755, "temporal_rel": 0.9026001960039138, "tke_rel": 0.47036492079496384}
TRAIN {"angle_aug_abs_deg": 0.0, "aoa_effective_shift_abs_deg_mean": 0.0, "aoa_meanfield_aug_fraction": 0.0, "aoa_meanfield_lambda_mean": 0.0, "delta_penalty": 3.7713930669269755e-05, "energy_loss": 0.05585443247109652, "grad_rel": 0.4945088878273964, "iteration": 1280, "loss": 0.1662674844264984, "lr": 0.00019443763702374877, "mse": 0.00012050528785039205, "p_zero": 0.0, "pareto_conflict": 0.75, "pareto_grad_cosine_before": -0.06756752054207027, "pareto_grad_dot_after": 0.02168793799710329, "pareto_grad_dot_before": -0.025419124064501374, "pareto_primary_grad_norm": 0.8398887127637863, "pareto_projected_tke_grad_norm": 0.4866681665182114, "pareto_tke_grad_norm": 0.49544403702020645, "point_rel": 0.0760561479255557, "primary_loss": 0.11041305288672447, "residual_mse": 0.000120505288032291, "temporal_rel": 0.8967455804347992, "tke_rel": 0.46545361280441283}
TRAIN {"angle_aug_abs_deg": 0.0, "aoa_effective_shift_abs_deg_mean": 0.0, "aoa_meanfield_aug_fraction": 0.0, "aoa_meanfield_lambda_mean": 0.0, "delta_penalty": 4.1998008691734866e-05, "energy_loss": 0.05334800947457552, "grad_rel": 0.5016026496887207, "iteration": 1300, "loss": 0.16641560345888137, "lr": 0.00019426414910921855, "mse": 0.00014675643433292862, "p_zero": 0.0, "pareto_conflict": 0.8, "pareto_grad_cosine_before": -0.1613570997491479, "pareto_grad_dot_after": 0.007203481624583219, "pareto_grad_dot_before": -0.040953077794983986, "pareto_primary_grad_norm": 0.5803809359669685, "pareto_projected_tke_grad_norm": 0.4534960940480232, "pareto_tke_grad_norm": 0.4670835956931114, "point_rel": 0.07884258702397347, "primary_loss": 0.11306759305298328, "residual_mse": 0.00014675642996735404, "temporal_rel": 0.8885366559028626, "tke_rel": 0.4445667564868927}
TRAIN {"angle_aug_abs_deg": 0.0, "aoa_effective_shift_abs_deg_mean": 0.0, "aoa_meanfield_aug_fraction": 0.0, "aoa_meanfield_lambda_mean": 0.0, "delta_penalty": 4.4765037091565316e-05, "energy_loss": 0.05610757209360599, "grad_rel": 0.5008962690830231, "iteration": 1320, "loss": 0.1692998819053173, "lr": 0.00019408807689542322, "mse": 0.00015333560477301945, "p_zero": 0.0, "pareto_conflict": 0.75, "pareto_grad_cosine_before": -0.13628899920731782, "pareto_grad_dot_after": 0.007184240999413305, "pareto_grad_dot_before": -0.03322041495703161, "pareto_primary_grad_norm": 0.7172990888357162, "pareto_projected_tke_grad_norm": 0.42921874970197677, "pareto_tke_grad_norm": 0.43800685852766036, "point_rel": 0.07859126068651676, "primary_loss": 0.11319230981171131, "residual_mse": 0.0001533356055006152, "temporal_rel": 0.9013570040464401, "tke_rel": 0.46756311058998107}
TRAIN {"angle_aug_abs_deg": 0.0, "aoa_effective_shift_abs_deg_mean": 0.0, "aoa_meanfield_aug_fraction": 0.0, "aoa_meanfield_lambda_mean": 0.0, "delta_penalty": 4.4098145099269456e-05, "energy_loss": 0.05498960465192795, "grad_rel": 0.5022765785455704, "iteration": 1340, "loss": 0.16793860048055648, "lr": 0.00019390942520947164, "mse": 0.00014883771927998168, "p_zero": 0.0, "pareto_conflict": 0.65, "pareto_grad_cosine_before": -0.09532303725136444, "pareto_grad_dot_after": 0.017128009891621332, "pareto_grad_dot_before": -0.024104997972608545, "pareto_primary_grad_norm": 1.1127475276589394, "pareto_projected_tke_grad_norm": 0.44191470742225647, "pareto_tke_grad_norm": 0.4491801619529724, "point_rel": 0.07837109677493573, "primary_loss": 0.11294899545609952, "residual_mse": 0.00014883772146276897, "temporal_rel": 0.8999405920505523, "tke_rel": 0.4582467168569565}
TRAIN {"angle_aug_abs_deg": 0.0, "aoa_effective_shift_abs_deg_mean": 0.0, "aoa_meanfield_aug_fraction": 0.0, "aoa_meanfield_lambda_mean": 0.0, "delta_penalty": 3.943942811019951e-05, "energy_loss": 0.056404007412493226, "grad_rel": 0.4935654550790787, "iteration": 1360, "loss": 0.16568420380353927, "lr": 0.00019372819894918994, "mse": 0.00012556194105854955, "p_zero": 0.0, "pareto_conflict": 0.7, "pareto_grad_cosine_before": -0.17660534117530916, "pareto_grad_dot_after": 0.005892542333731399, "pareto_grad_dot_before": -0.046962199555127884, "pareto_primary_grad_norm": 0.7258567839860917, "pareto_projected_tke_grad_norm": 0.4344643592834473, "pareto_tke_grad_norm": 0.4563656896352768, "point_rel": 0.07483610473573207, "primary_loss": 0.10928019434213639, "residual_mse": 0.0001255619425137411, "temporal_rel": 0.9000717610120773, "tke_rel": 0.47003340572118757}
TRAIN {"angle_aug_abs_deg": 0.0, "aoa_effective_shift_abs_deg_mean": 0.0, "aoa_meanfield_aug_fraction": 0.0, "aoa_meanfield_lambda_mean": 0.0, "delta_penalty": 4.111615671718027e-05, "energy_loss": 0.0553191727027297, "grad_rel": 0.5091843158006668, "iteration": 1380, "loss": 0.16921703442931174, "lr": 0.00019354440308298745, "mse": 0.00012135234865127132, "p_zero": 0.0, "pareto_conflict": 0.75, "pareto_grad_cosine_before": -0.1288692157715559, "pareto_grad_dot_after": 0.016581545739609283, "pareto_grad_dot_before": -0.027001467114314438, "pareto_primary_grad_norm": 0.7954117372632027, "pareto_projected_tke_grad_norm": 0.4390948608517647, "pareto_tke_grad_norm": 0.4499349266290665, "point_rel": 0.07914005368947982, "primary_loss": 0.11389786303043366, "residual_mse": 0.00012135234792367555, "temporal_rel": 0.9027605473995208, "tke_rel": 0.4609931170940399}
TRAIN {"angle_aug_abs_deg": 0.0, "aoa_effective_shift_abs_deg_mean": 0.0, "aoa_meanfield_aug_fraction": 0.0, "aoa_meanfield_lambda_mean": 0.0, "delta_penalty": 4.252923818057752e-05, "energy_loss": 0.056891248747706416, "grad_rel": 0.5025141924619675, "iteration": 1400, "loss": 0.1693270906805992, "lr": 0.00019335804264972086, "mse": 0.00015013453958090395, "p_zero": 0.0, "pareto_conflict": 0.8, "pareto_grad_cosine_before": -0.1817694643512368, "pareto_grad_dot_after": 0.004279160823034545, "pareto_grad_dot_before": -0.046565805841237304, "pareto_primary_grad_norm": 0.7706056490540505, "pareto_projected_tke_grad_norm": 0.4326650783419609, "pareto_tke_grad_norm": 0.45074500888586044, "point_rel": 0.07778444029390812, "primary_loss": 0.11243584044277669, "residual_mse": 0.00015013453994470183, "temporal_rel": 0.9022599369287491, "tke_rel": 0.47409374862909315}
TRAIN {"angle_aug_abs_deg": 0.0, "aoa_effective_shift_abs_deg_mean": 0.0, "aoa_meanfield_aug_fraction": 0.0, "aoa_meanfield_lambda_mean": 0.0, "delta_penalty": 3.609624354794505e-05, "energy_loss": 0.05670557953417301, "grad_rel": 0.49220083802938464, "iteration": 1420, "loss": 0.16648550927639008, "lr": 0.00019316912275855552, "mse": 0.0001081510747098946, "p_zero": 0.0, "pareto_conflict": 0.9, "pareto_grad_cosine_before": -0.17598434938117863, "pareto_grad_dot_after": 0.004343621007410548, "pareto_grad_dot_before": -0.046569198556244376, "pareto_primary_grad_norm": 0.726805466413498, "pareto_projected_tke_grad_norm": 0.46610167622566223, "pareto_tke_grad_norm": 0.47950710654258727, "point_rel": 0.07532276622951031, "primary_loss": 0.1097799301147461, "residual_mse": 0.00010815107234520837, "temporal_rel": 0.9013661861419677, "tke_rel": 0.4725465074181557}
TRAIN {"angle_aug_abs_deg": 0.0, "aoa_effective_shift_abs_deg_mean": 0.0, "aoa_meanfield_aug_fraction": 0.0, "aoa_meanfield_lambda_mean": 0.0, "delta_penalty": 4.092406479685451e-05, "energy_loss": 0.05736162904649973, "grad_rel": 0.5077690035104752, "iteration": 1440, "loss": 0.1714760608971119, "lr": 0.0001929776485888257, "mse": 0.00013852952324668876, "p_zero": 0.0, "pareto_conflict": 0.8, "pareto_grad_cosine_before": -0.15126078666071407, "pareto_grad_dot_after": 0.0059598693804218785, "pareto_grad_dot_before": -0.04398010409204289, "pareto_primary_grad_norm": 0.6925235360860824, "pareto_projected_tke_grad_norm": 0.4582463175058365, "pareto_tke_grad_norm": 0.4699420973658562, "point_rel": 0.0793654352426529, "primary_loss": 0.11411443054676056, "residual_mse": 0.00013852952233719406, "temporal_rel": 0.9030027598142624, "tke_rel": 0.4780135855078697}
TRAIN {"angle_aug_abs_deg": 0.0, "aoa_effective_shift_abs_deg_mean": 0.0, "aoa_meanfield_aug_fraction": 0.0, "aoa_meanfield_lambda_mean": 0.0, "delta_penalty": 3.9121026838984106e-05, "energy_loss": 0.05681180916726589, "grad_rel": 0.49205198138952255, "iteration": 1460, "loss": 0.16631902530789375, "lr": 0.00019278362538989254, "mse": 0.0001232309133229137, "p_zero": 0.0, "pareto_conflict": 0.8, "pareto_grad_cosine_before": -0.17196899489499629, "pareto_grad_dot_after": 0.007830891120352134, "pareto_grad_dot_before": -0.04019036071840674, "pareto_primary_grad_norm": 0.6840028285980224, "pareto_projected_tke_grad_norm": 0.4644951030611992, "pareto_tke_grad_norm": 0.4798672467470169, "point_rel": 0.07504036966711283, "primary_loss": 0.1095072153955698, "residual_mse": 0.0001232309133229137, "temporal_rel": 0.9016105830669403, "tke_rel": 0.47343175262212756}
TRAIN {"angle_aug_abs_deg": 0.0, "aoa_effective_shift_abs_deg_mean": 0.0, "aoa_meanfield_aug_fraction": 0.0, "aoa_meanfield_lambda_mean": 0.0, "delta_penalty": 4.09723713346466e-05, "energy_loss": 0.0559505520388484, "grad_rel": 0.49420605301856996, "iteration": 1480, "loss": 0.16741535514593125, "lr": 0.00019258705848100002, "mse": 0.00013495382627297657, "p_zero": 0.0, "pareto_conflict": 0.85, "pareto_grad_cosine_before": -0.19510906599462033, "pareto_grad_dot_after": 0.004477013321593404, "pareto_grad_dot_before": -0.05171219063922763, "pareto_primary_grad_norm": 0.6015784457325936, "pareto_projected_tke_grad_norm": 0.4530752196907997, "pareto_tke_grad_norm": 0.46961319297552107, "point_rel": 0.07712612636387348, "primary_loss": 0.1114648025482893, "residual_mse": 0.00013495382481778506, "temporal_rel": 0.896142628788948, "tke_rel": 0.4662546068429947}
TRAIN {"angle_aug_abs_deg": 0.0, "aoa_effective_shift_abs_deg_mean": 0.0, "aoa_meanfield_aug_fraction": 0.0, "aoa_meanfield_lambda_mean": 0.0, "delta_penalty": 3.999690306955017e-05, "energy_loss": 0.05708324871957302, "grad_rel": 0.4931899651885033, "iteration": 1500, "loss": 0.1680172234773636, "lr": 0.00019238795325112918, "mse": 0.00013914859337091912, "p_zero": 0.0, "pareto_conflict": 0.65, "pareto_grad_cosine_before": -0.10397774862358347, "pareto_grad_dot_after": 0.016232880569987174, "pareto_grad_dot_before": -0.024919148455956018, "pareto_primary_grad_norm": 0.6742402642965317, "pareto_projected_tke_grad_norm": 0.4782685324549675, "pareto_tke_grad_norm": 0.4903256192803383, "point_rel": 0.07646509334445, "primary_loss": 0.11093397624790668, "residual_mse": 0.0001391485919157276, "temporal_rel": 0.9009496569633484, "tke_rel": 0.47569374889135363}
TRAIN {"angle_aug_abs_deg": 0.0, "aoa_effective_shift_abs_deg_mean": 0.0, "aoa_meanfield_aug_fraction": 0.0, "aoa_meanfield_lambda_mean": 0.0, "delta_penalty": 3.8495506396429845e-05, "energy_loss": 0.05449863336980343, "grad_rel": 0.48946150690317153, "iteration": 1520, "loss": 0.16313167959451674, "lr": 0.00019218631515885055, "mse": 0.00012842097603424918, "p_zero": 0.0, "pareto_conflict": 0.85, "pareto_grad_cosine_before": -0.16204628385603428, "pareto_grad_dot_after": 0.004867556735916878, "pareto_grad_dot_before": -0.05104253417812288, "pareto_primary_grad_norm": 0.719269023835659, "pareto_projected_tke_grad_norm": 0.4371663421392441, "pareto_tke_grad_norm": 0.4476646572351456, "point_rel": 0.07434346340596676, "primary_loss": 0.10863304734230042, "residual_mse": 0.00012842097676184493, "temporal_rel": 0.8969455510377884, "tke_rel": 0.4541552871465683}
TRAIN {"angle_aug_abs_deg": 0.0, "aoa_effective_shift_abs_deg_mean": 0.0, "aoa_meanfield_aug_fraction": 0.0, "aoa_meanfield_lambda_mean": 0.0, "delta_penalty": 4.1347284150106137e-05, "energy_loss": 0.05638722088187933, "grad_rel": 0.5008983820676803, "iteration": 1540, "loss": 0.16790857911109924, "lr": 0.00019198214973217432, "mse": 0.0001407605093845632, "p_zero": 0.0, "pareto_conflict": 0.7, "pareto_grad_cosine_before": -0.05800861837342382, "pareto_grad_dot_after": 0.019914529383413537, "pareto_grad_dot_before": -0.013139197090640663, "pareto_primary_grad_norm": 0.8574189946055413, "pareto_projected_tke_grad_norm": 0.46260606646537783, "pareto_tke_grad_norm": 0.46768738627433776, "point_rel": 0.07704428061842919, "primary_loss": 0.11152135990560055, "residual_mse": 0.00014076050902076532, "temporal_rel": 0.8973516404628754, "tke_rel": 0.46989351958036424}
TRAIN {"angle_aug_abs_deg": 0.0, "aoa_effective_shift_abs_deg_mean": 0.0, "aoa_meanfield_aug_fraction": 0.0, "aoa_meanfield_lambda_mean": 0.0, "delta_penalty": 3.961106103815837e-05, "energy_loss": 0.0557235736399889, "grad_rel": 0.49803941547870634, "iteration": 1560, "loss": 0.16894121170043946, "lr": 0.00019177546256839864, "mse": 0.00013219086549725033, "p_zero": 0.0, "pareto_conflict": 0.75, "pareto_grad_cosine_before": -0.15071364819305016, "pareto_grad_dot_after": 0.015271708610089262, "pareto_grad_dot_before": -0.03366487063758541, "pareto_primary_grad_norm": 0.6829839318990707, "pareto_projected_tke_grad_norm": 0.4376407787203789, "pareto_tke_grad_norm": 0.4513083428144455, "point_rel": 0.07893103063106537, "primary_loss": 0.11321763694286346, "residual_mse": 0.00013219086613389664, "temporal_rel": 0.8925188481807709, "tke_rel": 0.4643631294369698}
TRAIN {"angle_aug_abs_deg": 0.0, "aoa_effective_shift_abs_deg_mean": 0.0, "aoa_meanfield_aug_fraction": 0.0, "aoa_meanfield_lambda_mean": 0.0, "delta_penalty": 3.889733652613358e-05, "energy_loss": 0.055401656590402124, "grad_rel": 0.48136977404356, "iteration": 1580, "loss": 0.16261788457632065, "lr": 0.0001915662593339566, "mse": 0.00012058347256242996, "p_zero": 0.0, "pareto_conflict": 0.75, "pareto_grad_cosine_before": -0.11935738176107406, "pareto_grad_dot_after": 0.01086773188544612, "pareto_grad_dot_before": -0.032743467297405, "pareto_primary_grad_norm": 0.8136253386735917, "pareto_projected_tke_grad_norm": 0.46191520243883133, "pareto_tke_grad_norm": 0.47193573564291, "point_rel": 0.07302953656762838, "primary_loss": 0.10721622742712497, "residual_mse": 0.00012058347401762148, "temporal_rel": 0.8976397305727005, "tke_rel": 0.46168047934770584}
TRAIN {"angle_aug_abs_deg": 0.0, "aoa_effective_shift_abs_deg_mean": 0.0, "aoa_meanfield_aug_fraction": 0.0, "aoa_meanfield_lambda_mean": 0.0, "delta_penalty": 4.305326656321995e-05, "energy_loss": 0.056467161513864994, "grad_rel": 0.5088189452886581, "iteration": 1600, "loss": 0.1720365598797798, "lr": 0.00019135454576426052, "mse": 0.00014566874542651931, "p_zero": 0.0, "pareto_conflict": 0.85, "pareto_grad_cosine_before": -0.17695333927404136, "pareto_grad_dot_after": 0.005147068451060477, "pareto_grad_dot_before": -0.047579012089408936, "pareto_primary_grad_norm": 0.6668852910399437, "pareto_projected_tke_grad_norm": 0.453157639503479, "pareto_tke_grad_norm": 0.46655865758657455, "point_rel": 0.08084898591041564, "primary_loss": 0.11556940004229546, "residual_mse": 0.0001456687457903172, "temporal_rel": 0.9014523029327393, "tke_rel": 0.47055968940258025}
TRAIN {"angle_aug_abs_deg": 0.0, "aoa_effective_shift_abs_deg_mean": 0.0, "aoa_meanfield_aug_fraction": 0.0, "aoa_meanfield_lambda_mean": 0.0, "delta_penalty": 3.88351731999137e-05, "energy_loss": 0.05610967874526977, "grad_rel": 0.4899927020072937, "iteration": 1620, "loss": 0.16620589122176171, "lr": 0.00019114032766354486, "mse": 0.00012896621556137688, "p_zero": 0.0, "pareto_conflict": 0.75, "pareto_grad_cosine_before": -0.12328710895963013, "pareto_grad_dot_after": 0.008943689777015606, "pareto_grad_dot_before": -0.0399405857315287, "pareto_primary_grad_norm": 0.7356876447796822, "pareto_projected_tke_grad_norm": 0.46323262602090837, "pareto_tke_grad_norm": 0.4770493388175964, "point_rel": 0.07586415484547615, "primary_loss": 0.11009621284902096, "residual_mse": 0.000128966215197579, "temporal_rel": 0.8947566449642181, "tke_rel": 0.4675806686282158}
TRAIN {"angle_aug_abs_deg": 0.0, "aoa_effective_shift_abs_deg_mean": 0.0, "aoa_meanfield_aug_fraction": 0.0, "aoa_meanfield_lambda_mean": 0.0, "delta_penalty": 4.602459148372873e-05, "energy_loss": 0.05638594906777143, "grad_rel": 0.5040361925959587, "iteration": 1640, "loss": 0.17123562172055246, "lr": 0.00019092361090470723, "mse": 0.00016241436060226988, "p_zero": 0.0, "pareto_conflict": 0.9, "pareto_grad_cosine_before": -0.19900666996836663, "pareto_grad_dot_after": 0.004085041764392372, "pareto_grad_dot_before": -0.055458535673096776, "pareto_primary_grad_norm": 0.6491075202822685, "pareto_projected_tke_grad_norm": 0.44624100178480147, "pareto_tke_grad_norm": 0.46293688416481016, "point_rel": 0.08023135028779507, "primary_loss": 0.11484967470169068, "residual_mse": 0.00016241436132986565, "temporal_rel": 0.9002712398767472, "tke_rel": 0.4698829159140587}
TRAIN {"angle_aug_abs_deg": 0.0, "aoa_effective_shift_abs_deg_mean": 0.0, "aoa_meanfield_aug_fraction": 0.0, "aoa_meanfield_lambda_mean": 0.0, "delta_penalty": 3.8943608160479926e-05, "energy_loss": 0.05353789869695902, "grad_rel": 0.48862189054489136, "iteration": 1660, "loss": 0.16147100329399108, "lr": 0.00019070440142914685, "mse": 0.00011509691194078187, "p_zero": 0.0, "pareto_conflict": 0.75, "pareto_grad_cosine_before": -0.08669409733265639, "pareto_grad_dot_after": 0.010111079259513645, "pareto_grad_dot_before": -0.03242756314575672, "pareto_primary_grad_norm": 1.1180165082216262, "pareto_projected_tke_grad_norm": 0.46831406354904176, "pareto_tke_grad_norm": 0.4744807928800583, "point_rel": 0.07354721557348967, "primary_loss": 0.10793310515582562, "residual_mse": 0.0001150969112131861, "temporal_rel": 0.900708457827568, "tke_rel": 0.446149168908596}
TRAIN {"angle_aug_abs_deg": 0.0, "aoa_effective_shift_abs_deg_mean": 0.0, "aoa_meanfield_aug_fraction": 0.0, "aoa_meanfield_lambda_mean": 0.0, "delta_penalty": 3.952598726755241e-05, "energy_loss": 0.05595703199505806, "grad_rel": 0.5018765777349472, "iteration": 1680, "loss": 0.16758761927485466, "lr": 0.0001904827052466023, "mse": 0.0001246681427801377, "p_zero": 0.0, "pareto_conflict": 0.7, "pareto_grad_cosine_before": -0.1282758428103989, "pareto_grad_dot_after": 0.005972083226060932, "pareto_grad_dot_before": -0.035456229218834776, "pareto_primary_grad_norm": 0.752160108089447, "pareto_projected_tke_grad_norm": 0.445602722465992, "pareto_tke_grad_norm": 0.4577965259552002, "point_rel": 0.07665946446359158, "primary_loss": 0.11163058876991272, "residual_mse": 0.0001246681431439356, "temporal_rel": 0.9134928464889527, "tke_rel": 0.4663086116313934}
TRAIN {"angle_aug_abs_deg": 0.0, "aoa_effective_shift_abs_deg_mean": 0.0, "aoa_meanfield_aug_fraction": 0.0, "aoa_meanfield_lambda_mean": 0.0, "delta_penalty": 4.291089653634117e-05, "energy_loss": 0.055769205652177335, "grad_rel": 0.49240540266036986, "iteration": 1700, "loss": 0.16542110219597816, "lr": 0.00019025852843498645, "mse": 0.00013457750701491024, "p_zero": 0.0, "pareto_conflict": 0.7, "pareto_grad_cosine_before": -0.10852406662888825, "pareto_grad_dot_after": 0.011554343619354767, "pareto_grad_dot_before": -0.03581089464132674, "pareto_primary_grad_norm": 0.8771889999508857, "pareto_projected_tke_grad_norm": 0.45028999596834185, "pareto_tke_grad_norm": 0.46094009429216387, "point_rel": 0.0752217449247837, "primary_loss": 0.10965189635753632, "residual_mse": 0.0001345775073787081, "temporal_rel": 0.9000946700572967, "tke_rel": 0.4647433921694756}
TRAIN {"angle_aug_abs_deg": 0.0, "aoa_effective_shift_abs_deg_mean": 0.0, "aoa_meanfield_aug_fraction": 0.0, "aoa_meanfield_lambda_mean": 0.0, "delta_penalty": 4.562547210298362e-05, "energy_loss": 0.056285558454692367, "grad_rel": 0.499592037498951, "iteration": 1720, "loss": 0.17046158760786057, "lr": 0.0001900318771402198, "mse": 0.00015665783794247546, "p_zero": 0.0, "pareto_conflict": 0.9, "pareto_grad_cosine_before": -0.12790523847506846, "pareto_grad_dot_after": 0.0009722714064309912, "pareto_grad_dot_before": -0.04717839825025294, "pareto_primary_grad_norm": 0.7746842578053474, "pareto_projected_tke_grad_norm": 0.4605587929487228, "pareto_tke_grad_norm": 0.4664997264742851, "point_rel": 0.07958410196006298, "primary_loss": 0.11417602896690368, "residual_mse": 0.00015665783757867757, "temporal_rel": 0.9016712754964828, "tke_rel": 0.4690463334321976}
TRAIN {"angle_aug_abs_deg": 0.0, "aoa_effective_shift_abs_deg_mean": 0.0, "aoa_meanfield_aug_fraction": 0.0, "aoa_meanfield_lambda_mean": 0.0, "delta_penalty": 4.062155076098861e-05, "energy_loss": 0.05668868254870176, "grad_rel": 0.49543325006961825, "iteration": 1740, "loss": 0.16794986203312873, "lr": 0.00018980275757606203, "mse": 0.00013428524489427217, "p_zero": 0.0, "pareto_conflict": 0.9, "pareto_grad_cosine_before": -0.13208740744739772, "pareto_grad_dot_after": 0.004870374368329067, "pareto_grad_dot_before": -0.03723353799432516, "pareto_primary_grad_norm": 0.7691003933548928, "pareto_projected_tke_grad_norm": 0.45458216965198517, "pareto_tke_grad_norm": 0.4631170228123665, "point_rel": 0.07662200555205345, "primary_loss": 0.11126117929816245, "residual_mse": 0.00013428524671326157, "temporal_rel": 0.9055525541305542, "tke_rel": 0.47240570187568665}
TRAIN {"angle_aug_abs_deg": 0.0, "aoa_effective_shift_abs_deg_mean": 0.0, "aoa_meanfield_aug_fraction": 0.0, "aoa_meanfield_lambda_mean": 0.0, "delta_penalty": 4.3691069186024835e-05, "energy_loss": 0.05726756304502487, "grad_rel": 0.5066567152738571, "iteration": 1760, "loss": 0.17212310582399368, "lr": 0.0001895711760239418, "mse": 0.00014981929707573726, "p_zero": 0.0, "pareto_conflict": 0.9, "pareto_grad_cosine_before": -0.1732537948526442, "pareto_grad_dot_after": 0.0009645011137763504, "pareto_grad_dot_before": -0.05845984329935163, "pareto_primary_grad_norm": 0.929138571023941, "pareto_projected_tke_grad_norm": 0.4416603401303291, "pareto_tke_grad_norm": 0.4533363372087479, "point_rel": 0.07999623604118825, "primary_loss": 0.11485554277896881, "residual_mse": 0.0001498192963481415, "temporal_rel": 0.9071211308240891, "tke_rel": 0.477229705452919}
TRAIN {"angle_aug_abs_deg": 0.0, "aoa_effective_shift_abs_deg_mean": 0.0, "aoa_meanfield_aug_fraction": 0.0, "aoa_meanfield_lambda_mean": 0.0, "delta_penalty": 4.2563492115732515e-05, "energy_loss": 0.05587788987904787, "grad_rel": 0.5042608931660653, "iteration": 1780, "loss": 0.1701797217130661, "lr": 0.00018933713883278428, "mse": 0.00012784880364051786, "p_zero": 0.0, "pareto_conflict": 0.7, "pareto_grad_cosine_before": -0.11287176287733018, "pareto_grad_dot_after": 0.015869715960343457, "pareto_grad_dot_before": -0.024872288503684104, "pareto_primary_grad_norm": 1.2784864604473114, "pareto_projected_tke_grad_norm": 0.4521136671304703, "pareto_tke_grad_norm": 0.4634103044867516, "point_rel": 0.07950853668153286, "primary_loss": 0.11430183202028274, "residual_mse": 0.00012784880254912423, "temporal_rel": 0.9063392460346222, "tke_rel": 0.46564909219741824}
TRAIN {"angle_aug_abs_deg": 0.0, "aoa_effective_shift_abs_deg_mean": 0.0, "aoa_meanfield_aug_fraction": 0.0, "aoa_meanfield_lambda_mean": 0.0, "delta_penalty": 3.856008261209354e-05, "energy_loss": 0.05651521999388933, "grad_rel": 0.4942193865776062, "iteration": 1800, "loss": 0.16698545664548875, "lr": 0.00018910065241883726, "mse": 0.0001248590309842257, "p_zero": 0.0, "pareto_conflict": 0.8, "pareto_grad_cosine_before": -0.11342550730332732, "pareto_grad_dot_after": 0.0069934059647494, "pareto_grad_dot_before": -0.03421913860365748, "pareto_primary_grad_norm": 0.6358423709869385, "pareto_projected_tke_grad_norm": 0.44554403275251386, "pareto_tke_grad_norm": 0.45385248512029647, "point_rel": 0.07611872386187316, "primary_loss": 0.1104702364653349, "residual_mse": 0.0001248590309842257, "temporal_rel": 0.8966664522886276, "tke_rel": 0.47096017450094224}
TRAIN {"angle_aug_abs_deg": 0.0, "aoa_effective_shift_abs_deg_mean": 0.0, "aoa_meanfield_aug_fraction": 0.0, "aoa_meanfield_lambda_mean": 0.0, "delta_penalty": 3.8946715631027476e-05, "energy_loss": 0.05571133904159069, "grad_rel": 0.48993162512779237, "iteration": 1820, "loss": 0.1638625018298626, "lr": 0.00018886172326549534, "mse": 0.00013143568403393147, "p_zero": 0.0, "pareto_conflict": 0.75, "pareto_grad_cosine_before": -0.15013146502897143, "pareto_grad_dot_after": 0.006504429876804352, "pareto_grad_dot_before": -0.0435336644644849, "pareto_primary_grad_norm": 0.7142090365290642, "pareto_projected_tke_grad_norm": 0.45595590621232984, "pareto_tke_grad_norm": 0.46669141501188277, "point_rel": 0.07358286697417497, "primary_loss": 0.10815116167068481, "residual_mse": 0.0001314356829425378, "temporal_rel": 0.9059703946113586, "tke_rel": 0.4642611637711525}
TRAIN {"angle_aug_abs_deg": 0.0, "aoa_effective_shift_abs_deg_mean": 0.0, "aoa_meanfield_aug_fraction": 0.0, "aoa_meanfield_lambda_mean": 0.0, "delta_penalty": 4.085316968485131e-05, "energy_loss": 0.05432171430438757, "grad_rel": 0.49283543825149534, "iteration": 1840, "loss": 0.16436708047986032, "lr": 0.00018862035792312196, "mse": 0.00012304169449635084, "p_zero": 0.0, "pareto_conflict": 0.8, "pareto_grad_cosine_before": -0.14640045426785947, "pareto_grad_dot_after": 0.00493728854071378, "pareto_grad_dot_before": -0.05024634820874781, "pareto_primary_grad_norm": 0.717389215528965, "pareto_projected_tke_grad_norm": 0.4437442317605019, "pareto_tke_grad_norm": 0.4545199379324913, "point_rel": 0.07594519816339015, "primary_loss": 0.11004536561667919, "residual_mse": 0.00012304169558774447, "temporal_rel": 0.888996809720993, "tke_rel": 0.45268096327781676}
TRAIN {"angle_aug_abs_deg": 0.0, "aoa_effective_shift_abs_deg_mean": 0.0, "aoa_meanfield_aug_fraction": 0.0, "aoa_meanfield_lambda_mean": 0.0, "delta_penalty": 4.0953301049739824e-05, "energy_loss": 0.05397146493196488, "grad_rel": 0.5019809290766716, "iteration": 1860, "loss": 0.16661205887794495, "lr": 0.0001883765630088698, "mse": 0.0001288503026444232, "p_zero": 0.0, "pareto_conflict": 0.65, "pareto_grad_cosine_before": -0.09115589449065738, "pareto_grad_dot_after": 0.012112232039180526, "pareto_grad_dot_before": -0.031302649949066105, "pareto_primary_grad_norm": 0.8275144442915916, "pareto_projected_tke_grad_norm": 0.4447821617126465, "pareto_tke_grad_norm": 0.4558193117380142, "point_rel": 0.0781769722700119, "primary_loss": 0.1126405943185091, "residual_mse": 0.0001288503026444232, "temporal_rel": 0.8964811384677887, "tke_rel": 0.4497622147202492}
TRAIN {"angle_aug_abs_deg": 0.0, "aoa_effective_shift_abs_deg_mean": 0.0, "aoa_meanfield_aug_fraction": 0.0, "aoa_meanfield_lambda_mean": 0.0, "delta_penalty": 3.8557143216166875e-05, "energy_loss": 0.0555004432797432, "grad_rel": 0.49680696427822113, "iteration": 1880, "loss": 0.16612865999341012, "lr": 0.00018813034520649965, "mse": 0.00011556629724509548, "p_zero": 0.0, "pareto_conflict": 0.8, "pareto_grad_cosine_before": -0.16260666808811947, "pareto_grad_dot_after": 0.0032551160367802366, "pareto_grad_dot_before": -0.03971615210757591, "pareto_primary_grad_norm": 0.6383113712072372, "pareto_projected_tke_grad_norm": 0.4449357196688652, "pareto_tke_grad_norm": 0.45763520896434784, "point_rel": 0.07626570388674736, "primary_loss": 0.11062821522355079, "residual_mse": 0.00011556629651749972, "temporal_rel": 0.8958322256803513, "tke_rel": 0.4625036999583244}
TRAIN {"angle_aug_abs_deg": 0.0, "aoa_effective_shift_abs_deg_mean": 0.0, "aoa_meanfield_aug_fraction": 0.0, "aoa_meanfield_lambda_mean": 0.0, "delta_penalty": 4.136439156354754e-05, "energy_loss": 0.05533375348895788, "grad_rel": 0.49976649433374404, "iteration": 1900, "loss": 0.1675097018480301, "lr": 0.00018788171126619697, "mse": 0.00013817624603689181, "p_zero": 0.0, "pareto_conflict": 0.75, "pareto_grad_cosine_before": -0.10877195354551077, "pareto_grad_dot_after": 0.00809093668613059, "pareto_grad_dot_before": -0.04687218761537224, "pareto_primary_grad_norm": 0.9546234801411628, "pareto_projected_tke_grad_norm": 0.4446453541517258, "pareto_tke_grad_norm": 0.4541857525706291, "point_rel": 0.07790699191391467, "primary_loss": 0.11217594854533672, "residual_mse": 0.00013817624603689181, "temporal_rel": 0.8910059601068496, "tke_rel": 0.46111462265253067}
TRAIN {"angle_aug_abs_deg": 0.0, "aoa_effective_shift_abs_deg_mean": 0.0, "aoa_meanfield_aug_fraction": 0.0, "aoa_meanfield_lambda_mean": 0.0, "delta_penalty": 4.0971960879687684e-05, "energy_loss": 0.05477662794291973, "grad_rel": 0.5051827430725098, "iteration": 1920, "loss": 0.16972422152757644, "lr": 0.00018763066800438674, "mse": 0.00013406673260760727, "p_zero": 0.0, "pareto_conflict": 0.8, "pareto_grad_cosine_before": -0.11171128507703543, "pareto_grad_dot_after": 0.0038044407591769414, "pareto_grad_dot_before": -0.035252495214808735, "pareto_primary_grad_norm": 0.8037310749292373, "pareto_projected_tke_grad_norm": 0.4535424143075943, "pareto_tke_grad_norm": 0.45981428772211075, "point_rel": 0.08036093898117543, "primary_loss": 0.11494759432971477, "residual_mse": 0.00013406673260760727, "temporal_rel": 0.8989292442798614, "tke_rel": 0.4564719066023827}
TRAIN {"angle_aug_abs_deg": 0.0, "aoa_effective_shift_abs_deg_mean": 0.0, "aoa_meanfield_aug_fraction": 0.0, "aoa_meanfield_lambda_mean": 0.0, "delta_penalty": 3.772274430957623e-05, "energy_loss": 0.05399449467658997, "grad_rel": 0.48063010573387144, "iteration": 1940, "loss": 0.16031619533896446, "lr": 0.0001873772223035469, "mse": 0.00012010800292046042, "p_zero": 0.0, "pareto_conflict": 0.85, "pareto_grad_cosine_before": -0.16739529797341673, "pareto_grad_dot_after": 0.0014356607926856667, "pareto_grad_dot_before": -0.06312160972738638, "pareto_primary_grad_norm": 1.142920832335949, "pareto_projected_tke_grad_norm": 0.44780041873455045, "pareto_tke_grad_norm": 0.4612986326217651, "point_rel": 0.07223937641829252, "primary_loss": 0.10632170140743255, "residual_mse": 0.00012010800219286466, "temporal_rel": 0.8945362091064453, "tke_rel": 0.44995413422584535}
TRAIN {"angle_aug_abs_deg": 0.0, "aoa_effective_shift_abs_deg_mean": 0.0, "aoa_meanfield_aug_fraction": 0.0, "aoa_meanfield_lambda_mean": 0.0, "delta_penalty": 4.117299358767923e-05, "energy_loss": 0.05537981018424034, "grad_rel": 0.5021040588617325, "iteration": 1960, "loss": 0.16747115626931192, "lr": 0.00018712138111201925, "mse": 0.00013710712501051602, "p_zero": 0.0, "pareto_conflict": 0.8, "pareto_grad_cosine_before": -0.16243547665217192, "pareto_grad_dot_after": 0.01796337913701791, "pareto_grad_dot_before": -0.03292950910908985, "pareto_primary_grad_norm": 0.8205790877342224, "pareto_projected_tke_grad_norm": 0.455690398812294, "pareto_tke_grad_norm": 0.46995965093374253, "point_rel": 0.07767053581774234, "primary_loss": 0.11209134384989738, "residual_mse": 0.00013710712464671816, "temporal_rel": 0.8949097901582718, "tke_rel": 0.46149842441082}
TRAIN {"angle_aug_abs_deg": 0.0, "aoa_effective_shift_abs_deg_mean": 0.0, "aoa_meanfield_aug_fraction": 0.0, "aoa_meanfield_lambda_mean": 0.0, "delta_penalty": 4.389071700643399e-05, "energy_loss": 0.05475949235260487, "grad_rel": 0.4942930057644844, "iteration": 1980, "loss": 0.1654396064579487, "lr": 0.0001868631514438194, "mse": 0.00015188168290478644, "p_zero": 0.0, "pareto_conflict": 0.8, "pareto_grad_cosine_before": -0.19513309765607117, "pareto_grad_dot_after": 0.010192851651981982, "pareto_grad_dot_before": -0.04172452674247325, "pareto_primary_grad_norm": 0.6696208596229554, "pareto_projected_tke_grad_norm": 0.4511214479804039, "pareto_tke_grad_norm": 0.4768160477280617, "point_rel": 0.0763699945062399, "primary_loss": 0.11068011410534381, "residual_mse": 0.00015188168617896736, "temporal_rel": 0.8949760466814041, "tke_rel": 0.45632911175489427}
TRAIN {"angle_aug_abs_deg": 0.0, "aoa_effective_shift_abs_deg_mean": 0.0, "aoa_meanfield_aug_fraction": 0.0, "aoa_meanfield_lambda_mean": 0.0, "delta_penalty": 4.0510027429263576e-05, "energy_loss": 0.056904923729598524, "grad_rel": 0.5013805374503135, "iteration": 2000, "loss": 0.17060853987932206, "lr": 0.00018660254037844415, "mse": 0.0001338086585747078, "p_zero": 0.0, "pareto_conflict": 0.6, "pareto_grad_cosine_before": -0.0601808620383963, "pareto_grad_dot_after": 0.02006311157820164, "pareto_grad_dot_before": -0.023207303998060525, "pareto_primary_grad_norm": 1.134356254339218, "pareto_projected_tke_grad_norm": 0.474815134704113, "pareto_tke_grad_norm": 0.4804641425609589, "point_rel": 0.07926433235406875, "primary_loss": 0.11370361596345901, "residual_mse": 0.0001338086585747078, "temporal_rel": 0.8959208548069, "tke_rel": 0.47420770674943924}
EVAL_TOP {"alpha": 1.0, "best_bound_abs": 0.0075, "best_bound_rel": 0.0075, "best_bounds": [{"abs": 0.0075, "coverage": 0.8205315208435059, "final_est": 81.5842197192821, "rel": 0.0075, "sps_raw": 0.4743627568483353, "sps_score_linear": 47.43627568483353, "sps_score_used": 47.43627568483353}], "best_final_est": 81.5842197192821, "iteration": 2000, "mean_t_neural_s": 0.01762683533, "mvpe": 0.07486930759623647, "mvpe_score": 96.39161332609552, "n": 640, "rel_l2": 0.08400658071041107, "rel_l2_score": 95.96898678305641, "time_score": 86.54248999999716, "tke": 0.45152919813990594, "tke_score": 81.58173280242784}
TRAIN {"angle_aug_abs_deg": 0.0, "aoa_effective_shift_abs_deg_mean": 0.0, "aoa_meanfield_aug_fraction": 0.0, "aoa_meanfield_lambda_mean": 0.0, "delta_penalty": 4.4673226784652795e-05, "energy_loss": 0.05635278858244419, "grad_rel": 0.5095735639333725, "iteration": 2020, "loss": 0.1713603414595127, "lr": 0.0001863395550606774, "mse": 0.00016677933526807465, "p_zero": 0.0, "pareto_conflict": 0.9, "pareto_grad_cosine_before": -0.21780988499522208, "pareto_grad_dot_after": 0.004696565208723769, "pareto_grad_dot_before": -0.05524620902724564, "pareto_primary_grad_norm": 0.6188967287540436, "pareto_projected_tke_grad_norm": 0.4236759662628174, "pareto_tke_grad_norm": 0.44559285044670105, "point_rel": 0.08040160797536373, "primary_loss": 0.11500755213201046, "residual_mse": 0.00016677933890605346, "temporal_rel": 0.8970472007989884, "tke_rel": 0.4696065843105316}
TRAIN {"angle_aug_abs_deg": 0.0, "aoa_effective_shift_abs_deg_mean": 0.0, "aoa_meanfield_aug_fraction": 0.0, "aoa_meanfield_lambda_mean": 0.0, "delta_penalty": 4.20695539105509e-05, "energy_loss": 0.054806744866073134, "grad_rel": 0.49959938526153563, "iteration": 2040, "loss": 0.16756303906440734, "lr": 0.0001860742027003946, "mse": 0.00014486766431218712, "p_zero": 0.0, "pareto_conflict": 0.6, "pareto_grad_cosine_before": -0.11680577951483428, "pareto_grad_dot_after": 0.017887886430526124, "pareto_grad_dot_before": -0.02227445915341377, "pareto_primary_grad_norm": 0.6076322093605995, "pareto_projected_tke_grad_norm": 0.44218325763940813, "pareto_tke_grad_norm": 0.45965068638324735, "point_rel": 0.07857430055737495, "primary_loss": 0.11275629289448261, "residual_mse": 0.00014486766322079346, "temporal_rel": 0.8881233960390091, "tke_rel": 0.45672288089990615}
TRAIN {"angle_aug_abs_deg": 0.0, "aoa_effective_shift_abs_deg_mean": 0.0, "aoa_meanfield_aug_fraction": 0.0, "aoa_meanfield_lambda_mean": 0.0, "delta_penalty": 4.0707204971113245e-05, "energy_loss": 0.05567390248179436, "grad_rel": 0.512618301808834, "iteration": 2060, "loss": 0.1691587522625923, "lr": 0.00018580649057236477, "mse": 0.00013657366343977628, "p_zero": 0.0, "pareto_conflict": 0.75, "pareto_grad_cosine_before": -0.109714230382815, "pareto_grad_dot_after": 0.016422523873006866, "pareto_grad_dot_before": -0.023490281170234086, "pareto_primary_grad_norm": 0.7668013945221901, "pareto_projected_tke_grad_norm": 0.46849258095026014, "pareto_tke_grad_norm": 0.4775013253092766, "point_rel": 0.07884629555046559, "primary_loss": 0.11348485052585602, "residual_mse": 0.00013657366416737206, "temporal_rel": 0.8969165086746216, "tke_rel": 0.46394919902086257}
TRAIN {"angle_aug_abs_deg": 0.0, "aoa_effective_shift_abs_deg_mean": 0.0, "aoa_meanfield_aug_fraction": 0.0, "aoa_meanfield_lambda_mean": 0.0, "delta_penalty": 4.073742202308495e-05, "energy_loss": 0.05514942053705454, "grad_rel": 0.505710206925869, "iteration": 2080, "loss": 0.16943156123161315, "lr": 0.00018553642601605103, "mse": 0.0001330076793237822, "p_zero": 0.0, "pareto_conflict": 0.75, "pareto_grad_cosine_before": -0.12920199832879006, "pareto_grad_dot_after": 0.006162752452519271, "pareto_grad_dot_before": -0.03462138302857056, "pareto_primary_grad_norm": 0.7122402742505074, "pareto_projected_tke_grad_norm": 0.44183058142662046, "pareto_tke_grad_norm": 0.4524002119898796, "point_rel": 0.07977051325142384, "primary_loss": 0.11428213976323605, "residual_mse": 0.00013300768077897373, "temporal_rel": 0.8961752444505692, "tke_rel": 0.45957851558923724}
TRAIN {"angle_aug_abs_deg": 0.0, "aoa_effective_shift_abs_deg_mean": 0.0, "aoa_meanfield_aug_fraction": 0.0, "aoa_meanfield_lambda_mean": 0.0, "delta_penalty": 3.8071984999987765e-05, "energy_loss": 0.05625527985394001, "grad_rel": 0.4958963468670845, "iteration": 2100, "loss": 0.1666618548333645, "lr": 0.00018526401643540952, "mse": 0.0001129868262069067, "p_zero": 0.0, "pareto_conflict": 0.75, "pareto_grad_cosine_before": -0.1282605580519885, "pareto_grad_dot_after": 0.019098193492300197, "pareto_grad_dot_before": -0.03892192305065691, "pareto_primary_grad_norm": 0.7607518821954727, "pareto_projected_tke_grad_norm": 0.4635317027568817, "pareto_tke_grad_norm": 0.47742547988891604, "point_rel": 0.07579895462840795, "primary_loss": 0.11040657460689544, "residual_mse": 0.00011298682657070457, "temporal_rel": 0.9044838786125183, "tke_rel": 0.4687940075993538}
TRAIN {"angle_aug_abs_deg": 0.0, "aoa_effective_shift_abs_deg_mean": 0.0, "aoa_meanfield_aug_fraction": 0.0, "aoa_meanfield_lambda_mean": 0.0, "delta_penalty": 4.0753786015557127e-05, "energy_loss": 0.055095230042934415, "grad_rel": 0.5013504683971405, "iteration": 2120, "loss": 0.1675007827579975, "lr": 0.0001849892692986866, "mse": 0.00012477986256271835, "p_zero": 0.0, "pareto_conflict": 0.9, "pareto_grad_cosine_before": -0.19750293937977403, "pareto_grad_dot_after": 0.00484733610692274, "pareto_grad_dot_before": -0.05288562829664443, "pareto_primary_grad_norm": 0.7360072746872902, "pareto_projected_tke_grad_norm": 0.42922172993421553, "pareto_tke_grad_norm": 0.4497591406106949, "point_rel": 0.07771022301167249, "primary_loss": 0.11240555308759212, "residual_mse": 0.00012477986256271835, "temporal_rel": 0.9045608669519425, "tke_rel": 0.45912692993879317}
TRAIN {"angle_aug_abs_deg": 0.0, "aoa_effective_shift_abs_deg_mean": 0.0, "aoa_meanfield_aug_fraction": 0.0, "aoa_meanfield_lambda_mean": 0.0, "delta_penalty": 4.229273308737902e-05, "energy_loss": 0.055090701580047606, "grad_rel": 0.49309327751398085, "iteration": 2140, "loss": 0.16659026443958283, "lr": 0.00018471219213821388, "mse": 0.000150708347428008, "p_zero": 0.0, "pareto_conflict": 0.75, "pareto_grad_cosine_before": -0.14912587581202388, "pareto_grad_dot_after": 0.010219598159346787, "pareto_grad_dot_before": -0.04778572102077305, "pareto_primary_grad_norm": 0.997421957552433, "pareto_projected_tke_grad_norm": 0.4697299003601074, "pareto_tke_grad_norm": 0.486778649687767, "point_rel": 0.07734423577785492, "primary_loss": 0.11149956546723842, "residual_mse": 0.00015070834815560373, "temporal_rel": 0.8904291033744812, "tke_rel": 0.45908919125795367}
TRAIN {"angle_aug_abs_deg": 0.0, "aoa_effective_shift_abs_deg_mean": 0.0, "aoa_meanfield_aug_fraction": 0.0, "aoa_meanfield_lambda_mean": 0.0, "delta_penalty": 4.0393989365838934e-05, "energy_loss": 0.054998370632529256, "grad_rel": 0.4916891992092133, "iteration": 2160, "loss": 0.1638325572013855, "lr": 0.00018443279255020165, "mse": 0.00012281236940907546, "p_zero": 0.0, "pareto_conflict": 0.95, "pareto_grad_cosine_before": -0.16235695611685513, "pareto_grad_dot_after": 0.0015142067662054614, "pareto_grad_dot_before": -0.053762695752084255, "pareto_primary_grad_norm": 0.7906705111265182, "pareto_projected_tke_grad_norm": 0.43836669623851776, "pareto_tke_grad_norm": 0.4494548812508583, "point_rel": 0.07444518469274045, "primary_loss": 0.10883418768644333, "residual_mse": 0.00012281236922717653, "temporal_rel": 0.8992004752159118, "tke_rel": 0.45831976383924483}
TRAIN {"angle_aug_abs_deg": 0.0, "aoa_effective_shift_abs_deg_mean": 0.0, "aoa_meanfield_aug_fraction": 0.0, "aoa_meanfield_lambda_mean": 0.0, "delta_penalty": 3.899624753103126e-05, "energy_loss": 0.05449624452739954, "grad_rel": 0.4914908543229103, "iteration": 2180, "loss": 0.16318632736802102, "lr": 0.0001841510781945308, "mse": 0.00012543739248940255, "p_zero": 0.0, "pareto_conflict": 0.75, "pareto_grad_cosine_before": -0.12125610653311014, "pareto_grad_dot_after": 0.007515632743525203, "pareto_grad_dot_before": -0.05261128363199532, "pareto_primary_grad_norm": 0.8680012509226799, "pareto_projected_tke_grad_norm": 0.4603972762823105, "pareto_tke_grad_norm": 0.47070915102958677, "point_rel": 0.07442996483296156, "primary_loss": 0.10869008265435695, "residual_mse": 0.0001254373917618068, "temporal_rel": 0.8949781268835068, "tke_rel": 0.4541353821754456}
TRAIN {"angle_aug_abs_deg": 0.0, "aoa_effective_shift_abs_deg_mean": 0.0, "aoa_meanfield_aug_fraction": 0.0, "aoa_meanfield_lambda_mean": 0.0, "delta_penalty": 4.0008217001741284e-05, "energy_loss": 0.057039985246956346, "grad_rel": 0.49807086288928987, "iteration": 2200, "loss": 0.1685818649828434, "lr": 0.0001838670567945426, "mse": 0.00012922573732794264, "p_zero": 0.0, "pareto_conflict": 0.8, "pareto_grad_cosine_before": -0.18653940092772245, "pareto_grad_dot_after": 0.008348750053846743, "pareto_grad_dot_before": -0.04266440561041236, "pareto_primary_grad_norm": 0.6577846974134445, "pareto_projected_tke_grad_norm": 0.4241868227720261, "pareto_tke_grad_norm": 0.4436718747019768, "point_rel": 0.07701690532267094, "primary_loss": 0.1115418802946806, "residual_mse": 0.00012922573805553838, "temporal_rel": 0.9004781603813171, "tke_rel": 0.4753332197666168}
TRAIN {"angle_aug_abs_deg": 0.0, "aoa_effective_shift_abs_deg_mean": 0.0, "aoa_meanfield_aug_fraction": 0.0, "aoa_meanfield_lambda_mean": 0.0, "delta_penalty": 3.9742487842886476e-05, "energy_loss": 0.056909915246069434, "grad_rel": 0.49511603862047193, "iteration": 2220, "loss": 0.1681641086935997, "lr": 0.0001835807361368273, "mse": 0.00013498529679054628, "p_zero": 0.0, "pareto_conflict": 0.7, "pareto_grad_cosine_before": -0.08186943703331054, "pareto_grad_dot_after": 0.022310438650720243, "pareto_grad_dot_before": -0.02474772770074196, "pareto_primary_grad_norm": 0.7925831228494644, "pareto_projected_tke_grad_norm": 0.4695938602089882, "pareto_tke_grad_norm": 0.48038956224918367, "point_rel": 0.0768048444762826, "primary_loss": 0.11125419363379478, "residual_mse": 0.0001349852964267484, "temporal_rel": 0.8993773221969604, "tke_rel": 0.47424930036067964}
TRAIN {"angle_aug_abs_deg": 0.0, "aoa_effective_shift_abs_deg_mean": 0.0, "aoa_meanfield_aug_fraction": 0.0, "aoa_meanfield_lambda_mean": 0.0, "delta_penalty": 4.273156791896326e-05, "energy_loss": 0.05575761962682009, "grad_rel": 0.4998126283288002, "iteration": 2240, "loss": 0.16662175357341766, "lr": 0.0001832921240710103, "mse": 0.00013734604854107602, "p_zero": 0.0, "pareto_conflict": 0.8, "pareto_grad_cosine_before": -0.1118835439439863, "pareto_grad_dot_after": 0.007801942579317256, "pareto_grad_dot_before": -0.04098943886347115, "pareto_primary_grad_norm": 0.9063260719180107, "pareto_projected_tke_grad_norm": 0.48582605868577955, "pareto_tke_grad_norm": 0.4938082695007324, "point_rel": 0.07638729549944401, "primary_loss": 0.11086413338780403, "residual_mse": 0.0001373460489048739, "temporal_rel": 0.8979197144508362, "tke_rel": 0.46464684158563613}
TRAIN {"angle_aug_abs_deg": 0.0, "aoa_effective_shift_abs_deg_mean": 0.0, "aoa_meanfield_aug_fraction": 0.0, "aoa_meanfield_lambda_mean": 0.0, "delta_penalty": 4.058606527905795e-05, "energy_loss": 0.05556084997951984, "grad_rel": 0.4983523592352867, "iteration": 2260, "loss": 0.16868599951267244, "lr": 0.00018300122850953708, "mse": 0.0001254031973076053, "p_zero": 0.0, "pareto_conflict": 0.75, "pareto_grad_cosine_before": -0.11556743159890175, "pareto_grad_dot_after": 0.01622439942584606, "pareto_grad_dot_before": -0.02771508789155632, "pareto_primary_grad_norm": 0.8630260571837425, "pareto_projected_tke_grad_norm": 0.47432554364204405, "pareto_tke_grad_norm": 0.4864512801170349, "point_rel": 0.07846987955272197, "primary_loss": 0.11312514878809452, "residual_mse": 0.00012540320021798835, "temporal_rel": 0.9047183781862259, "tke_rel": 0.46300709545612334}
TRAIN {"angle_aug_abs_deg": 0.0, "aoa_effective_shift_abs_deg_mean": 0.0, "aoa_meanfield_aug_fraction": 0.0, "aoa_meanfield_lambda_mean": 0.0, "delta_penalty": 3.8826092259114374e-05, "energy_loss": 0.05585328862071037, "grad_rel": 0.4935858577489853, "iteration": 2280, "loss": 0.16643356829881667, "lr": 0.00018270805742745644, "mse": 0.00013201246183598415, "p_zero": 0.0, "pareto_conflict": 0.8, "pareto_grad_cosine_before": -0.12203243970870972, "pareto_grad_dot_after": 0.01853961495328349, "pareto_grad_dot_before": -0.04243023917078972, "pareto_primary_grad_norm": 0.9361897185444832, "pareto_projected_tke_grad_norm": 0.4902058869600296, "pareto_tke_grad_norm": 0.5035411193966866, "point_rel": 0.07632388267666101, "primary_loss": 0.11058027930557728, "residual_mse": 0.0001320124607445905, "temporal_rel": 0.8937409669160843, "tke_rel": 0.4654440775513649}
TRAIN {"angle_aug_abs_deg": 0.0, "aoa_effective_shift_abs_deg_mean": 0.0, "aoa_meanfield_aug_fraction": 0.0, "aoa_meanfield_lambda_mean": 0.0, "delta_penalty": 4.6103334716463e-05, "energy_loss": 0.054841766878962514, "grad_rel": 0.4994684308767319, "iteration": 2300, "loss": 0.16911716535687446, "lr": 0.00018241261886220181, "mse": 0.00015230583267111797, "p_zero": 0.0, "pareto_conflict": 0.65, "pareto_grad_cosine_before": -0.08648483641445637, "pareto_grad_dot_after": 0.025690357735220458, "pareto_grad_dot_before": -0.020316963410004975, "pareto_primary_grad_norm": 0.7646789118647576, "pareto_projected_tke_grad_norm": 0.4319258987903595, "pareto_tke_grad_norm": 0.44470467120409013, "point_rel": 0.07976289950311184, "primary_loss": 0.11427539810538292, "residual_mse": 0.00015230583157972434, "temporal_rel": 0.8991286218166351, "tke_rel": 0.457014736533165}
TRAIN {"angle_aug_abs_deg": 0.0, "aoa_effective_shift_abs_deg_mean": 0.0, "aoa_meanfield_aug_fraction": 0.0, "aoa_meanfield_lambda_mean": 0.0, "delta_penalty": 3.6365548021422e-05, "energy_loss": 0.05708253309130669, "grad_rel": 0.494103042781353, "iteration": 2320, "loss": 0.16672623604536058, "lr": 0.0001821149209133706, "mse": 0.00012804365160263843, "p_zero": 0.0, "pareto_conflict": 0.85, "pareto_grad_cosine_before": -0.1362874312326312, "pareto_grad_dot_after": 0.006328060025134618, "pareto_grad_dot_before": -0.04039106140844524, "pareto_primary_grad_norm": 0.8550560161471367, "pareto_projected_tke_grad_norm": 0.4588122248649597, "pareto_tke_grad_norm": 0.46837691962718964, "point_rel": 0.07497112471610308, "primary_loss": 0.10964370332658291, "residual_mse": 0.00012804364832845748, "temporal_rel": 0.9073964357376099, "tke_rel": 0.47568778693675995}
TRAIN {"angle_aug_abs_deg": 0.0, "aoa_effective_shift_abs_deg_mean": 0.0, "aoa_meanfield_aug_fraction": 0.0, "aoa_meanfield_lambda_mean": 0.0, "delta_penalty": 4.1094646076089705e-05, "energy_loss": 0.05472890697419643, "grad_rel": 0.493267859518528, "iteration": 2340, "loss": 0.16453469395637513, "lr": 0.00018181497174250255, "mse": 0.00014047834138182226, "p_zero": 0.0, "pareto_conflict": 0.9, "pareto_grad_cosine_before": -0.1960486860945821, "pareto_grad_dot_after": 0.0031885588855402602, "pareto_grad_dot_before": -0.056379672070033846, "pareto_primary_grad_norm": 0.6826620280742646, "pareto_projected_tke_grad_norm": 0.46265867799520494, "pareto_tke_grad_norm": 0.47707001864910126, "point_rel": 0.07545005828142166, "primary_loss": 0.10980578549206257, "residual_mse": 0.0001404783411999233, "temporal_rel": 0.8971248269081116, "tke_rel": 0.45607423335313796}
TRAIN {"angle_aug_abs_deg": 0.0, "aoa_effective_shift_abs_deg_mean": 0.0, "aoa_meanfield_aug_fraction": 0.0, "aoa_meanfield_lambda_mean": 0.0, "delta_penalty": 4.199307995804702e-05, "energy_loss": 0.05604619886726141, "grad_rel": 0.4977440759539604, "iteration": 2360, "loss": 0.16808626502752305, "lr": 0.00018151277957285564, "mse": 0.00014260465650295373, "p_zero": 0.0, "pareto_conflict": 0.75, "pareto_grad_cosine_before": -0.10890451576560736, "pareto_grad_dot_after": 0.006070723108314269, "pareto_grad_dot_before": -0.032090068841353056, "pareto_primary_grad_norm": 0.6795280918478965, "pareto_projected_tke_grad_norm": 0.43094978779554366, "pareto_tke_grad_norm": 0.43953516334295273, "point_rel": 0.0773900255560875, "primary_loss": 0.11204006597399711, "residual_mse": 0.00014260465650295373, "temporal_rel": 0.9046752989292145, "tke_rel": 0.46705166548490523}
TRAIN {"angle_aug_abs_deg": 0.0, "aoa_effective_shift_abs_deg_mean": 0.0, "aoa_meanfield_aug_fraction": 0.0, "aoa_meanfield_lambda_mean": 0.0, "delta_penalty": 4.049055050927564e-05, "energy_loss": 0.054575801454484464, "grad_rel": 0.4915339231491089, "iteration": 2380, "loss": 0.163838279992342, "lr": 0.0001812083526891809, "mse": 0.00013048741420789155, "p_zero": 0.0, "pareto_conflict": 0.9, "pareto_grad_cosine_before": -0.15817517274990678, "pareto_grad_dot_after": 0.006267560044670972, "pareto_grad_dot_before": -0.04647298585623503, "pareto_primary_grad_norm": 0.6975597932934761, "pareto_projected_tke_grad_norm": 0.446651828289032, "pareto_tke_grad_norm": 0.4601625233888626, "point_rel": 0.07500119451433421, "primary_loss": 0.10926247760653496, "residual_mse": 0.00013048741420789155, "temporal_rel": 0.8949439972639084, "tke_rel": 0.4547983556985855}
TRAIN {"angle_aug_abs_deg": 0.0, "aoa_effective_shift_abs_deg_mean": 0.0, "aoa_meanfield_aug_fraction": 0.0, "aoa_meanfield_lambda_mean": 0.0, "delta_penalty": 4.1636257174104684e-05, "energy_loss": 0.05690794922411442, "grad_rel": 0.5009975627064704, "iteration": 2400, "loss": 0.16850538402795792, "lr": 0.00018090169943749506, "mse": 0.00012876405526185408, "p_zero": 0.0, "pareto_conflict": 0.85, "pareto_grad_cosine_before": -0.1820278950035572, "pareto_grad_dot_after": 0.007100511496810213, "pareto_grad_dot_before": -0.047148483572527766, "pareto_primary_grad_norm": 0.615736971795559, "pareto_projected_tke_grad_norm": 0.433724707365036, "pareto_tke_grad_norm": 0.44932802617549894, "point_rel": 0.07708790469914675, "primary_loss": 0.1115974348038435, "residual_mse": 0.0001287640512600774, "temporal_rel": 0.8985035598278046, "tke_rel": 0.47423292100429537}
TRAIN {"angle_aug_abs_deg": 0.0, "aoa_effective_shift_abs_deg_mean": 0.0, "aoa_meanfield_aug_fraction": 0.0, "aoa_meanfield_lambda_mean": 0.0, "delta_penalty": 4.196129148112959e-05, "energy_loss": 0.0562408234924078, "grad_rel": 0.49755194783210754, "iteration": 2420, "loss": 0.16931328922510147, "lr": 0.00018059282822485188, "mse": 0.00015718610375188292, "p_zero": 0.0, "pareto_conflict": 0.9, "pareto_grad_cosine_before": -0.17771975742653012, "pareto_grad_dot_after": 0.00570769910693798, "pareto_grad_dot_before": -0.044165596598759294, "pareto_primary_grad_norm": 0.6641182944178581, "pareto_projected_tke_grad_norm": 0.4338072523474693, "pareto_tke_grad_norm": 0.4485654830932617, "point_rel": 0.07855516783893109, "primary_loss": 0.11307246647775174, "residual_mse": 0.00015718610338808504, "temporal_rel": 0.9002008408308029, "tke_rel": 0.468673537671566}
TRAIN {"angle_aug_abs_deg": 0.0, "aoa_effective_shift_abs_deg_mean": 0.0, "aoa_meanfield_aug_fraction": 0.0, "aoa_meanfield_lambda_mean": 0.0, "delta_penalty": 4.148840325797209e-05, "energy_loss": 0.055043853260576724, "grad_rel": 0.4979450210928917, "iteration": 2440, "loss": 0.1674851231276989, "lr": 0.00018028174751911179, "mse": 0.00013232352703198557, "p_zero": 0.0, "pareto_conflict": 0.8, "pareto_grad_cosine_before": -0.1477479358203709, "pareto_grad_dot_after": 0.0033984544041686603, "pareto_grad_dot_before": -0.04027810194529593, "pareto_primary_grad_norm": 0.623910142481327, "pareto_projected_tke_grad_norm": 0.43415471985936166, "pareto_tke_grad_norm": 0.4454522803425789, "point_rel": 0.07794310562312604, "primary_loss": 0.11244126930832862, "residual_mse": 0.00013232352666818769, "temporal_rel": 0.8996154695749283, "tke_rel": 0.45869878828525545}
TRAIN {"angle_aug_abs_deg": 0.0, "aoa_effective_shift_abs_deg_mean": 0.0, "aoa_meanfield_aug_fraction": 0.0, "aoa_meanfield_lambda_mean": 0.0, "delta_penalty": 4.188404873275431e-05, "energy_loss": 0.05513144209980965, "grad_rel": 0.5074334800243377, "iteration": 2460, "loss": 0.16951980739831923, "lr": 0.00017996846584870935, "mse": 0.0001338211259280797, "p_zero": 0.0, "pareto_conflict": 0.85, "pareto_grad_cosine_before": -0.13156408397480845, "pareto_grad_dot_after": 0.004369080056494568, "pareto_grad_dot_before": -0.04189045862294734, "pareto_primary_grad_norm": 0.8981478825211525, "pareto_projected_tke_grad_norm": 0.43945455849170684, "pareto_tke_grad_norm": 0.44692602157592776, "point_rel": 0.07979085631668567, "primary_loss": 0.11438836678862571, "residual_mse": 0.000133821125018585, "temporal_rel": 0.8981674581766128, "tke_rel": 0.4594286948442459}
TRAIN {"angle_aug_abs_deg": 0.0, "aoa_effective_shift_abs_deg_mean": 0.0, "aoa_meanfield_aug_fraction": 0.0, "aoa_meanfield_lambda_mean": 0.0, "delta_penalty": 4.186254373053089e-05, "energy_loss": 0.054328512959182264, "grad_rel": 0.4946500837802887, "iteration": 2480, "loss": 0.16448556259274483, "lr": 0.00017965299180241996, "mse": 0.0001283238554606214, "p_zero": 0.0, "pareto_conflict": 0.85, "pareto_grad_cosine_before": -0.20211875922977923, "pareto_grad_dot_after": 0.0031089327445442904, "pareto_grad_dot_before": -0.04983651868533343, "pareto_primary_grad_norm": 0.6018936917185783, "pareto_projected_tke_grad_norm": 0.43303061872720716, "pareto_tke_grad_norm": 0.4516411066055298, "point_rel": 0.07574754673987627, "primary_loss": 0.11015704907476902, "residual_mse": 0.0001283238572796108, "temporal_rel": 0.89834723174572, "tke_rel": 0.452737620472908}
TRAIN {"angle_aug_abs_deg": 0.0, "aoa_effective_shift_abs_deg_mean": 0.0, "aoa_meanfield_aug_fraction": 0.0, "aoa_meanfield_lambda_mean": 0.0, "delta_penalty": 4.0176097627409035e-05, "energy_loss": 0.05517326816916466, "grad_rel": 0.49766128957271577, "iteration": 2500, "loss": 0.16649163588881494, "lr": 0.0001793353340291239, "mse": 0.00013227597983132, "p_zero": 0.0, "pareto_conflict": 0.75, "pareto_grad_cosine_before": -0.08159375553950668, "pareto_grad_dot_after": 0.014848740919569536, "pareto_grad_dot_before": -0.03772874753922224, "pareto_primary_grad_norm": 1.05557761490345, "pareto_projected_tke_grad_norm": 0.45778378248214724, "pareto_tke_grad_norm": 0.4646972194314003, "point_rel": 0.07692365795373916, "primary_loss": 0.11131836809217929, "residual_mse": 0.00013227598092271364, "temporal_rel": 0.8963101714849472, "tke_rel": 0.4597772479057312}
TRAIN {"angle_aug_abs_deg": 0.0, "aoa_effective_shift_abs_deg_mean": 0.0, "aoa_meanfield_aug_fraction": 0.0, "aoa_meanfield_lambda_mean": 0.0, "delta_penalty": 4.5430219870468136e-05, "energy_loss": 0.0563646299764514, "grad_rel": 0.5054132118821144, "iteration": 2520, "loss": 0.17082517966628075, "lr": 0.00017901550123756944, "mse": 0.00015727224163128995, "p_zero": 0.0, "pareto_conflict": 0.85, "pareto_grad_cosine_before": -0.181890279520303, "pareto_grad_dot_after": 0.002680976053488848, "pareto_grad_dot_before": -0.06299213955644518, "pareto_primary_grad_norm": 0.9316486105322838, "pareto_projected_tke_grad_norm": 0.44416131228208544, "pareto_tke_grad_norm": 0.46314781457185744, "point_rel": 0.07995957285165786, "primary_loss": 0.11446055173873901, "residual_mse": 0.00015727224090369418, "temporal_rel": 0.8957230091094971, "tke_rel": 0.46970525979995725}
TRAIN {"angle_aug_abs_deg": 0.0, "aoa_effective_shift_abs_deg_mean": 0.0, "aoa_meanfield_aug_fraction": 0.0, "aoa_meanfield_lambda_mean": 0.0, "delta_penalty": 4.132952217332786e-05, "energy_loss": 0.05654681324958801, "grad_rel": 0.5018865138292312, "iteration": 2540, "loss": 0.16913402006030082, "lr": 0.00017869350219613413, "mse": 0.0001332855743385153, "p_zero": 0.0, "pareto_conflict": 0.75, "pareto_grad_cosine_before": -0.14424394704401494, "pareto_grad_dot_after": 0.008852831545937079, "pareto_grad_dot_before": -0.03397870345506817, "pareto_primary_grad_norm": 0.7486384585499763, "pareto_projected_tke_grad_norm": 0.44520722776651384, "pareto_tke_grad_norm": 0.45824674516916275, "point_rel": 0.07787608578801156, "primary_loss": 0.11258720643818379, "residual_mse": 0.00013328557288332376, "temporal_rel": 0.9047336906194687, "tke_rel": 0.47122345864772797}
TRAIN {"angle_aug_abs_deg": 0.0, "aoa_effective_shift_abs_deg_mean": 0.0, "aoa_meanfield_aug_fraction": 0.0, "aoa_meanfield_lambda_mean": 0.0, "delta_penalty": 4.385431693663122e-05, "energy_loss": 0.0556582473218441, "grad_rel": 0.5016635417938232, "iteration": 2560, "loss": 0.1689555302262306, "lr": 0.0001783693457325843, "mse": 0.0001488164425609284, "p_zero": 0.0, "pareto_conflict": 0.8, "pareto_grad_cosine_before": -0.1721243499778211, "pareto_grad_dot_after": 0.004310802523855272, "pareto_grad_dot_before": -0.05261321417056024, "pareto_primary_grad_norm": 0.7277702406048775, "pareto_projected_tke_grad_norm": 0.42122116684913635, "pareto_tke_grad_norm": 0.4335387051105499, "point_rel": 0.07887308746576309, "primary_loss": 0.11329728253185749, "residual_mse": 0.0001488164367401623, "temporal_rel": 0.895124015212059, "tke_rel": 0.46381873786449435}
TRAIN {"angle_aug_abs_deg": 0.0, "aoa_effective_shift_abs_deg_mean": 0.0, "aoa_meanfield_aug_fraction": 0.0, "aoa_meanfield_lambda_mean": 0.0, "delta_penalty": 4.09061446589476e-05, "energy_loss": 0.05569635070860386, "grad_rel": 0.5007441088557243, "iteration": 2580, "loss": 0.16880324855446815, "lr": 0.00017804304073383323, "mse": 0.00013150007998774527, "p_zero": 0.0, "pareto_conflict": 0.8, "pareto_grad_cosine_before": -0.09985686733853072, "pareto_grad_dot_after": 0.019452066096573618, "pareto_grad_dot_before": -0.02473866560612805, "pareto_primary_grad_norm": 1.002259114384651, "pareto_projected_tke_grad_norm": 0.443202531337738, "pareto_tke_grad_norm": 0.4500225558876991, "point_rel": 0.07877000886946917, "primary_loss": 0.11310689933598042, "residual_mse": 0.0001315000792601495, "temporal_rel": 0.8928487032651902, "tke_rel": 0.4641362652182579}
TRAIN {"angle_aug_abs_deg": 0.0, "aoa_effective_shift_abs_deg_mean": 0.0, "aoa_meanfield_aug_fraction": 0.0, "aoa_meanfield_lambda_mean": 0.0, "delta_penalty": 4.109419842279749e-05, "energy_loss": 0.055323794670403006, "grad_rel": 0.4906450003385544, "iteration": 2600, "loss": 0.16520762741565703, "lr": 0.00017771459614569727, "mse": 0.00012298206111154285, "p_zero": 0.0, "pareto_conflict": 0.8, "pareto_grad_cosine_before": -0.19801404597237707, "pareto_grad_dot_after": 0.006867270456859842, "pareto_grad_dot_before": -0.04542289637029171, "pareto_primary_grad_norm": 0.6647437825798989, "pareto_projected_tke_grad_norm": 0.4428819537162781, "pareto_tke_grad_norm": 0.46110193729400634, "point_rel": 0.07545770723372698, "primary_loss": 0.10988383293151856, "residual_mse": 0.00012298206147534074, "temporal_rel": 0.9009577840566635, "tke_rel": 0.46103163063526154}
TRAIN {"angle_aug_abs_deg": 0.0, "aoa_effective_shift_abs_deg_mean": 0.0, "aoa_meanfield_aug_fraction": 0.0, "aoa_meanfield_lambda_mean": 0.0, "delta_penalty": 3.9608819224667966e-05, "energy_loss": 0.05593572799116373, "grad_rel": 0.491046279668808, "iteration": 2620, "loss": 0.16553866416215895, "lr": 0.00017738402097265078, "mse": 0.00014389166208275128, "p_zero": 0.0, "pareto_conflict": 0.75, "pareto_grad_cosine_before": -0.12123187485267409, "pareto_grad_dot_after": 0.008560702924296493, "pareto_grad_dot_before": -0.05061934194236528, "pareto_primary_grad_norm": 0.8493468254804611, "pareto_projected_tke_grad_norm": 0.4748285084962845, "pareto_tke_grad_norm": 0.48505778312683107, "point_rel": 0.07512713521718979, "primary_loss": 0.10960293561220169, "residual_mse": 0.0001438916626284481, "temporal_rel": 0.9022049099206925, "tke_rel": 0.46613107472658155}
TRAIN {"angle_aug_abs_deg": 0.0, "aoa_effective_shift_abs_deg_mean": 0.0, "aoa_meanfield_aug_fraction": 0.0, "aoa_meanfield_lambda_mean": 0.0, "delta_penalty": 3.9567386284034e-05, "energy_loss": 0.05447040963917971, "grad_rel": 0.48355755805969236, "iteration": 2640, "loss": 0.16117863208055497, "lr": 0.00017705132427757908, "mse": 0.00010941893015115056, "p_zero": 0.0, "pareto_conflict": 0.85, "pareto_grad_cosine_before": -0.20223849462345242, "pareto_grad_dot_after": 0.006164734995491017, "pareto_grad_dot_before": -0.04531051431549713, "pareto_primary_grad_norm": 0.6073512092232705, "pareto_projected_tke_grad_norm": 0.4587889939546585, "pareto_tke_grad_norm": 0.48039465099573136, "point_rel": 0.07232829928398132, "primary_loss": 0.1067082230001688, "residual_mse": 0.00010941893160634208, "temporal_rel": 0.9030981749296189, "tke_rel": 0.4539200887084007}
TRAIN {"angle_aug_abs_deg": 0.0, "aoa_effective_shift_abs_deg_mean": 0.0, "aoa_meanfield_aug_fraction": 0.0, "aoa_meanfield_lambda_mean": 0.0, "delta_penalty": 4.0651481322129256e-05, "energy_loss": 0.05674450173974037, "grad_rel": 0.50500058978796, "iteration": 2660, "loss": 0.17047213688492774, "lr": 0.00017671651518153016, "mse": 0.0001420595277522807, "p_zero": 0.0, "pareto_conflict": 0.7, "pareto_grad_cosine_before": -0.11496832235716284, "pareto_grad_dot_after": 0.009767940478923265, "pareto_grad_dot_before": -0.03282310146605596, "pareto_primary_grad_norm": 0.5990910336375237, "pareto_projected_tke_grad_norm": 0.43495310097932816, "pareto_tke_grad_norm": 0.4460299387574196, "point_rel": 0.07909525036811829, "primary_loss": 0.11372763589024544, "residual_mse": 0.0001420595277522807, "temporal_rel": 0.9004648149013519, "tke_rel": 0.4728708565235138}
TRAIN {"angle_aug_abs_deg": 0.0, "aoa_effective_shift_abs_deg_mean": 0.0, "aoa_meanfield_aug_fraction": 0.0, "aoa_meanfield_lambda_mean": 0.0, "delta_penalty": 3.903111864929087e-05, "energy_loss": 0.05234200656414032, "grad_rel": 0.4926098272204399, "iteration": 2680, "loss": 0.16308057829737663, "lr": 0.0001763796028634644, "mse": 0.00013477857355610469, "p_zero": 0.0, "pareto_conflict": 0.8, "pareto_grad_cosine_before": -0.14425375110004096, "pareto_grad_dot_after": 0.006489376499666832, "pareto_grad_dot_before": -0.036044352094177154, "pareto_primary_grad_norm": 0.895313461124897, "pareto_projected_tke_grad_norm": 0.3997849255800247, "pareto_tke_grad_norm": 0.41090431809425354, "point_rel": 0.07669331282377242, "primary_loss": 0.11073857173323631, "residual_mse": 0.00013477857246471103, "temporal_rel": 0.8871632575988769, "tke_rel": 0.43618340194225313}
TRAIN {"angle_aug_abs_deg": 0.0, "aoa_effective_shift_abs_deg_mean": 0.0, "aoa_meanfield_aug_fraction": 0.0, "aoa_meanfield_lambda_mean": 0.0, "delta_penalty": 3.851997034871601e-05, "energy_loss": 0.05358257293701172, "grad_rel": 0.4924093812704086, "iteration": 2700, "loss": 0.1623598553240299, "lr": 0.00017604059656000325, "mse": 0.00012708055146504194, "p_zero": 0.0, "pareto_conflict": 0.75, "pareto_grad_cosine_before": -0.07834031828679144, "pareto_grad_dot_after": 0.00951669798578223, "pareto_grad_dot_before": -0.0335037502925843, "pareto_primary_grad_norm": 0.9475056827068329, "pareto_projected_tke_grad_norm": 0.45493194460868835, "pareto_tke_grad_norm": 0.46191188395023347, "point_rel": 0.07449492216110229, "primary_loss": 0.10877728052437305, "residual_mse": 0.0001270805521926377, "temporal_rel": 0.8952441096305848, "tke_rel": 0.4465214490890503}
TRAIN {"angle_aug_abs_deg": 0.0, "aoa_effective_shift_abs_deg_mean": 0.0, "aoa_meanfield_aug_fraction": 0.0, "aoa_meanfield_lambda_mean": 0.0, "delta_penalty": 4.112834640181973e-05, "energy_loss": 0.05523641519248486, "grad_rel": 0.5004639476537704, "iteration": 2720, "loss": 0.16742126941680907, "lr": 0.0001756995055651758, "mse": 0.00012623218026419636, "p_zero": 0.0, "pareto_conflict": 0.7, "pareto_grad_cosine_before": -0.1005386239150539, "pareto_grad_dot_after": 0.008547725617609104, "pareto_grad_dot_before": -0.027936554176267236, "pareto_primary_grad_norm": 0.8494869485497475, "pareto_projected_tke_grad_norm": 0.4236268550157547, "pareto_tke_grad_norm": 0.43276263773441315, "point_rel": 0.07768482118844985, "primary_loss": 0.11218485422432423, "residual_mse": 0.00012623218171938788, "temporal_rel": 0.8984794110059738, "tke_rel": 0.460303470492363}
TRAIN {"angle_aug_abs_deg": 0.0, "aoa_effective_shift_abs_deg_mean": 0.0, "aoa_meanfield_aug_fraction": 0.0, "aoa_meanfield_lambda_mean": 0.0, "delta_penalty": 3.987945192420739e-05, "energy_loss": 0.05477511454373598, "grad_rel": 0.4967882722616196, "iteration": 2740, "loss": 0.16559519171714782, "lr": 0.00017535633923016397, "mse": 0.00012291383973206393, "p_zero": 0.0, "pareto_conflict": 0.6, "pareto_grad_cosine_before": -0.08810723312199116, "pareto_grad_dot_after": 0.02848982204309323, "pareto_grad_dot_before": -0.013841582182794809, "pareto_primary_grad_norm": 0.7669680833816528, "pareto_projected_tke_grad_norm": 0.4741152361035347, "pareto_tke_grad_norm": 0.48681208193302156, "point_rel": 0.07636699639260769, "primary_loss": 0.11082007624208927, "residual_mse": 0.00012291384064155864, "temporal_rel": 0.8987861931324005, "tke_rel": 0.4564593002200127}
TRAIN {"angle_aug_abs_deg": 0.0, "aoa_effective_shift_abs_deg_mean": 0.0, "aoa_meanfield_aug_fraction": 0.0, "aoa_meanfield_lambda_mean": 0.0, "delta_penalty": 4.312054479669314e-05, "energy_loss": 0.05597427692264319, "grad_rel": 0.5011736020445824, "iteration": 2760, "loss": 0.1692715771496296, "lr": 0.00017501110696304618, "mse": 0.00014369393647939432, "p_zero": 0.0, "pareto_conflict": 0.9, "pareto_grad_cosine_before": -0.15439852997660636, "pareto_grad_dot_after": 0.003927030796421605, "pareto_grad_dot_before": -0.034668267297092825, "pareto_primary_grad_norm": 0.6120563745498657, "pareto_projected_tke_grad_norm": 0.4344852864742279, "pareto_tke_grad_norm": 0.4454910337924957, "point_rel": 0.07874317690730095, "primary_loss": 0.11329729966819287, "residual_mse": 0.0001436939350242028, "temporal_rel": 0.8997515887022018, "tke_rel": 0.46645231992006303}
TRAIN {"angle_aug_abs_deg": 0.0, "aoa_effective_shift_abs_deg_mean": 0.0, "aoa_meanfield_aug_fraction": 0.0, "aoa_meanfield_lambda_mean": 0.0, "delta_penalty": 4.334265504439827e-05, "energy_loss": 0.056480453535914424, "grad_rel": 0.4966258451342583, "iteration": 2780, "loss": 0.1688465252518654, "lr": 0.00017466381822853934, "mse": 0.00014860703249723882, "p_zero": 0.0, "pareto_conflict": 0.6, "pareto_grad_cosine_before": -0.10665414119139313, "pareto_grad_dot_after": 0.02817876581211749, "pareto_grad_dot_before": -0.011537284357473254, "pareto_primary_grad_norm": 0.7651029273867607, "pareto_projected_tke_grad_norm": 0.4484918162226677, "pareto_tke_grad_norm": 0.46257428377866744, "point_rel": 0.07790124136954546, "primary_loss": 0.11236607357859611, "residual_mse": 0.0001486070328610367, "temporal_rel": 0.8989998549222946, "tke_rel": 0.4706704542040825}
TRAIN {"angle_aug_abs_deg": 0.0, "aoa_effective_shift_abs_deg_mean": 0.0, "aoa_meanfield_aug_fraction": 0.0, "aoa_meanfield_lambda_mean": 0.0, "delta_penalty": 4.175335070613073e-05, "energy_loss": 0.05531883556395769, "grad_rel": 0.49652086198329926, "iteration": 2800, "loss": 0.1650460660457611, "lr": 0.00017431448254773963, "mse": 0.00013180309397284873, "p_zero": 0.0, "pareto_conflict": 0.85, "pareto_grad_cosine_before": -0.13398735562805086, "pareto_grad_dot_after": 0.005165415510600724, "pareto_grad_dot_before": -0.041208668606122954, "pareto_primary_grad_norm": 0.7246154442429542, "pareto_projected_tke_grad_norm": 0.43668383955955503, "pareto_tke_grad_norm": 0.44577835202217103, "point_rel": 0.07534152641892433, "primary_loss": 0.10972723029553891, "residual_mse": 0.00013180309360905085, "temporal_rel": 0.8965838193893433, "tke_rel": 0.4609903052449226}
TRAIN {"angle_aug_abs_deg": 0.0, "aoa_effective_shift_abs_deg_mean": 0.0, "aoa_meanfield_aug_fraction": 0.0, "aoa_meanfield_lambda_mean": 0.0, "delta_penalty": 4.255838057360961e-05, "energy_loss": 0.05511297825723886, "grad_rel": 0.5055488914251327, "iteration": 2820, "loss": 0.1677957147359848, "lr": 0.0001739631094978612, "mse": 0.00014287367957876995, "p_zero": 0.0, "pareto_conflict": 0.8, "pareto_grad_cosine_before": -0.17149222469888628, "pareto_grad_dot_after": 0.008247588538415585, "pareto_grad_dot_before": -0.043852827860973775, "pareto_primary_grad_norm": 0.7061969250440597, "pareto_projected_tke_grad_norm": 0.44074704349040983, "pareto_tke_grad_norm": 0.4565417796373367, "point_rel": 0.07826913371682168, "primary_loss": 0.11268273554742336, "residual_mse": 0.00014287367921497207, "temporal_rel": 0.8928886204957962, "tke_rel": 0.4592748299241066}
TRAIN {"angle_aug_abs_deg": 0.0, "aoa_effective_shift_abs_deg_mean": 0.0, "aoa_meanfield_aug_fraction": 0.0, "aoa_meanfield_lambda_mean": 0.0, "delta_penalty": 3.9011318494885924e-05, "energy_loss": 0.056030001305043695, "grad_rel": 0.4945448815822601, "iteration": 2840, "loss": 0.16640502586960793, "lr": 0.00017360970871197365, "mse": 0.0001289604821067769, "p_zero": 0.0, "pareto_conflict": 0.75, "pareto_grad_cosine_before": -0.11671918214997276, "pareto_grad_dot_after": 0.0078699972911636, "pareto_grad_dot_before": -0.03421732864517253, "pareto_primary_grad_norm": 0.9099695816636085, "pareto_projected_tke_grad_norm": 0.4405702605843544, "pareto_tke_grad_norm": 0.4506725147366524, "point_rel": 0.07570881266146898, "primary_loss": 0.11037502139806747, "residual_mse": 0.00012896048101538327, "temporal_rel": 0.9069522380828857, "tke_rel": 0.466916686296463}
TRAIN {"angle_aug_abs_deg": 0.0, "aoa_effective_shift_abs_deg_mean": 0.0, "aoa_meanfield_aug_fraction": 0.0, "aoa_meanfield_lambda_mean": 0.0, "delta_penalty": 4.0928672842710514e-05, "energy_loss": 0.05545992199331522, "grad_rel": 0.5003113299608231, "iteration": 2860, "loss": 0.16759994700551034, "lr": 0.0001732542898787381, "mse": 0.00013025245443714083, "p_zero": 0.0, "pareto_conflict": 0.85, "pareto_grad_cosine_before": -0.16227251030504702, "pareto_grad_dot_after": 0.009641454701113616, "pareto_grad_dot_before": -0.04698128774762154, "pareto_primary_grad_norm": 0.8846570685505867, "pareto_projected_tke_grad_norm": 0.4291692696511745, "pareto_tke_grad_norm": 0.43868460655212405, "point_rel": 0.07736386228352785, "primary_loss": 0.11214002482593059, "residual_mse": 0.00013025245443714083, "temporal_rel": 0.9077199190855026, "tke_rel": 0.46216602623462677}
TRAIN {"angle_aug_abs_deg": 0.0, "aoa_effective_shift_abs_deg_mean": 0.0, "aoa_meanfield_aug_fraction": 0.0, "aoa_meanfield_lambda_mean": 0.0, "delta_penalty": 4.516533153946512e-05, "energy_loss": 0.05415801778435707, "grad_rel": 0.5023509576916695, "iteration": 2880, "loss": 0.16706897616386412, "lr": 0.0001728968627421414, "mse": 0.000150993025090429, "p_zero": 0.0, "pareto_conflict": 0.65, "pareto_grad_cosine_before": -0.08510133305098862, "pareto_grad_dot_after": 0.010024432331647404, "pareto_grad_dot_before": -0.02601682618551422, "pareto_primary_grad_norm": 1.0913686066865922, "pareto_projected_tke_grad_norm": 0.4377404719591141, "pareto_tke_grad_norm": 0.445393905043602, "point_rel": 0.07857347801327705, "primary_loss": 0.11291095651686192, "residual_mse": 0.0001509930241809343, "temporal_rel": 0.8918671905994415, "tke_rel": 0.45131682604551315}
TRAIN {"angle_aug_abs_deg": 0.0, "aoa_effective_shift_abs_deg_mean": 0.0, "aoa_meanfield_aug_fraction": 0.0, "aoa_meanfield_lambda_mean": 0.0, "delta_penalty": 4.4629046078625835e-05, "energy_loss": 0.05623880885541439, "grad_rel": 0.4980133891105652, "iteration": 2900, "loss": 0.16927432045340537, "lr": 0.00017253743710122897, "mse": 0.0001545796150821843, "p_zero": 0.0, "pareto_conflict": 0.7, "pareto_grad_cosine_before": -0.13356165271252393, "pareto_grad_dot_after": 0.016087786594471253, "pareto_grad_dot_before": -0.02574003618210554, "pareto_primary_grad_norm": 0.8008333727717399, "pareto_projected_tke_grad_norm": 0.43478512167930605, "pareto_tke_grad_norm": 0.4497083231806755, "point_rel": 0.07868660092353821, "primary_loss": 0.11303551085293292, "residual_mse": 0.00015457961526408326, "temporal_rel": 0.8943814694881439, "tke_rel": 0.46865675449371336}
TRAIN {"angle_aug_abs_deg": 0.0, "aoa_effective_shift_abs_deg_mean": 0.0, "aoa_meanfield_aug_fraction": 0.0, "aoa_meanfield_lambda_mean": 0.0, "delta_penalty": 4.040994281240273e-05, "energy_loss": 0.05534546859562397, "grad_rel": 0.49418220669031143, "iteration": 2920, "loss": 0.1653081163764, "lr": 0.00017217602280983644, "mse": 0.00013015745353186503, "p_zero": 0.0, "pareto_conflict": 0.85, "pareto_grad_cosine_before": -0.18314110324135982, "pareto_grad_dot_after": 0.004106711033637111, "pareto_grad_dot_before": -0.04912463912769453, "pareto_primary_grad_norm": 0.8296583339571952, "pareto_projected_tke_grad_norm": 0.45014347434043883, "pareto_tke_grad_norm": 0.46778667271137236, "point_rel": 0.07545420154929161, "primary_loss": 0.10996264740824699, "residual_mse": 0.00013015745498705654, "temporal_rel": 0.901861909031868, "tke_rel": 0.46121224761009216}
TRAIN {"angle_aug_abs_deg": 0.0, "aoa_effective_shift_abs_deg_mean": 0.0, "aoa_meanfield_aug_fraction": 0.0, "aoa_meanfield_lambda_mean": 0.0, "delta_penalty": 4.5839805898140186e-05, "energy_loss": 0.055258019082248214, "grad_rel": 0.5011807262897492, "iteration": 2940, "loss": 0.1696894198656082, "lr": 0.00017181262977631918, "mse": 0.00015038020537758712, "p_zero": 0.0, "pareto_conflict": 0.85, "pareto_grad_cosine_before": -0.15012524891644716, "pareto_grad_dot_after": 0.007636928543206523, "pareto_grad_dot_before": -0.04849697537720203, "pareto_primary_grad_norm": 0.818371607363224, "pareto_projected_tke_grad_norm": 0.4384614735841751, "pareto_tke_grad_norm": 0.449847549200058, "point_rel": 0.07966369055211545, "primary_loss": 0.11443140096962452, "residual_mse": 0.00015038020501378924, "temporal_rel": 0.906798928976059, "tke_rel": 0.4604835003614426}
TRAIN {"angle_aug_abs_deg": 0.0, "aoa_effective_shift_abs_deg_mean": 0.0, "aoa_meanfield_aug_fraction": 0.0, "aoa_meanfield_lambda_mean": 0.0, "delta_penalty": 4.2154094080615324e-05, "energy_loss": 0.05489040967077017, "grad_rel": 0.49000945687294006, "iteration": 2960, "loss": 0.16381761580705642, "lr": 0.00017144726796328058, "mse": 0.00013395503192441537, "p_zero": 0.0, "pareto_conflict": 0.9, "pareto_grad_cosine_before": -0.17558359924587422, "pareto_grad_dot_after": 0.00427126115810097, "pareto_grad_dot_before": -0.05153488228388596, "pareto_primary_grad_norm": 0.7921419888734818, "pareto_projected_tke_grad_norm": 0.42766003459692004, "pareto_tke_grad_norm": 0.4439366951584816, "point_rel": 0.07460890989750624, "primary_loss": 0.10892720744013787, "residual_mse": 0.00013395503265201114, "temporal_rel": 0.8975709199905395, "tke_rel": 0.4574200913310051}
TRAIN {"angle_aug_abs_deg": 0.0, "aoa_effective_shift_abs_deg_mean": 0.0, "aoa_meanfield_aug_fraction": 0.0, "aoa_meanfield_lambda_mean": 0.0, "delta_penalty": 3.796173150476534e-05, "energy_loss": 0.0561952156946063, "grad_rel": 0.49788123816251756, "iteration": 2980, "loss": 0.1680433087050915, "lr": 0.00017107994738729945, "mse": 0.00011336986099195201, "p_zero": 0.0, "pareto_conflict": 0.95, "pareto_grad_cosine_before": -0.17715021648909896, "pareto_grad_dot_after": 0.00013959583684481914, "pareto_grad_dot_before": -0.058717468741815534, "pareto_primary_grad_norm": 0.7965942442417144, "pareto_projected_tke_grad_norm": 0.4511983826756477, "pareto_tke_grad_norm": 0.46126341074705124, "point_rel": 0.07727911286056041, "primary_loss": 0.11184809282422066, "residual_mse": 0.00011336986099195201, "temporal_rel": 0.9021996945142746, "tke_rel": 0.4682934761047363}
TRAIN {"angle_aug_abs_deg": 0.0, "aoa_effective_shift_abs_deg_mean": 0.0, "aoa_meanfield_aug_fraction": 0.0, "aoa_meanfield_lambda_mean": 0.0, "delta_penalty": 4.232329638398369e-05, "energy_loss": 0.053880642727017404, "grad_rel": 0.5022978544235229, "iteration": 3000, "loss": 0.1644681490957737, "lr": 0.00017071067811865487, "mse": 0.00013575445263995788, "p_zero": 0.0, "pareto_conflict": 0.7, "pareto_grad_cosine_before": -0.1294509064173326, "pareto_grad_dot_after": 0.0055878255838251786, "pareto_grad_dot_before": -0.0362414068513317, "pareto_primary_grad_norm": 0.76384739279747, "pareto_projected_tke_grad_norm": 0.42294390201568605, "pareto_tke_grad_norm": 0.4326885685324669, "point_rel": 0.07614351883530616, "primary_loss": 0.1105875052511692, "residual_mse": 0.00013575445555034094, "temporal_rel": 0.8955982595682144, "tke_rel": 0.44900536835193633}
TRAIN {"angle_aug_abs_deg": 0.0, "aoa_effective_shift_abs_deg_mean": 0.0, "aoa_meanfield_aug_fraction": 0.0, "aoa_meanfield_lambda_mean": 0.0, "delta_penalty": 4.215441958876909e-05, "energy_loss": 0.05606167986989021, "grad_rel": 0.4983640372753143, "iteration": 3020, "loss": 0.1663484141230583, "lr": 0.00017033947028105055, "mse": 0.00013756028383795637, "p_zero": 0.0, "pareto_conflict": 0.85, "pareto_grad_cosine_before": -0.13366634445264935, "pareto_grad_dot_after": 0.010704982983406807, "pareto_grad_dot_before": -0.03793703238479793, "pareto_primary_grad_norm": 0.846345853805542, "pareto_projected_tke_grad_norm": 0.452524334192276, "pareto_tke_grad_norm": 0.461555252969265, "point_rel": 0.07570146508514881, "primary_loss": 0.11028673462569713, "residual_mse": 0.00013756028383795637, "temporal_rel": 0.902256652712822, "tke_rel": 0.46718067675828934}
TRAIN {"angle_aug_abs_deg": 0.0, "aoa_effective_shift_abs_deg_mean": 0.0, "aoa_meanfield_aug_fraction": 0.0, "aoa_meanfield_lambda_mean": 0.0, "delta_penalty": 3.94176599002094e-05, "energy_loss": 0.05466977022588253, "grad_rel": 0.5071503147482872, "iteration": 3040, "loss": 0.16772188767790794, "lr": 0.00016996633405133674, "mse": 0.00012834998287871712, "p_zero": 0.0, "pareto_conflict": 0.75, "pareto_grad_cosine_before": -0.12208893639035523, "pareto_grad_dot_after": 0.0058315406684869234, "pareto_grad_dot_before": -0.04093582936329767, "pareto_primary_grad_norm": 0.8125077828764915, "pareto_projected_tke_grad_norm": 0.4362996116280556, "pareto_tke_grad_norm": 0.4438229963183403, "point_rel": 0.07844564132392406, "primary_loss": 0.11305211707949639, "residual_mse": 0.00012834998196922242, "temporal_rel": 0.8986643135547638, "tke_rel": 0.45558143109083177}
TRAIN {"angle_aug_abs_deg": 0.0, "aoa_effective_shift_abs_deg_mean": 0.0, "aoa_meanfield_aug_fraction": 0.0, "aoa_meanfield_lambda_mean": 0.0, "delta_penalty": 4.185037669230951e-05, "energy_loss": 0.0558988643810153, "grad_rel": 0.488517227768898, "iteration": 3060, "loss": 0.16439628899097442, "lr": 0.0001695912796592316, "mse": 0.00012169271940365434, "p_zero": 0.0, "pareto_conflict": 0.9, "pareto_grad_cosine_before": -0.15318384096026422, "pareto_grad_dot_after": 0.012760479052349182, "pareto_grad_dot_before": -0.042334660328924655, "pareto_primary_grad_norm": 0.8984372973442077, "pareto_projected_tke_grad_norm": 0.44689895063638685, "pareto_tke_grad_norm": 0.46233195811510086, "point_rel": 0.07403911091387272, "primary_loss": 0.10849742330610752, "residual_mse": 0.0001216927201312501, "temporal_rel": 0.9031069606542588, "tke_rel": 0.4658238813281059}
TRAIN {"angle_aug_abs_deg": 0.0, "aoa_effective_shift_abs_deg_mean": 0.0, "aoa_meanfield_aug_fraction": 0.0, "aoa_meanfield_lambda_mean": 0.0, "delta_penalty": 4.012267490907107e-05, "energy_loss": 0.053581129387021066, "grad_rel": 0.4935890272259712, "iteration": 3080, "loss": 0.16255476400256158, "lr": 0.0001692143173870409, "mse": 0.00013190066383685916, "p_zero": 0.0, "pareto_conflict": 0.8, "pareto_grad_cosine_before": -0.23015449345111846, "pareto_grad_dot_after": 0.004826152134955919, "pareto_grad_dot_before": -0.051585361873731014, "pareto_primary_grad_norm": 0.6243215903639794, "pareto_projected_tke_grad_norm": 0.43381325602531434, "pareto_tke_grad_norm": 0.4578137591481209, "point_rel": 0.07484742663800717, "primary_loss": 0.10897363536059856, "residual_mse": 0.00013190066456445493, "temporal_rel": 0.8894000053405762, "tke_rel": 0.44650942236185076}
TRAIN {"angle_aug_abs_deg": 0.0, "aoa_effective_shift_abs_deg_mean": 0.0, "aoa_meanfield_aug_fraction": 0.0, "aoa_meanfield_lambda_mean": 0.0, "delta_penalty": 4.04501918637834e-05, "energy_loss": 0.05590567048639059, "grad_rel": 0.5032952919602394, "iteration": 3100, "loss": 0.16927389577031135, "lr": 0.0001688354575693757, "mse": 0.00012107659058528953, "p_zero": 0.0, "pareto_conflict": 0.85, "pareto_grad_cosine_before": -0.14539410900324584, "pareto_grad_dot_after": 0.006722552533574344, "pareto_grad_dot_before": -0.047205633181147275, "pareto_primary_grad_norm": 0.8821374982595444, "pareto_projected_tke_grad_norm": 0.4630767986178398, "pareto_tke_grad_norm": 0.4831648379564285, "point_rel": 0.07861079573631287, "primary_loss": 0.11336822472512723, "residual_mse": 0.00012107659022149164, "temporal_rel": 0.9056956052780152, "tke_rel": 0.46588059663772585}
TRAIN {"angle_aug_abs_deg": 0.0, "aoa_effective_shift_abs_deg_mean": 0.0, "aoa_meanfield_aug_fraction": 0.0, "aoa_meanfield_lambda_mean": 0.0, "delta_penalty": 3.994305907326634e-05, "energy_loss": 0.054288185015320775, "grad_rel": 0.4998814031481743, "iteration": 3120, "loss": 0.16736841350793838, "lr": 0.00016845471059286922, "mse": 0.00013419654769677435, "p_zero": 0.0, "pareto_conflict": 0.75, "pareto_grad_cosine_before": -0.04724902166053653, "pareto_grad_dot_after": 0.013674744283525797, "pareto_grad_dot_before": -0.023068748705554754, "pareto_primary_grad_norm": 1.2072153210639953, "pareto_projected_tke_grad_norm": 0.44870910942554476, "pareto_tke_grad_norm": 0.45296859592199323, "point_rel": 0.07881168462336063, "primary_loss": 0.11308022625744343, "residual_mse": 0.0001341965469691786, "temporal_rel": 0.8909754395484925, "tke_rel": 0.4524015516042709}
TRAIN {"angle_aug_abs_deg": 0.0, "aoa_effective_shift_abs_deg_mean": 0.0, "aoa_meanfield_aug_fraction": 0.0, "aoa_meanfield_lambda_mean": 0.0, "delta_penalty": 4.01050547225168e-05, "energy_loss": 0.056542868725955486, "grad_rel": 0.4943559393286705, "iteration": 3140, "loss": 0.1674783408641815, "lr": 0.0001680720868958921, "mse": 0.00013186111355025786, "p_zero": 0.0, "pareto_conflict": 0.75, "pareto_grad_cosine_before": -0.16111468924209477, "pareto_grad_dot_after": 0.004671237448110333, "pareto_grad_dot_before": -0.03792502693831921, "pareto_primary_grad_norm": 0.8461187154054641, "pareto_projected_tke_grad_norm": 0.4217439740896225, "pareto_tke_grad_norm": 0.4356243535876274, "point_rel": 0.07659565135836602, "primary_loss": 0.11093547120690346, "residual_mse": 0.00013186111318645998, "temporal_rel": 0.8961373418569565, "tke_rel": 0.47119058221578597}
TRAIN {"angle_aug_abs_deg": 0.0, "aoa_effective_shift_abs_deg_mean": 0.0, "aoa_meanfield_aug_fraction": 0.0, "aoa_meanfield_lambda_mean": 0.0, "delta_penalty": 4.316581153034349e-05, "energy_loss": 0.055677160061895846, "grad_rel": 0.4974295362830162, "iteration": 3160, "loss": 0.16693213284015657, "lr": 0.00016768759696826637, "mse": 0.0001477880978200119, "p_zero": 0.0, "pareto_conflict": 0.9, "pareto_grad_cosine_before": -0.158958026394248, "pareto_grad_dot_after": 0.0028331140709269677, "pareto_grad_dot_before": -0.04682947679539211, "pareto_primary_grad_norm": 0.8203269422054291, "pareto_projected_tke_grad_norm": 0.41894800364971163, "pareto_tke_grad_norm": 0.4293532595038414, "point_rel": 0.07679683566093445, "primary_loss": 0.11125497408211231, "residual_mse": 0.00014778809818380979, "temporal_rel": 0.8983831822872161, "tke_rel": 0.4639763444662094}
TRAIN {"angle_aug_abs_deg": 0.0, "aoa_effective_shift_abs_deg_mean": 0.0, "aoa_meanfield_aug_fraction": 0.0, "aoa_meanfield_lambda_mean": 0.0, "delta_penalty": 4.089817502972437e-05, "energy_loss": 0.05480445083230734, "grad_rel": 0.49013378471136093, "iteration": 3180, "loss": 0.16438882872462274, "lr": 0.00016730125135097762, "mse": 0.00013004107695451238, "p_zero": 0.0, "pareto_conflict": 0.7, "pareto_grad_cosine_before": -0.05697844446112867, "pareto_grad_dot_after": 0.008035875284986106, "pareto_grad_dot_before": -0.030867498682346194, "pareto_primary_grad_norm": 1.0832252994179725, "pareto_projected_tke_grad_norm": 0.44278090447187424, "pareto_tke_grad_norm": 0.44715491831302645, "point_rel": 0.07519627958536149, "primary_loss": 0.1095843780785799, "residual_mse": 0.00013004107731831027, "temporal_rel": 0.899875420331955, "tke_rel": 0.4567037671804428}
TRAIN {"angle_aug_abs_deg": 0.0, "aoa_effective_shift_abs_deg_mean": 0.0, "aoa_meanfield_aug_fraction": 0.0, "aoa_meanfield_lambda_mean": 0.0, "delta_penalty": 3.959325495088706e-05, "energy_loss": 0.05447303745895624, "grad_rel": 0.5010638043284417, "iteration": 3200, "loss": 0.16698305755853654, "lr": 0.0001669130606358861, "mse": 0.00011657817212835652, "p_zero": 0.0, "pareto_conflict": 0.8, "pareto_grad_cosine_before": -0.1570010910741985, "pareto_grad_dot_after": 0.004469949449776323, "pareto_grad_dot_before": -0.05813546848949045, "pareto_primary_grad_norm": 0.9034468621015549, "pareto_projected_tke_grad_norm": 0.46820650696754457, "pareto_tke_grad_norm": 0.47898594439029696, "point_rel": 0.07796232141554356, "primary_loss": 0.11251001916825772, "residual_mse": 0.00011657817194645758, "temporal_rel": 0.8998658418655395, "tke_rel": 0.45394199192523954}
TRAIN {"angle_aug_abs_deg": 0.0, "aoa_effective_shift_abs_deg_mean": 0.0, "aoa_meanfield_aug_fraction": 0.0, "aoa_meanfield_lambda_mean": 0.0, "delta_penalty": 4.1885518476192375e-05, "energy_loss": 0.05462367497384548, "grad_rel": 0.488811494410038, "iteration": 3220, "loss": 0.16423884853720666, "lr": 0.00016652303546543638, "mse": 0.0001328650007053511, "p_zero": 0.0, "pareto_conflict": 0.8, "pareto_grad_cosine_before": -0.14785782261751593, "pareto_grad_dot_after": 0.0039752551751007555, "pareto_grad_dot_before": -0.03890121574513614, "pareto_primary_grad_norm": 0.7978201881051064, "pareto_projected_tke_grad_norm": 0.43331355303525926, "pareto_tke_grad_norm": 0.44571217000484464, "point_rel": 0.07521051410585641, "primary_loss": 0.10961517430841923, "residual_mse": 0.00013286500143294688, "temporal_rel": 0.9010597348213196, "tke_rel": 0.4551972970366478}
TRAIN {"angle_aug_abs_deg": 0.0, "aoa_effective_shift_abs_deg_mean": 0.0, "aoa_meanfield_aug_fraction": 0.0, "aoa_meanfield_lambda_mean": 0.0, "delta_penalty": 4.069046181029989e-05, "energy_loss": 0.056437195651233195, "grad_rel": 0.50157181173563, "iteration": 3240, "loss": 0.1691475845873356, "lr": 0.00016613118653236548, "mse": 0.00014426962916331832, "p_zero": 0.0, "pareto_conflict": 0.95, "pareto_grad_cosine_before": -0.25731570441275836, "pareto_grad_dot_after": 0.002756467666813478, "pareto_grad_dot_before": -0.06189414551481605, "pareto_primary_grad_norm": 0.5621552780270577, "pareto_projected_tke_grad_norm": 0.44348644465208054, "pareto_tke_grad_norm": 0.47004307210445406, "point_rel": 0.07819985188543796, "primary_loss": 0.112710390239954, "residual_mse": 0.00014426962916331832, "temporal_rel": 0.8980956375598907, "tke_rel": 0.47030997425317767}
TRAIN {"angle_aug_abs_deg": 0.0, "aoa_effective_shift_abs_deg_mean": 0.0, "aoa_meanfield_aug_fraction": 0.0, "aoa_meanfield_lambda_mean": 0.0, "delta_penalty": 4.261483945811051e-05, "energy_loss": 0.0561146454885602, "grad_rel": 0.49378338605165484, "iteration": 3260, "loss": 0.1674024261534214, "lr": 0.0001657375245794099, "mse": 0.00013499109099939232, "p_zero": 0.0, "pareto_conflict": 0.8, "pareto_grad_cosine_before": -0.1469056848436594, "pareto_grad_dot_after": 0.014867927236173273, "pareto_grad_dot_before": -0.03536574537865818, "pareto_primary_grad_norm": 0.7745314210653305, "pareto_projected_tke_grad_norm": 0.45794882625341415, "pareto_tke_grad_norm": 0.47554003447294235, "point_rel": 0.07688740007579327, "primary_loss": 0.1112877793610096, "residual_mse": 0.00013499109099939232, "temporal_rel": 0.89840929210186, "tke_rel": 0.4676220566034317}
TRAIN {"angle_aug_abs_deg": 0.0, "aoa_effective_shift_abs_deg_mean": 0.0, "aoa_meanfield_aug_fraction": 0.0, "aoa_meanfield_lambda_mean": 0.0, "delta_penalty": 4.023406754640746e-05, "energy_loss": 0.05563278365880251, "grad_rel": 0.49127715826034546, "iteration": 3280, "loss": 0.16430846452713013, "lr": 0.00016534206039901084, "mse": 0.00011984489210590255, "p_zero": 0.0, "pareto_conflict": 0.9, "pareto_grad_cosine_before": -0.18439052449539303, "pareto_grad_dot_after": 0.006326371236264094, "pareto_grad_dot_before": -0.04323252777103335, "pareto_primary_grad_norm": 0.6477143988013268, "pareto_projected_tke_grad_norm": 0.41865494698286054, "pareto_tke_grad_norm": 0.43294669687747955, "point_rel": 0.0744017068296671, "primary_loss": 0.10867568105459213, "residual_mse": 0.00011984489356109407, "temporal_rel": 0.8956019908189774, "tke_rel": 0.46360654234886167}
TRAIN {"angle_aug_abs_deg": 0.0, "aoa_effective_shift_abs_deg_mean": 0.0, "aoa_meanfield_aug_fraction": 0.0, "aoa_meanfield_lambda_mean": 0.0, "delta_penalty": 4.2550209309411e-05, "energy_loss": 0.05721820201724768, "grad_rel": 0.5015832126140595, "iteration": 3300, "loss": 0.16981916949152948, "lr": 0.00016494480483301857, "mse": 0.0001441929089196492, "p_zero": 0.0, "pareto_conflict": 0.9, "pareto_grad_cosine_before": -0.24467651825398207, "pareto_grad_dot_after": 0.004171562659576011, "pareto_grad_dot_before": -0.0631533084437251, "pareto_primary_grad_norm": 0.5725906878709793, "pareto_projected_tke_grad_norm": 0.43449241369962693, "pareto_tke_grad_norm": 0.46303974837064743, "point_rel": 0.07777322810143232, "primary_loss": 0.11260096691548824, "residual_mse": 0.00014419290782825557, "temporal_rel": 0.9086627334356308, "tke_rel": 0.4768183588981628}
TRAIN {"angle_aug_abs_deg": 0.0, "aoa_effective_shift_abs_deg_mean": 0.0, "aoa_meanfield_aug_fraction": 0.0, "aoa_meanfield_lambda_mean": 0.0, "delta_penalty": 4.390376061564893e-05, "energy_loss": 0.05472958590835333, "grad_rel": 0.49827141016721727, "iteration": 3320, "loss": 0.16768483743071555, "lr": 0.00016454576877239534, "mse": 0.0001411258033840568, "p_zero": 0.0, "pareto_conflict": 0.8, "pareto_grad_cosine_before": -0.19908359861001373, "pareto_grad_dot_after": 0.00405913015756596, "pareto_grad_dot_before": -0.059194023441523316, "pareto_primary_grad_norm": 0.6714626312255859, "pareto_projected_tke_grad_norm": 0.4335608407855034, "pareto_tke_grad_norm": 0.4535232424736023, "point_rel": 0.07865393683314323, "primary_loss": 0.1129552498459816, "residual_mse": 0.00014112580229266313, "temporal_rel": 0.8928008884191513, "tke_rel": 0.45607989132404325}
TRAIN {"angle_aug_abs_deg": 0.0, "aoa_effective_shift_abs_deg_mean": 0.0, "aoa_meanfield_aug_fraction": 0.0, "aoa_meanfield_lambda_mean": 0.0, "delta_penalty": 4.220873079248122e-05, "energy_loss": 0.05470006298273802, "grad_rel": 0.4999051719903946, "iteration": 3340, "loss": 0.16825108081102372, "lr": 0.00016414496315691609, "mse": 0.0001421227718310547, "p_zero": 0.0, "pareto_conflict": 0.8, "pareto_grad_cosine_before": -0.17027954664081335, "pareto_grad_dot_after": 0.0063472757095041745, "pareto_grad_dot_before": -0.039047280233353375, "pareto_primary_grad_norm": 0.6216742426156998, "pareto_projected_tke_grad_norm": 0.42392964512109754, "pareto_tke_grad_norm": 0.4372306138277054, "point_rel": 0.07892473880201578, "primary_loss": 0.113551015406847, "residual_mse": 0.0001421227700120653, "temporal_rel": 0.9028072446584702, "tke_rel": 0.4558338686823845}
TRAIN {"angle_aug_abs_deg": 0.0, "aoa_effective_shift_abs_deg_mean": 0.0, "aoa_meanfield_aug_fraction": 0.0, "aoa_meanfield_lambda_mean": 0.0, "delta_penalty": 4.2195088826701974e-05, "energy_loss": 0.05312896594405174, "grad_rel": 0.5015270724892616, "iteration": 3360, "loss": 0.16678235307335854, "lr": 0.00016374239897486923, "mse": 0.00013980312014609807, "p_zero": 0.0, "pareto_conflict": 0.7, "pareto_grad_cosine_before": -0.06891251134220511, "pareto_grad_dot_after": 0.01320750981249148, "pareto_grad_dot_before": -0.010099576995708048, "pareto_primary_grad_norm": 0.9536880418658257, "pareto_projected_tke_grad_norm": 0.4331959843635559, "pareto_tke_grad_norm": 0.43669373393058775, "point_rel": 0.0791228499263525, "primary_loss": 0.11365338787436485, "residual_mse": 0.0001398031197823002, "temporal_rel": 0.8988282263278962, "tke_rel": 0.44274139404296875}
TRAIN {"angle_aug_abs_deg": 0.0, "aoa_effective_shift_abs_deg_mean": 0.0, "aoa_meanfield_aug_fraction": 0.0, "aoa_meanfield_lambda_mean": 0.0, "delta_penalty": 4.285703753339476e-05, "energy_loss": 0.05510233994573355, "grad_rel": 0.4924100965261459, "iteration": 3380, "loss": 0.16589393541216851, "lr": 0.00016333808726275533, "mse": 0.00013937257972429506, "p_zero": 0.0, "pareto_conflict": 0.75, "pareto_grad_cosine_before": -0.14035322746494786, "pareto_grad_dot_after": 0.003941970076539292, "pareto_grad_dot_before": -0.03999281037831679, "pareto_primary_grad_norm": 0.890506474673748, "pareto_projected_tke_grad_norm": 0.4272666722536087, "pareto_tke_grad_norm": 0.43577980399131777, "point_rel": 0.07639873698353768, "primary_loss": 0.1107915960252285, "residual_mse": 0.0001393725789966993, "temporal_rel": 0.8988013833761215, "tke_rel": 0.4591861769556999}
TRAIN {"angle_aug_abs_deg": 0.0, "aoa_effective_shift_abs_deg_mean": 0.0, "aoa_meanfield_aug_fraction": 0.0, "aoa_meanfield_lambda_mean": 0.0, "delta_penalty": 4.1963468811445635e-05, "energy_loss": 0.05501364450901747, "grad_rel": 0.497209832072258, "iteration": 3400, "loss": 0.16627551093697548, "lr": 0.0001629320391049841, "mse": 0.00013780891422356944, "p_zero": 0.0, "pareto_conflict": 0.8, "pareto_grad_cosine_before": -0.14495038166642188, "pareto_grad_dot_after": 0.02273513583750173, "pareto_grad_dot_before": -0.019133364921435712, "pareto_primary_grad_norm": 0.7446069106459617, "pareto_projected_tke_grad_norm": 0.46431076526641846, "pareto_tke_grad_norm": 0.4781103655695915, "point_rel": 0.07675505913794041, "primary_loss": 0.1112618662416935, "residual_mse": 0.00013780891422356944, "temporal_rel": 0.9002159297466278, "tke_rel": 0.4584470480680466}
TRAIN {"angle_aug_abs_deg": 0.0, "aoa_effective_shift_abs_deg_mean": 0.0, "aoa_meanfield_aug_fraction": 0.0, "aoa_meanfield_lambda_mean": 0.0, "delta_penalty": 3.986811343565932e-05, "energy_loss": 0.05396408457309008, "grad_rel": 0.5046084344387054, "iteration": 3420, "loss": 0.16705645322799684, "lr": 0.0001625242656335709, "mse": 0.0001297983422773541, "p_zero": 0.0, "pareto_conflict": 0.85, "pareto_grad_cosine_before": -0.17640423201955854, "pareto_grad_dot_after": 0.0008604988214756304, "pareto_grad_dot_before": -0.04762598559027538, "pareto_primary_grad_norm": 0.6553874924778939, "pareto_projected_tke_grad_norm": 0.4239931419491768, "pareto_tke_grad_norm": 0.43769636303186416, "point_rel": 0.07842919901013375, "primary_loss": 0.11309236846864223, "residual_mse": 0.00012979834264115198, "temporal_rel": 0.9018102139234543, "tke_rel": 0.4497007131576538}
TRAIN {"angle_aug_abs_deg": 0.0, "aoa_effective_shift_abs_deg_mean": 0.0, "aoa_meanfield_aug_fraction": 0.0, "aoa_meanfield_lambda_mean": 0.0, "delta_penalty": 4.377576578917797e-05, "energy_loss": 0.0542404904961586, "grad_rel": 0.49658252745866777, "iteration": 3440, "loss": 0.16418903395533563, "lr": 0.0001621147780278314, "mse": 0.00013898837914894102, "p_zero": 0.0, "pareto_conflict": 0.85, "pareto_grad_cosine_before": -0.2442384914495051, "pareto_grad_dot_after": 0.0027009827264919293, "pareto_grad_dot_before": -0.056096770148724315, "pareto_primary_grad_norm": 0.5632670477032662, "pareto_projected_tke_grad_norm": 0.4151046425104141, "pareto_tke_grad_norm": 0.4401766464114189, "point_rel": 0.07550642639398575, "primary_loss": 0.1099485445767641, "residual_mse": 0.00013898837914894102, "temporal_rel": 0.8983602374792099, "tke_rel": 0.4520040974020958}
TRAIN {"angle_aug_abs_deg": 0.0, "aoa_effective_shift_abs_deg_mean": 0.0, "aoa_meanfield_aug_fraction": 0.0, "aoa_meanfield_lambda_mean": 0.0, "delta_penalty": 3.831078411167255e-05, "energy_loss": 0.056344919838011265, "grad_rel": 0.49033120572566985, "iteration": 3460, "loss": 0.1654435507953167, "lr": 0.00016170358751407522, "mse": 0.00012377402345009614, "p_zero": 0.0, "pareto_conflict": 0.6, "pareto_grad_cosine_before": -0.07459190462250262, "pareto_grad_dot_after": 0.03661590905212506, "pareto_grad_dot_before": 0.0007869178021792323, "pareto_primary_grad_norm": 0.8475971415638923, "pareto_projected_tke_grad_norm": 0.5169294342398644, "pareto_tke_grad_norm": 0.5264466941356659, "point_rel": 0.07496831752359867, "primary_loss": 0.10909863114356995, "residual_mse": 0.00012377402272250037, "temporal_rel": 0.891248294711113, "tke_rel": 0.46954101175069807}
TRAIN {"angle_aug_abs_deg": 0.0, "aoa_effective_shift_abs_deg_mean": 0.0, "aoa_meanfield_aug_fraction": 0.0, "aoa_meanfield_lambda_mean": 0.0, "delta_penalty": 4.38738190496224e-05, "energy_loss": 0.05555611252784729, "grad_rel": 0.4905247792601585, "iteration": 3480, "loss": 0.16752657443284988, "lr": 0.00016129070536529804, "mse": 0.00014543281195074088, "p_zero": 0.0, "pareto_conflict": 0.75, "pareto_grad_cosine_before": -0.05520356083288789, "pareto_grad_dot_after": 0.018230048727582472, "pareto_grad_dot_before": -0.038792619644664225, "pareto_primary_grad_norm": 0.9397761449217796, "pareto_projected_tke_grad_norm": 0.4546673998236656, "pareto_tke_grad_norm": 0.46136563271284103, "point_rel": 0.07752866949886084, "primary_loss": 0.11197046153247356, "residual_mse": 0.0001454328112231451, "temporal_rel": 0.9013138264417648, "tke_rel": 0.46296761482954024}
TRAIN {"angle_aug_abs_deg": 0.0, "aoa_effective_shift_abs_deg_mean": 0.0, "aoa_meanfield_aug_fraction": 0.0, "aoa_meanfield_lambda_mean": 0.0, "delta_penalty": 4.184616491329507e-05, "energy_loss": 0.05688665118068457, "grad_rel": 0.49523238837718964, "iteration": 3500, "loss": 0.16780390217900276, "lr": 0.00016087614290087246, "mse": 0.00014427211481233827, "p_zero": 0.0, "pareto_conflict": 0.85, "pareto_grad_cosine_before": -0.11014028862118722, "pareto_grad_dot_after": 0.010938695425647894, "pareto_grad_dot_before": -0.04283518600277603, "pareto_primary_grad_norm": 0.9248826026916503, "pareto_projected_tke_grad_norm": 0.4532208159565926, "pareto_tke_grad_norm": 0.46121744960546496, "point_rel": 0.07651395872235298, "primary_loss": 0.11091725155711174, "residual_mse": 0.00014427211481233827, "temporal_rel": 0.8976896941661835, "tke_rel": 0.47405544072389605}
TRAIN {"angle_aug_abs_deg": 0.0, "aoa_effective_shift_abs_deg_mean": 0.0, "aoa_meanfield_aug_fraction": 0.0, "aoa_meanfield_lambda_mean": 0.0, "delta_penalty": 3.823931174338213e-05, "energy_loss": 0.055800093337893486, "grad_rel": 0.496160164475441, "iteration": 3520, "loss": 0.16604822427034377, "lr": 0.00016045991148623797, "mse": 0.00011945510741497855, "p_zero": 0.0, "pareto_conflict": 0.7, "pareto_grad_cosine_before": -0.12018416631035507, "pareto_grad_dot_after": 0.026215206234701326, "pareto_grad_dot_before": -0.012084699678234756, "pareto_primary_grad_norm": 0.759813541173935, "pareto_projected_tke_grad_norm": 0.45666318833827974, "pareto_tke_grad_norm": 0.4688261091709137, "point_rel": 0.07597829252481461, "primary_loss": 0.11024812944233417, "residual_mse": 0.00011945510741497855, "temporal_rel": 0.893027839064598, "tke_rel": 0.4650007843971252}
TRAIN {"angle_aug_abs_deg": 0.0, "aoa_effective_shift_abs_deg_mean": 0.0, "aoa_meanfield_aug_fraction": 0.0, "aoa_meanfield_lambda_mean": 0.0, "delta_penalty": 4.243467228661757e-05, "energy_loss": 0.0549547677859664, "grad_rel": 0.4989518865942955, "iteration": 3540, "loss": 0.1658220946788788, "lr": 0.00016004202253258894, "mse": 0.00013728906997130254, "p_zero": 0.0, "pareto_conflict": 0.75, "pareto_grad_cosine_before": -0.13740287576802074, "pareto_grad_dot_after": 0.007770799837089726, "pareto_grad_dot_before": -0.03659422849304974, "pareto_primary_grad_norm": 0.8261610507965088, "pareto_projected_tke_grad_norm": 0.4393533781170845, "pareto_tke_grad_norm": 0.451162089407444, "point_rel": 0.07640260197222233, "primary_loss": 0.11086732633411885, "residual_mse": 0.00013728906997130254, "temporal_rel": 0.8979470521211624, "tke_rel": 0.4579564079642296}
TRAIN {"angle_aug_abs_deg": 0.0, "aoa_effective_shift_abs_deg_mean": 0.0, "aoa_meanfield_aug_fraction": 0.0, "aoa_meanfield_lambda_mean": 0.0, "delta_penalty": 4.256820784576121e-05, "energy_loss": 0.05392601229250431, "grad_rel": 0.5019839018583298, "iteration": 3560, "loss": 0.1650296486914158, "lr": 0.0001596224874965621, "mse": 0.00013305670690897387, "p_zero": 0.0, "pareto_conflict": 0.8, "pareto_grad_cosine_before": -0.11539540602825582, "pareto_grad_dot_after": 0.0033025016096871695, "pareto_grad_dot_before": -0.033228559768758714, "pareto_primary_grad_norm": 0.6237756341695786, "pareto_projected_tke_grad_norm": 0.42181979715824125, "pareto_tke_grad_norm": 0.43000161051750185, "point_rel": 0.07665242683142423, "primary_loss": 0.11110363602638244, "residual_mse": 0.0001330567058175802, "temporal_rel": 0.8960227519273758, "tke_rel": 0.4493834421038628}
TRAIN {"angle_aug_abs_deg": 0.0, "aoa_effective_shift_abs_deg_mean": 0.0, "aoa_meanfield_aug_fraction": 0.0, "aoa_meanfield_lambda_mean": 0.0, "delta_penalty": 3.700835986819584e-05, "energy_loss": 0.05450777541846037, "grad_rel": 0.4928934171795845, "iteration": 3580, "loss": 0.16299493089318276, "lr": 0.00015920131787992256, "mse": 0.0001128347192207002, "p_zero": 0.0, "pareto_conflict": 0.65, "pareto_grad_cosine_before": -0.13567592250183225, "pareto_grad_dot_after": 0.011409231245306729, "pareto_grad_dot_before": -0.02771668347995728, "pareto_primary_grad_norm": 0.6298717081546783, "pareto_projected_tke_grad_norm": 0.4651946797966957, "pareto_tke_grad_norm": 0.48148472905158995, "point_rel": 0.07414633333683014, "primary_loss": 0.10848715715110302, "residual_mse": 0.0001128347214034875, "temporal_rel": 0.8970943629741669, "tke_rel": 0.4542314738035202}
TRAIN {"angle_aug_abs_deg": 0.0, "aoa_effective_shift_abs_deg_mean": 0.0, "aoa_meanfield_aug_fraction": 0.0, "aoa_meanfield_lambda_mean": 0.0, "delta_penalty": 4.169906760580489e-05, "energy_loss": 0.05598493069410324, "grad_rel": 0.4965321943163872, "iteration": 3600, "loss": 0.16621760949492453, "lr": 0.0001587785252292479, "mse": 0.00013166357603040525, "p_zero": 0.0, "pareto_conflict": 0.9, "pareto_grad_cosine_before": -0.14635033239610493, "pareto_grad_dot_after": 0.009148920696497953, "pareto_grad_dot_before": -0.036393593554385005, "pareto_primary_grad_norm": 0.6371101096272469, "pareto_projected_tke_grad_norm": 0.4439932331442833, "pareto_tke_grad_norm": 0.4590583026409149, "point_rel": 0.07580621279776097, "primary_loss": 0.11023267842829228, "residual_mse": 0.00013166357603040525, "temporal_rel": 0.8979384452104568, "tke_rel": 0.46654110252857206}
TRAIN {"angle_aug_abs_deg": 0.0, "aoa_effective_shift_abs_deg_mean": 0.0, "aoa_meanfield_aug_fraction": 0.0, "aoa_meanfield_lambda_mean": 0.0, "delta_penalty": 4.0967932909552475e-05, "energy_loss": 0.05515057574957609, "grad_rel": 0.4967738002538681, "iteration": 3620, "loss": 0.16625267043709754, "lr": 0.00015835412113561226, "mse": 0.00012404278859321494, "p_zero": 0.0, "pareto_conflict": 0.85, "pareto_grad_cosine_before": -0.19762398824095725, "pareto_grad_dot_after": 0.004461271085392582, "pareto_grad_dot_before": -0.05103009482845664, "pareto_primary_grad_norm": 0.8120388522744179, "pareto_projected_tke_grad_norm": 0.42601346522569655, "pareto_tke_grad_norm": 0.4420574754476547, "point_rel": 0.0766978519037366, "primary_loss": 0.11110209301114082, "residual_mse": 0.00012404278968460857, "temporal_rel": 0.8971534878015518, "tke_rel": 0.4595881402492523}
TRAIN {"angle_aug_abs_deg": 0.0, "aoa_effective_shift_abs_deg_mean": 0.0, "aoa_meanfield_aug_fraction": 0.0, "aoa_meanfield_lambda_mean": 0.0, "delta_penalty": 3.806248778346344e-05, "energy_loss": 0.05463760700076818, "grad_rel": 0.49681427478790285, "iteration": 3640, "loss": 0.1648156575858593, "lr": 0.00015792811723426832, "mse": 0.00011783930985984626, "p_zero": 0.0, "pareto_conflict": 0.75, "pareto_grad_cosine_before": -0.14068367586005479, "pareto_grad_dot_after": 0.00430335996861686, "pareto_grad_dot_before": -0.039419556234497576, "pareto_primary_grad_norm": 0.8360674068331718, "pareto_projected_tke_grad_norm": 0.4360725775361061, "pareto_tke_grad_norm": 0.4459542378783226, "point_rel": 0.07579881660640239, "primary_loss": 0.11017805077135563, "residual_mse": 0.00011783930913225049, "temporal_rel": 0.8963636636734009, "tke_rel": 0.4553134024143219}
TRAIN {"angle_aug_abs_deg": 0.0, "aoa_effective_shift_abs_deg_mean": 0.0, "aoa_meanfield_aug_fraction": 0.0, "aoa_meanfield_lambda_mean": 0.0, "delta_penalty": 4.4685083776130344e-05, "energy_loss": 0.054896484687924386, "grad_rel": 0.5098810747265816, "iteration": 3660, "loss": 0.17000214233994485, "lr": 0.0001575005252043283, "mse": 0.00015109367122931872, "p_zero": 0.0, "pareto_conflict": 0.65, "pareto_grad_cosine_before": -0.058302168815862386, "pareto_grad_dot_after": 0.011174646075596683, "pareto_grad_dot_before": -0.012976451964641455, "pareto_primary_grad_norm": 0.8026690244674682, "pareto_projected_tke_grad_norm": 0.4024768456816673, "pareto_tke_grad_norm": 0.4078763097524643, "point_rel": 0.08063426092267037, "primary_loss": 0.11510565541684628, "residual_mse": 0.00015109367413970176, "temporal_rel": 0.8925652831792832, "tke_rel": 0.4574707165360451}
TRAIN {"angle_aug_abs_deg": 0.0, "aoa_effective_shift_abs_deg_mean": 0.0, "aoa_meanfield_aug_fraction": 0.0, "aoa_meanfield_lambda_mean": 0.0, "delta_penalty": 4.237509056110866e-05, "energy_loss": 0.05692419726401567, "grad_rel": 0.5092054769396782, "iteration": 3680, "loss": 0.1722708262503147, "lr": 0.00015707135676844362, "mse": 0.00014043038918316598, "p_zero": 0.0, "pareto_conflict": 0.95, "pareto_grad_cosine_before": -0.20391853908076882, "pareto_grad_dot_after": 0.002809085614717333, "pareto_grad_dot_before": -0.05701037376420572, "pareto_primary_grad_norm": 0.7458135887980462, "pareto_projected_tke_grad_norm": 0.42913808226585387, "pareto_tke_grad_norm": 0.44614494442939756, "point_rel": 0.08053468093276024, "primary_loss": 0.11534662768244744, "residual_mse": 0.00014043039136595324, "temporal_rel": 0.9043629825115204, "tke_rel": 0.47436832040548327}
TRAIN {"angle_aug_abs_deg": 0.0, "aoa_effective_shift_abs_deg_mean": 0.0, "aoa_meanfield_aug_fraction": 0.0, "aoa_meanfield_lambda_mean": 0.0, "delta_penalty": 4.1662209241621895e-05, "energy_loss": 0.054983030445873736, "grad_rel": 0.49403125792741776, "iteration": 3700, "loss": 0.16561055779457093, "lr": 0.00015664062369248374, "mse": 0.0001305864823734737, "p_zero": 0.0, "pareto_conflict": 0.8, "pareto_grad_cosine_before": -0.09398173190420493, "pareto_grad_dot_after": 0.005762647516894504, "pareto_grad_dot_before": -0.03521849832322914, "pareto_primary_grad_norm": 0.7190402761101723, "pareto_projected_tke_grad_norm": 0.4537713646888733, "pareto_tke_grad_norm": 0.4619519576430321, "point_rel": 0.07609727121889591, "primary_loss": 0.11062752567231655, "residual_mse": 0.00013058648346486734, "temporal_rel": 0.9026592522859573, "tke_rel": 0.4581919327378273}
TRAIN {"angle_aug_abs_deg": 0.0, "aoa_effective_shift_abs_deg_mean": 0.0, "aoa_meanfield_aug_fraction": 0.0, "aoa_meanfield_lambda_mean": 0.0, "delta_penalty": 4.3549044130486435e-05, "energy_loss": 0.054824682883918285, "grad_rel": 0.4991002187132835, "iteration": 3720, "loss": 0.1679749920964241, "lr": 0.00015620833778521356, "mse": 0.00014830994350631955, "p_zero": 0.0, "pareto_conflict": 0.8, "pareto_grad_cosine_before": -0.15200924705713986, "pareto_grad_dot_after": 0.0023611683506032932, "pareto_grad_dot_before": -0.03954607450868934, "pareto_primary_grad_norm": 0.7023481518030167, "pareto_projected_tke_grad_norm": 0.45205308198928834, "pareto_tke_grad_norm": 0.46470475047826765, "point_rel": 0.07877786736935377, "primary_loss": 0.11315030865371227, "residual_mse": 0.00014830994532530895, "temporal_rel": 0.8946858316659927, "tke_rel": 0.45687236785888674}
TRAIN {"angle_aug_abs_deg": 0.0, "aoa_effective_shift_abs_deg_mean": 0.0, "aoa_meanfield_aug_fraction": 0.0, "aoa_meanfield_lambda_mean": 0.0, "delta_penalty": 4.5199516171123834e-05, "energy_loss": 0.054795611463487146, "grad_rel": 0.5114703848958015, "iteration": 3740, "loss": 0.17183636873960495, "lr": 0.00015577451089796948, "mse": 0.00015502187161473558, "p_zero": 0.0, "pareto_conflict": 0.85, "pareto_grad_cosine_before": -0.17820080127567053, "pareto_grad_dot_after": 0.006663518325808582, "pareto_grad_dot_before": -0.04470059154555202, "pareto_primary_grad_norm": 0.621387243270874, "pareto_projected_tke_grad_norm": 0.42569482028484346, "pareto_tke_grad_norm": 0.4377157062292099, "point_rel": 0.08243723213672638, "primary_loss": 0.11704075671732425, "residual_mse": 0.00015502187015954406, "temporal_rel": 0.8961353063583374, "tke_rel": 0.45663010478019717}
TRAIN {"angle_aug_abs_deg": 0.0, "aoa_effective_shift_abs_deg_mean": 0.0, "aoa_meanfield_aug_fraction": 0.0, "aoa_meanfield_lambda_mean": 0.0, "delta_penalty": 4.053456696055946e-05, "energy_loss": 0.05467492584139109, "grad_rel": 0.5026267185807228, "iteration": 3760, "loss": 0.16687375605106353, "lr": 0.00015533915492433486, "mse": 0.00012570026465255068, "p_zero": 0.0, "pareto_conflict": 0.85, "pareto_grad_cosine_before": -0.18077831100672484, "pareto_grad_dot_after": 0.00641593759346506, "pareto_grad_dot_before": -0.053676530322991314, "pareto_primary_grad_norm": 0.9562227964401245, "pareto_projected_tke_grad_norm": 0.4279731914401054, "pareto_tke_grad_norm": 0.4434865266084671, "point_rel": 0.07770018093287945, "primary_loss": 0.112198830768466, "residual_mse": 0.00012570026538014645, "temporal_rel": 0.8973576098680496, "tke_rel": 0.4556243970990181}
TRAIN {"angle_aug_abs_deg": 0.0, "aoa_effective_shift_abs_deg_mean": 0.0, "aoa_meanfield_aug_fraction": 0.0, "aoa_meanfield_lambda_mean": 0.0, "delta_penalty": 4.2024537924589823e-05, "energy_loss": 0.05458215530961752, "grad_rel": 0.496693941950798, "iteration": 3780, "loss": 0.1647077463567257, "lr": 0.00015490228179981363, "mse": 0.00012710094142676098, "p_zero": 0.0, "pareto_conflict": 0.8, "pareto_grad_cosine_before": -0.15078885378316045, "pareto_grad_dot_after": 0.016689024847892142, "pareto_grad_dot_before": -0.05088207754306495, "pareto_primary_grad_norm": 0.940303173661232, "pareto_projected_tke_grad_norm": 0.47050372660160067, "pareto_tke_grad_norm": 0.49265127927064895, "point_rel": 0.07570234574377536, "primary_loss": 0.11012559123337269, "residual_mse": 0.00012710094215435675, "temporal_rel": 0.8977955758571625, "tke_rel": 0.4548513054847717}
TRAIN {"angle_aug_abs_deg": 0.0, "aoa_effective_shift_abs_deg_mean": 0.0, "aoa_meanfield_aug_fraction": 0.0, "aoa_meanfield_lambda_mean": 0.0, "delta_penalty": 3.9190519237308764e-05, "energy_loss": 0.05531469620764255, "grad_rel": 0.4938009187579155, "iteration": 3800, "loss": 0.1654198534786701, "lr": 0.0001544639035015032, "mse": 0.00012109072449675295, "p_zero": 0.0, "pareto_conflict": 0.75, "pareto_grad_cosine_before": -0.1348227633163333, "pareto_grad_dot_after": 0.007699847058756859, "pareto_grad_dot_before": -0.033546457346528766, "pareto_primary_grad_norm": 0.6221911534667015, "pareto_projected_tke_grad_norm": 0.4379253789782524, "pareto_tke_grad_norm": 0.4518191233277321, "point_rel": 0.07577353939414025, "primary_loss": 0.11010515727102757, "residual_mse": 0.00012109072431485402, "temporal_rel": 0.8962497621774673, "tke_rel": 0.46095580905675887}
TRAIN {"angle_aug_abs_deg": 0.0, "aoa_effective_shift_abs_deg_mean": 0.0, "aoa_meanfield_aug_fraction": 0.0, "aoa_meanfield_lambda_mean": 0.0, "delta_penalty": 3.963704884881736e-05, "energy_loss": 0.056000737100839616, "grad_rel": 0.49662195444107055, "iteration": 3820, "loss": 0.16548878848552703, "lr": 0.00015402403204776603, "mse": 0.00011834925117000239, "p_zero": 0.0, "pareto_conflict": 0.8, "pareto_grad_cosine_before": -0.13083288399502635, "pareto_grad_dot_after": 0.004727539462328423, "pareto_grad_dot_before": -0.037067470117472114, "pareto_primary_grad_norm": 0.7040776059031486, "pareto_projected_tke_grad_norm": 0.4506130859255791, "pareto_tke_grad_norm": 0.46098055243492125, "point_rel": 0.07503796238452196, "primary_loss": 0.10948805063962937, "residual_mse": 0.00011834925153380027, "temporal_rel": 0.8988153576850891, "tke_rel": 0.4666728213429451}
TRAIN {"angle_aug_abs_deg": 0.0, "aoa_effective_shift_abs_deg_mean": 0.0, "aoa_meanfield_aug_fraction": 0.0, "aoa_meanfield_lambda_mean": 0.0, "delta_penalty": 4.2306299746996956e-05, "energy_loss": 0.05526513960212469, "grad_rel": 0.5022313266992569, "iteration": 3840, "loss": 0.1684706263244152, "lr": 0.00015358267949790026, "mse": 0.00013791976434731623, "p_zero": 0.0, "pareto_conflict": 0.75, "pareto_grad_cosine_before": -0.11705109160393476, "pareto_grad_dot_after": 0.006128920549963368, "pareto_grad_dot_before": -0.03442971771582961, "pareto_primary_grad_norm": 0.7086429134011268, "pareto_projected_tke_grad_norm": 0.4100077927112579, "pareto_tke_grad_norm": 0.4175872698426247, "point_rel": 0.07891863957047462, "primary_loss": 0.11320548728108407, "residual_mse": 0.00013791976361972048, "temporal_rel": 0.8903719156980514, "tke_rel": 0.46054284274578094}
TRAIN {"angle_aug_abs_deg": 0.0, "aoa_effective_shift_abs_deg_mean": 0.0, "aoa_meanfield_aug_fraction": 0.0, "aoa_meanfield_lambda_mean": 0.0, "delta_penalty": 4.775364895976963e-05, "energy_loss": 0.05576187670230866, "grad_rel": 0.5034824594855308, "iteration": 3860, "loss": 0.17098778933286668, "lr": 0.00015313985795180888, "mse": 0.00016260479751508682, "p_zero": 0.0, "pareto_conflict": 0.8, "pareto_grad_cosine_before": -0.11628938438370824, "pareto_grad_dot_after": 0.003943450958831818, "pareto_grad_dot_before": -0.03503794858697802, "pareto_primary_grad_norm": 0.7744286194443702, "pareto_projected_tke_grad_norm": 0.4327209278941154, "pareto_tke_grad_norm": 0.44050767719745637, "point_rel": 0.08046433180570603, "primary_loss": 0.11522591263055801, "residual_mse": 0.00016260479897027834, "temporal_rel": 0.9053203105926514, "tke_rel": 0.4646823152899742}
TRAIN {"angle_aug_abs_deg": 0.0, "aoa_effective_shift_abs_deg_mean": 0.0, "aoa_meanfield_aug_fraction": 0.0, "aoa_meanfield_lambda_mean": 0.0, "delta_penalty": 4.19512830376334e-05, "energy_loss": 0.05542940534651279, "grad_rel": 0.4896943002939224, "iteration": 3880, "loss": 0.16415337473154068, "lr": 0.00015269557954966837, "mse": 0.00013689278293895767, "p_zero": 0.0, "pareto_conflict": 0.85, "pareto_grad_cosine_before": -0.18123084425460548, "pareto_grad_dot_after": 0.005008825560298647, "pareto_grad_dot_before": -0.044529870070982726, "pareto_primary_grad_norm": 0.6560829192399978, "pareto_projected_tke_grad_norm": 0.43021405041217803, "pareto_tke_grad_norm": 0.44717333316802976, "point_rel": 0.07449273541569709, "primary_loss": 0.10872396901249885, "residual_mse": 0.00013689278184756404, "temporal_rel": 0.894797095656395, "tke_rel": 0.46191172301769257}
TRAIN {"angle_aug_abs_deg": 0.0, "aoa_effective_shift_abs_deg_mean": 0.0, "aoa_meanfield_aug_fraction": 0.0, "aoa_meanfield_lambda_mean": 0.0, "delta_penalty": 4.4198797513672614e-05, "energy_loss": 0.05421029645949602, "grad_rel": 0.5042302891612053, "iteration": 3900, "loss": 0.1673213817179203, "lr": 0.00015224985647159544, "mse": 0.00014672643410449382, "p_zero": 0.0, "pareto_conflict": 0.8, "pareto_grad_cosine_before": -0.17077134046703576, "pareto_grad_dot_after": 0.005878679075226501, "pareto_grad_dot_before": -0.04178865987341851, "pareto_primary_grad_norm": 0.686499485373497, "pareto_projected_tke_grad_norm": 0.4055355578660965, "pareto_tke_grad_norm": 0.41832012832164767, "point_rel": 0.07866510413587094, "primary_loss": 0.1131110854446888, "residual_mse": 0.00014672643410449382, "temporal_rel": 0.8945875287055969, "tke_rel": 0.45175248235464094}
TRAIN {"angle_aug_abs_deg": 0.0, "aoa_effective_shift_abs_deg_mean": 0.0, "aoa_meanfield_aug_fraction": 0.0, "aoa_meanfield_lambda_mean": 0.0, "delta_penalty": 4.081976430825307e-05, "energy_loss": 0.05395906455814838, "grad_rel": 0.48772102743387225, "iteration": 3920, "loss": 0.16343543231487273, "lr": 0.00015180270093731354, "mse": 0.0001228490255016368, "p_zero": 0.0, "pareto_conflict": 0.9, "pareto_grad_cosine_before": -0.09968201955780387, "pareto_grad_dot_after": 0.011593821288897743, "pareto_grad_dot_before": -0.023503763321787118, "pareto_primary_grad_norm": 0.8668368130922317, "pareto_projected_tke_grad_norm": 0.45689257979393005, "pareto_tke_grad_norm": 0.4620627373456955, "point_rel": 0.07528251614421606, "primary_loss": 0.10947636887431145, "residual_mse": 0.0001228490264111315, "temporal_rel": 0.8946789473295211, "tke_rel": 0.44965888261795045}
TRAIN {"angle_aug_abs_deg": 0.0, "aoa_effective_shift_abs_deg_mean": 0.0, "aoa_meanfield_aug_fraction": 0.0, "aoa_meanfield_lambda_mean": 0.0, "delta_penalty": 3.9360586197290107e-05, "energy_loss": 0.05324381329119206, "grad_rel": 0.48788484185934067, "iteration": 3940, "loss": 0.15984460487961769, "lr": 0.00015135412520581756, "mse": 0.00011424886624809006, "p_zero": 0.0, "pareto_conflict": 0.8, "pareto_grad_cosine_before": -0.159256534720771, "pareto_grad_dot_after": 0.0049483049661830595, "pareto_grad_dot_before": -0.04766376498155296, "pareto_primary_grad_norm": 0.8266294077038765, "pareto_projected_tke_grad_norm": 0.432058085501194, "pareto_tke_grad_norm": 0.4463653489947319, "point_rel": 0.07222189456224441, "primary_loss": 0.10660079270601272, "residual_mse": 0.00011424886697568582, "temporal_rel": 0.9008520513772964, "tke_rel": 0.44369845390319823}
TRAIN {"angle_aug_abs_deg": 0.0, "aoa_effective_shift_abs_deg_mean": 0.0, "aoa_meanfield_aug_fraction": 0.0, "aoa_meanfield_lambda_mean": 0.0, "delta_penalty": 4.288809996069176e-05, "energy_loss": 0.05475535746663809, "grad_rel": 0.5017850235104561, "iteration": 3960, "loss": 0.16756696179509162, "lr": 0.00015090414157503765, "mse": 0.00014200401383277495, "p_zero": 0.0, "pareto_conflict": 0.9, "pareto_grad_cosine_before": -0.19058768544346094, "pareto_grad_dot_after": 0.0015986556303687395, "pareto_grad_dot_before": -0.05411967593245208, "pareto_primary_grad_norm": 0.7099406540393829, "pareto_projected_tke_grad_norm": 0.41371886134147645, "pareto_tke_grad_norm": 0.4259453803300858, "point_rel": 0.07827928736805916, "primary_loss": 0.11281160451471806, "residual_mse": 0.0001420040127413813, "temporal_rel": 0.8987361580133438, "tke_rel": 0.45629465728998186}
TRAIN {"angle_aug_abs_deg": 0.0, "aoa_effective_shift_abs_deg_mean": 0.0, "aoa_meanfield_aug_fraction": 0.0, "aoa_meanfield_lambda_mean": 0.0, "delta_penalty": 3.927976749764639e-05, "energy_loss": 0.05386261437088251, "grad_rel": 0.4990436390042305, "iteration": 3980, "loss": 0.1641261711716652, "lr": 0.00015045276238150244, "mse": 0.00012672402335738296, "p_zero": 0.0, "pareto_conflict": 0.8, "pareto_grad_cosine_before": -0.11650241389870644, "pareto_grad_dot_after": 0.010777687202698871, "pareto_grad_dot_before": -0.0438227922655642, "pareto_primary_grad_norm": 0.9922764644026756, "pareto_projected_tke_grad_norm": 0.43228148072957995, "pareto_tke_grad_norm": 0.44032054394483566, "point_rel": 0.07578563913702965, "primary_loss": 0.11026355549693108, "residual_mse": 0.00012672402226598933, "temporal_rel": 0.8984486490488053, "tke_rel": 0.4488551303744316}
TRAIN {"angle_aug_abs_deg": 0.0, "aoa_effective_shift_abs_deg_mean": 0.0, "aoa_meanfield_aug_fraction": 0.0, "aoa_meanfield_lambda_mean": 0.0, "delta_penalty": 3.967683742303052e-05, "energy_loss": 0.05518390033394098, "grad_rel": 0.49235178977251054, "iteration": 4000, "loss": 0.16439979821443557, "lr": 0.00015000000000000053, "mse": 0.00011926460811082507, "p_zero": 0.0, "pareto_conflict": 0.8, "pareto_grad_cosine_before": -0.11992344427853822, "pareto_grad_dot_after": 0.006908579788887437, "pareto_grad_dot_before": -0.032365568238310514, "pareto_primary_grad_norm": 0.8668219670653343, "pareto_projected_tke_grad_norm": 0.4544568911194801, "pareto_tke_grad_norm": 0.4617932602763176, "point_rel": 0.07486488148570061, "primary_loss": 0.10921589843928814, "residual_mse": 0.0001192646073832293, "temporal_rel": 0.897638925909996, "tke_rel": 0.45986585021018983}
EVAL_TOP {"alpha": 1.0, "best_bound_abs": 0.0075, "best_bound_rel": 0.0075, "best_bounds": [{"abs": 0.0075, "coverage": 0.8245233535766602, "final_est": 81.72077996962722, "rel": 0.0075, "sps_raw": 0.47795958614349365, "sps_score_linear": 47.79595861434937, "sps_score_used": 47.79595861434937}], "best_final_est": 81.72077996962722, "iteration": 4000, "mean_t_neural_s": 0.01762683533, "mvpe": 0.07358534839004278, "mvpe_score": 96.45129878800623, "n": 640, "rel_l2": 0.08301432318985462, "rel_l2_score": 96.01470223868986, "time_score": 86.54248999999716, "tke": 0.44500420838594434, "tke_score": 81.79945020709344}
TRAIN {"angle_aug_abs_deg": 0.0, "aoa_effective_shift_abs_deg_mean": 0.0, "aoa_meanfield_aug_fraction": 0.0, "aoa_meanfield_lambda_mean": 0.0, "delta_penalty": 4.3662575353664576e-05, "energy_loss": 0.0545494545251131, "grad_rel": 0.48950211703777313, "iteration": 4020, "loss": 0.16315447092056273, "lr": 0.00014954586684324124, "mse": 0.00012931324745295568, "p_zero": 0.0, "pareto_conflict": 0.8, "pareto_grad_cosine_before": -0.12556107682175935, "pareto_grad_dot_after": 0.015270852184494288, "pareto_grad_dot_before": -0.030076640599872917, "pareto_primary_grad_norm": 0.8241917237639427, "pareto_projected_tke_grad_norm": 0.4475960522890091, "pareto_tke_grad_norm": 0.4567978262901306, "point_rel": 0.07423443980515003, "primary_loss": 0.10860501602292061, "residual_mse": 0.00012931324527016842, "temporal_rel": 0.8996125876903533, "tke_rel": 0.454578797519207}
TRAIN {"angle_aug_abs_deg": 0.0, "aoa_effective_shift_abs_deg_mean": 0.0, "aoa_meanfield_aug_fraction": 0.0, "aoa_meanfield_lambda_mean": 0.0, "delta_penalty": 4.547628468571929e-05, "energy_loss": 0.05422784835100174, "grad_rel": 0.4997429445385933, "iteration": 4040, "loss": 0.16654596105217934, "lr": 0.00014909037536151452, "mse": 0.0001461092049794388, "p_zero": 0.0, "pareto_conflict": 0.85, "pareto_grad_cosine_before": -0.17997646627482028, "pareto_grad_dot_after": 0.002922576617220329, "pareto_grad_dot_before": -0.04412540112971328, "pareto_primary_grad_norm": 0.7881217211484909, "pareto_projected_tke_grad_norm": 0.4140318900346756, "pareto_tke_grad_norm": 0.42579508423805235, "point_rel": 0.07795918602496385, "primary_loss": 0.11231811307370662, "residual_mse": 0.00014610920534323667, "temporal_rel": 0.8939346641302108, "tke_rel": 0.4518987461924553}
TRAIN {"angle_aug_abs_deg": 0.0, "aoa_effective_shift_abs_deg_mean": 0.0, "aoa_meanfield_aug_fraction": 0.0, "aoa_meanfield_lambda_mean": 0.0, "delta_penalty": 4.0390638878307074e-05, "energy_loss": 0.05530187375843525, "grad_rel": 0.4943136051297188, "iteration": 4060, "loss": 0.1639476515352726, "lr": 0.0001486335380423495, "mse": 0.0001310985844611423, "p_zero": 0.0, "pareto_conflict": 0.7, "pareto_grad_cosine_before": -0.10287009552121162, "pareto_grad_dot_after": 0.010589022033855144, "pareto_grad_dot_before": -0.03403259795159101, "pareto_primary_grad_norm": 0.7842964857816697, "pareto_projected_tke_grad_norm": 0.4064726188778877, "pareto_tke_grad_norm": 0.4147386237978935, "point_rel": 0.0741436466574669, "primary_loss": 0.10864577740430832, "residual_mse": 0.00013109858336974868, "temporal_rel": 0.9015762895345688, "tke_rel": 0.46084895730018616}
TRAIN {"angle_aug_abs_deg": 0.0, "aoa_effective_shift_abs_deg_mean": 0.0, "aoa_meanfield_aug_fraction": 0.0, "aoa_meanfield_lambda_mean": 0.0, "delta_penalty": 3.993745376646984e-05, "energy_loss": 0.05547232460230589, "grad_rel": 0.4953904464840889, "iteration": 4080, "loss": 0.1658943697810173, "lr": 0.000148175367410172, "mse": 0.00012623366328625706, "p_zero": 0.0, "pareto_conflict": 0.9, "pareto_grad_cosine_before": -0.23734631675761192, "pareto_grad_dot_after": 0.003239356133144611, "pareto_grad_dot_before": -0.056465584045508874, "pareto_primary_grad_norm": 0.6420749738812447, "pareto_projected_tke_grad_norm": 0.4507430300116539, "pareto_tke_grad_norm": 0.47407238334417345, "point_rel": 0.07580701448023319, "primary_loss": 0.11042204536497593, "residual_mse": 0.00012623366365005495, "temporal_rel": 0.9048502057790756, "tke_rel": 0.46226938217878344}
TRAIN {"angle_aug_abs_deg": 0.0, "aoa_effective_shift_abs_deg_mean": 0.0, "aoa_meanfield_aug_fraction": 0.0, "aoa_meanfield_lambda_mean": 0.0, "delta_penalty": 3.695624609463266e-05, "energy_loss": 0.05367906019091606, "grad_rel": 0.4925109326839447, "iteration": 4100, "loss": 0.1628350794315338, "lr": 0.00014771587602596136, "mse": 0.00010286874357916531, "p_zero": 0.0, "pareto_conflict": 0.8, "pareto_grad_cosine_before": -0.1499060054309666, "pareto_grad_dot_after": 0.010505846597880009, "pareto_grad_dot_before": -0.04142434126697481, "pareto_primary_grad_norm": 0.7116945713758469, "pareto_projected_tke_grad_norm": 0.4438220366835594, "pareto_tke_grad_norm": 0.45800767093896866, "point_rel": 0.07465059403330088, "primary_loss": 0.10915601924061775, "residual_mse": 0.00010286874285156956, "temporal_rel": 0.9028721123933792, "tke_rel": 0.44732551127672193}
TRAIN {"angle_aug_abs_deg": 0.0, "aoa_effective_shift_abs_deg_mean": 0.0, "aoa_meanfield_aug_fraction": 0.0, "aoa_meanfield_lambda_mean": 0.0, "delta_penalty": 3.9055559136613736e-05, "energy_loss": 0.054397168941795825, "grad_rel": 0.4943285703659058, "iteration": 4120, "loss": 0.16444975808262824, "lr": 0.0001472550764869059, "mse": 0.00012070405391568783, "p_zero": 0.0, "pareto_conflict": 0.85, "pareto_grad_cosine_before": -0.17888233634876088, "pareto_grad_dot_after": 0.0036816575657212525, "pareto_grad_dot_before": -0.05376907777972519, "pareto_primary_grad_norm": 0.8399583682417869, "pareto_projected_tke_grad_norm": 0.430693094432354, "pareto_tke_grad_norm": 0.4479553624987602, "point_rel": 0.07549192532896995, "primary_loss": 0.110052590072155, "residual_mse": 0.00012070405427948572, "temporal_rel": 0.9036248624324799, "tke_rel": 0.45330975353717806}
TRAIN {"angle_aug_abs_deg": 0.0, "aoa_effective_shift_abs_deg_mean": 0.0, "aoa_meanfield_aug_fraction": 0.0, "aoa_meanfield_lambda_mean": 0.0, "delta_penalty": 3.836533905996475e-05, "energy_loss": 0.05430882722139359, "grad_rel": 0.48041069507598877, "iteration": 4140, "loss": 0.1604025699198246, "lr": 0.00014679298142605783, "mse": 0.00010971990850521252, "p_zero": 0.0, "pareto_conflict": 0.8, "pareto_grad_cosine_before": -0.14041811787174083, "pareto_grad_dot_after": 0.004256573281872988, "pareto_grad_dot_before": -0.04624627809971571, "pareto_primary_grad_norm": 0.7892780512571335, "pareto_projected_tke_grad_norm": 0.4474011451005936, "pareto_tke_grad_norm": 0.4576950013637543, "point_rel": 0.0720405263826251, "primary_loss": 0.10609374344348907, "residual_mse": 0.00010971990523103158, "temporal_rel": 0.8937791228294373, "tke_rel": 0.4525735706090927}
TRAIN {"angle_aug_abs_deg": 0.0, "aoa_effective_shift_abs_deg_mean": 0.0, "aoa_meanfield_aug_fraction": 0.0, "aoa_meanfield_lambda_mean": 0.0, "delta_penalty": 4.253005154168932e-05, "energy_loss": 0.054495918191969396, "grad_rel": 0.5017903462052345, "iteration": 4160, "loss": 0.16692970469594, "lr": 0.0001463296035119867, "mse": 0.00013419227852864423, "p_zero": 0.0, "pareto_conflict": 0.85, "pareto_grad_cosine_before": -0.22148295734077691, "pareto_grad_dot_after": 0.003846552587856422, "pareto_grad_dot_before": -0.04101037075743079, "pareto_primary_grad_norm": 0.5817553907632828, "pareto_projected_tke_grad_norm": 0.39400969445705414, "pareto_tke_grad_norm": 0.41045485734939574, "point_rel": 0.07804198320955039, "primary_loss": 0.11243378669023514, "residual_mse": 0.00013419227761914953, "temporal_rel": 0.8941280007362366, "tke_rel": 0.45413266122341156}
TRAIN {"angle_aug_abs_deg": 0.0, "aoa_effective_shift_abs_deg_mean": 0.0, "aoa_meanfield_aug_fraction": 0.0, "aoa_meanfield_lambda_mean": 0.0, "delta_penalty": 4.553492572085815e-05, "energy_loss": 0.05610739029943943, "grad_rel": 0.5113915622234344, "iteration": 4180, "loss": 0.17243643030524253, "lr": 0.00014586495544843196, "mse": 0.0001487393667048309, "p_zero": 0.0, "pareto_conflict": 0.9, "pareto_grad_cosine_before": -0.16280971804517322, "pareto_grad_dot_after": 0.00376722791525026, "pareto_grad_dot_before": -0.0453905378410127, "pareto_primary_grad_norm": 0.793096074461937, "pareto_projected_tke_grad_norm": 0.4359212100505829, "pareto_tke_grad_norm": 0.4521366283297539, "point_rel": 0.08184004463255405, "primary_loss": 0.11632903963327408, "residual_mse": 0.00014873936743242666, "temporal_rel": 0.8924196273088455, "tke_rel": 0.4675615966320038}
TRAIN {"angle_aug_abs_deg": 0.0, "aoa_effective_shift_abs_deg_mean": 0.0, "aoa_meanfield_aug_fraction": 0.0, "aoa_meanfield_lambda_mean": 0.0, "delta_penalty": 4.085205428054906e-05, "energy_loss": 0.053640566021204, "grad_rel": 0.4972334668040276, "iteration": 4200, "loss": 0.164519514888525, "lr": 0.0001453990499739551, "mse": 0.0001239076504134573, "p_zero": 0.0, "pareto_conflict": 0.8, "pareto_grad_cosine_before": -0.12377959825098514, "pareto_grad_dot_after": 0.005153624036393012, "pareto_grad_dot_before": -0.03545251148752868, "pareto_primary_grad_norm": 0.9005220130085945, "pareto_projected_tke_grad_norm": 0.3991939663887024, "pareto_tke_grad_norm": 0.40638065040111543, "point_rel": 0.07633985541760921, "primary_loss": 0.11087894961237907, "residual_mse": 0.00012390764968586154, "temporal_rel": 0.9014202266931534, "tke_rel": 0.44700472354888915}
TRAIN {"angle_aug_abs_deg": 0.0, "aoa_effective_shift_abs_deg_mean": 0.0, "aoa_meanfield_aug_fraction": 0.0, "aoa_meanfield_lambda_mean": 0.0, "delta_penalty": 4.334270624894998e-05, "energy_loss": 0.05312313847243786, "grad_rel": 0.4956106677651405, "iteration": 4220, "loss": 0.16363838762044908, "lr": 0.00014493189986159005, "mse": 0.00014154266355035361, "p_zero": 0.0, "pareto_conflict": 0.9, "pareto_grad_cosine_before": -0.20420251441537401, "pareto_grad_dot_after": 0.0013461730810377047, "pareto_grad_dot_before": -0.05182996173389256, "pareto_primary_grad_norm": 0.6959002643823624, "pareto_projected_tke_grad_norm": 0.4206572130322456, "pareto_tke_grad_norm": 0.4429615557193756, "point_rel": 0.07642710506916046, "primary_loss": 0.11051524840295315, "residual_mse": 0.00014154266355035361, "temporal_rel": 0.8870217800140381, "tke_rel": 0.44269282519817355}
TRAIN {"angle_aug_abs_deg": 0.0, "aoa_effective_shift_abs_deg_mean": 0.0, "aoa_meanfield_aug_fraction": 0.0, "aoa_meanfield_lambda_mean": 0.0, "delta_penalty": 4.2459022097318666e-05, "energy_loss": 0.05482308678328991, "grad_rel": 0.49887961745262144, "iteration": 4240, "loss": 0.16801938638091088, "lr": 0.00014446351791849306, "mse": 0.00013933100940448638, "p_zero": 0.0, "pareto_conflict": 0.7, "pareto_grad_cosine_before": -0.10961005627559643, "pareto_grad_dot_after": 0.006452203262051625, "pareto_grad_dot_before": -0.029442394698799036, "pareto_primary_grad_norm": 0.7702903017401695, "pareto_projected_tke_grad_norm": 0.4402059569954872, "pareto_tke_grad_norm": 0.4479027584195137, "point_rel": 0.07883669827133417, "primary_loss": 0.11319630183279514, "residual_mse": 0.00013933101013208216, "temporal_rel": 0.8944586962461472, "tke_rel": 0.4568590626120567}
TRAIN {"angle_aug_abs_deg": 0.0, "aoa_effective_shift_abs_deg_mean": 0.0, "aoa_meanfield_aug_fraction": 0.0, "aoa_meanfield_lambda_mean": 0.0, "delta_penalty": 4.2135094645345816e-05, "energy_loss": 0.055950275622308254, "grad_rel": 0.4957551807165146, "iteration": 4260, "loss": 0.16601592376828195, "lr": 0.0001439939169855918, "mse": 0.00013506348714145133, "p_zero": 0.0, "pareto_conflict": 0.95, "pareto_grad_cosine_before": -0.21136388524901123, "pareto_grad_dot_after": 0.003519170182062226, "pareto_grad_dot_before": -0.04849927635514177, "pareto_primary_grad_norm": 0.6565337002277374, "pareto_projected_tke_grad_norm": 0.41054068207740785, "pareto_tke_grad_norm": 0.4312020868062973, "point_rel": 0.07542510516941547, "primary_loss": 0.1100656472146511, "residual_mse": 0.00013506348823284499, "temporal_rel": 0.9054284781217575, "tke_rel": 0.4662523105740547}
TRAIN {"angle_aug_abs_deg": 0.0, "aoa_effective_shift_abs_deg_mean": 0.0, "aoa_meanfield_aug_fraction": 0.0, "aoa_meanfield_lambda_mean": 0.0, "delta_penalty": 3.742941680684453e-05, "energy_loss": 0.05747621934860945, "grad_rel": 0.4977694243192673, "iteration": 4280, "loss": 0.16727320477366447, "lr": 0.00014352310993723304, "mse": 0.00011775144539569738, "p_zero": 0.0, "pareto_conflict": 0.85, "pareto_grad_cosine_before": -0.1279566913144663, "pareto_grad_dot_after": 0.01460817867437072, "pareto_grad_dot_before": -0.041588129359297454, "pareto_primary_grad_norm": 0.9744009509682655, "pareto_projected_tke_grad_norm": 0.43206447511911394, "pareto_tke_grad_norm": 0.4415683373808861, "point_rel": 0.07505497746169568, "primary_loss": 0.10979698561131954, "residual_mse": 0.00011775144539569738, "temporal_rel": 0.9079798251390457, "tke_rel": 0.4789685055613518}
TRAIN {"angle_aug_abs_deg": 0.0, "aoa_effective_shift_abs_deg_mean": 0.0, "aoa_meanfield_aug_fraction": 0.0, "aoa_meanfield_lambda_mean": 0.0, "delta_penalty": 4.636851990653667e-05, "energy_loss": 0.054143563844263554, "grad_rel": 0.4959052219986916, "iteration": 4300, "loss": 0.1655663825571537, "lr": 0.00014305110968082987, "mse": 0.00015321707505790982, "p_zero": 0.0, "pareto_conflict": 0.8, "pareto_grad_cosine_before": -0.15298352316021918, "pareto_grad_dot_after": 0.005960843185494014, "pareto_grad_dot_before": -0.035152047569863495, "pareto_primary_grad_norm": 0.6554818361997604, "pareto_projected_tke_grad_norm": 0.43460059762001035, "pareto_tke_grad_norm": 0.44858239591121674, "point_rel": 0.077315578982234, "primary_loss": 0.11142282038927079, "residual_mse": 0.0001532170757855056, "temporal_rel": 0.8873923659324646, "tke_rel": 0.45119637697935105}
TRAIN {"angle_aug_abs_deg": 0.0, "aoa_effective_shift_abs_deg_mean": 0.0, "aoa_meanfield_aug_fraction": 0.0, "aoa_meanfield_lambda_mean": 0.0, "delta_penalty": 4.385204674690612e-05, "energy_loss": 0.05618222691118717, "grad_rel": 0.5052520737051964, "iteration": 4320, "loss": 0.17061096653342248, "lr": 0.00014257792915650763, "mse": 0.00015240662323776633, "p_zero": 0.0, "pareto_conflict": 0.85, "pareto_grad_cosine_before": -0.21187149877659978, "pareto_grad_dot_after": 0.0015872907075390684, "pareto_grad_dot_before": -0.04734407446812838, "pareto_primary_grad_norm": 0.5772784978151322, "pareto_projected_tke_grad_norm": 0.4076423406600952, "pareto_tke_grad_norm": 0.42438635379076006, "point_rel": 0.079698003269732, "primary_loss": 0.11442873850464821, "residual_mse": 0.00015240662469295785, "temporal_rel": 0.9035119414329529, "tke_rel": 0.46818523555994035}
TRAIN {"angle_aug_abs_deg": 0.0, "aoa_effective_shift_abs_deg_mean": 0.0, "aoa_meanfield_aug_fraction": 0.0, "aoa_meanfield_lambda_mean": 0.0, "delta_penalty": 4.045249443151988e-05, "energy_loss": 0.054595235735177994, "grad_rel": 0.49645457565784457, "iteration": 4340, "loss": 0.1630101189017296, "lr": 0.00014210358133674958, "mse": 0.00012191382538730977, "p_zero": 0.0, "pareto_conflict": 0.9, "pareto_grad_cosine_before": -0.2028924221172929, "pareto_grad_dot_after": 0.0021041996028998257, "pareto_grad_dot_before": -0.049571057828143236, "pareto_primary_grad_norm": 0.6094447642564773, "pareto_projected_tke_grad_norm": 0.4174139373004436, "pareto_tke_grad_norm": 0.4307579532265663, "point_rel": 0.07396910116076469, "primary_loss": 0.10841488465666771, "residual_mse": 0.00012191382538730977, "temporal_rel": 0.8987194389104843, "tke_rel": 0.4549603074789047}
TRAIN {"angle_aug_abs_deg": 0.0, "aoa_effective_shift_abs_deg_mean": 0.0, "aoa_meanfield_aug_fraction": 0.0, "aoa_meanfield_lambda_mean": 0.0, "delta_penalty": 4.3069270122941814e-05, "energy_loss": 0.054653555527329443, "grad_rel": 0.501599583029747, "iteration": 4360, "loss": 0.1662090040743351, "lr": 0.00014162807922604064, "mse": 0.00014714606750203528, "p_zero": 0.0, "pareto_conflict": 0.8, "pareto_grad_cosine_before": -0.17026786799542606, "pareto_grad_dot_after": 0.0018883459076278087, "pareto_grad_dot_before": -0.05140728894039057, "pareto_primary_grad_norm": 0.6088419899344444, "pareto_projected_tke_grad_norm": 0.4414021521806717, "pareto_tke_grad_norm": 0.45492625385522845, "point_rel": 0.07712862715125084, "primary_loss": 0.1115554504096508, "residual_mse": 0.00014714606859342894, "temporal_rel": 0.89526087641716, "tke_rel": 0.45544630736112596}
TRAIN {"angle_aug_abs_deg": 0.0, "aoa_effective_shift_abs_deg_mean": 0.0, "aoa_meanfield_aug_fraction": 0.0, "aoa_meanfield_lambda_mean": 0.0, "delta_penalty": 4.379186548248981e-05, "energy_loss": 0.05559966340661049, "grad_rel": 0.4874042674899101, "iteration": 4380, "loss": 0.16500963270664215, "lr": 0.00014115143586051142, "mse": 0.00013353392805584007, "p_zero": 0.0, "pareto_conflict": 0.85, "pareto_grad_cosine_before": -0.1628298981115222, "pareto_grad_dot_after": 0.011480288958136953, "pareto_grad_dot_before": -0.035686186607927085, "pareto_primary_grad_norm": 0.599046291410923, "pareto_projected_tke_grad_norm": 0.4338842794299126, "pareto_tke_grad_norm": 0.45051123946905136, "point_rel": 0.0753204382956028, "primary_loss": 0.10940996930003166, "residual_mse": 0.0001335339276920422, "temporal_rel": 0.8912510126829147, "tke_rel": 0.46333053410053254}
TRAIN {"angle_aug_abs_deg": 0.0, "aoa_effective_shift_abs_deg_mean": 0.0, "aoa_meanfield_aug_fraction": 0.0, "aoa_meanfield_lambda_mean": 0.0, "delta_penalty": 4.2099604070244825e-05, "energy_loss": 0.05381734278053045, "grad_rel": 0.5007043138146401, "iteration": 4400, "loss": 0.16394246146082878, "lr": 0.0001406736643075805, "mse": 0.0001393850902786653, "p_zero": 0.0, "pareto_conflict": 0.9, "pareto_grad_cosine_before": -0.18217537514865398, "pareto_grad_dot_after": 0.0009902174408125575, "pareto_grad_dot_before": -0.041893092123791574, "pareto_primary_grad_norm": 0.5624495834112168, "pareto_projected_tke_grad_norm": 0.3973895326256752, "pareto_tke_grad_norm": 0.40798128098249437, "point_rel": 0.07569626793265342, "primary_loss": 0.11012511923909188, "residual_mse": 0.00013938509173385682, "temporal_rel": 0.8958542674779892, "tke_rel": 0.4484778642654419}
TRAIN {"angle_aug_abs_deg": 0.0, "aoa_effective_shift_abs_deg_mean": 0.0, "aoa_meanfield_aug_fraction": 0.0, "aoa_meanfield_lambda_mean": 0.0, "delta_penalty": 3.8741560820199085e-05, "energy_loss": 0.055157102271914484, "grad_rel": 0.49912346005439756, "iteration": 4420, "loss": 0.16643018871545792, "lr": 0.0001401947776655965, "mse": 0.0001249125325557543, "p_zero": 0.0, "pareto_conflict": 0.85, "pareto_grad_cosine_before": -0.18787537151947617, "pareto_grad_dot_after": 0.003234454145604104, "pareto_grad_dot_before": -0.04802255745744333, "pareto_primary_grad_norm": 0.5636496230959892, "pareto_projected_tke_grad_norm": 0.42783522605895996, "pareto_tke_grad_norm": 0.4429460451006889, "point_rel": 0.07698986548930406, "primary_loss": 0.11127308495342732, "residual_mse": 0.0001249125325557543, "temporal_rel": 0.8919373214244842, "tke_rel": 0.45964252948760986}
TRAIN {"angle_aug_abs_deg": 0.0, "aoa_effective_shift_abs_deg_mean": 0.0, "aoa_meanfield_aug_fraction": 0.0, "aoa_meanfield_lambda_mean": 0.0, "delta_penalty": 4.352968780949595e-05, "energy_loss": 0.054256627708673476, "grad_rel": 0.5021807551383972, "iteration": 4440, "loss": 0.16785646304488183, "lr": 0.00013971478906347852, "mse": 0.00013656853197971942, "p_zero": 0.0, "pareto_conflict": 0.85, "pareto_grad_cosine_before": -0.15971625121310354, "pareto_grad_dot_after": 0.0023555000013402603, "pareto_grad_dot_before": -0.03922542383661494, "pareto_primary_grad_norm": 0.6830181553959846, "pareto_projected_tke_grad_norm": 0.42583650201559065, "pareto_tke_grad_norm": 0.43715061992406845, "point_rel": 0.0789967816323042, "primary_loss": 0.11359983421862126, "residual_mse": 0.00013656853088832576, "temporal_rel": 0.9009499996900558, "tke_rel": 0.4521385759115219}
TRAIN {"angle_aug_abs_deg": 0.0, "aoa_effective_shift_abs_deg_mean": 0.0, "aoa_meanfield_aug_fraction": 0.0, "aoa_meanfield_lambda_mean": 0.0, "delta_penalty": 4.6375440160773e-05, "energy_loss": 0.05422964114695787, "grad_rel": 0.4890625327825546, "iteration": 4460, "loss": 0.16408661603927613, "lr": 0.0001392337116603567, "mse": 0.0001523278042441234, "p_zero": 0.0, "pareto_conflict": 0.7, "pareto_grad_cosine_before": -0.15176512985490262, "pareto_grad_dot_after": 0.00970257855624368, "pareto_grad_dot_before": -0.036531067872419956, "pareto_primary_grad_norm": 0.8205917552113533, "pareto_projected_tke_grad_norm": 0.42083805352449416, "pareto_tke_grad_norm": 0.4369679272174835, "point_rel": 0.07561727650463582, "primary_loss": 0.10985697619616985, "residual_mse": 0.00015232780569931492, "temporal_rel": 0.8952378779649734, "tke_rel": 0.45191368609666827}
TRAIN {"angle_aug_abs_deg": 0.0, "aoa_effective_shift_abs_deg_mean": 0.0, "aoa_meanfield_aug_fraction": 0.0, "aoa_meanfield_lambda_mean": 0.0, "delta_penalty": 3.855773838949972e-05, "energy_loss": 0.05401958078145981, "grad_rel": 0.4965710461139679, "iteration": 4480, "loss": 0.16396545693278314, "lr": 0.00013875155864521096, "mse": 0.0001192488680317183, "p_zero": 0.0, "pareto_conflict": 0.95, "pareto_grad_cosine_before": -0.20408558966591955, "pareto_grad_dot_after": 5.731170112994732e-05, "pareto_grad_dot_before": -0.05874490952701308, "pareto_primary_grad_norm": 0.6587083384394645, "pareto_projected_tke_grad_norm": 0.4403841972351074, "pareto_tke_grad_norm": 0.45476272255182265, "point_rel": 0.07573013715445995, "primary_loss": 0.10994587577879429, "residual_mse": 0.0001192488671222236, "temporal_rel": 0.8910209566354752, "tke_rel": 0.4501631841063499}
TRAIN {"angle_aug_abs_deg": 0.0, "aoa_effective_shift_abs_deg_mean": 0.0, "aoa_meanfield_aug_fraction": 0.0, "aoa_meanfield_lambda_mean": 0.0, "delta_penalty": 4.872054405495874e-05, "energy_loss": 0.055825311318039895, "grad_rel": 0.5101178407669067, "iteration": 4500, "loss": 0.1709476090967655, "lr": 0.00013826834323650962, "mse": 0.00016614630239928375, "p_zero": 0.0, "pareto_conflict": 0.95, "pareto_grad_cosine_before": -0.20535506277810783, "pareto_grad_dot_after": 0.0005644055517223023, "pareto_grad_dot_before": -0.04579551467904821, "pareto_primary_grad_norm": 0.573268435895443, "pareto_projected_tke_grad_norm": 0.42403472661972047, "pareto_tke_grad_norm": 0.4383052170276642, "point_rel": 0.08034756947308778, "primary_loss": 0.11512229777872562, "residual_mse": 0.00016614630167168797, "temporal_rel": 0.9024047195911408, "tke_rel": 0.46521093398332597}
TRAIN {"angle_aug_abs_deg": 0.0, "aoa_effective_shift_abs_deg_mean": 0.0, "aoa_meanfield_aug_fraction": 0.0, "aoa_meanfield_lambda_mean": 0.0, "delta_penalty": 4.1834718376776434e-05, "energy_loss": 0.0543216111138463, "grad_rel": 0.5027143657207489, "iteration": 4520, "loss": 0.16790780201554298, "lr": 0.00013778407868184737, "mse": 0.0001377309290546691, "p_zero": 0.0, "pareto_conflict": 0.8, "pareto_grad_cosine_before": -0.16066131428815425, "pareto_grad_dot_after": 0.005318627745555205, "pareto_grad_dot_before": -0.03939924754668027, "pareto_primary_grad_norm": 0.6978144600987435, "pareto_projected_tke_grad_norm": 0.4082502365112305, "pareto_tke_grad_norm": 0.4212781608104706, "point_rel": 0.07922233045101165, "primary_loss": 0.11358619071543216, "residual_mse": 0.00013773093160125428, "temporal_rel": 0.8926995664834976, "tke_rel": 0.45268010199069975}
TRAIN {"angle_aug_abs_deg": 0.0, "aoa_effective_shift_abs_deg_mean": 0.0, "aoa_meanfield_aug_fraction": 0.0, "aoa_meanfield_lambda_mean": 0.0, "delta_penalty": 4.327189426476252e-05, "energy_loss": 0.055289086699485776, "grad_rel": 0.50395427942276, "iteration": 4540, "loss": 0.1679993115365505, "lr": 0.00013729877825758153, "mse": 0.00014052284623176093, "p_zero": 0.0, "pareto_conflict": 0.9, "pareto_grad_cosine_before": -0.1842049369122833, "pareto_grad_dot_after": 0.0034588679500302533, "pareto_grad_dot_before": -0.050725050445180386, "pareto_primary_grad_norm": 0.6835908144712448, "pareto_projected_tke_grad_norm": 0.44531550258398056, "pareto_tke_grad_norm": 0.46020558327436445, "point_rel": 0.07806376479566098, "primary_loss": 0.11271022483706475, "residual_mse": 0.00014052284368517575, "temporal_rel": 0.9014708012342453, "tke_rel": 0.4607424020767212}
TRAIN {"angle_aug_abs_deg": 0.0, "aoa_effective_shift_abs_deg_mean": 0.0, "aoa_meanfield_aug_fraction": 0.0, "aoa_meanfield_lambda_mean": 0.0, "delta_penalty": 4.123425806028536e-05, "energy_loss": 0.05589819755405188, "grad_rel": 0.5033726334571839, "iteration": 4560, "loss": 0.1690836913883686, "lr": 0.0001368124552684685, "mse": 0.00014112533881416311, "p_zero": 0.0, "pareto_conflict": 0.75, "pareto_grad_cosine_before": -0.162416635081172, "pareto_grad_dot_after": 0.010064687894691815, "pareto_grad_dot_before": -0.039165387861430645, "pareto_primary_grad_norm": 0.6703965798020363, "pareto_projected_tke_grad_norm": 0.4363559499382973, "pareto_tke_grad_norm": 0.4523734122514725, "point_rel": 0.07854764237999916, "primary_loss": 0.11318549625575543, "residual_mse": 0.00014112533881416311, "temporal_rel": 0.9014700770378112, "tke_rel": 0.46581832468509676}
TRAIN {"angle_aug_abs_deg": 0.0, "aoa_effective_shift_abs_deg_mean": 0.0, "aoa_meanfield_aug_fraction": 0.0, "aoa_meanfield_lambda_mean": 0.0, "delta_penalty": 4.0300692944583716e-05, "energy_loss": 0.05449628066271543, "grad_rel": 0.4871867775917053, "iteration": 4580, "loss": 0.1633059114217758, "lr": 0.00013632512304729855, "mse": 0.00012213959071232238, "p_zero": 0.0, "pareto_conflict": 0.85, "pareto_grad_cosine_before": -0.17667328561656176, "pareto_grad_dot_after": 0.007033948203206819, "pareto_grad_dot_before": -0.04381573316641152, "pareto_primary_grad_norm": 0.7923226162791253, "pareto_projected_tke_grad_norm": 0.462179559469223, "pareto_tke_grad_norm": 0.4812114477157593, "point_rel": 0.0745503470301628, "primary_loss": 0.10880963020026684, "residual_mse": 0.00012213959107612026, "temporal_rel": 0.8971345096826553, "tke_rel": 0.45413568168878554}
TRAIN {"angle_aug_abs_deg": 0.0, "aoa_effective_shift_abs_deg_mean": 0.0, "aoa_meanfield_aug_fraction": 0.0, "aoa_meanfield_lambda_mean": 0.0, "delta_penalty": 4.043761955472291e-05, "energy_loss": 0.053885218501091, "grad_rel": 0.49258978515863416, "iteration": 4600, "loss": 0.16463084816932677, "lr": 0.00013583679495453077, "mse": 0.00012431316299625904, "p_zero": 0.0, "pareto_conflict": 0.85, "pareto_grad_cosine_before": -0.11800866284174845, "pareto_grad_dot_after": 0.015135838456262717, "pareto_grad_dot_before": -0.02982182803680189, "pareto_primary_grad_norm": 0.6773421317338943, "pareto_projected_tke_grad_norm": 0.4430154591798782, "pareto_tke_grad_norm": 0.45567981004714964, "point_rel": 0.07660342380404472, "primary_loss": 0.11074563078582286, "residual_mse": 0.00012431316336005693, "temporal_rel": 0.8905086010694504, "tke_rel": 0.4490435019135475}
TRAIN {"angle_aug_abs_deg": 0.0, "aoa_effective_shift_abs_deg_mean": 0.0, "aoa_meanfield_aug_fraction": 0.0, "aoa_meanfield_lambda_mean": 0.0, "delta_penalty": 4.2680167098296806e-05, "energy_loss": 0.05444471035152674, "grad_rel": 0.4963711738586426, "iteration": 4620, "loss": 0.16504561975598336, "lr": 0.0001353474843779264, "mse": 0.00013001794904994314, "p_zero": 0.0, "pareto_conflict": 0.8, "pareto_grad_cosine_before": -0.12397039209026843, "pareto_grad_dot_after": 0.0065725075402042425, "pareto_grad_dot_before": -0.033155242235807236, "pareto_primary_grad_norm": 0.7423103272914886, "pareto_projected_tke_grad_norm": 0.41043692380189895, "pareto_tke_grad_norm": 0.4248568475246429, "point_rel": 0.07616290226578712, "primary_loss": 0.11060090772807599, "residual_mse": 0.00013001794868614525, "temporal_rel": 0.8984193205833435, "tke_rel": 0.453705932199955}
TRAIN {"angle_aug_abs_deg": 0.0, "aoa_effective_shift_abs_deg_mean": 0.0, "aoa_meanfield_aug_fraction": 0.0, "aoa_meanfield_lambda_mean": 0.0, "delta_penalty": 4.245516574883368e-05, "energy_loss": 0.056334919296205044, "grad_rel": 0.5060236468911171, "iteration": 4640, "loss": 0.16884199529886246, "lr": 0.00013485720473218214, "mse": 0.00013130322495271684, "p_zero": 0.0, "pareto_conflict": 0.8, "pareto_grad_cosine_before": -0.2145706307142973, "pareto_grad_dot_after": 0.002766580545267061, "pareto_grad_dot_before": -0.052894750726409256, "pareto_primary_grad_norm": 0.8121275946497917, "pareto_projected_tke_grad_norm": 0.4231391787528992, "pareto_tke_grad_norm": 0.44335091561079026, "point_rel": 0.07767524681985379, "primary_loss": 0.11250707544386387, "residual_mse": 0.00013130322458891895, "temporal_rel": 0.9067077696323395, "tke_rel": 0.469457671046257}
TRAIN {"angle_aug_abs_deg": 0.0, "aoa_effective_shift_abs_deg_mean": 0.0, "aoa_meanfield_aug_fraction": 0.0, "aoa_meanfield_lambda_mean": 0.0, "delta_penalty": 4.075537053722655e-05, "energy_loss": 0.05402685645967722, "grad_rel": 0.48460227698087693, "iteration": 4660, "loss": 0.16270285248756408, "lr": 0.00013436596945856223, "mse": 0.00012466670250432799, "p_zero": 0.0, "pareto_conflict": 0.85, "pareto_grad_cosine_before": -0.16468899802712259, "pareto_grad_dot_after": 0.0015835857934689557, "pareto_grad_dot_before": -0.04570379597716965, "pareto_primary_grad_norm": 0.7616480499505996, "pareto_projected_tke_grad_norm": 0.4177013635635376, "pareto_tke_grad_norm": 0.4295093357563019, "point_rel": 0.07462620940059424, "primary_loss": 0.10867599695920944, "residual_mse": 0.00012466670250432799, "temporal_rel": 0.8914179593324661, "tke_rel": 0.4502238154411316}
TRAIN {"angle_aug_abs_deg": 0.0, "aoa_effective_shift_abs_deg_mean": 0.0, "aoa_meanfield_aug_fraction": 0.0, "aoa_meanfield_lambda_mean": 0.0, "delta_penalty": 4.181517915640143e-05, "energy_loss": 0.053538228198885915, "grad_rel": 0.49418621957302095, "iteration": 4680, "loss": 0.1625353954732418, "lr": 0.00013387379202452974, "mse": 0.00012667002774833236, "p_zero": 0.0, "pareto_conflict": 0.95, "pareto_grad_cosine_before": -0.19197688829153775, "pareto_grad_dot_after": 0.0003808743791523739, "pareto_grad_dot_before": -0.04537857424002141, "pareto_primary_grad_norm": 0.6282801136374474, "pareto_projected_tke_grad_norm": 0.4169164329767227, "pareto_tke_grad_norm": 0.43024962544441225, "point_rel": 0.07474802751094103, "primary_loss": 0.10899716764688491, "residual_mse": 0.000126670028839726, "temporal_rel": 0.893250334262848, "tke_rel": 0.4461519107222557}
TRAIN {"angle_aug_abs_deg": 0.0, "aoa_effective_shift_abs_deg_mean": 0.0, "aoa_meanfield_aug_fraction": 0.0, "aoa_meanfield_lambda_mean": 0.0, "delta_penalty": 4.555146224447526e-05, "energy_loss": 0.05504556074738502, "grad_rel": 0.49883944243192674, "iteration": 4700, "loss": 0.1683254599571228, "lr": 0.00013338068592337772, "mse": 0.0001500196747656446, "p_zero": 0.0, "pareto_conflict": 0.9, "pareto_grad_cosine_before": -0.19323953301645816, "pareto_grad_dot_after": 0.0007425553752909763, "pareto_grad_dot_before": -0.044716693740338084, "pareto_primary_grad_norm": 0.6716398656368255, "pareto_projected_tke_grad_norm": 0.41613828390836716, "pareto_tke_grad_norm": 0.4304996445775032, "point_rel": 0.07886196449398994, "primary_loss": 0.11327989883720875, "residual_mse": 0.00015001967512944246, "temporal_rel": 0.8963141649961471, "tke_rel": 0.4587130144238472}
TRAIN {"angle_aug_abs_deg": 0.0, "aoa_effective_shift_abs_deg_mean": 0.0, "aoa_meanfield_aug_fraction": 0.0, "aoa_meanfield_lambda_mean": 0.0, "delta_penalty": 4.3706192718673266e-05, "energy_loss": 0.053453577868640426, "grad_rel": 0.4964072436094284, "iteration": 4720, "loss": 0.16545889377593995, "lr": 0.00013288666467385892, "mse": 0.0001343273406746448, "p_zero": 0.0, "pareto_conflict": 0.65, "pareto_grad_cosine_before": -0.09568095388822258, "pareto_grad_dot_after": 0.010421823705564747, "pareto_grad_dot_before": -0.0366059398278594, "pareto_primary_grad_norm": 0.7144284620881081, "pareto_projected_tke_grad_norm": 0.4272464230656624, "pareto_tke_grad_norm": 0.438613785803318, "point_rel": 0.07766791004687548, "primary_loss": 0.11200531609356404, "residual_mse": 0.0001343273428574321, "temporal_rel": 0.8950041651725769, "tke_rel": 0.4454464912414551}
TRAIN {"angle_aug_abs_deg": 0.0, "aoa_effective_shift_abs_deg_mean": 0.0, "aoa_meanfield_aug_fraction": 0.0, "aoa_meanfield_lambda_mean": 0.0, "delta_penalty": 3.927771185772144e-05, "energy_loss": 0.05481061711907387, "grad_rel": 0.48849319368600846, "iteration": 4740, "loss": 0.1622706487774849, "lr": 0.00013239174181981552, "mse": 0.00011583188233998953, "p_zero": 0.0, "pareto_conflict": 0.75, "pareto_grad_cosine_before": -0.08627777998335659, "pareto_grad_dot_after": 0.014126907146874146, "pareto_grad_dot_before": -0.028512504941318184, "pareto_primary_grad_norm": 0.9161002457141876, "pareto_projected_tke_grad_norm": 0.4530960261821747, "pareto_tke_grad_norm": 0.46027265042066573, "point_rel": 0.07319815978407859, "primary_loss": 0.10746003054082394, "residual_mse": 0.00011583188088479802, "temporal_rel": 0.8966313540935517, "tke_rel": 0.4567551493644714}
TRAIN {"angle_aug_abs_deg": 0.0, "aoa_effective_shift_abs_deg_mean": 0.0, "aoa_meanfield_aug_fraction": 0.0, "aoa_meanfield_lambda_mean": 0.0, "delta_penalty": 4.2739849322970255e-05, "energy_loss": 0.05441276729106903, "grad_rel": 0.5026913851499557, "iteration": 4760, "loss": 0.1662620186805725, "lr": 0.00013189593092980756, "mse": 0.0001315610361416475, "p_zero": 0.0, "pareto_conflict": 0.8, "pareto_grad_cosine_before": -0.19823147514107403, "pareto_grad_dot_after": 0.002679322030689946, "pareto_grad_dot_before": -0.054076084699772764, "pareto_primary_grad_norm": 0.640600697696209, "pareto_projected_tke_grad_norm": 0.4444518193602562, "pareto_tke_grad_norm": 0.4637265563011169, "point_rel": 0.07736302204430104, "primary_loss": 0.11184925138950348, "residual_mse": 0.00013156103541405172, "temporal_rel": 0.8968511760234833, "tke_rel": 0.4534397393465042}
TRAIN {"angle_aug_abs_deg": 0.0, "aoa_effective_shift_abs_deg_mean": 0.0, "aoa_meanfield_aug_fraction": 0.0, "aoa_meanfield_lambda_mean": 0.0, "delta_penalty": 4.111200423722039e-05, "energy_loss": 0.054995077289640905, "grad_rel": 0.49096026122570036, "iteration": 4780, "loss": 0.1637984037399292, "lr": 0.00013139924559674108, "mse": 0.00012439213023753836, "p_zero": 0.0, "pareto_conflict": 0.7, "pareto_grad_cosine_before": -0.1119525769725442, "pareto_grad_dot_after": 0.011312415656902886, "pareto_grad_dot_before": -0.04019433992216363, "pareto_primary_grad_norm": 0.8058534681797027, "pareto_projected_tke_grad_norm": 0.4284748747944832, "pareto_tke_grad_norm": 0.4401553049683571, "point_rel": 0.07457025814801455, "primary_loss": 0.10880332551896572, "residual_mse": 0.00012439213060133625, "temporal_rel": 0.8943507581949234, "tke_rel": 0.45829232037067413}
TRAIN {"angle_aug_abs_deg": 0.0, "aoa_effective_shift_abs_deg_mean": 0.0, "aoa_meanfield_aug_fraction": 0.0, "aoa_meanfield_lambda_mean": 0.0, "delta_penalty": 4.496378878684482e-05, "energy_loss": 0.05548171233385801, "grad_rel": 0.5025668531656265, "iteration": 4800, "loss": 0.16713734194636345, "lr": 0.00013090169943749533, "mse": 0.00014981718832132173, "p_zero": 0.0, "pareto_conflict": 0.9, "pareto_grad_cosine_before": -0.15313289482146503, "pareto_grad_dot_after": 0.0017708356152070337, "pareto_grad_dot_before": -0.05016961230430752, "pareto_primary_grad_norm": 0.8285332947969437, "pareto_projected_tke_grad_norm": 0.4292514279484749, "pareto_tke_grad_norm": 0.43767714500427246, "point_rel": 0.076906568557024, "primary_loss": 0.11165562942624092, "residual_mse": 0.00014981718832132173, "temporal_rel": 0.9054905235767364, "tke_rel": 0.4623476147651672}
TRAIN {"angle_aug_abs_deg": 0.0, "aoa_effective_shift_abs_deg_mean": 0.0, "aoa_meanfield_aug_fraction": 0.0, "aoa_meanfield_lambda_mean": 0.0, "delta_penalty": 4.141214703849983e-05, "energy_loss": 0.05254192929714918, "grad_rel": 0.49669394791126253, "iteration": 4820, "loss": 0.163063907623291, "lr": 0.00013040330609254963, "mse": 0.000122007470963581, "p_zero": 0.0, "pareto_conflict": 0.9, "pareto_grad_cosine_before": -0.1903557825833559, "pareto_grad_dot_after": 0.004426360722027312, "pareto_grad_dot_before": -0.0537524901330471, "pareto_primary_grad_norm": 0.7332174748182296, "pareto_projected_tke_grad_norm": 0.4088198870420456, "pareto_tke_grad_norm": 0.4226438730955124, "point_rel": 0.07621674314141273, "primary_loss": 0.11052197851240635, "residual_mse": 0.000122007470963581, "temporal_rel": 0.8939132302999496, "tke_rel": 0.4378494217991829}
TRAIN {"angle_aug_abs_deg": 0.0, "aoa_effective_shift_abs_deg_mean": 0.0, "aoa_meanfield_aug_fraction": 0.0, "aoa_meanfield_lambda_mean": 0.0, "delta_penalty": 4.16515460528899e-05, "energy_loss": 0.053669866919517514, "grad_rel": 0.49489240944385526, "iteration": 4840, "loss": 0.16312852129340172, "lr": 0.0001299040792256093, "mse": 0.00013620285462820903, "p_zero": 0.0, "pareto_conflict": 0.9, "pareto_grad_cosine_before": -0.14101663967594505, "pareto_grad_dot_after": 0.0035169433500527704, "pareto_grad_dot_before": -0.036443237727507946, "pareto_primary_grad_norm": 0.6578990787267684, "pareto_projected_tke_grad_norm": 0.4175751760601997, "pareto_tke_grad_norm": 0.42628613114356995, "point_rel": 0.07526589967310429, "primary_loss": 0.10945865251123905, "residual_mse": 0.00013620285499200692, "temporal_rel": 0.8909224659204483, "tke_rel": 0.44724890142679213}
TRAIN {"angle_aug_abs_deg": 0.0, "aoa_effective_shift_abs_deg_mean": 0.0, "aoa_meanfield_aug_fraction": 0.0, "aoa_meanfield_lambda_mean": 0.0, "delta_penalty": 4.295061671655276e-05, "energy_loss": 0.05511911120265722, "grad_rel": 0.4995332196354866, "iteration": 4860, "loss": 0.166625963896513, "lr": 0.00012940403252323108, "mse": 0.00014729831164004282, "p_zero": 0.0, "pareto_conflict": 0.7, "pareto_grad_cosine_before": -0.15641782958991826, "pareto_grad_dot_after": 0.007311896050259748, "pareto_grad_dot_before": -0.03483105044579134, "pareto_primary_grad_norm": 0.6451795399188995, "pareto_projected_tke_grad_norm": 0.4185890108346939, "pareto_tke_grad_norm": 0.43214230686426164, "point_rel": 0.0771846391260624, "primary_loss": 0.11150685213506221, "residual_mse": 0.00014729831127624493, "temporal_rel": 0.8928055971860885, "tke_rel": 0.45932593792676923}
TRAIN {"angle_aug_abs_deg": 0.0, "aoa_effective_shift_abs_deg_mean": 0.0, "aoa_meanfield_aug_fraction": 0.0, "aoa_meanfield_lambda_mean": 0.0, "delta_penalty": 3.9285572620428864e-05, "energy_loss": 0.05358801074326038, "grad_rel": 0.49932713955640795, "iteration": 4880, "loss": 0.16388893499970436, "lr": 0.00012890317969444778, "mse": 0.000114137606760778, "p_zero": 0.0, "pareto_conflict": 0.85, "pareto_grad_cosine_before": -0.16367162745445968, "pareto_grad_dot_after": 0.002883833781243084, "pareto_grad_dot_before": -0.05766808178741485, "pareto_primary_grad_norm": 0.8568991884589195, "pareto_projected_tke_grad_norm": 0.44372149705886843, "pareto_tke_grad_norm": 0.45674519538879393, "point_rel": 0.07580727990716696, "primary_loss": 0.11030092351138591, "residual_mse": 0.000114137606760778, "temporal_rel": 0.898957046866417, "tke_rel": 0.446566766500473}
TRAIN {"angle_aug_abs_deg": 0.0, "aoa_effective_shift_abs_deg_mean": 0.0, "aoa_meanfield_aug_fraction": 0.0, "aoa_meanfield_lambda_mean": 0.0, "delta_penalty": 4.231828934280202e-05, "energy_loss": 0.05344913210719824, "grad_rel": 0.48728248924016954, "iteration": 4900, "loss": 0.16266717463731767, "lr": 0.00012840153447039285, "mse": 0.0001343722791716573, "p_zero": 0.0, "pareto_conflict": 0.85, "pareto_grad_cosine_before": -0.1609367991099134, "pareto_grad_dot_after": 0.0015467340090253856, "pareto_grad_dot_before": -0.04036519946530461, "pareto_primary_grad_norm": 0.7582791969180107, "pareto_projected_tke_grad_norm": 0.41786348074674606, "pareto_tke_grad_norm": 0.43028549402952193, "point_rel": 0.07467963509261608, "primary_loss": 0.1092180423438549, "residual_mse": 0.0001343722791716573, "temporal_rel": 0.9062670946121216, "tke_rel": 0.4454094424843788}
TRAIN {"angle_aug_abs_deg": 0.0, "aoa_effective_shift_abs_deg_mean": 0.0, "aoa_meanfield_aug_fraction": 0.0, "aoa_meanfield_lambda_mean": 0.0, "delta_penalty": 4.4965007600694665e-05, "energy_loss": 0.05568603463470936, "grad_rel": 0.5015135332942009, "iteration": 4920, "loss": 0.16757206618785858, "lr": 0.00012789911060392348, "mse": 0.00013557024103647564, "p_zero": 0.0, "pareto_conflict": 0.9, "pareto_grad_cosine_before": -0.24728060574270785, "pareto_grad_dot_after": 0.0012391828205181809, "pareto_grad_dot_before": -0.05736592332832515, "pareto_primary_grad_norm": 0.7258920162916184, "pareto_projected_tke_grad_norm": 0.4185916602611542, "pareto_tke_grad_norm": 0.44207023084163666, "point_rel": 0.07728394381701946, "primary_loss": 0.11188603080809116, "residual_mse": 0.00013557023958128412, "temporal_rel": 0.901260507106781, "tke_rel": 0.46405029892921446}
TRAIN {"angle_aug_abs_deg": 0.0, "aoa_effective_shift_abs_deg_mean": 0.0, "aoa_meanfield_aug_fraction": 0.0, "aoa_meanfield_lambda_mean": 0.0, "delta_penalty": 4.0413031456409954e-05, "energy_loss": 0.054134083352982997, "grad_rel": 0.5004897192120552, "iteration": 4940, "loss": 0.16570867747068405, "lr": 0.00012739592186924377, "mse": 0.00012656906046686344, "p_zero": 0.0, "pareto_conflict": 0.8, "pareto_grad_cosine_before": -0.1523763472097926, "pareto_grad_dot_after": 0.003861347094425582, "pareto_grad_dot_before": -0.03519967328174971, "pareto_primary_grad_norm": 0.7537628442049027, "pareto_projected_tke_grad_norm": 0.4105616495013237, "pareto_tke_grad_norm": 0.42420253753662107, "point_rel": 0.07712945379316807, "primary_loss": 0.11157459430396557, "residual_mse": 0.0001265690615582571, "temporal_rel": 0.8966338962316514, "tke_rel": 0.45111736953258513}
TRAIN {"angle_aug_abs_deg": 0.0, "aoa_effective_shift_abs_deg_mean": 0.0, "aoa_meanfield_aug_fraction": 0.0, "aoa_meanfield_lambda_mean": 0.0, "delta_penalty": 4.308174047764624e-05, "energy_loss": 0.053302598372101787, "grad_rel": 0.4935011461377144, "iteration": 4960, "loss": 0.1642738662660122, "lr": 0.00012689198206152706, "mse": 0.00014554279805452098, "p_zero": 0.0, "pareto_conflict": 0.7, "pareto_grad_cosine_before": -0.12179813007824122, "pareto_grad_dot_after": 0.015190655595824864, "pareto_grad_dot_before": -0.026098514953628183, "pareto_primary_grad_norm": 0.7307015016674996, "pareto_projected_tke_grad_norm": 0.46068637669086454, "pareto_tke_grad_norm": 0.47299549728631973, "point_rel": 0.0768449854105711, "primary_loss": 0.1109712690114975, "residual_mse": 0.0001455427973269252, "temporal_rel": 0.8893080472946167, "tke_rel": 0.444188329577446}
TRAIN {"angle_aug_abs_deg": 0.0, "aoa_effective_shift_abs_deg_mean": 0.0, "aoa_meanfield_aug_fraction": 0.0, "aoa_meanfield_lambda_mean": 0.0, "delta_penalty": 4.5115696866560026e-05, "energy_loss": 0.05465039778500795, "grad_rel": 0.5056758329272271, "iteration": 4980, "loss": 0.16714147701859475, "lr": 0.00012638730499653779, "mse": 0.00014721315073984442, "p_zero": 0.0, "pareto_conflict": 0.7, "pareto_grad_cosine_before": -0.12138266777619719, "pareto_grad_dot_after": 0.006729714124776365, "pareto_grad_dot_before": -0.029840699560008944, "pareto_primary_grad_norm": 0.5934613585472107, "pareto_projected_tke_grad_norm": 0.41678104400634763, "pareto_tke_grad_norm": 0.4264376565814018, "point_rel": 0.07783090882003307, "primary_loss": 0.11249108053743839, "residual_mse": 0.0001472131511036423, "temporal_rel": 0.9009989231824875, "tke_rel": 0.4554199919104576}
TRAIN {"angle_aug_abs_deg": 0.0, "aoa_effective_shift_abs_deg_mean": 0.0, "aoa_meanfield_aug_fraction": 0.0, "aoa_meanfield_lambda_mean": 0.0, "delta_penalty": 4.683196802943712e-05, "energy_loss": 0.05712789297103882, "grad_rel": 0.5010437816381454, "iteration": 5000, "loss": 0.16843367069959642, "lr": 0.00012588190451025256, "mse": 0.00014723352687724401, "p_zero": 0.0, "pareto_conflict": 1.0, "pareto_grad_cosine_before": -0.30124465748667717, "pareto_grad_dot_after": 1.4904799172654748e-09, "pareto_grad_dot_before": -0.0733261247863993, "pareto_primary_grad_norm": 0.5369106814265251, "pareto_projected_tke_grad_norm": 0.42825365215539934, "pareto_tke_grad_norm": 0.456941819190979, "point_rel": 0.07641569431871176, "primary_loss": 0.11130577661097049, "residual_mse": 0.00014723352651344613, "temporal_rel": 0.9109773129224777, "tke_rel": 0.4760657876729965}
TRAIN {"angle_aug_abs_deg": 0.0, "aoa_effective_shift_abs_deg_mean": 0.0, "aoa_meanfield_aug_fraction": 0.0, "aoa_meanfield_lambda_mean": 0.0, "delta_penalty": 4.2082046002178684e-05, "energy_loss": 0.05392129700630903, "grad_rel": 0.5024269387125969, "iteration": 5020, "loss": 0.1659576714038849, "lr": 0.00012537579445848104, "mse": 0.00013898187698941912, "p_zero": 0.0, "pareto_conflict": 0.9, "pareto_grad_cosine_before": -0.15161977270618082, "pareto_grad_dot_after": 0.00826852353002323, "pareto_grad_dot_before": -0.03870732088107616, "pareto_primary_grad_norm": 0.680336232483387, "pareto_projected_tke_grad_norm": 0.4235435277223587, "pareto_tke_grad_norm": 0.43838478028774264, "point_rel": 0.07766821570694446, "primary_loss": 0.11203637421131134, "residual_mse": 0.00013898187517042971, "temporal_rel": 0.8929739713668823, "tke_rel": 0.4493441551923752}
TRAIN {"angle_aug_abs_deg": 0.0, "aoa_effective_shift_abs_deg_mean": 0.0, "aoa_meanfield_aug_fraction": 0.0, "aoa_meanfield_lambda_mean": 0.0, "delta_penalty": 4.2040471453219655e-05, "energy_loss": 0.053312703222036364, "grad_rel": 0.5035458952188492, "iteration": 5040, "loss": 0.16553114578127862, "lr": 0.00012486898871648592, "mse": 0.00012702188141702208, "p_zero": 0.0, "pareto_conflict": 0.8, "pareto_grad_cosine_before": -0.16639814455993474, "pareto_grad_dot_after": 0.005031505755641774, "pareto_grad_dot_before": -0.03804633198888041, "pareto_primary_grad_norm": 0.7302979454398155, "pareto_projected_tke_grad_norm": 0.41847041100263593, "pareto_tke_grad_norm": 0.4306584522128105, "point_rel": 0.07784311957657337, "primary_loss": 0.1122184418141842, "residual_mse": 0.00012702187850663905, "temporal_rel": 0.8927729666233063, "tke_rel": 0.44427253752946855}
TRAIN {"angle_aug_abs_deg": 0.0, "aoa_effective_shift_abs_deg_mean": 0.0, "aoa_meanfield_aug_fraction": 0.0, "aoa_meanfield_lambda_mean": 0.0, "delta_penalty": 4.290882834538934e-05, "energy_loss": 0.05497593432664871, "grad_rel": 0.4937450423836708, "iteration": 5060, "loss": 0.16589587181806564, "lr": 0.00012436150117860269, "mse": 0.0001367286409731605, "p_zero": 0.0, "pareto_conflict": 1.0, "pareto_grad_cosine_before": -0.2190924149006605, "pareto_grad_dot_after": 3.3542164601385594e-10, "pareto_grad_dot_before": -0.05182298910804093, "pareto_primary_grad_norm": 0.5475674659013748, "pareto_projected_tke_grad_norm": 0.42087980210781095, "pareto_tke_grad_norm": 0.43730896562337873, "point_rel": 0.07662226520478725, "primary_loss": 0.11091993935406208, "residual_mse": 0.0001367286409731605, "temporal_rel": 0.8949874758720398, "tke_rel": 0.45813279747962954}
TRAIN {"angle_aug_abs_deg": 0.0, "aoa_effective_shift_abs_deg_mean": 0.0, "aoa_meanfield_aug_fraction": 0.0, "aoa_meanfield_lambda_mean": 0.0, "delta_penalty": 4.138853773838491e-05, "energy_loss": 0.05302018467336893, "grad_rel": 0.49485902190208436, "iteration": 5080, "loss": 0.16197704300284385, "lr": 0.0001238533457578586, "mse": 0.00011859568003274035, "p_zero": 0.0, "pareto_conflict": 0.95, "pareto_grad_cosine_before": -0.23268695496954023, "pareto_grad_dot_after": 0.0019127940743601357, "pareto_grad_dot_before": -0.05914989062584937, "pareto_primary_grad_norm": 0.6638794198632241, "pareto_projected_tke_grad_norm": 0.4187019467353821, "pareto_tke_grad_norm": 0.44012532830238343, "point_rel": 0.07481059320271015, "primary_loss": 0.10895685665309429, "residual_mse": 0.00011859568039653822, "temporal_rel": 0.8895657867193222, "tke_rel": 0.4418348804116249}
TRAIN {"angle_aug_abs_deg": 0.0, "aoa_effective_shift_abs_deg_mean": 0.0, "aoa_meanfield_aug_fraction": 0.0, "aoa_meanfield_lambda_mean": 0.0, "delta_penalty": 4.245803220328526e-05, "energy_loss": 0.0551503386348486, "grad_rel": 0.4882344871759415, "iteration": 5100, "loss": 0.16383863985538483, "lr": 0.00012334453638559103, "mse": 0.0001394606368194218, "p_zero": 0.0, "pareto_conflict": 0.85, "pareto_grad_cosine_before": -0.1965645282762125, "pareto_grad_dot_after": 0.003054339749905921, "pareto_grad_dot_before": -0.05405759137647692, "pareto_primary_grad_norm": 0.6396316900849343, "pareto_projected_tke_grad_norm": 0.4218008279800415, "pareto_tke_grad_norm": 0.43961356282234193, "point_rel": 0.0745232380926609, "primary_loss": 0.10868830084800721, "residual_mse": 0.0001394606364556239, "temporal_rel": 0.8932953238487243, "tke_rel": 0.45958616584539413}
TRAIN {"angle_aug_abs_deg": 0.0, "aoa_effective_shift_abs_deg_mean": 0.0, "aoa_meanfield_aug_fraction": 0.0, "aoa_meanfield_lambda_mean": 0.0, "delta_penalty": 4.089066405867925e-05, "energy_loss": 0.055398841947317125, "grad_rel": 0.5031992018222808, "iteration": 5120, "loss": 0.16840086355805398, "lr": 0.00012283508701106603, "mse": 0.00013573573651228798, "p_zero": 0.0, "pareto_conflict": 0.8, "pareto_grad_cosine_before": -0.19420538460835815, "pareto_grad_dot_after": 0.004539110064797569, "pareto_grad_dot_before": -0.04633075860328972, "pareto_primary_grad_norm": 0.6846264928579331, "pareto_projected_tke_grad_norm": 0.42023155838251114, "pareto_tke_grad_norm": 0.4416920319199562, "point_rel": 0.07847665082663298, "primary_loss": 0.11300202049314975, "residual_mse": 0.00013573573687608587, "temporal_rel": 0.8978614658117294, "tke_rel": 0.4616570293903351}
TRAIN {"angle_aug_abs_deg": 0.0, "aoa_effective_shift_abs_deg_mean": 0.0, "aoa_meanfield_aug_fraction": 0.0, "aoa_meanfield_lambda_mean": 0.0, "delta_penalty": 4.6111945448501504e-05, "energy_loss": 0.05313187371939421, "grad_rel": 0.4949506759643555, "iteration": 5140, "loss": 0.16420022919774055, "lr": 0.00012232501160109555, "mse": 0.00015071160732986754, "p_zero": 0.0, "pareto_conflict": 0.95, "pareto_grad_cosine_before": -0.19593184774275868, "pareto_grad_dot_after": 6.446572497225134e-05, "pareto_grad_dot_before": -0.0534554191341158, "pareto_primary_grad_norm": 0.6987467303872108, "pareto_projected_tke_grad_norm": 0.4161360502243042, "pareto_tke_grad_norm": 0.43035361766815183, "point_rel": 0.07698912173509598, "primary_loss": 0.1110683549195528, "residual_mse": 0.0001507116066022718, "temporal_rel": 0.8869612485170364, "tke_rel": 0.44276562333106995}
TRAIN {"angle_aug_abs_deg": 0.0, "aoa_effective_shift_abs_deg_mean": 0.0, "aoa_meanfield_aug_fraction": 0.0, "aoa_meanfield_lambda_mean": 0.0, "delta_penalty": 4.30418835094315e-05, "energy_loss": 0.05380028709769249, "grad_rel": 0.490777450799942, "iteration": 5160, "loss": 0.16369382664561272, "lr": 0.00012181432413965463, "mse": 0.00012834754579671426, "p_zero": 0.0, "pareto_conflict": 0.9, "pareto_grad_cosine_before": -0.18210073709487914, "pareto_grad_dot_after": 0.011623594994762242, "pareto_grad_dot_before": -0.036173479584977034, "pareto_primary_grad_norm": 0.6316338017582893, "pareto_projected_tke_grad_norm": 0.4397453829646111, "pareto_tke_grad_norm": 0.45220654606819155, "point_rel": 0.07572077605873347, "primary_loss": 0.10989353843033314, "residual_mse": 0.00012834754579671426, "temporal_rel": 0.892391249537468, "tke_rel": 0.44833573549985883}
TRAIN {"angle_aug_abs_deg": 0.0, "aoa_effective_shift_abs_deg_mean": 0.0, "aoa_meanfield_aug_fraction": 0.0, "aoa_meanfield_lambda_mean": 0.0, "delta_penalty": 4.1701852387632245e-05, "energy_loss": 0.054005722515285015, "grad_rel": 0.49443826675415037, "iteration": 5180, "loss": 0.16416003406047822, "lr": 0.00012130303862749798, "mse": 0.0001232553127920255, "p_zero": 0.0, "pareto_conflict": 0.8, "pareto_grad_cosine_before": -0.11072624342050404, "pareto_grad_dot_after": 0.004815610980676866, "pareto_grad_dot_before": -0.027963721984997393, "pareto_primary_grad_norm": 0.746075515449047, "pareto_projected_tke_grad_norm": 0.430873441696167, "pareto_tke_grad_norm": 0.44050427079200744, "point_rel": 0.07585987225174903, "primary_loss": 0.11015431024134159, "residual_mse": 0.00012325531242822761, "temporal_rel": 0.8946684420108795, "tke_rel": 0.4500476971268654}
TRAIN {"angle_aug_abs_deg": 0.0, "aoa_effective_shift_abs_deg_mean": 0.0, "aoa_meanfield_aug_fraction": 0.0, "aoa_meanfield_lambda_mean": 0.0, "delta_penalty": 4.3934504356002434e-05, "energy_loss": 0.05426583550870419, "grad_rel": 0.4960580080747604, "iteration": 5200, "loss": 0.16476231291890145, "lr": 0.00012079116908177624, "mse": 0.00013800706492475, "p_zero": 0.0, "pareto_conflict": 0.7, "pareto_grad_cosine_before": -0.11134006809443235, "pareto_grad_dot_after": 0.03515782685826707, "pareto_grad_dot_before": -0.008370321290567518, "pareto_primary_grad_norm": 1.0751695021986962, "pareto_projected_tke_grad_norm": 0.3937193050980568, "pareto_tke_grad_norm": 0.40186993926763537, "point_rel": 0.07601716611534357, "primary_loss": 0.11049647815525532, "residual_mse": 0.00013800706492475, "temporal_rel": 0.8998720198869705, "tke_rel": 0.4522153064608574}
TRAIN {"angle_aug_abs_deg": 0.0, "aoa_effective_shift_abs_deg_mean": 0.0, "aoa_meanfield_aug_fraction": 0.0, "aoa_meanfield_lambda_mean": 0.0, "delta_penalty": 3.859688895317959e-05, "energy_loss": 0.05448198989033699, "grad_rel": 0.4984462484717369, "iteration": 5220, "loss": 0.16519462913274766, "lr": 0.00012027872953565154, "mse": 0.00012008197836621548, "p_zero": 0.0, "pareto_conflict": 0.85, "pareto_grad_cosine_before": -0.19313153773546218, "pareto_grad_dot_after": 0.013958666311555134, "pareto_grad_dot_before": -0.0379775308072567, "pareto_primary_grad_norm": 0.6299783170223237, "pareto_projected_tke_grad_norm": 0.4411193639039993, "pareto_tke_grad_norm": 0.4595245152711868, "point_rel": 0.07628605831414462, "primary_loss": 0.11071263924241066, "residual_mse": 0.00012008197873001337, "temporal_rel": 0.8971030563116074, "tke_rel": 0.45401659309864045}
TRAIN {"angle_aug_abs_deg": 0.0, "aoa_effective_shift_abs_deg_mean": 0.0, "aoa_meanfield_aug_fraction": 0.0, "aoa_meanfield_lambda_mean": 0.0, "delta_penalty": 3.9944975469552446e-05, "energy_loss": 0.05456353966146708, "grad_rel": 0.5023870021104813, "iteration": 5240, "loss": 0.1661281481385231, "lr": 0.00011976573403791295, "mse": 0.00011899795572389849, "p_zero": 0.0, "pareto_conflict": 0.85, "pareto_grad_cosine_before": -0.1294007266056724, "pareto_grad_dot_after": 0.005585623065235268, "pareto_grad_dot_before": -0.04234115821600426, "pareto_primary_grad_norm": 0.7542953982949256, "pareto_projected_tke_grad_norm": 0.4472259819507599, "pareto_tke_grad_norm": 0.4565608471632004, "point_rel": 0.07685732915997505, "primary_loss": 0.11156460717320442, "residual_mse": 0.0001189979553601006, "temporal_rel": 0.904499152302742, "tke_rel": 0.45469617545604707}
TRAIN {"angle_aug_abs_deg": 0.0, "aoa_effective_shift_abs_deg_mean": 0.0, "aoa_meanfield_aug_fraction": 0.0, "aoa_meanfield_lambda_mean": 0.0, "delta_penalty": 4.4102628089603967e-05, "energy_loss": 0.0557780709117651, "grad_rel": 0.5045259609818459, "iteration": 5260, "loss": 0.16788210570812226, "lr": 0.00011925219665259109, "mse": 0.00014468703066086163, "p_zero": 0.0, "pareto_conflict": 0.85, "pareto_grad_cosine_before": -0.12546950383111835, "pareto_grad_dot_after": 0.009759606838406399, "pareto_grad_dot_before": -0.031650225375778974, "pareto_primary_grad_norm": 0.707086531817913, "pareto_projected_tke_grad_norm": 0.4270874008536339, "pareto_tke_grad_norm": 0.43619894087314603, "point_rel": 0.07754666674882174, "primary_loss": 0.11210403479635715, "residual_mse": 0.00014468702920567011, "temporal_rel": 0.8981729477643967, "tke_rel": 0.4648172676563263}
TRAIN {"angle_aug_abs_deg": 0.0, "aoa_effective_shift_abs_deg_mean": 0.0, "aoa_meanfield_aug_fraction": 0.0, "aoa_meanfield_lambda_mean": 0.0, "delta_penalty": 4.007781681139022e-05, "energy_loss": 0.05424787122756243, "grad_rel": 0.4866256475448608, "iteration": 5280, "loss": 0.1623320035636425, "lr": 0.00011873813145857277, "mse": 0.00011706810801115353, "p_zero": 0.0, "pareto_conflict": 0.8, "pareto_grad_cosine_before": -0.14073969000019132, "pareto_grad_dot_after": 0.01371318868932576, "pareto_grad_dot_before": -0.04322121820878237, "pareto_primary_grad_norm": 0.8452791467308998, "pareto_projected_tke_grad_norm": 0.46842182874679567, "pareto_tke_grad_norm": 0.48697893917560575, "point_rel": 0.07397520262748003, "primary_loss": 0.10808413214981556, "residual_mse": 0.00011706810764735564, "temporal_rel": 0.8924541056156159, "tke_rel": 0.45206560641527177}
TRAIN {"angle_aug_abs_deg": 0.0, "aoa_effective_shift_abs_deg_mean": 0.0, "aoa_meanfield_aug_fraction": 0.0, "aoa_meanfield_lambda_mean": 0.0, "delta_penalty": 4.235431360939401e-05, "energy_loss": 0.05364467147737741, "grad_rel": 0.49114830493927003, "iteration": 5300, "loss": 0.16219834461808205, "lr": 0.00011822355254921505, "mse": 0.00012150854890933261, "p_zero": 0.0, "pareto_conflict": 0.65, "pareto_grad_cosine_before": -0.06468211460742168, "pareto_grad_dot_after": 0.011565331070050889, "pareto_grad_dot_before": -0.020522374454594684, "pareto_primary_grad_norm": 0.7479464665055275, "pareto_projected_tke_grad_norm": 0.4358475521206856, "pareto_tke_grad_norm": 0.4417498975992203, "point_rel": 0.07438524812459946, "primary_loss": 0.10855367220938206, "residual_mse": 0.00012150854781793896, "temporal_rel": 0.892129996418953, "tke_rel": 0.44703894257545473}
TRAIN {"angle_aug_abs_deg": 0.0, "aoa_effective_shift_abs_deg_mean": 0.0, "aoa_meanfield_aug_fraction": 0.0, "aoa_meanfield_lambda_mean": 0.0, "delta_penalty": 4.298348476368119e-05, "energy_loss": 0.054987288638949396, "grad_rel": 0.49673546850681305, "iteration": 5320, "loss": 0.16499013453722, "lr": 0.00011770847403195862, "mse": 0.00013036301425017882, "p_zero": 0.0, "pareto_conflict": 0.85, "pareto_grad_cosine_before": -0.1882452447898686, "pareto_grad_dot_after": 0.008135268674141116, "pareto_grad_dot_before": -0.0402409722097218, "pareto_primary_grad_norm": 0.5757731184363365, "pareto_projected_tke_grad_norm": 0.43499224334955217, "pareto_tke_grad_norm": 0.45638313293457033, "point_rel": 0.07544815149158239, "primary_loss": 0.11000284738838673, "residual_mse": 0.00013036301425017882, "temporal_rel": 0.9021231442689895, "tke_rel": 0.45822741389274596}
TRAIN {"angle_aug_abs_deg": 0.0, "aoa_effective_shift_abs_deg_mean": 0.0, "aoa_meanfield_aug_fraction": 0.0, "aoa_meanfield_lambda_mean": 0.0, "delta_penalty": 4.246701055308222e-05, "energy_loss": 0.05352146867662668, "grad_rel": 0.5025201305747032, "iteration": 5340, "loss": 0.16429997086524964, "lr": 0.00011719291002794123, "mse": 0.00013675172358489361, "p_zero": 0.0, "pareto_conflict": 0.9, "pareto_grad_cosine_before": -0.20418203840963542, "pareto_grad_dot_after": 0.0031406615130435966, "pareto_grad_dot_before": -0.04942057281732559, "pareto_primary_grad_norm": 0.6185967370867729, "pareto_projected_tke_grad_norm": 0.4251351997256279, "pareto_tke_grad_norm": 0.4412404000759125, "point_rel": 0.07639743015170097, "primary_loss": 0.11077850200235843, "residual_mse": 0.0001367517239486915, "temporal_rel": 0.8933798998594285, "tke_rel": 0.4460122510790825}
TRAIN {"angle_aug_abs_deg": 0.0, "aoa_effective_shift_abs_deg_mean": 0.0, "aoa_meanfield_aug_fraction": 0.0, "aoa_meanfield_lambda_mean": 0.0, "delta_penalty": 4.221278350087232e-05, "energy_loss": 0.05335822831839323, "grad_rel": 0.4994449645280838, "iteration": 5360, "loss": 0.1645929552614689, "lr": 0.00011667687467161052, "mse": 0.00013107280783515308, "p_zero": 0.0, "pareto_conflict": 0.7, "pareto_grad_cosine_before": -0.17991393485572188, "pareto_grad_dot_after": 0.007653857585864898, "pareto_grad_dot_before": -0.04067844869568944, "pareto_primary_grad_norm": 0.6490928724408149, "pareto_projected_tke_grad_norm": 0.4465609982609749, "pareto_tke_grad_norm": 0.47008403539657595, "point_rel": 0.07679750490933657, "primary_loss": 0.111234724894166, "residual_mse": 0.00013107280783515308, "temporal_rel": 0.8968460500240326, "tke_rel": 0.44465191215276717}
TRAIN {"angle_aug_abs_deg": 0.0, "aoa_effective_shift_abs_deg_mean": 0.0, "aoa_meanfield_aug_fraction": 0.0, "aoa_meanfield_lambda_mean": 0.0, "delta_penalty": 4.6730946087336635e-05, "energy_loss": 0.055474449135363105, "grad_rel": 0.5018632099032402, "iteration": 5380, "loss": 0.16819318756461143, "lr": 0.00011616038211033641, "mse": 0.00014885631862853187, "p_zero": 0.0, "pareto_conflict": 0.85, "pareto_grad_cosine_before": -0.20121557581005617, "pareto_grad_dot_after": 0.0017023397838784148, "pareto_grad_dot_before": -0.04959677992737852, "pareto_primary_grad_norm": 0.5909969240427018, "pareto_projected_tke_grad_norm": 0.4258415773510933, "pareto_tke_grad_norm": 0.44418796747922895, "point_rel": 0.07820795103907585, "primary_loss": 0.11271874085068703, "residual_mse": 0.00014885631680954247, "temporal_rel": 0.8979083746671677, "tke_rel": 0.4622870862483978}
TRAIN {"angle_aug_abs_deg": 0.0, "aoa_effective_shift_abs_deg_mean": 0.0, "aoa_meanfield_aug_fraction": 0.0, "aoa_meanfield_lambda_mean": 0.0, "delta_penalty": 4.0746902686805694e-05, "energy_loss": 0.05391627382487059, "grad_rel": 0.489483630657196, "iteration": 5400, "loss": 0.16173501685261726, "lr": 0.00011564344650402335, "mse": 0.00012696005960606272, "p_zero": 0.0, "pareto_conflict": 0.8, "pareto_grad_cosine_before": -0.16991267987759784, "pareto_grad_dot_after": 0.015215605869343563, "pareto_grad_dot_before": -0.03372239084856119, "pareto_primary_grad_norm": 0.8240374594926834, "pareto_projected_tke_grad_norm": 0.4259546309709549, "pareto_tke_grad_norm": 0.4443590521812439, "point_rel": 0.07353414017707109, "primary_loss": 0.10781874246895314, "residual_mse": 0.00012696005742327544, "temporal_rel": 0.8967815488576889, "tke_rel": 0.44930229634046553}
TRAIN {"angle_aug_abs_deg": 0.0, "aoa_effective_shift_abs_deg_mean": 0.0, "aoa_meanfield_aug_fraction": 0.0, "aoa_meanfield_lambda_mean": 0.0, "delta_penalty": 4.036235868625227e-05, "energy_loss": 0.05264358501881361, "grad_rel": 0.5020407840609551, "iteration": 5420, "loss": 0.16441746130585672, "lr": 0.00011512608202472217, "mse": 0.0001201083296109573, "p_zero": 0.0, "pareto_conflict": 0.9, "pareto_grad_cosine_before": -0.13856770080747083, "pareto_grad_dot_after": 0.0005170655287656701, "pareto_grad_dot_before": -0.037451636331388725, "pareto_primary_grad_norm": 0.781953763961792, "pareto_projected_tke_grad_norm": 0.4100621551275253, "pareto_tke_grad_norm": 0.41876400411129, "point_rel": 0.07744724936783313, "primary_loss": 0.11177387535572052, "residual_mse": 0.00012010833070235094, "temporal_rel": 0.8919725358486176, "tke_rel": 0.4386965498328209}
TRAIN {"angle_aug_abs_deg": 0.0, "aoa_effective_shift_abs_deg_mean": 0.0, "aoa_meanfield_aug_fraction": 0.0, "aoa_meanfield_lambda_mean": 0.0, "delta_penalty": 4.349601667854586e-05, "energy_loss": 0.05491278916597366, "grad_rel": 0.4987148240208626, "iteration": 5440, "loss": 0.16713165864348412, "lr": 0.00011460830285624143, "mse": 0.00013571188628702657, "p_zero": 0.0, "pareto_conflict": 0.85, "pareto_grad_cosine_before": -0.20196999181061984, "pareto_grad_dot_after": 0.0019939508552852202, "pareto_grad_dot_before": -0.05323680373840034, "pareto_primary_grad_norm": 0.6584927454590798, "pareto_projected_tke_grad_norm": 0.4360459685325623, "pareto_tke_grad_norm": 0.45694571137428286, "point_rel": 0.07765847928822041, "primary_loss": 0.11221886873245239, "residual_mse": 0.00013571188628702657, "temporal_rel": 0.9012694418430328, "tke_rel": 0.4576065883040428}
TRAIN {"angle_aug_abs_deg": 0.0, "aoa_effective_shift_abs_deg_mean": 0.0, "aoa_meanfield_aug_fraction": 0.0, "aoa_meanfield_lambda_mean": 0.0, "delta_penalty": 4.498676471484941e-05, "energy_loss": 0.054273244179785254, "grad_rel": 0.5012077257037163, "iteration": 5460, "loss": 0.16876216530799865, "lr": 0.00011409012319375861, "mse": 0.00015058844146551565, "p_zero": 0.0, "pareto_conflict": 0.7, "pareto_grad_cosine_before": -0.08812142247334123, "pareto_grad_dot_after": 0.008304695443348465, "pareto_grad_dot_before": -0.023907195893116295, "pareto_primary_grad_norm": 0.7051885992288589, "pareto_projected_tke_grad_norm": 0.42922167479991913, "pareto_tke_grad_norm": 0.43614736944437027, "point_rel": 0.07999614402651786, "primary_loss": 0.11448892131447792, "residual_mse": 0.000150588440374122, "temporal_rel": 0.8976195454597473, "tke_rel": 0.4522770419716835}
TRAIN {"angle_aug_abs_deg": 0.0, "aoa_effective_shift_abs_deg_mean": 0.0, "aoa_meanfield_aug_fraction": 0.0, "aoa_meanfield_lambda_mean": 0.0, "delta_penalty": 4.2304818998673e-05, "energy_loss": 0.05390098001807928, "grad_rel": 0.5044689849019051, "iteration": 5480, "loss": 0.1654069572687149, "lr": 0.0001135715572434308, "mse": 0.00012970076841156697, "p_zero": 0.0, "pareto_conflict": 0.8, "pareto_grad_cosine_before": -0.14768565054982902, "pareto_grad_dot_after": 0.008369736336408095, "pareto_grad_dot_before": -0.041557275922968984, "pareto_primary_grad_norm": 0.6620726719498634, "pareto_projected_tke_grad_norm": 0.43521233946084975, "pareto_tke_grad_norm": 0.44767885804176333, "point_rel": 0.07693733870983124, "primary_loss": 0.11150597669184208, "residual_mse": 0.0001297007676839712, "temporal_rel": 0.8987282752990723, "tke_rel": 0.44917484372854233}
TRAIN {"angle_aug_abs_deg": 0.0, "aoa_effective_shift_abs_deg_mean": 0.0, "aoa_meanfield_aug_fraction": 0.0, "aoa_meanfield_lambda_mean": 0.0, "delta_penalty": 4.0980032918014333e-05, "energy_loss": 0.053375386819243434, "grad_rel": 0.4945022687315941, "iteration": 5500, "loss": 0.16302989274263383, "lr": 0.0001130526192220055, "mse": 0.00012297679149924078, "p_zero": 0.0, "pareto_conflict": 0.9, "pareto_grad_cosine_before": -0.16910234577953814, "pareto_grad_dot_after": 0.0037662884595192738, "pareto_grad_dot_before": -0.039973697159439325, "pareto_primary_grad_norm": 0.6272727593779563, "pareto_projected_tke_grad_norm": 0.4263902649283409, "pareto_tke_grad_norm": 0.43987473100423813, "point_rel": 0.07549739088863135, "primary_loss": 0.10965450592339039, "residual_mse": 0.00012297679113544292, "temporal_rel": 0.8900622874498367, "tke_rel": 0.44479489922523496}
TRAIN {"angle_aug_abs_deg": 0.0, "aoa_effective_shift_abs_deg_mean": 0.0, "aoa_meanfield_aug_fraction": 0.0, "aoa_meanfield_lambda_mean": 0.0, "delta_penalty": 4.441661667442531e-05, "energy_loss": 0.05322713758796453, "grad_rel": 0.5060191690921784, "iteration": 5520, "loss": 0.16652361825108528, "lr": 0.00011253332335643074, "mse": 0.0001376429680021829, "p_zero": 0.0, "pareto_conflict": 0.7, "pareto_grad_cosine_before": -0.10855951936682687, "pareto_grad_dot_after": 0.010498909207763063, "pareto_grad_dot_before": -0.02800223831436597, "pareto_primary_grad_norm": 0.6026310384273529, "pareto_projected_tke_grad_norm": 0.47138316482305526, "pareto_tke_grad_norm": 0.4825847432017326, "point_rel": 0.0788432402536273, "primary_loss": 0.11329648084938526, "residual_mse": 0.00013764296727458714, "temporal_rel": 0.8940257281064987, "tke_rel": 0.4435594901442528}
TRAIN {"angle_aug_abs_deg": 0.0, "aoa_effective_shift_abs_deg_mean": 0.0, "aoa_meanfield_aug_fraction": 0.0, "aoa_meanfield_lambda_mean": 0.0, "delta_penalty": 3.852583140542265e-05, "energy_loss": 0.052496256306767464, "grad_rel": 0.48103518038988113, "iteration": 5540, "loss": 0.1586787685751915, "lr": 0.00011201368388346501, "mse": 0.0001149307150626555, "p_zero": 0.0, "pareto_conflict": 0.8, "pareto_grad_cosine_before": -0.152469880040735, "pareto_grad_dot_after": 0.0038201086937078798, "pareto_grad_dot_before": -0.042849754774942996, "pareto_primary_grad_norm": 0.7045652940869331, "pareto_projected_tke_grad_norm": 0.421186751127243, "pareto_tke_grad_norm": 0.432507361471653, "point_rel": 0.07233968060463666, "primary_loss": 0.10618251115083695, "residual_mse": 0.00011493071542645339, "temporal_rel": 0.886401817202568, "tke_rel": 0.4374688133597374}
TRAIN {"angle_aug_abs_deg": 0.0, "aoa_effective_shift_abs_deg_mean": 0.0, "aoa_meanfield_aug_fraction": 0.0, "aoa_meanfield_lambda_mean": 0.0, "delta_penalty": 4.170421179878758e-05, "energy_loss": 0.055414365604519844, "grad_rel": 0.49049885869026183, "iteration": 5560, "loss": 0.16452875286340712, "lr": 0.00011149371504928698, "mse": 0.00012614463357749628, "p_zero": 0.0, "pareto_conflict": 0.85, "pareto_grad_cosine_before": -0.20245397053658962, "pareto_grad_dot_after": 0.005121862913438235, "pareto_grad_dot_before": -0.04701050885487348, "pareto_primary_grad_norm": 0.5533988952636719, "pareto_projected_tke_grad_norm": 0.41316189914941787, "pareto_tke_grad_norm": 0.43640226572752, "point_rel": 0.07480907272547484, "primary_loss": 0.1091143872588873, "residual_mse": 0.0001261446332136984, "temporal_rel": 0.8969717770814896, "tke_rel": 0.4617863893508911}
TRAIN {"angle_aug_abs_deg": 0.0, "aoa_effective_shift_abs_deg_mean": 0.0, "aoa_meanfield_aug_fraction": 0.0, "aoa_meanfield_lambda_mean": 0.0, "delta_penalty": 4.261191161276656e-05, "energy_loss": 0.055347949266433716, "grad_rel": 0.4915682464838028, "iteration": 5580, "loss": 0.16436465680599213, "lr": 0.00011097343110910486, "mse": 0.00013151293496775905, "p_zero": 0.0, "pareto_conflict": 0.85, "pareto_grad_cosine_before": -0.23086594706401228, "pareto_grad_dot_after": 0.005639642991627625, "pareto_grad_dot_before": -0.05067785074934363, "pareto_primary_grad_norm": 0.5928871661424637, "pareto_projected_tke_grad_norm": 0.4087803840637207, "pareto_tke_grad_norm": 0.4302418902516365, "point_rel": 0.0746995322406292, "primary_loss": 0.10901670604944229, "residual_mse": 0.00013151293715054634, "temporal_rel": 0.8967781573534012, "tke_rel": 0.4612329199910164}
TRAIN {"angle_aug_abs_deg": 0.0, "aoa_effective_shift_abs_deg_mean": 0.0, "aoa_meanfield_aug_fraction": 0.0, "aoa_meanfield_lambda_mean": 0.0, "delta_penalty": 4.4725227235176133e-05, "energy_loss": 0.05545615293085575, "grad_rel": 0.4999436989426613, "iteration": 5600, "loss": 0.1677577257156372, "lr": 0.00011045284632676569, "mse": 0.00013743271301791538, "p_zero": 0.0, "pareto_conflict": 0.9, "pareto_grad_cosine_before": -0.2657077788375318, "pareto_grad_dot_after": 0.0012598467234056442, "pareto_grad_dot_before": -0.0632927903207019, "pareto_primary_grad_norm": 0.5688554376363755, "pareto_projected_tke_grad_norm": 0.404353728890419, "pareto_tke_grad_norm": 0.4283039227128029, "point_rel": 0.07765161525458097, "primary_loss": 0.11230157054960728, "residual_mse": 0.00013743271301791538, "temporal_rel": 0.903622505068779, "tke_rel": 0.4621346205472946}
TRAIN {"angle_aug_abs_deg": 0.0, "aoa_effective_shift_abs_deg_mean": 0.0, "aoa_meanfield_aug_fraction": 0.0, "aoa_meanfield_lambda_mean": 0.0, "delta_penalty": 4.1853113543766085e-05, "energy_loss": 0.05427832566201687, "grad_rel": 0.490825717151165, "iteration": 5620, "loss": 0.16337070241570473, "lr": 0.00010993197497436421, "mse": 0.00012892035720142304, "p_zero": 0.0, "pareto_conflict": 1.0, "pareto_grad_cosine_before": -0.1680130855878815, "pareto_grad_dot_after": 2.6229372451780362e-09, "pareto_grad_dot_before": -0.043651182064786555, "pareto_primary_grad_norm": 0.6815708220005036, "pareto_projected_tke_grad_norm": 0.39697426557540894, "pareto_tke_grad_norm": 0.404630982875824, "point_rel": 0.074786445684731, "primary_loss": 0.1090923760086298, "residual_mse": 0.00012892035738332197, "temporal_rel": 0.896801084280014, "tke_rel": 0.45231939256191256}
TRAIN {"angle_aug_abs_deg": 0.0, "aoa_effective_shift_abs_deg_mean": 0.0, "aoa_meanfield_aug_fraction": 0.0, "aoa_meanfield_lambda_mean": 0.0, "delta_penalty": 3.9105788982851666e-05, "energy_loss": 0.05490625146776438, "grad_rel": 0.4940946727991104, "iteration": 5640, "loss": 0.16393900215625762, "lr": 0.00010941083133185172, "mse": 0.00011497196746859117, "p_zero": 0.0, "pareto_conflict": 0.7, "pareto_grad_cosine_before": -0.08315544940996915, "pareto_grad_dot_after": 0.008095639224120533, "pareto_grad_dot_before": -0.033666869497392324, "pareto_primary_grad_norm": 0.8043904066085815, "pareto_projected_tke_grad_norm": 0.43670390397310255, "pareto_tke_grad_norm": 0.4434222146868706, "point_rel": 0.07457984741777182, "primary_loss": 0.10903274901211261, "residual_mse": 0.00011497196601339965, "temporal_rel": 0.9002070426940918, "tke_rel": 0.457552108168602}
TRAIN {"angle_aug_abs_deg": 0.0, "aoa_effective_shift_abs_deg_mean": 0.0, "aoa_meanfield_aug_fraction": 0.0, "aoa_meanfield_lambda_mean": 0.0, "delta_penalty": 4.0911033829615916e-05, "energy_loss": 0.0528335427865386, "grad_rel": 0.4931920126080513, "iteration": 5660, "loss": 0.1621292270720005, "lr": 0.00010888942968664444, "mse": 0.00012256993368282566, "p_zero": 0.0, "pareto_conflict": 0.75, "pareto_grad_cosine_before": -0.15052674971520902, "pareto_grad_dot_after": 0.011276447292220836, "pareto_grad_dot_before": -0.03183326344005764, "pareto_primary_grad_norm": 0.6739014998078346, "pareto_projected_tke_grad_norm": 0.41871432065963743, "pareto_tke_grad_norm": 0.43169050067663195, "point_rel": 0.07509778644889593, "primary_loss": 0.10929568372666836, "residual_mse": 0.0001225699347742193, "temporal_rel": 0.8920809984207153, "tke_rel": 0.4402795314788818}
TRAIN {"angle_aug_abs_deg": 0.0, "aoa_effective_shift_abs_deg_mean": 0.0, "aoa_meanfield_aug_fraction": 0.0, "aoa_meanfield_lambda_mean": 0.0, "delta_penalty": 4.238406063450384e-05, "energy_loss": 0.05492819733917713, "grad_rel": 0.49880509078502655, "iteration": 5680, "loss": 0.16580533981323242, "lr": 0.00010836778433323188, "mse": 0.00012808598003175576, "p_zero": 0.0, "pareto_conflict": 0.95, "pareto_grad_cosine_before": -0.17769413217902183, "pareto_grad_dot_after": 0.001020971611933419, "pareto_grad_dot_before": -0.051435365527868274, "pareto_primary_grad_norm": 0.7269437059760093, "pareto_projected_tke_grad_norm": 0.41642156690359117, "pareto_tke_grad_norm": 0.4282261922955513, "point_rel": 0.07625155542045832, "primary_loss": 0.11087714172899724, "residual_mse": 0.00012808597821276635, "temporal_rel": 0.9034745812416076, "tke_rel": 0.457734988629818}
TRAIN {"angle_aug_abs_deg": 0.0, "aoa_effective_shift_abs_deg_mean": 0.0, "aoa_meanfield_aug_fraction": 0.0, "aoa_meanfield_lambda_mean": 0.0, "delta_penalty": 4.648052081392962e-05, "energy_loss": 0.05487176608294249, "grad_rel": 0.4957699254155159, "iteration": 5700, "loss": 0.16519551500678062, "lr": 0.00010784590957278482, "mse": 0.00015065788484207586, "p_zero": 0.0, "pareto_conflict": 0.9, "pareto_grad_cosine_before": -0.17026727721095086, "pareto_grad_dot_after": 0.003121325749270909, "pareto_grad_dot_before": -0.040681373607367274, "pareto_primary_grad_norm": 0.6560123309493064, "pareto_projected_tke_grad_norm": 0.398888598382473, "pareto_tke_grad_norm": 0.4101857110857964, "point_rel": 0.07616128586232662, "primary_loss": 0.1103237472474575, "residual_mse": 0.00015065788302308646, "temporal_rel": 0.8893261939287186, "tke_rel": 0.45726473033428194}
TRAIN {"angle_aug_abs_deg": 0.0, "aoa_effective_shift_abs_deg_mean": 0.0, "aoa_meanfield_aug_fraction": 0.0, "aoa_meanfield_lambda_mean": 0.0, "delta_penalty": 4.2846796532103326e-05, "energy_loss": 0.053722414374351504, "grad_rel": 0.4832278862595558, "iteration": 5720, "loss": 0.1603729769587517, "lr": 0.00010732381971276346, "mse": 0.00012155254735262133, "p_zero": 0.0, "pareto_conflict": 0.9, "pareto_grad_cosine_before": -0.2536335763521492, "pareto_grad_dot_after": 0.005460601698905521, "pareto_grad_dot_before": -0.05383047277573496, "pareto_primary_grad_norm": 0.5275272846221923, "pareto_projected_tke_grad_norm": 0.43027633130550386, "pareto_tke_grad_norm": 0.4604727983474731, "point_rel": 0.07270526643842459, "primary_loss": 0.1066505629569292, "residual_mse": 0.00012155254717072239, "temporal_rel": 0.8886518806219101, "tke_rel": 0.44768679738044737}
TRAIN {"angle_aug_abs_deg": 0.0, "aoa_effective_shift_abs_deg_mean": 0.0, "aoa_meanfield_aug_fraction": 0.0, "aoa_meanfield_lambda_mean": 0.0, "delta_penalty": 4.4670064744423145e-05, "energy_loss": 0.05383140761405229, "grad_rel": 0.4998174250125885, "iteration": 5740, "loss": 0.1661294363439083, "lr": 0.00010680152906652508, "mse": 0.00013425597444438608, "p_zero": 0.0, "pareto_conflict": 0.9, "pareto_grad_cosine_before": -0.1877665868261829, "pareto_grad_dot_after": 0.0013419483612324256, "pareto_grad_dot_before": -0.04493055768543854, "pareto_primary_grad_norm": 0.6224404871463776, "pareto_projected_tke_grad_norm": 0.435576356947422, "pareto_tke_grad_norm": 0.44748648554086684, "point_rel": 0.07777699287980795, "primary_loss": 0.11229803003370761, "residual_mse": 0.00013425597444438608, "temporal_rel": 0.8994202136993408, "tke_rel": 0.4485950738191605}
TRAIN {"angle_aug_abs_deg": 0.0, "aoa_effective_shift_abs_deg_mean": 0.0, "aoa_meanfield_aug_fraction": 0.0, "aoa_meanfield_lambda_mean": 0.0, "delta_penalty": 4.429958062246442e-05, "energy_loss": 0.053854276239871976, "grad_rel": 0.4988171711564064, "iteration": 5760, "loss": 0.16511666104197503, "lr": 0.0001062790519529316, "mse": 0.0001356122167635476, "p_zero": 0.0, "pareto_conflict": 1.0, "pareto_grad_cosine_before": -0.22060456974431872, "pareto_grad_dot_after": -2.34194885706529e-10, "pareto_grad_dot_before": -0.05307221608236432, "pareto_primary_grad_norm": 0.5468344613909721, "pareto_projected_tke_grad_norm": 0.4282336160540581, "pareto_tke_grad_norm": 0.44328771978616716, "point_rel": 0.07693187072873116, "primary_loss": 0.11126238480210304, "residual_mse": 0.0001356122167635476, "temporal_rel": 0.8935562759637833, "tke_rel": 0.4487856477499008}
TRAIN {"angle_aug_abs_deg": 0.0, "aoa_effective_shift_abs_deg_mean": 0.0, "aoa_meanfield_aug_fraction": 0.0, "aoa_meanfield_lambda_mean": 0.0, "delta_penalty": 4.099290335943806e-05, "energy_loss": 0.05310448314994574, "grad_rel": 0.48763590306043625, "iteration": 5780, "loss": 0.16120136454701423, "lr": 0.00010575640269595703, "mse": 0.00011936394730582833, "p_zero": 0.0, "pareto_conflict": 0.9, "pareto_grad_cosine_before": -0.1612597375176847, "pareto_grad_dot_after": 0.0019348401435763662, "pareto_grad_dot_before": -0.04646354662836529, "pareto_primary_grad_norm": 0.7762934595346451, "pareto_projected_tke_grad_norm": 0.41264598816633224, "pareto_tke_grad_norm": 0.43468892723321917, "point_rel": 0.0738712128251791, "primary_loss": 0.10809688046574592, "residual_mse": 0.00011936394657823257, "temporal_rel": 0.8958166807889938, "tke_rel": 0.44253736883401873}
TRAIN {"angle_aug_abs_deg": 0.0, "aoa_effective_shift_abs_deg_mean": 0.0, "aoa_meanfield_aug_fraction": 0.0, "aoa_meanfield_lambda_mean": 0.0, "delta_penalty": 4.2667049365263664e-05, "energy_loss": 0.053959259577095506, "grad_rel": 0.5011870786547661, "iteration": 5800, "loss": 0.16554825603961945, "lr": 0.00010523359562429469, "mse": 0.00012557452473629382, "p_zero": 0.0, "pareto_conflict": 0.9, "pareto_grad_cosine_before": -0.20634814566001297, "pareto_grad_dot_after": 0.0012420683898199058, "pareto_grad_dot_before": -0.05341633120551705, "pareto_primary_grad_norm": 0.7058475002646446, "pareto_projected_tke_grad_norm": 0.4206789404153824, "pareto_tke_grad_norm": 0.4377278178930283, "point_rel": 0.07714767530560493, "primary_loss": 0.11158899813890458, "residual_mse": 0.0001255745254638896, "temporal_rel": 0.8961664497852325, "tke_rel": 0.44966050535440444}
TRAIN {"angle_aug_abs_deg": 0.0, "aoa_effective_shift_abs_deg_mean": 0.0, "aoa_meanfield_aug_fraction": 0.0, "aoa_meanfield_lambda_mean": 0.0, "delta_penalty": 4.55039561529702e-05, "energy_loss": 0.05502246338874102, "grad_rel": 0.5006996721029282, "iteration": 5820, "loss": 0.16710904836654664, "lr": 0.00010471064507096457, "mse": 0.0001437114553482388, "p_zero": 0.0, "pareto_conflict": 0.65, "pareto_grad_cosine_before": -0.13697194340638816, "pareto_grad_dot_after": 0.014002584503759862, "pareto_grad_dot_before": -0.032961479783989486, "pareto_primary_grad_norm": 0.7415373429656029, "pareto_projected_tke_grad_norm": 0.4056258246302605, "pareto_tke_grad_norm": 0.42592463493347166, "point_rel": 0.07768194638192653, "primary_loss": 0.11208658590912819, "residual_mse": 0.00014371145462064306, "temporal_rel": 0.8950040936470032, "tke_rel": 0.4585205361247063}
TRAIN {"angle_aug_abs_deg": 0.0, "aoa_effective_shift_abs_deg_mean": 0.0, "aoa_meanfield_aug_fraction": 0.0, "aoa_meanfield_lambda_mean": 0.0, "delta_penalty": 4.299499860280775e-05, "energy_loss": 0.05297179091721773, "grad_rel": 0.4921520367264748, "iteration": 5840, "loss": 0.1625102549791336, "lr": 0.00010418756537292026, "mse": 0.00013204500519350403, "p_zero": 0.0, "pareto_conflict": 0.85, "pareto_grad_cosine_before": -0.20801628357730806, "pareto_grad_dot_after": 0.0005410456227764371, "pareto_grad_dot_before": -0.05149872146430425, "pareto_primary_grad_norm": 0.6288716733455658, "pareto_projected_tke_grad_norm": 0.41841190308332443, "pareto_tke_grad_norm": 0.4346473440527916, "point_rel": 0.07535835597664117, "primary_loss": 0.10953846275806427, "residual_mse": 0.00013204500482970615, "temporal_rel": 0.8919117778539658, "tke_rel": 0.4414315983653069}
TRAIN {"angle_aug_abs_deg": 0.0, "aoa_effective_shift_abs_deg_mean": 0.0, "aoa_meanfield_aug_fraction": 0.0, "aoa_meanfield_lambda_mean": 0.0, "delta_penalty": 4.121303036299651e-05, "energy_loss": 0.05429411083459854, "grad_rel": 0.49348868429660797, "iteration": 5860, "loss": 0.16422685980796814, "lr": 0.0001036643708706559, "mse": 0.00012295204778638434, "p_zero": 0.0, "pareto_conflict": 0.9, "pareto_grad_cosine_before": -0.1375362103804946, "pareto_grad_dot_after": 0.0021347203703044213, "pareto_grad_dot_before": -0.04349656845442951, "pareto_primary_grad_norm": 0.7470597639679909, "pareto_projected_tke_grad_norm": 0.43369227945804595, "pareto_tke_grad_norm": 0.44153799414634703, "point_rel": 0.07553979717195033, "primary_loss": 0.10993274822831153, "residual_mse": 0.00012295204960537375, "temporal_rel": 0.8984303832054138, "tke_rel": 0.4524509355425835}
TRAIN {"angle_aug_abs_deg": 0.0, "aoa_effective_shift_abs_deg_mean": 0.0, "aoa_meanfield_aug_fraction": 0.0, "aoa_meanfield_lambda_mean": 0.0, "delta_penalty": 4.43249896306952e-05, "energy_loss": 0.05297042056918144, "grad_rel": 0.4908096417784691, "iteration": 5880, "loss": 0.16217858865857124, "lr": 0.00010314107590781314, "mse": 0.00013837206297466763, "p_zero": 0.0, "pareto_conflict": 0.8, "pareto_grad_cosine_before": -0.15761670572683215, "pareto_grad_dot_after": 0.009719190004943812, "pareto_grad_dot_before": -0.031998158316127956, "pareto_primary_grad_norm": 0.5994462534785271, "pareto_projected_tke_grad_norm": 0.416967348754406, "pareto_tke_grad_norm": 0.42970123440027236, "point_rel": 0.07512750271707773, "primary_loss": 0.10920816846191883, "residual_mse": 0.00013837206042808248, "temporal_rel": 0.8892041116952896, "tke_rel": 0.4414201810956001}
TRAIN {"angle_aug_abs_deg": 0.0, "aoa_effective_shift_abs_deg_mean": 0.0, "aoa_meanfield_aug_fraction": 0.0, "aoa_meanfield_lambda_mean": 0.0, "delta_penalty": 4.453442379599437e-05, "energy_loss": 0.05500795543193817, "grad_rel": 0.5065659537911416, "iteration": 5900, "loss": 0.16932095140218734, "lr": 0.00010261769483078767, "mse": 0.0001469341686970438, "p_zero": 0.0, "pareto_conflict": 0.9, "pareto_grad_cosine_before": -0.19359413608908654, "pareto_grad_dot_after": 0.0027164146942595833, "pareto_grad_dot_before": -0.05107707364950329, "pareto_primary_grad_norm": 0.6137791693210601, "pareto_projected_tke_grad_norm": 0.4235140413045883, "pareto_tke_grad_norm": 0.4393678605556488, "point_rel": 0.07966711856424809, "primary_loss": 0.11431299559772015, "residual_mse": 0.00014693416978843742, "temporal_rel": 0.9000805228948593, "tke_rel": 0.4583996430039406}
TRAIN {"angle_aug_abs_deg": 0.0, "aoa_effective_shift_abs_deg_mean": 0.0, "aoa_meanfield_aug_fraction": 0.0, "aoa_meanfield_lambda_mean": 0.0, "delta_penalty": 4.320395364629803e-05, "energy_loss": 0.05502338875085115, "grad_rel": 0.49493950307369233, "iteration": 5920, "loss": 0.16340866312384605, "lr": 0.000102094241988336, "mse": 0.00013260593095765216, "p_zero": 0.0, "pareto_conflict": 0.9, "pareto_grad_cosine_before": -0.2262886745855212, "pareto_grad_dot_after": 0.0018872254711823188, "pareto_grad_dot_before": -0.054152189986780286, "pareto_primary_grad_norm": 0.548637467622757, "pareto_projected_tke_grad_norm": 0.41172309368848803, "pareto_tke_grad_norm": 0.42867046743631365, "point_rel": 0.07426792550832033, "primary_loss": 0.1083852719515562, "residual_mse": 0.0001326059320490458, "temporal_rel": 0.8884202539920807, "tke_rel": 0.4585282489657402}
TRAIN {"angle_aug_abs_deg": 0.0, "aoa_effective_shift_abs_deg_mean": 0.0, "aoa_meanfield_aug_fraction": 0.0, "aoa_meanfield_lambda_mean": 0.0, "delta_penalty": 3.9895047666504976e-05, "energy_loss": 0.05353529267013073, "grad_rel": 0.49849747568368913, "iteration": 5940, "loss": 0.16455056071281432, "lr": 0.00010157073173118235, "mse": 0.00011827394610008923, "p_zero": 0.0, "pareto_conflict": 0.75, "pareto_grad_cosine_before": -0.17191537998151035, "pareto_grad_dot_after": 0.0051225770976088825, "pareto_grad_dot_before": -0.03816271238029003, "pareto_primary_grad_norm": 0.6196513816714286, "pareto_projected_tke_grad_norm": 0.4368471413850784, "pareto_tke_grad_norm": 0.4520130008459091, "point_rel": 0.07653796933591366, "primary_loss": 0.11101526692509651, "residual_mse": 0.00011827394573629135, "temporal_rel": 0.8987852245569229, "tke_rel": 0.44612744748592376}
TRAIN {"angle_aug_abs_deg": 0.0, "aoa_effective_shift_abs_deg_mean": 0.0, "aoa_meanfield_aug_fraction": 0.0, "aoa_meanfield_lambda_mean": 0.0, "delta_penalty": 4.530317437456688e-05, "energy_loss": 0.0540374742820859, "grad_rel": 0.4985927566885948, "iteration": 5960, "loss": 0.16658883467316626, "lr": 0.00010104717841162491, "mse": 0.00014553543223883025, "p_zero": 0.0, "pareto_conflict": 0.9, "pareto_grad_cosine_before": -0.20135947777889668, "pareto_grad_dot_after": 0.002673542107868343, "pareto_grad_dot_before": -0.04047596955206245, "pareto_primary_grad_norm": 0.523014172911644, "pareto_projected_tke_grad_norm": 0.4059114009141922, "pareto_tke_grad_norm": 0.422133469581604, "point_rel": 0.07832216955721379, "primary_loss": 0.11255136132240295, "residual_mse": 0.00014553543296642603, "temporal_rel": 0.8901911437511444, "tke_rel": 0.45031229555606844}
TRAIN {"angle_aug_abs_deg": 0.0, "aoa_effective_shift_abs_deg_mean": 0.0, "aoa_meanfield_aug_fraction": 0.0, "aoa_meanfield_lambda_mean": 0.0, "delta_penalty": 4.1874696125887564e-05, "energy_loss": 0.054859105870127677, "grad_rel": 0.4946009397506714, "iteration": 5980, "loss": 0.16560958474874496, "lr": 0.00010052359638314222, "mse": 0.0001339607948466437, "p_zero": 0.0, "pareto_conflict": 0.75, "pareto_grad_cosine_before": -0.1677394594065845, "pareto_grad_dot_after": 0.006168409144083853, "pareto_grad_dot_before": -0.04386206725612283, "pareto_primary_grad_norm": 0.723212817311287, "pareto_projected_tke_grad_norm": 0.44218216836452484, "pareto_tke_grad_norm": 0.4569811552762985, "point_rel": 0.07630972824990749, "primary_loss": 0.11075047813355923, "residual_mse": 0.00013396079411904794, "temporal_rel": 0.8993569672107696, "tke_rel": 0.45715922117233276}
TRAIN {"angle_aug_abs_deg": 0.0, "aoa_effective_shift_abs_deg_mean": 0.0, "aoa_meanfield_aug_fraction": 0.0, "aoa_meanfield_lambda_mean": 0.0, "delta_penalty": 4.05235886319133e-05, "energy_loss": 0.053700052201747894, "grad_rel": 0.49348054677248, "iteration": 6000, "loss": 0.16195474565029144, "lr": 0.00010000000000000028, "mse": 0.00011982301311945776, "p_zero": 0.0, "pareto_conflict": 0.85, "pareto_grad_cosine_before": -0.16034843223169445, "pareto_grad_dot_after": 0.011565888476798136, "pareto_grad_dot_before": -0.033184119733050466, "pareto_primary_grad_norm": 0.6323986619710922, "pareto_projected_tke_grad_norm": 0.45276721864938735, "pareto_tke_grad_norm": 0.46693615764379504, "point_rel": 0.07385327816009521, "primary_loss": 0.10825469382107258, "residual_mse": 0.00011982301311945776, "temporal_rel": 0.8987483888864517, "tke_rel": 0.44750044494867325}
EVAL_TOP {"alpha": 1.0, "best_bound_abs": 0.0075, "best_bound_rel": 0.0075, "best_bounds": [{"abs": 0.0075, "coverage": 0.8245021629333497, "final_est": 81.77784473484928, "rel": 0.0075, "sps_raw": 0.47846412885189055, "sps_score_linear": 47.846412885189054, "sps_score_used": 47.846412885189054}], "best_final_est": 81.77784473484928, "iteration": 6000, "mean_t_neural_s": 0.01762683533, "mvpe": 0.07311855312436819, "mvpe_score": 96.4730163157253, "n": 640, "rel_l2": 0.08278324585407973, "rel_l2_score": 96.02535472575624, "time_score": 86.54248999999716, "tke": 0.43896639794111253, "tke_score": 82.00194974757864}
TRAIN {"angle_aug_abs_deg": 0.0, "aoa_effective_shift_abs_deg_mean": 0.0, "aoa_meanfield_aug_fraction": 0.0, "aoa_meanfield_lambda_mean": 0.0, "delta_penalty": 4.712997078968328e-05, "energy_loss": 0.05362659189850092, "grad_rel": 0.5048876881599427, "iteration": 6020, "loss": 0.1662382684648037, "lr": 9.947640361685834e-05, "mse": 0.00015006414068921003, "p_zero": 0.0, "pareto_conflict": 0.8, "pareto_grad_cosine_before": -0.13866929952055215, "pareto_grad_dot_after": 0.002909315883698582, "pareto_grad_dot_before": -0.037151268869638446, "pareto_primary_grad_norm": 0.6989941135048866, "pareto_projected_tke_grad_norm": 0.42284021377563474, "pareto_tke_grad_norm": 0.4319213956594467, "point_rel": 0.07825385909527541, "primary_loss": 0.11261167638003826, "residual_mse": 0.00015006414068921003, "temporal_rel": 0.8912846982479096, "tke_rel": 0.44688827395439146}
TRAIN {"angle_aug_abs_deg": 0.0, "aoa_effective_shift_abs_deg_mean": 0.0, "aoa_meanfield_aug_fraction": 0.0, "aoa_meanfield_lambda_mean": 0.0, "delta_penalty": 4.267363829058013e-05, "energy_loss": 0.0528864111751318, "grad_rel": 0.49502520114183424, "iteration": 6040, "loss": 0.16172488480806352, "lr": 9.895282158837571e-05, "mse": 0.00012471206500777043, "p_zero": 0.0, "pareto_conflict": 0.65, "pareto_grad_cosine_before": -0.06286074849776924, "pareto_grad_dot_after": 0.019776863088191023, "pareto_grad_dot_before": -0.01907739550806582, "pareto_primary_grad_norm": 1.0502821400761604, "pareto_projected_tke_grad_norm": 0.4124976843595505, "pareto_tke_grad_norm": 0.41793831884860994, "point_rel": 0.07429062947630882, "primary_loss": 0.10883847363293171, "residual_mse": 0.00012471206646296195, "temporal_rel": 0.9028066158294678, "tke_rel": 0.44072010070085527}
TRAIN {"angle_aug_abs_deg": 0.0, "aoa_effective_shift_abs_deg_mean": 0.0, "aoa_meanfield_aug_fraction": 0.0, "aoa_meanfield_lambda_mean": 0.0, "delta_penalty": 4.150504764766083e-05, "energy_loss": 0.055536525510251525, "grad_rel": 0.5053960919380188, "iteration": 6060, "loss": 0.16838113442063332, "lr": 9.842926826881815e-05, "mse": 0.00013091807995806447, "p_zero": 0.0, "pareto_conflict": 0.7, "pareto_grad_cosine_before": -0.12036031596362591, "pareto_grad_dot_after": 0.012382305473693123, "pareto_grad_dot_before": -0.04037312343716622, "pareto_primary_grad_norm": 0.7027291789650917, "pareto_projected_tke_grad_norm": 0.43038096129894254, "pareto_tke_grad_norm": 0.44326381534338, "point_rel": 0.07836261466145515, "primary_loss": 0.11284460835158824, "residual_mse": 0.00013091807923046873, "temporal_rel": 0.8953649222850799, "tke_rel": 0.462804388999939}
TRAIN {"angle_aug_abs_deg": 0.0, "aoa_effective_shift_abs_deg_mean": 0.0, "aoa_meanfield_aug_fraction": 0.0, "aoa_meanfield_lambda_mean": 0.0, "delta_penalty": 4.071999346706434e-05, "energy_loss": 0.05568099897354841, "grad_rel": 0.49325651973485946, "iteration": 6080, "loss": 0.16467232629656792, "lr": 9.790575801166451e-05, "mse": 0.00011721849878085778, "p_zero": 0.0, "pareto_conflict": 0.8, "pareto_grad_cosine_before": -0.13372121723368763, "pareto_grad_dot_after": 0.0079783400406086, "pareto_grad_dot_before": -0.039012901741079985, "pareto_primary_grad_norm": 0.6191961467266083, "pareto_projected_tke_grad_norm": 0.43805294036865233, "pareto_tke_grad_norm": 0.44944562166929247, "point_rel": 0.07420550789684058, "primary_loss": 0.10899132676422596, "residual_mse": 0.000117218498053262, "temporal_rel": 0.9116997718811035, "tke_rel": 0.46400833278894427}
TRAIN {"angle_aug_abs_deg": 0.0, "aoa_effective_shift_abs_deg_mean": 0.0, "aoa_meanfield_aug_fraction": 0.0, "aoa_meanfield_lambda_mean": 0.0, "delta_penalty": 4.3229023594903994e-05, "energy_loss": 0.05345453880727291, "grad_rel": 0.5006298094987869, "iteration": 6100, "loss": 0.1647380642592907, "lr": 9.738230516921287e-05, "mse": 0.00014148323971312492, "p_zero": 0.0, "pareto_conflict": 0.85, "pareto_grad_cosine_before": -0.18081440702080726, "pareto_grad_dot_after": 0.006526767146533529, "pareto_grad_dot_before": -0.03411024296656251, "pareto_primary_grad_norm": 0.7280634731054306, "pareto_projected_tke_grad_norm": 0.4129390776157379, "pareto_tke_grad_norm": 0.4244877651333809, "point_rel": 0.07709313705563545, "primary_loss": 0.11128352731466293, "residual_mse": 0.00014148323971312492, "temporal_rel": 0.8879211455583572, "tke_rel": 0.44545450061559677}
TRAIN {"angle_aug_abs_deg": 0.0, "aoa_effective_shift_abs_deg_mean": 0.0, "aoa_meanfield_aug_fraction": 0.0, "aoa_meanfield_lambda_mean": 0.0, "delta_penalty": 4.0793876451061806e-05, "energy_loss": 0.05326163545250893, "grad_rel": 0.4897366434335709, "iteration": 6120, "loss": 0.16192677319049836, "lr": 9.685892409218733e-05, "mse": 0.00011877453380293446, "p_zero": 0.0, "pareto_conflict": 0.95, "pareto_grad_cosine_before": -0.1758482866862323, "pareto_grad_dot_after": 0.0007695764597883681, "pareto_grad_dot_before": -0.0522126535885036, "pareto_primary_grad_norm": 0.9119539350271225, "pareto_projected_tke_grad_norm": 0.4233797401189804, "pareto_tke_grad_norm": 0.43871267735958097, "point_rel": 0.07442396134138107, "primary_loss": 0.10866513773798943, "residual_mse": 0.00011877453434863127, "temporal_rel": 0.8952893674373626, "tke_rel": 0.4438469737768173}
TRAIN {"angle_aug_abs_deg": 0.0, "aoa_effective_shift_abs_deg_mean": 0.0, "aoa_meanfield_aug_fraction": 0.0, "aoa_meanfield_lambda_mean": 0.0, "delta_penalty": 4.0058658305497376e-05, "energy_loss": 0.051976727321743965, "grad_rel": 0.4842408984899521, "iteration": 6140, "loss": 0.15856631770730018, "lr": 9.633562912934455e-05, "mse": 0.00010889305704040453, "p_zero": 0.0, "pareto_conflict": 0.85, "pareto_grad_cosine_before": -0.19908863274613395, "pareto_grad_dot_after": 0.004175552879132738, "pareto_grad_dot_before": -0.05021848554606549, "pareto_primary_grad_norm": 0.7352549239993096, "pareto_projected_tke_grad_norm": 0.4140297964215279, "pareto_tke_grad_norm": 0.4327932074666023, "point_rel": 0.07251728624105454, "primary_loss": 0.10658958964049817, "residual_mse": 0.0001088930564947077, "temporal_rel": 0.8925073951482773, "tke_rel": 0.43313940018415453}
TRAIN {"angle_aug_abs_deg": 0.0, "aoa_effective_shift_abs_deg_mean": 0.0, "aoa_meanfield_aug_fraction": 0.0, "aoa_meanfield_lambda_mean": 0.0, "delta_penalty": 4.053419961564941e-05, "energy_loss": 0.05279867351055145, "grad_rel": 0.4956826865673065, "iteration": 6160, "loss": 0.1611592598259449, "lr": 9.58124346270802e-05, "mse": 0.0001229687542945612, "p_zero": 0.0, "pareto_conflict": 0.85, "pareto_grad_cosine_before": -0.17641889452934265, "pareto_grad_dot_after": 0.005886617851592746, "pareto_grad_dot_before": -0.04927853180561215, "pareto_primary_grad_norm": 0.7520257696509361, "pareto_projected_tke_grad_norm": 0.4249682232737541, "pareto_tke_grad_norm": 0.4415553256869316, "point_rel": 0.07394349817186593, "primary_loss": 0.10836058519780636, "residual_mse": 0.00012296875574975276, "temporal_rel": 0.8981381595134735, "tke_rel": 0.43998895585536957}
TRAIN {"angle_aug_abs_deg": 0.0, "aoa_effective_shift_abs_deg_mean": 0.0, "aoa_meanfield_aug_fraction": 0.0, "aoa_meanfield_lambda_mean": 0.0, "delta_penalty": 4.314902071200777e-05, "energy_loss": 0.053113877214491366, "grad_rel": 0.49110393673181535, "iteration": 6180, "loss": 0.16276532784104347, "lr": 9.528935492903587e-05, "mse": 0.00012396394213283203, "p_zero": 0.0, "pareto_conflict": 0.9, "pareto_grad_cosine_before": -0.19131764825433492, "pareto_grad_dot_after": 0.0029915830002209985, "pareto_grad_dot_before": -0.051931032072752716, "pareto_primary_grad_norm": 0.6458788469433785, "pareto_projected_tke_grad_norm": 0.4345927521586418, "pareto_tke_grad_norm": 0.448676697909832, "point_rel": 0.07555569447577, "primary_loss": 0.10965145118534565, "residual_mse": 0.00012396394286042777, "temporal_rel": 0.8897049099206924, "tke_rel": 0.4426156520843506}
TRAIN {"angle_aug_abs_deg": 0.0, "aoa_effective_shift_abs_deg_mean": 0.0, "aoa_meanfield_aug_fraction": 0.0, "aoa_meanfield_lambda_mean": 0.0, "delta_penalty": 4.375170119601535e-05, "energy_loss": 0.05396681241691113, "grad_rel": 0.4951352789998055, "iteration": 6200, "loss": 0.163435847312212, "lr": 9.476640437570575e-05, "mse": 0.0001305670310102869, "p_zero": 0.0, "pareto_conflict": 0.7, "pareto_grad_cosine_before": -0.128777820058167, "pareto_grad_dot_after": 0.008914527090564662, "pareto_grad_dot_before": -0.039084336068481204, "pareto_primary_grad_norm": 0.6663208425045013, "pareto_projected_tke_grad_norm": 0.4238956496119499, "pareto_tke_grad_norm": 0.4389189466834068, "point_rel": 0.07516227588057518, "primary_loss": 0.10946903415024281, "residual_mse": 0.0001305670310102869, "temporal_rel": 0.894656166434288, "tke_rel": 0.44972344636917116}
TRAIN {"angle_aug_abs_deg": 0.0, "aoa_effective_shift_abs_deg_mean": 0.0, "aoa_meanfield_aug_fraction": 0.0, "aoa_meanfield_lambda_mean": 0.0, "delta_penalty": 4.441681703610811e-05, "energy_loss": 0.053328013978898525, "grad_rel": 0.5011619403958321, "iteration": 6220, "loss": 0.16558451056480408, "lr": 9.424359730404338e-05, "mse": 0.00013711173269257416, "p_zero": 0.0, "pareto_conflict": 0.85, "pareto_grad_cosine_before": -0.0973968842998147, "pareto_grad_dot_after": 0.005247721527302929, "pareto_grad_dot_before": -0.026003507291898133, "pareto_primary_grad_norm": 0.7002355486154557, "pareto_projected_tke_grad_norm": 0.4232932075858116, "pareto_tke_grad_norm": 0.4286763802170753, "point_rel": 0.07796220257878303, "primary_loss": 0.11225649565458298, "residual_mse": 0.00013711173196497838, "temporal_rel": 0.8911614745855332, "tke_rel": 0.4444001242518425}
TRAIN {"angle_aug_abs_deg": 0.0, "aoa_effective_shift_abs_deg_mean": 0.0, "aoa_meanfield_aug_fraction": 0.0, "aoa_meanfield_lambda_mean": 0.0, "delta_penalty": 4.148864927628892e-05, "energy_loss": 0.052753543481230736, "grad_rel": 0.491947403550148, "iteration": 6240, "loss": 0.16194028705358504, "lr": 9.372094804706878e-05, "mse": 0.00011976323658018373, "p_zero": 0.0, "pareto_conflict": 1.0, "pareto_grad_cosine_before": -0.2637733094394207, "pareto_grad_dot_after": -1.2516466085799039e-09, "pareto_grad_dot_before": -0.057888845447450876, "pareto_primary_grad_norm": 0.5252714857459069, "pareto_projected_tke_grad_norm": 0.4168046861886978, "pareto_tke_grad_norm": 0.4351895287632942, "point_rel": 0.07514362223446369, "primary_loss": 0.10918674319982528, "residual_mse": 0.00011976323767157738, "temporal_rel": 0.8875716775655746, "tke_rel": 0.4396128714084625}
TRAIN {"angle_aug_abs_deg": 0.0, "aoa_effective_shift_abs_deg_mean": 0.0, "aoa_meanfield_aug_fraction": 0.0, "aoa_meanfield_lambda_mean": 0.0, "delta_penalty": 4.269776445653406e-05, "energy_loss": 0.054111546650528905, "grad_rel": 0.4918568879365921, "iteration": 6260, "loss": 0.1638541467487812, "lr": 9.319847093347529e-05, "mse": 0.00013357679199543782, "p_zero": 0.0, "pareto_conflict": 0.9, "pareto_grad_cosine_before": -0.19633827097713946, "pareto_grad_dot_after": 0.0064955632062265066, "pareto_grad_dot_before": -0.04360154806636274, "pareto_primary_grad_norm": 0.5055163383483887, "pareto_projected_tke_grad_norm": 0.4254801794886589, "pareto_tke_grad_norm": 0.44255688935518267, "point_rel": 0.07539279758930206, "primary_loss": 0.10974259935319423, "residual_mse": 0.00013357679345062933, "temporal_rel": 0.897700747847557, "tke_rel": 0.4509295627474785}
TRAIN {"angle_aug_abs_deg": 0.0, "aoa_effective_shift_abs_deg_mean": 0.0, "aoa_meanfield_aug_fraction": 0.0, "aoa_meanfield_lambda_mean": 0.0, "delta_penalty": 4.538576531558647e-05, "energy_loss": 0.054268383607268336, "grad_rel": 0.5029819279909133, "iteration": 6280, "loss": 0.16638124510645866, "lr": 9.267618028723694e-05, "mse": 0.0001408194768373505, "p_zero": 0.0, "pareto_conflict": 0.85, "pareto_grad_cosine_before": -0.18971002956386657, "pareto_grad_dot_after": 0.008817253226970934, "pareto_grad_dot_before": -0.04149106747354381, "pareto_primary_grad_norm": 0.6715450257062912, "pareto_projected_tke_grad_norm": 0.4042406424880028, "pareto_tke_grad_norm": 0.42284825444221497, "point_rel": 0.07770113535225391, "primary_loss": 0.11211286149919034, "residual_mse": 0.00014081948011153146, "temporal_rel": 0.8941281288862228, "tke_rel": 0.45223654210567477}
TRAIN {"angle_aug_abs_deg": 0.0, "aoa_effective_shift_abs_deg_mean": 0.0, "aoa_meanfield_aug_fraction": 0.0, "aoa_meanfield_lambda_mean": 0.0, "delta_penalty": 4.53674482741917e-05, "energy_loss": 0.05423384252935648, "grad_rel": 0.5000356167554856, "iteration": 6300, "loss": 0.1670878142118454, "lr": 9.215409042721559e-05, "mse": 0.0001424343232429237, "p_zero": 0.0, "pareto_conflict": 0.95, "pareto_grad_cosine_before": -0.20511148059740664, "pareto_grad_dot_after": 0.0055469769336923495, "pareto_grad_dot_before": -0.050664876494556664, "pareto_primary_grad_norm": 0.6455016180872917, "pareto_projected_tke_grad_norm": 0.4164877042174339, "pareto_tke_grad_norm": 0.4295308470726013, "point_rel": 0.07840792946517468, "primary_loss": 0.11285397484898567, "residual_mse": 0.000142434322333429, "temporal_rel": 0.8967291086912155, "tke_rel": 0.4519486978650093}
TRAIN {"angle_aug_abs_deg": 0.0, "aoa_effective_shift_abs_deg_mean": 0.0, "aoa_meanfield_aug_fraction": 0.0, "aoa_meanfield_lambda_mean": 0.0, "delta_penalty": 4.382223341963254e-05, "energy_loss": 0.053578601218760014, "grad_rel": 0.4963750645518303, "iteration": 6320, "loss": 0.16376291438937188, "lr": 9.163221566676853e-05, "mse": 0.0001317478870987543, "p_zero": 0.0, "pareto_conflict": 0.95, "pareto_grad_cosine_before": -0.2624252011999488, "pareto_grad_dot_after": 0.0005304473665091791, "pareto_grad_dot_before": -0.06342253778129817, "pareto_primary_grad_norm": 0.5983085781335831, "pareto_projected_tke_grad_norm": 0.40495952516794204, "pareto_tke_grad_norm": 0.4273380354046822, "point_rel": 0.07573716603219509, "primary_loss": 0.11018431298434735, "residual_mse": 0.00013174788637115853, "temporal_rel": 0.8987040638923645, "tke_rel": 0.4464883506298065}
TRAIN {"angle_aug_abs_deg": 0.0, "aoa_effective_shift_abs_deg_mean": 0.0, "aoa_meanfield_aug_fraction": 0.0, "aoa_meanfield_lambda_mean": 0.0, "delta_penalty": 4.555332861855277e-05, "energy_loss": 0.054316718503832816, "grad_rel": 0.5033735126256943, "iteration": 6340, "loss": 0.16620316877961158, "lr": 9.11105703133559e-05, "mse": 0.00015376484516309573, "p_zero": 0.0, "pareto_conflict": 1.0, "pareto_grad_cosine_before": -0.2083646262763068, "pareto_grad_dot_after": -1.2035343388561159e-09, "pareto_grad_dot_before": -0.04541440968168899, "pareto_primary_grad_norm": 0.6045286670327187, "pareto_projected_tke_grad_norm": 0.3820405572652817, "pareto_tke_grad_norm": 0.39621597677469256, "point_rel": 0.0775934100151062, "primary_loss": 0.11188645176589489, "residual_mse": 0.0001537648480734788, "temporal_rel": 0.8898466289043426, "tke_rel": 0.4526393339037895}
TRAIN {"angle_aug_abs_deg": 0.0, "aoa_effective_shift_abs_deg_mean": 0.0, "aoa_meanfield_aug_fraction": 0.0, "aoa_meanfield_lambda_mean": 0.0, "delta_penalty": 4.2393830426590284e-05, "energy_loss": 0.05422738417983055, "grad_rel": 0.5007427915930748, "iteration": 6360, "loss": 0.1659041650593281, "lr": 9.058916866814863e-05, "mse": 0.00012601176276803017, "p_zero": 0.0, "pareto_conflict": 0.7, "pareto_grad_cosine_before": -0.13360872585326433, "pareto_grad_dot_after": 0.0057044635750571615, "pareto_grad_dot_before": -0.03328929946292192, "pareto_primary_grad_norm": 0.6251480922102928, "pareto_projected_tke_grad_norm": 0.42171512842178344, "pareto_tke_grad_norm": 0.43216798901557923, "point_rel": 0.07733684368431568, "primary_loss": 0.11167678125202656, "residual_mse": 0.0001260117642232217, "temporal_rel": 0.8930048674345017, "tke_rel": 0.45189487636089326}
TRAIN {"angle_aug_abs_deg": 0.0, "aoa_effective_shift_abs_deg_mean": 0.0, "aoa_meanfield_aug_fraction": 0.0, "aoa_meanfield_lambda_mean": 0.0, "delta_penalty": 4.167461474935408e-05, "energy_loss": 0.05443335510790348, "grad_rel": 0.4936374381184578, "iteration": 6380, "loss": 0.1641395203769207, "lr": 9.006802502563612e-05, "mse": 0.00012844257544202263, "p_zero": 0.0, "pareto_conflict": 0.9, "pareto_grad_cosine_before": -0.19371263631619512, "pareto_grad_dot_after": 0.009559465005168022, "pareto_grad_dot_before": -0.043296322497189975, "pareto_primary_grad_norm": 0.7589319124817848, "pareto_projected_tke_grad_norm": 0.4100519597530365, "pareto_tke_grad_norm": 0.42548773884773256, "point_rel": 0.07512415628880262, "primary_loss": 0.10970616564154625, "residual_mse": 0.00012844257780670888, "temporal_rel": 0.9046027958393097, "tke_rel": 0.4536113038659096}
TRAIN {"angle_aug_abs_deg": 0.0, "aoa_effective_shift_abs_deg_mean": 0.0, "aoa_meanfield_aug_fraction": 0.0, "aoa_meanfield_lambda_mean": 0.0, "delta_penalty": 3.967989750890411e-05, "energy_loss": 0.054061077907681464, "grad_rel": 0.4914840802550316, "iteration": 6400, "loss": 0.16045428812503815, "lr": 8.954715367323466e-05, "mse": 0.00011378025701560545, "p_zero": 0.0, "pareto_conflict": 0.95, "pareto_grad_cosine_before": -0.21166935414075852, "pareto_grad_dot_after": 0.0015545759782980896, "pareto_grad_dot_before": -0.05238783275708556, "pareto_primary_grad_norm": 0.6901191055774689, "pareto_projected_tke_grad_norm": 0.4194203242659569, "pareto_tke_grad_norm": 0.43606574833393097, "point_rel": 0.07202039677649737, "primary_loss": 0.10639321058988571, "residual_mse": 0.00011378025701560545, "temporal_rel": 0.8988541692495347, "tke_rel": 0.45050899535417555}
TRAIN {"angle_aug_abs_deg": 0.0, "aoa_effective_shift_abs_deg_mean": 0.0, "aoa_meanfield_aug_fraction": 0.0, "aoa_meanfield_lambda_mean": 0.0, "delta_penalty": 4.980893190804636e-05, "energy_loss": 0.053386300802230835, "grad_rel": 0.506951381266117, "iteration": 6420, "loss": 0.16839991882443428, "lr": 8.902656889089549e-05, "mse": 0.00015937969474180135, "p_zero": 0.0, "pareto_conflict": 0.9, "pareto_grad_cosine_before": -0.1840138953179121, "pareto_grad_dot_after": 0.0033796847323174007, "pareto_grad_dot_before": -0.03834302474278957, "pareto_primary_grad_norm": 0.5641734972596169, "pareto_projected_tke_grad_norm": 0.4203270122408867, "pareto_tke_grad_norm": 0.432185098528862, "point_rel": 0.08072608169168234, "primary_loss": 0.1150136187672615, "residual_mse": 0.00015937969546939713, "temporal_rel": 0.8878151774406433, "tke_rel": 0.4448858484625816}
TRAIN {"angle_aug_abs_deg": 0.0, "aoa_effective_shift_abs_deg_mean": 0.0, "aoa_meanfield_aug_fraction": 0.0, "aoa_meanfield_lambda_mean": 0.0, "delta_penalty": 4.2498527636780634e-05, "energy_loss": 0.053514889627695086, "grad_rel": 0.4976520583033562, "iteration": 6440, "loss": 0.16399530619382857, "lr": 8.850628495071337e-05, "mse": 0.00013082174700684845, "p_zero": 0.0, "pareto_conflict": 0.95, "pareto_grad_cosine_before": -0.18842875622212887, "pareto_grad_dot_after": 0.000996022941035335, "pareto_grad_dot_before": -0.04247753862291574, "pareto_primary_grad_norm": 0.6314330905675888, "pareto_projected_tke_grad_norm": 0.41907174438238143, "pareto_tke_grad_norm": 0.4327390968799591, "point_rel": 0.07602901719510555, "primary_loss": 0.11048041582107544, "residual_mse": 0.00013082174500596012, "temporal_rel": 0.8982173085212708, "tke_rel": 0.4459574267268181}
TRAIN {"angle_aug_abs_deg": 0.0, "aoa_effective_shift_abs_deg_mean": 0.0, "aoa_meanfield_aug_fraction": 0.0, "aoa_meanfield_lambda_mean": 0.0, "delta_penalty": 4.01092474021425e-05, "energy_loss": 0.05460044555366039, "grad_rel": 0.49405989795923233, "iteration": 6460, "loss": 0.16322247982025145, "lr": 8.798631611653533e-05, "mse": 0.00012044023860653396, "p_zero": 0.0, "pareto_conflict": 0.9, "pareto_grad_cosine_before": -0.15968932037940248, "pareto_grad_dot_after": 0.002081805597572384, "pareto_grad_dot_before": -0.033449933491647245, "pareto_primary_grad_norm": 0.6636797755956649, "pareto_projected_tke_grad_norm": 0.414057619869709, "pareto_tke_grad_norm": 0.42611633986234665, "point_rel": 0.07430465891957283, "primary_loss": 0.10862203165888787, "residual_mse": 0.00012044023860653396, "temporal_rel": 0.8956513404846191, "tke_rel": 0.4550037235021591}
TRAIN {"angle_aug_abs_deg": 0.0, "aoa_effective_shift_abs_deg_mean": 0.0, "aoa_meanfield_aug_fraction": 0.0, "aoa_meanfield_lambda_mean": 0.0, "delta_penalty": 4.3959295999229654e-05, "energy_loss": 0.05452244132757187, "grad_rel": 0.4989170655608177, "iteration": 6480, "loss": 0.16497213169932365, "lr": 8.746667664356963e-05, "mse": 0.0001414036470123392, "p_zero": 0.0, "pareto_conflict": 0.85, "pareto_grad_cosine_before": -0.2056104618124664, "pareto_grad_dot_after": 0.0033247619210669656, "pareto_grad_dot_before": -0.041806115140207115, "pareto_primary_grad_norm": 0.5344524413347245, "pareto_projected_tke_grad_norm": 0.40713831782341003, "pareto_tke_grad_norm": 0.4263766899704933, "point_rel": 0.0759302768856287, "primary_loss": 0.11044969037175179, "residual_mse": 0.0001414036470123392, "temporal_rel": 0.8997453361749649, "tke_rel": 0.45435368865728376}
TRAIN {"angle_aug_abs_deg": 0.0, "aoa_effective_shift_abs_deg_mean": 0.0, "aoa_meanfield_aug_fraction": 0.0, "aoa_meanfield_lambda_mean": 0.0, "delta_penalty": 4.561471650958993e-05, "energy_loss": 0.05557204317301512, "grad_rel": 0.5015348270535469, "iteration": 6500, "loss": 0.16784364655613898, "lr": 8.694738077799488e-05, "mse": 0.00015358869422925635, "p_zero": 0.0, "pareto_conflict": 0.95, "pareto_grad_cosine_before": -0.262383973505348, "pareto_grad_dot_after": 0.001473583697406866, "pareto_grad_dot_before": -0.05296766338869929, "pareto_primary_grad_norm": 0.5027461633086204, "pareto_projected_tke_grad_norm": 0.41205636560916903, "pareto_tke_grad_norm": 0.4362036883831024, "point_rel": 0.07763256561011075, "primary_loss": 0.1122716035693884, "residual_mse": 0.0001535886935016606, "temporal_rel": 0.9023008972406388, "tke_rel": 0.46310036927461623}
TRAIN {"angle_aug_abs_deg": 0.0, "aoa_effective_shift_abs_deg_mean": 0.0, "aoa_meanfield_aug_fraction": 0.0, "aoa_meanfield_lambda_mean": 0.0, "delta_penalty": 4.47463698037609e-05, "energy_loss": 0.05388585012406111, "grad_rel": 0.5026152923703193, "iteration": 6520, "loss": 0.1664036765694618, "lr": 8.642844275656959e-05, "mse": 0.00014085015518503497, "p_zero": 0.0, "pareto_conflict": 0.95, "pareto_grad_cosine_before": -0.19848393127322198, "pareto_grad_dot_after": 0.00564867059711105, "pareto_grad_dot_before": -0.04764923267066479, "pareto_primary_grad_norm": 0.6786407232284546, "pareto_projected_tke_grad_norm": 0.45346280485391616, "pareto_tke_grad_norm": 0.4669680088758469, "point_rel": 0.07803017534315586, "primary_loss": 0.11251782663166524, "residual_mse": 0.0001408501540936413, "temporal_rel": 0.8968423813581466, "tke_rel": 0.44904876351356504}
TRAIN {"angle_aug_abs_deg": 0.0, "aoa_effective_shift_abs_deg_mean": 0.0, "aoa_meanfield_aug_fraction": 0.0, "aoa_meanfield_lambda_mean": 0.0, "delta_penalty": 4.1414671522943534e-05, "energy_loss": 0.0517565356567502, "grad_rel": 0.48572800159454343, "iteration": 6540, "loss": 0.15699958726763724, "lr": 8.590987680624175e-05, "mse": 0.0001176840631160303, "p_zero": 0.0, "pareto_conflict": 0.8, "pareto_grad_cosine_before": -0.1893657914362848, "pareto_grad_dot_after": 0.006379842032947636, "pareto_grad_dot_before": -0.0509707315126434, "pareto_primary_grad_norm": 0.5901502177119256, "pareto_projected_tke_grad_norm": 0.43879557251930235, "pareto_tke_grad_norm": 0.456842252612114, "point_rel": 0.07119641825556755, "primary_loss": 0.10524305030703544, "residual_mse": 0.00011768406420742394, "temporal_rel": 0.8908192336559295, "tke_rel": 0.43130447417497636}
TRAIN {"angle_aug_abs_deg": 0.0, "aoa_effective_shift_abs_deg_mean": 0.0, "aoa_meanfield_aug_fraction": 0.0, "aoa_meanfield_lambda_mean": 0.0, "delta_penalty": 4.448841864359565e-05, "energy_loss": 0.05310984775424003, "grad_rel": 0.5064733415842056, "iteration": 6560, "loss": 0.16636522859334946, "lr": 8.539169714375887e-05, "mse": 0.00013524991982194479, "p_zero": 0.0, "pareto_conflict": 0.8, "pareto_grad_cosine_before": -0.1881391697563231, "pareto_grad_dot_after": 0.0032497256378519524, "pareto_grad_dot_before": -0.042276822053827344, "pareto_primary_grad_norm": 0.6251014694571495, "pareto_projected_tke_grad_norm": 0.3972683146595955, "pareto_tke_grad_norm": 0.4107028886675835, "point_rel": 0.07870705388486385, "primary_loss": 0.11325537860393524, "residual_mse": 0.0001352499185486522, "temporal_rel": 0.8969920009374619, "tke_rel": 0.44258207380771636}
TRAIN {"angle_aug_abs_deg": 0.0, "aoa_effective_shift_abs_deg_mean": 0.0, "aoa_meanfield_aug_fraction": 0.0, "aoa_meanfield_lambda_mean": 0.0, "delta_penalty": 4.138966560276458e-05, "energy_loss": 0.05297938324511051, "grad_rel": 0.4952640190720558, "iteration": 6580, "loss": 0.16238819509744645, "lr": 8.487391797527808e-05, "mse": 0.0001119022354032495, "p_zero": 0.0, "pareto_conflict": 0.9, "pareto_grad_cosine_before": -0.20010585756972432, "pareto_grad_dot_after": 0.005019221211296099, "pareto_grad_dot_before": -0.04666867721825838, "pareto_primary_grad_norm": 0.6503753900527954, "pareto_projected_tke_grad_norm": 0.40383153706789016, "pareto_tke_grad_norm": 0.41679004579782486, "point_rel": 0.07504679430276155, "primary_loss": 0.10940881371498108, "residual_mse": 0.00011190223485755269, "temporal_rel": 0.8966219812631607, "tke_rel": 0.44149486869573595}
TRAIN {"angle_aug_abs_deg": 0.0, "aoa_effective_shift_abs_deg_mean": 0.0, "aoa_meanfield_aug_fraction": 0.0, "aoa_meanfield_lambda_mean": 0.0, "delta_penalty": 4.3647865004459165e-05, "energy_loss": 0.05310239549726248, "grad_rel": 0.4856576919555664, "iteration": 6600, "loss": 0.15876860097050666, "lr": 8.435655349597689e-05, "mse": 0.00013061666541034356, "p_zero": 0.0, "pareto_conflict": 0.75, "pareto_grad_cosine_before": -0.12083575391443446, "pareto_grad_dot_after": 0.005136990150458587, "pareto_grad_dot_before": -0.02962033689254895, "pareto_primary_grad_norm": 0.7470513790845871, "pareto_projected_tke_grad_norm": 0.4294991359114647, "pareto_tke_grad_norm": 0.43828320056200026, "point_rel": 0.07152448948472738, "primary_loss": 0.10566620752215386, "residual_mse": 0.00013061666541034356, "temporal_rel": 0.8938931822776794, "tke_rel": 0.44251997023820877}
TRAIN {"angle_aug_abs_deg": 0.0, "aoa_effective_shift_abs_deg_mean": 0.0, "aoa_meanfield_aug_fraction": 0.0, "aoa_meanfield_lambda_mean": 0.0, "delta_penalty": 4.103199526070966e-05, "energy_loss": 0.05312984306365252, "grad_rel": 0.49785479009151457, "iteration": 6620, "loss": 0.16248669028282164, "lr": 8.383961788966387e-05, "mse": 0.00012347210831649137, "p_zero": 0.0, "pareto_conflict": 0.85, "pareto_grad_cosine_before": -0.20541616013506428, "pareto_grad_dot_after": 0.0012599209770996823, "pareto_grad_dot_before": -0.04629350040922873, "pareto_primary_grad_norm": 0.5724778801202774, "pareto_projected_tke_grad_norm": 0.4135620340704918, "pareto_tke_grad_norm": 0.42779733836650846, "point_rel": 0.07500803265720606, "primary_loss": 0.10935684628784656, "residual_mse": 0.0001234721072250977, "temporal_rel": 0.8947710216045379, "tke_rel": 0.4427487015724182}
TRAIN {"angle_aug_abs_deg": 0.0, "aoa_effective_shift_abs_deg_mean": 0.0, "aoa_meanfield_aug_fraction": 0.0, "aoa_meanfield_lambda_mean": 0.0, "delta_penalty": 3.998269667135901e-05, "energy_loss": 0.05242816880345345, "grad_rel": 0.49279005229473116, "iteration": 6640, "loss": 0.1625121332705021, "lr": 8.332312532838977e-05, "mse": 0.0001160938831162639, "p_zero": 0.0, "pareto_conflict": 0.9, "pareto_grad_cosine_before": -0.1960603291168809, "pareto_grad_dot_after": 0.0023939324251841753, "pareto_grad_dot_before": -0.045844726450741294, "pareto_primary_grad_norm": 0.6672487407922745, "pareto_projected_tke_grad_norm": 0.4148172914981842, "pareto_tke_grad_norm": 0.4265642583370209, "point_rel": 0.07591582629829645, "primary_loss": 0.11008396409451962, "residual_mse": 0.00011609388384385966, "temporal_rel": 0.8913553476333618, "tke_rel": 0.43690141290426254}
TRAIN {"angle_aug_abs_deg": 0.0, "aoa_effective_shift_abs_deg_mean": 0.0, "aoa_meanfield_aug_fraction": 0.0, "aoa_meanfield_lambda_mean": 0.0, "delta_penalty": 4.657056160795037e-05, "energy_loss": 0.054464701749384406, "grad_rel": 0.5029652878642082, "iteration": 6660, "loss": 0.1678718514740467, "lr": 8.280708997205905e-05, "mse": 0.00014537110764649696, "p_zero": 0.0, "pareto_conflict": 0.95, "pareto_grad_cosine_before": -0.17352933245711027, "pareto_grad_dot_after": 0.0034468312810076894, "pareto_grad_dot_before": -0.044740335550159216, "pareto_primary_grad_norm": 0.636905962228775, "pareto_projected_tke_grad_norm": 0.4032875165343285, "pareto_tke_grad_norm": 0.41618389934301375, "point_rel": 0.07886102627962828, "primary_loss": 0.11340714916586876, "residual_mse": 0.00014537110619130544, "temporal_rel": 0.8985700726509094, "tke_rel": 0.4538725271821022}
TRAIN {"angle_aug_abs_deg": 0.0, "aoa_effective_shift_abs_deg_mean": 0.0, "aoa_meanfield_aug_fraction": 0.0, "aoa_meanfield_lambda_mean": 0.0, "delta_penalty": 4.440244056240772e-05, "energy_loss": 0.05432054847478866, "grad_rel": 0.5005329340696335, "iteration": 6680, "loss": 0.1654205061495304, "lr": 8.229152596804175e-05, "mse": 0.0001415613885910716, "p_zero": 0.0, "pareto_conflict": 0.85, "pareto_grad_cosine_before": -0.17261729901656508, "pareto_grad_dot_after": 0.002898982637725567, "pareto_grad_dot_before": -0.04438486788421869, "pareto_primary_grad_norm": 0.6913136497139931, "pareto_projected_tke_grad_norm": 0.4192391112446785, "pareto_tke_grad_norm": 0.43218621611595154, "point_rel": 0.07662401609122753, "primary_loss": 0.11109995543956756, "residual_mse": 0.0001415613885910716, "temporal_rel": 0.8974863171577454, "tke_rel": 0.4526712507009506}
TRAIN {"angle_aug_abs_deg": 0.0, "aoa_effective_shift_abs_deg_mean": 0.0, "aoa_meanfield_aug_fraction": 0.0, "aoa_meanfield_lambda_mean": 0.0, "delta_penalty": 4.763494853250449e-05, "energy_loss": 0.05298032611608505, "grad_rel": 0.4971050664782524, "iteration": 6700, "loss": 0.16453926637768745, "lr": 8.17764474507853e-05, "mse": 0.00015054175055411178, "p_zero": 0.0, "pareto_conflict": 0.9, "pareto_grad_cosine_before": -0.21455003321170807, "pareto_grad_dot_after": 0.001601361906796228, "pareto_grad_dot_before": -0.051905629504472015, "pareto_primary_grad_norm": 0.572901600599289, "pareto_projected_tke_grad_norm": 0.42892808467149734, "pareto_tke_grad_norm": 0.4487586945295334, "point_rel": 0.07747639585286378, "primary_loss": 0.11155894212424755, "residual_mse": 0.00015054175128170755, "temporal_rel": 0.8859951913356781, "tke_rel": 0.44150272458791734}
TRAIN {"angle_aug_abs_deg": 0.0, "aoa_effective_shift_abs_deg_mean": 0.0, "aoa_meanfield_aug_fraction": 0.0, "aoa_meanfield_lambda_mean": 0.0, "delta_penalty": 4.5578453045891366e-05, "energy_loss": 0.05575077701359987, "grad_rel": 0.5077289491891861, "iteration": 6720, "loss": 0.17032039985060693, "lr": 8.126186854142757e-05, "mse": 0.00014553068049281138, "p_zero": 0.0, "pareto_conflict": 0.75, "pareto_grad_cosine_before": -0.12157664294354617, "pareto_grad_dot_after": 0.007298525935584621, "pareto_grad_dot_before": -0.03803217124659568, "pareto_primary_grad_norm": 0.7388243287801742, "pareto_projected_tke_grad_norm": 0.43296042233705523, "pareto_tke_grad_norm": 0.44648905396461486, "point_rel": 0.07968238200992346, "primary_loss": 0.11456962265074253, "residual_mse": 0.00014553068303939652, "temporal_rel": 0.9075578629970551, "tke_rel": 0.46458981931209564}
TRAIN {"angle_aug_abs_deg": 0.0, "aoa_effective_shift_abs_deg_mean": 0.0, "aoa_meanfield_aug_fraction": 0.0, "aoa_meanfield_lambda_mean": 0.0, "delta_penalty": 4.109206684006494e-05, "energy_loss": 0.05478754248470068, "grad_rel": 0.4956229001283646, "iteration": 6740, "loss": 0.16359865814447402, "lr": 8.074780334740928e-05, "mse": 0.00012366353166726185, "p_zero": 0.0, "pareto_conflict": 0.95, "pareto_grad_cosine_before": -0.22441182585898786, "pareto_grad_dot_after": 8.768466013862053e-05, "pareto_grad_dot_before": -0.04592310422449373, "pareto_primary_grad_norm": 0.5521382704377175, "pareto_projected_tke_grad_norm": 0.41143363118171694, "pareto_tke_grad_norm": 0.42835344523191454, "point_rel": 0.07442670799791813, "primary_loss": 0.10881111547350883, "residual_mse": 0.00012366353112156503, "temporal_rel": 0.8970714628696441, "tke_rel": 0.456562864780426}
TRAIN {"angle_aug_abs_deg": 0.0, "aoa_effective_shift_abs_deg_mean": 0.0, "aoa_meanfield_aug_fraction": 0.0, "aoa_meanfield_lambda_mean": 0.0, "delta_penalty": 4.1255688893215846e-05, "energy_loss": 0.05329103395342827, "grad_rel": 0.48940532803535464, "iteration": 6760, "loss": 0.1619495317339897, "lr": 8.023426596208741e-05, "mse": 0.0001214251355122542, "p_zero": 0.0, "pareto_conflict": 0.85, "pareto_grad_cosine_before": -0.18722190661355853, "pareto_grad_dot_after": 0.00712817790263216, "pareto_grad_dot_before": -0.045106802508234976, "pareto_primary_grad_norm": 0.5777231097221375, "pareto_projected_tke_grad_norm": 0.41704273968935013, "pareto_tke_grad_norm": 0.43552416265010835, "point_rel": 0.07433223817497492, "primary_loss": 0.10865849815309048, "residual_mse": 0.00012142513478465843, "temporal_rel": 0.8982642441987991, "tke_rel": 0.444091959297657}
TRAIN {"angle_aug_abs_deg": 0.0, "aoa_effective_shift_abs_deg_mean": 0.0, "aoa_meanfield_aug_fraction": 0.0, "aoa_meanfield_lambda_mean": 0.0, "delta_penalty": 4.317215361879789e-05, "energy_loss": 0.05371835399419069, "grad_rel": 0.49958122968673707, "iteration": 6780, "loss": 0.1651517130434513, "lr": 7.972127046434881e-05, "mse": 0.00012760682147927582, "p_zero": 0.0, "pareto_conflict": 0.8, "pareto_grad_cosine_before": -0.1617753367871046, "pareto_grad_dot_after": 0.00487201430460118, "pareto_grad_dot_before": -0.03829531989176758, "pareto_primary_grad_norm": 0.6527171164751053, "pareto_projected_tke_grad_norm": 0.42661951184272767, "pareto_tke_grad_norm": 0.43894602358341217, "point_rel": 0.0771904807537794, "primary_loss": 0.11143335923552514, "residual_mse": 0.00012760682111547794, "temporal_rel": 0.8903338104486466, "tke_rel": 0.4476529598236084}
TRAIN {"angle_aug_abs_deg": 0.0, "aoa_effective_shift_abs_deg_mean": 0.0, "aoa_meanfield_aug_fraction": 0.0, "aoa_meanfield_lambda_mean": 0.0, "delta_penalty": 4.821833372261608e-05, "energy_loss": 0.054216175153851506, "grad_rel": 0.49976142942905427, "iteration": 6800, "loss": 0.16689370572566986, "lr": 7.920883091822412e-05, "mse": 0.00015212134385365062, "p_zero": 0.0, "pareto_conflict": 0.9, "pareto_grad_cosine_before": -0.17486303448677062, "pareto_grad_dot_after": 0.0006341295335914765, "pareto_grad_dot_before": -0.039682588167488576, "pareto_primary_grad_norm": 0.5427608251571655, "pareto_projected_tke_grad_norm": 0.41674797534942626, "pareto_tke_grad_norm": 0.4273399502038956, "point_rel": 0.07827741168439388, "primary_loss": 0.11267753057181835, "residual_mse": 0.00015212134385365062, "temporal_rel": 0.8952366054058075, "tke_rel": 0.451801472902298}
TRAIN {"angle_aug_abs_deg": 0.0, "aoa_effective_shift_abs_deg_mean": 0.0, "aoa_meanfield_aug_fraction": 0.0, "aoa_meanfield_lambda_mean": 0.0, "delta_penalty": 4.2869140725088076e-05, "energy_loss": 0.05567964799702167, "grad_rel": 0.5014750242233277, "iteration": 6820, "loss": 0.16625723317265512, "lr": 7.869696137250238e-05, "mse": 0.00012890060279460158, "p_zero": 0.0, "pareto_conflict": 0.65, "pareto_grad_cosine_before": -0.1005193886026973, "pareto_grad_dot_after": 0.010234653704719677, "pareto_grad_dot_before": -0.024388213688507677, "pareto_primary_grad_norm": 0.7003730297088623, "pareto_projected_tke_grad_norm": 0.4452626645565033, "pareto_tke_grad_norm": 0.45744078010320666, "point_rel": 0.07619841620326043, "primary_loss": 0.11057758592069149, "residual_mse": 0.00012890060261270265, "temporal_rel": 0.8939172595739364, "tke_rel": 0.46399707794189454}
TRAIN {"angle_aug_abs_deg": 0.0, "aoa_effective_shift_abs_deg_mean": 0.0, "aoa_meanfield_aug_fraction": 0.0, "aoa_meanfield_lambda_mean": 0.0, "delta_penalty": 4.6464185470540545e-05, "energy_loss": 0.052790642529726026, "grad_rel": 0.5004604876041412, "iteration": 6840, "loss": 0.1642986550927162, "lr": 7.818567586034582e-05, "mse": 0.00013262913962535093, "p_zero": 0.0, "pareto_conflict": 0.85, "pareto_grad_cosine_before": -0.1695594899705611, "pareto_grad_dot_after": 0.0022192168323726946, "pareto_grad_dot_before": -0.05143807746353559, "pareto_primary_grad_norm": 0.6907060801982879, "pareto_projected_tke_grad_norm": 0.41877721101045606, "pareto_tke_grad_norm": 0.4319687753915787, "point_rel": 0.07724209204316139, "primary_loss": 0.11150801181793213, "residual_mse": 0.00013262914108054248, "temporal_rel": 0.8906098306179047, "tke_rel": 0.43992202877998354}
TRAIN {"angle_aug_abs_deg": 0.0, "aoa_effective_shift_abs_deg_mean": 0.0, "aoa_meanfield_aug_fraction": 0.0, "aoa_meanfield_lambda_mean": 0.0, "delta_penalty": 4.344915696492535e-05, "energy_loss": 0.05339527186006308, "grad_rel": 0.4972942560911179, "iteration": 6860, "loss": 0.16344908773899078, "lr": 7.767498839890496e-05, "mse": 0.00013319437566678972, "p_zero": 0.0, "pareto_conflict": 0.7, "pareto_grad_cosine_before": -0.16191573933465406, "pareto_grad_dot_after": 0.00467702306832507, "pareto_grad_dot_before": -0.038706884857674595, "pareto_primary_grad_norm": 0.6633542999625206, "pareto_projected_tke_grad_norm": 0.4074687361717224, "pareto_tke_grad_norm": 0.4203218787908554, "point_rel": 0.0756147651001811, "primary_loss": 0.11005381606519223, "residual_mse": 0.00013319437603058758, "temporal_rel": 0.8979603469371795, "tke_rel": 0.44496061056852343}
TRAIN {"angle_aug_abs_deg": 0.0, "aoa_effective_shift_abs_deg_mean": 0.0, "aoa_meanfield_aug_fraction": 0.0, "aoa_meanfield_lambda_mean": 0.0, "delta_penalty": 4.4155531577416694e-05, "energy_loss": 0.05491411443799734, "grad_rel": 0.5041369378566742, "iteration": 6880, "loss": 0.1667970098555088, "lr": 7.716491298893449e-05, "mse": 0.00013796057537547314, "p_zero": 0.0, "pareto_conflict": 0.75, "pareto_grad_cosine_before": -0.17051670477085282, "pareto_grad_dot_after": 0.0050087475970940435, "pareto_grad_dot_before": -0.03300810108048609, "pareto_primary_grad_norm": 0.6359641343355179, "pareto_projected_tke_grad_norm": 0.411635959148407, "pareto_tke_grad_norm": 0.4254747465252876, "point_rel": 0.07727879285812378, "primary_loss": 0.11188289523124695, "residual_mse": 0.000137960575739271, "temporal_rel": 0.8999925971031189, "tke_rel": 0.45761763155460355}
TRAIN {"angle_aug_abs_deg": 0.0, "aoa_effective_shift_abs_deg_mean": 0.0, "aoa_meanfield_aug_fraction": 0.0, "aoa_meanfield_lambda_mean": 0.0, "delta_penalty": 4.182922039035475e-05, "energy_loss": 0.05325742717832327, "grad_rel": 0.4846822515130043, "iteration": 6900, "loss": 0.1610132224857807, "lr": 7.665546361440952e-05, "mse": 0.0001234739529536455, "p_zero": 0.0, "pareto_conflict": 0.95, "pareto_grad_cosine_before": -0.1874784220533911, "pareto_grad_dot_after": 0.0015125949639696046, "pareto_grad_dot_before": -0.04084126610541716, "pareto_primary_grad_norm": 0.7328383281826973, "pareto_projected_tke_grad_norm": 0.41724709421396255, "pareto_tke_grad_norm": 0.43360397666692735, "point_rel": 0.07371535003185273, "primary_loss": 0.10775579661130905, "residual_mse": 0.00012347395404503913, "temporal_rel": 0.8910778731107711, "tke_rel": 0.4438119024038315}
TRAIN {"angle_aug_abs_deg": 0.0, "aoa_effective_shift_abs_deg_mean": 0.0, "aoa_meanfield_aug_fraction": 0.0, "aoa_meanfield_lambda_mean": 0.0, "delta_penalty": 4.173429051661515e-05, "energy_loss": 0.053164475969970225, "grad_rel": 0.4895368844270706, "iteration": 6920, "loss": 0.16214183941483498, "lr": 7.614665424214195e-05, "mse": 0.0001270238069992047, "p_zero": 0.0, "pareto_conflict": 0.85, "pareto_grad_cosine_before": -0.17261331080662784, "pareto_grad_dot_after": 0.0034454808090231383, "pareto_grad_dot_before": -0.033117356232833114, "pareto_primary_grad_norm": 0.6592508152127265, "pareto_projected_tke_grad_norm": 0.4099597245454788, "pareto_tke_grad_norm": 0.42630823254585265, "point_rel": 0.07487575206905603, "primary_loss": 0.10897736437618732, "residual_mse": 0.00012702380681730573, "temporal_rel": 0.8906539350748062, "tke_rel": 0.44303730726242063}
TRAIN {"angle_aug_abs_deg": 0.0, "aoa_effective_shift_abs_deg_mean": 0.0, "aoa_meanfield_aug_fraction": 0.0, "aoa_meanfield_lambda_mean": 0.0, "delta_penalty": 4.308859324737568e-05, "energy_loss": 0.05201832596212626, "grad_rel": 0.48900081068277357, "iteration": 6940, "loss": 0.16048508659005165, "lr": 7.563849882139779e-05, "mse": 0.00012792949873983162, "p_zero": 0.0, "pareto_conflict": 0.9, "pareto_grad_cosine_before": -0.18543017944321036, "pareto_grad_dot_after": 0.004303436848567798, "pareto_grad_dot_before": -0.040272558107972145, "pareto_primary_grad_norm": 0.5470307096838951, "pareto_projected_tke_grad_norm": 0.4075361639261246, "pareto_tke_grad_norm": 0.42166601270437243, "point_rel": 0.07452246975153684, "primary_loss": 0.10846676006913185, "residual_mse": 0.00012792949946742737, "temporal_rel": 0.8856678605079651, "tke_rel": 0.4334860622882843}
TRAIN {"angle_aug_abs_deg": 0.0, "aoa_effective_shift_abs_deg_mean": 0.0, "aoa_meanfield_aug_fraction": 0.0, "aoa_meanfield_lambda_mean": 0.0, "delta_penalty": 4.228187826811336e-05, "energy_loss": 0.05390701182186604, "grad_rel": 0.49703400284051896, "iteration": 6960, "loss": 0.16338611021637917, "lr": 7.513101128351455e-05, "mse": 0.00012473730803321814, "p_zero": 0.0, "pareto_conflict": 0.9, "pareto_grad_cosine_before": -0.24068520562723278, "pareto_grad_dot_after": 0.0012587504390467075, "pareto_grad_dot_before": -0.0548182463273406, "pareto_primary_grad_norm": 0.548925906419754, "pareto_projected_tke_grad_norm": 0.43127998262643813, "pareto_tke_grad_norm": 0.4526721239089966, "point_rel": 0.07495733369141817, "primary_loss": 0.10947909727692604, "residual_mse": 0.00012473730803321814, "temporal_rel": 0.900932964682579, "tke_rel": 0.4492251083254814}
TRAIN {"angle_aug_abs_deg": 0.0, "aoa_effective_shift_abs_deg_mean": 0.0, "aoa_meanfield_aug_fraction": 0.0, "aoa_meanfield_lambda_mean": 0.0, "delta_penalty": 4.384414560263394e-05, "energy_loss": 0.05381214376538992, "grad_rel": 0.5014171615242958, "iteration": 6980, "loss": 0.16485832035541534, "lr": 7.462420554151946e-05, "mse": 0.00012908700682601193, "p_zero": 0.0, "pareto_conflict": 0.85, "pareto_grad_cosine_before": -0.19618718074634672, "pareto_grad_dot_after": 0.0028145629674327212, "pareto_grad_dot_before": -0.04705431471811607, "pareto_primary_grad_norm": 0.5574627995491028, "pareto_projected_tke_grad_norm": 0.42214146107435224, "pareto_tke_grad_norm": 0.43784599006175995, "point_rel": 0.07669194452464581, "primary_loss": 0.11104617901146412, "residual_mse": 0.0001290870057346183, "temporal_rel": 0.8931124716997146, "tke_rel": 0.44843454360961915}
TRAIN {"angle_aug_abs_deg": 0.0, "aoa_effective_shift_abs_deg_mean": 0.0, "aoa_meanfield_aug_fraction": 0.0, "aoa_meanfield_lambda_mean": 0.0, "delta_penalty": 3.898413824572344e-05, "energy_loss": 0.05357440393418074, "grad_rel": 0.4912000194191933, "iteration": 7000, "loss": 0.1610932745039463, "lr": 7.411809548974796e-05, "mse": 0.00011224059271626174, "p_zero": 0.0, "pareto_conflict": 0.9, "pareto_grad_cosine_before": -0.18186080567538737, "pareto_grad_dot_after": 0.002286904036236592, "pareto_grad_dot_before": -0.04228905892232433, "pareto_primary_grad_norm": 0.5388883531093598, "pareto_projected_tke_grad_norm": 0.4449136912822723, "pareto_tke_grad_norm": 0.4586056113243103, "point_rel": 0.07335086166858673, "primary_loss": 0.10751887075603009, "residual_mse": 0.0001122405952628469, "temporal_rel": 0.8921852380037307, "tke_rel": 0.4464533761143684}
TRAIN {"angle_aug_abs_deg": 0.0, "aoa_effective_shift_abs_deg_mean": 0.0, "aoa_meanfield_aug_fraction": 0.0, "aoa_meanfield_lambda_mean": 0.0, "delta_penalty": 4.57184109109221e-05, "energy_loss": 0.05265816505998373, "grad_rel": 0.4999552875757217, "iteration": 7020, "loss": 0.16384294331073762, "lr": 7.361269500346275e-05, "mse": 0.00014081951849220786, "p_zero": 0.0, "pareto_conflict": 0.85, "pareto_grad_cosine_before": -0.17560790237039328, "pareto_grad_dot_after": 0.0075636864081388925, "pareto_grad_dot_before": -0.0350734488805756, "pareto_primary_grad_norm": 0.6124250203371048, "pareto_projected_tke_grad_norm": 0.3966213397681713, "pareto_tke_grad_norm": 0.4093539699912071, "point_rel": 0.07670212797820568, "primary_loss": 0.11118477545678615, "residual_mse": 0.00014081951703701635, "temporal_rel": 0.8980053484439849, "tke_rel": 0.4388180524110794}
TRAIN {"angle_aug_abs_deg": 0.0, "aoa_effective_shift_abs_deg_mean": 0.0, "aoa_meanfield_aug_fraction": 0.0, "aoa_meanfield_lambda_mean": 0.0, "delta_penalty": 4.1926890571630795e-05, "energy_loss": 0.05315607972443104, "grad_rel": 0.49273724406957625, "iteration": 7040, "loss": 0.16368626952171325, "lr": 7.31080179384734e-05, "mse": 0.00012290156937524443, "p_zero": 0.0, "pareto_conflict": 0.85, "pareto_grad_cosine_before": -0.1471310131251812, "pareto_grad_dot_after": 0.004196067337306886, "pareto_grad_dot_before": -0.04274454130791128, "pareto_primary_grad_norm": 0.7775828391313553, "pareto_projected_tke_grad_norm": 0.39718386679887774, "pareto_tke_grad_norm": 0.405015167593956, "point_rel": 0.0763350710272789, "primary_loss": 0.11053018905222416, "residual_mse": 0.0001229015682838508, "temporal_rel": 0.8922117292881012, "tke_rel": 0.4429673388600349}
TRAIN {"angle_aug_abs_deg": 0.0, "aoa_effective_shift_abs_deg_mean": 0.0, "aoa_meanfield_aug_fraction": 0.0, "aoa_meanfield_lambda_mean": 0.0, "delta_penalty": 4.8304287247447064e-05, "energy_loss": 0.053030011244118214, "grad_rel": 0.5021226838231087, "iteration": 7060, "loss": 0.16436595916748048, "lr": 7.260407813075675e-05, "mse": 0.00014171179645927623, "p_zero": 0.0, "pareto_conflict": 0.95, "pareto_grad_cosine_before": -0.21754128721076996, "pareto_grad_dot_after": 0.002682224741874961, "pareto_grad_dot_before": -0.050870535559079146, "pareto_primary_grad_norm": 0.5788352757692337, "pareto_projected_tke_grad_norm": 0.41492786854505537, "pareto_tke_grad_norm": 0.4314247265458107, "point_rel": 0.07698990665376186, "primary_loss": 0.11133594885468483, "residual_mse": 0.00014171179827826563, "temporal_rel": 0.8923574656248092, "tke_rel": 0.4419167712330818}
TRAIN {"angle_aug_abs_deg": 0.0, "aoa_effective_shift_abs_deg_mean": 0.0, "aoa_meanfield_aug_fraction": 0.0, "aoa_meanfield_lambda_mean": 0.0, "delta_penalty": 4.343549271652591e-05, "energy_loss": 0.0541829988360405, "grad_rel": 0.5055211380124092, "iteration": 7080, "loss": 0.16615651845932006, "lr": 7.210088939607704e-05, "mse": 0.00013405448116827757, "p_zero": 0.0, "pareto_conflict": 0.85, "pareto_grad_cosine_before": -0.1859552922018338, "pareto_grad_dot_after": 0.0008875802664988442, "pareto_grad_dot_before": -0.04859249949222431, "pareto_primary_grad_norm": 0.657290005683899, "pareto_projected_tke_grad_norm": 0.4184165358543396, "pareto_tke_grad_norm": 0.4330340355634689, "point_rel": 0.07743126638233662, "primary_loss": 0.11197351962327957, "residual_mse": 0.00013405448080447969, "temporal_rel": 0.8972784221172333, "tke_rel": 0.45152500122785566}
TRAIN {"angle_aug_abs_deg": 0.0, "aoa_effective_shift_abs_deg_mean": 0.0, "aoa_meanfield_aug_fraction": 0.0, "aoa_meanfield_lambda_mean": 0.0, "delta_penalty": 4.3454067690618106e-05, "energy_loss": 0.05402326323091984, "grad_rel": 0.49697808027267454, "iteration": 7100, "loss": 0.16285695657134056, "lr": 7.15984655296077e-05, "mse": 0.0001307570693825255, "p_zero": 0.0, "pareto_conflict": 0.95, "pareto_grad_cosine_before": -0.18949033932294695, "pareto_grad_dot_after": 0.0012800158368008851, "pareto_grad_dot_before": -0.04759210850170348, "pareto_primary_grad_norm": 0.787685327231884, "pareto_projected_tke_grad_norm": 0.39657623767852784, "pareto_tke_grad_norm": 0.4078707113862038, "point_rel": 0.07455399073660374, "primary_loss": 0.1088336929678917, "residual_mse": 0.0001307570697463234, "temporal_rel": 0.8928311854600907, "tke_rel": 0.4501938670873642}
TRAIN {"angle_aug_abs_deg": 0.0, "aoa_effective_shift_abs_deg_mean": 0.0, "aoa_meanfield_aug_fraction": 0.0, "aoa_meanfield_lambda_mean": 0.0, "delta_penalty": 4.489407838264015e-05, "energy_loss": 0.05344686415046453, "grad_rel": 0.4883027866482735, "iteration": 7120, "loss": 0.16287781596183776, "lr": 7.109682030555281e-05, "mse": 0.00014560856616299133, "p_zero": 0.0, "pareto_conflict": 0.9, "pareto_grad_cosine_before": -0.21333721769042313, "pareto_grad_dot_after": 0.0007609662357936031, "pareto_grad_dot_before": -0.05672740289301146, "pareto_primary_grad_norm": 0.6769423127174378, "pareto_projected_tke_grad_norm": 0.42044942229986193, "pareto_tke_grad_norm": 0.4428862750530243, "point_rel": 0.07526878733187914, "primary_loss": 0.10943094827234745, "residual_mse": 0.0001456085654353956, "temporal_rel": 0.8931013435125351, "tke_rel": 0.4453905448317528}
TRAIN {"angle_aug_abs_deg": 0.0, "aoa_effective_shift_abs_deg_mean": 0.0, "aoa_meanfield_aug_fraction": 0.0, "aoa_meanfield_lambda_mean": 0.0, "delta_penalty": 4.639738281184691e-05, "energy_loss": 0.053379477187991145, "grad_rel": 0.5062351748347282, "iteration": 7140, "loss": 0.16747473403811455, "lr": 7.059596747676955e-05, "mse": 0.00014097919865889706, "p_zero": 0.0, "pareto_conflict": 0.85, "pareto_grad_cosine_before": -0.23318698729854076, "pareto_grad_dot_after": 0.001300572776744957, "pareto_grad_dot_before": -0.057431825017556545, "pareto_primary_grad_norm": 0.6162283658981323, "pareto_projected_tke_grad_norm": 0.3919425129890442, "pareto_tke_grad_norm": 0.4109793394804001, "point_rel": 0.07970650270581245, "primary_loss": 0.11409525647759437, "residual_mse": 0.00014097919865889706, "temporal_rel": 0.8917335093021392, "tke_rel": 0.4448289856314659}
TRAIN {"angle_aug_abs_deg": 0.0, "aoa_effective_shift_abs_deg_mean": 0.0, "aoa_meanfield_aug_fraction": 0.0, "aoa_meanfield_lambda_mean": 0.0, "delta_penalty": 4.010710772490711e-05, "energy_loss": 0.05259670149534941, "grad_rel": 0.48340848088264465, "iteration": 7160, "loss": 0.15885312259197235, "lr": 7.00959207743913e-05, "mse": 0.00011081121483584866, "p_zero": 0.0, "pareto_conflict": 0.9, "pareto_grad_cosine_before": -0.23239501104690136, "pareto_grad_dot_after": 0.007118934570644342, "pareto_grad_dot_before": -0.050372439832426605, "pareto_primary_grad_norm": 0.683024388551712, "pareto_projected_tke_grad_norm": 0.4082531869411469, "pareto_tke_grad_norm": 0.42983224987983704, "point_rel": 0.07203708495944738, "primary_loss": 0.10625642165541649, "residual_mse": 0.00011081121483584866, "temporal_rel": 0.8978054583072662, "tke_rel": 0.4383058547973633}
TRAIN {"angle_aug_abs_deg": 0.0, "aoa_effective_shift_abs_deg_mean": 0.0, "aoa_meanfield_aug_fraction": 0.0, "aoa_meanfield_lambda_mean": 0.0, "delta_penalty": 4.486893476496334e-05, "energy_loss": 0.054769047535955906, "grad_rel": 0.4967702701687813, "iteration": 7180, "loss": 0.1644950106739998, "lr": 6.959669390745091e-05, "mse": 0.0001281872207982815, "p_zero": 0.0, "pareto_conflict": 0.85, "pareto_grad_cosine_before": -0.18346361205913125, "pareto_grad_dot_after": 0.001728992609605484, "pareto_grad_dot_before": -0.044347443035803735, "pareto_primary_grad_norm": 0.5742187425494194, "pareto_projected_tke_grad_norm": 0.41883331537246704, "pareto_tke_grad_norm": 0.43539170920848846, "point_rel": 0.0749611722305417, "primary_loss": 0.1097259633243084, "residual_mse": 0.0001281872207982815, "temporal_rel": 0.9091294586658478, "tke_rel": 0.4564087375998497}
TRAIN {"angle_aug_abs_deg": 0.0, "aoa_effective_shift_abs_deg_mean": 0.0, "aoa_meanfield_aug_fraction": 0.0, "aoa_meanfield_lambda_mean": 0.0, "delta_penalty": 4.077379571754136e-05, "energy_loss": 0.052152274176478386, "grad_rel": 0.4922243610024452, "iteration": 7200, "loss": 0.1605430595576763, "lr": 6.90983005625052e-05, "mse": 0.00011300580245006131, "p_zero": 0.0, "pareto_conflict": 0.95, "pareto_grad_cosine_before": -0.22519923001527786, "pareto_grad_dot_after": 0.0017401526809408096, "pareto_grad_dot_before": -0.05066002239473164, "pareto_primary_grad_norm": 0.5414072468876838, "pareto_projected_tke_grad_norm": 0.40907208025455477, "pareto_tke_grad_norm": 0.4282620087265968, "point_rel": 0.07435687687247991, "primary_loss": 0.10839078426361085, "residual_mse": 0.00011300580317765707, "temporal_rel": 0.8871941775083542, "tke_rel": 0.43460229188203814}
TRAIN {"angle_aug_abs_deg": 0.0, "aoa_effective_shift_abs_deg_mean": 0.0, "aoa_meanfield_aug_fraction": 0.0, "aoa_meanfield_lambda_mean": 0.0, "delta_penalty": 4.649631773645524e-05, "energy_loss": 0.05352634135633707, "grad_rel": 0.5066887319087983, "iteration": 7220, "loss": 0.16633857414126396, "lr": 6.860075440325947e-05, "mse": 0.00015206458238026244, "p_zero": 0.0, "pareto_conflict": 0.7, "pareto_grad_cosine_before": -0.09244893281720579, "pareto_grad_dot_after": 0.004369136950117536, "pareto_grad_dot_before": -0.026706468302290887, "pareto_primary_grad_norm": 0.6912091806530952, "pareto_projected_tke_grad_norm": 0.40781657993793485, "pareto_tke_grad_norm": 0.41344882249832154, "point_rel": 0.07835897617042065, "primary_loss": 0.1128122340887785, "residual_mse": 0.00015206458747343276, "temporal_rel": 0.8935458779335022, "tke_rel": 0.44605285227298735}
TRAIN {"angle_aug_abs_deg": 0.0, "aoa_effective_shift_abs_deg_mean": 0.0, "aoa_meanfield_aug_fraction": 0.0, "aoa_meanfield_lambda_mean": 0.0, "delta_penalty": 4.4600360524782445e-05, "energy_loss": 0.05387628301978111, "grad_rel": 0.5005559638142586, "iteration": 7240, "loss": 0.16582794338464737, "lr": 6.810406907019299e-05, "mse": 0.00014152112307783682, "p_zero": 0.0, "pareto_conflict": 0.9, "pareto_grad_cosine_before": -0.15416228417307137, "pareto_grad_dot_after": 0.0034805763461918104, "pareto_grad_dot_before": -0.0380649299826473, "pareto_primary_grad_norm": 0.6476440623402595, "pareto_projected_tke_grad_norm": 0.4170165866613388, "pareto_tke_grad_norm": 0.4261202856898308, "point_rel": 0.07739508729428053, "primary_loss": 0.11195166036486626, "residual_mse": 0.00014152112380543257, "temporal_rel": 0.9001628071069717, "tke_rel": 0.4489690333604813}
TRAIN {"angle_aug_abs_deg": 0.0, "aoa_effective_shift_abs_deg_mean": 0.0, "aoa_meanfield_aug_fraction": 0.0, "aoa_meanfield_lambda_mean": 0.0, "delta_penalty": 4.420351424414548e-05, "energy_loss": 0.05313110686838627, "grad_rel": 0.4905724510550499, "iteration": 7260, "loss": 0.16207701042294503, "lr": 6.760825818018499e-05, "mse": 0.00013680765514436643, "p_zero": 0.0, "pareto_conflict": 0.7, "pareto_grad_cosine_before": -0.14157152408733964, "pareto_grad_dot_after": 0.007739780257725215, "pareto_grad_dot_before": -0.04013923988677561, "pareto_primary_grad_norm": 0.6357036724686622, "pareto_projected_tke_grad_norm": 0.42402151972055435, "pareto_tke_grad_norm": 0.43686000257730484, "point_rel": 0.07472906522452831, "primary_loss": 0.10894590429961681, "residual_mse": 0.00013680765514436643, "temporal_rel": 0.8938775956630707, "tke_rel": 0.4427592322230339}
TRAIN {"angle_aug_abs_deg": 0.0, "aoa_effective_shift_abs_deg_mean": 0.0, "aoa_meanfield_aug_fraction": 0.0, "aoa_meanfield_lambda_mean": 0.0, "delta_penalty": 4.780298768309876e-05, "energy_loss": 0.05376734398305416, "grad_rel": 0.5040948748588562, "iteration": 7280, "loss": 0.1675414487719536, "lr": 6.711333532614158e-05, "mse": 0.0001486675029809703, "p_zero": 0.0, "pareto_conflict": 0.85, "pareto_grad_cosine_before": -0.17037617738824337, "pareto_grad_dot_after": 0.0033914985475348657, "pareto_grad_dot_before": -0.04671405263361521, "pareto_primary_grad_norm": 0.7233383625745773, "pareto_projected_tke_grad_norm": 0.41772292256355287, "pareto_tke_grad_norm": 0.43128194361925126, "point_rel": 0.07933063264936209, "primary_loss": 0.1137741044163704, "residual_mse": 0.00014866750188957667, "temporal_rel": 0.8945497781038284, "tke_rel": 0.4480612054467201}
TRAIN {"angle_aug_abs_deg": 0.0, "aoa_effective_shift_abs_deg_mean": 0.0, "aoa_meanfield_aug_fraction": 0.0, "aoa_meanfield_lambda_mean": 0.0, "delta_penalty": 4.249902794981608e-05, "energy_loss": 0.05277622267603874, "grad_rel": 0.4935706049203873, "iteration": 7300, "loss": 0.16099017560482026, "lr": 6.66193140766228e-05, "mse": 0.00011857601584779332, "p_zero": 0.0, "pareto_conflict": 0.85, "pareto_grad_cosine_before": -0.19100487483665346, "pareto_grad_dot_after": 0.001958376775655779, "pareto_grad_dot_before": -0.05590426023118198, "pareto_primary_grad_norm": 0.7053008392453194, "pareto_projected_tke_grad_norm": 0.4377510234713554, "pareto_tke_grad_norm": 0.4527509808540344, "point_rel": 0.07403092253953218, "primary_loss": 0.10821395516395568, "residual_mse": 0.00011857601512019756, "temporal_rel": 0.8914351046085358, "tke_rel": 0.43980186581611636}
TRAIN {"angle_aug_abs_deg": 0.0, "aoa_effective_shift_abs_deg_mean": 0.0, "aoa_meanfield_aug_fraction": 0.0, "aoa_meanfield_lambda_mean": 0.0, "delta_penalty": 4.299013035051758e-05, "energy_loss": 0.054351349174976346, "grad_rel": 0.4964101120829582, "iteration": 7320, "loss": 0.16410267800092698, "lr": 6.612620797547073e-05, "mse": 0.000123526058087009, "p_zero": 0.0, "pareto_conflict": 0.85, "pareto_grad_cosine_before": -0.1718648411333561, "pareto_grad_dot_after": 0.004891052596212831, "pareto_grad_dot_before": -0.043804226769134404, "pareto_primary_grad_norm": 0.7099638238549233, "pareto_projected_tke_grad_norm": 0.41979252099990844, "pareto_tke_grad_norm": 0.43468244671821593, "point_rel": 0.07510498594492673, "primary_loss": 0.10975132919847966, "residual_mse": 0.00012352605972409947, "temporal_rel": 0.9054092019796371, "tke_rel": 0.4529279202222824}
TRAIN {"angle_aug_abs_deg": 0.0, "aoa_effective_shift_abs_deg_mean": 0.0, "aoa_meanfield_aug_fraction": 0.0, "aoa_meanfield_lambda_mean": 0.0, "delta_penalty": 4.507971771090524e-05, "energy_loss": 0.05366711355745792, "grad_rel": 0.4896034762263298, "iteration": 7340, "loss": 0.16314350292086602, "lr": 6.563403054143825e-05, "mse": 0.00013582511492131742, "p_zero": 0.0, "pareto_conflict": 0.9, "pareto_grad_cosine_before": -0.15606562551110983, "pareto_grad_dot_after": 0.006501480715905927, "pareto_grad_dot_before": -0.036222720798105, "pareto_primary_grad_norm": 0.5703744873404503, "pareto_projected_tke_grad_norm": 0.42388368844985963, "pareto_tke_grad_norm": 0.4410425439476967, "point_rel": 0.07522464636713266, "primary_loss": 0.10947639048099518, "residual_mse": 0.00013582511637650897, "temporal_rel": 0.8955347627401352, "tke_rel": 0.4472259595990181}
TRAIN {"angle_aug_abs_deg": 0.0, "aoa_effective_shift_abs_deg_mean": 0.0, "aoa_meanfield_aug_fraction": 0.0, "aoa_meanfield_lambda_mean": 0.0, "delta_penalty": 4.503513719100738e-05, "energy_loss": 0.05262624565511942, "grad_rel": 0.4971652179956436, "iteration": 7360, "loss": 0.16091747283935548, "lr": 6.514279526781831e-05, "mse": 0.00012585614731506212, "p_zero": 0.0, "pareto_conflict": 0.9, "pareto_grad_cosine_before": -0.19228849187493324, "pareto_grad_dot_after": 0.0018864952557578363, "pareto_grad_dot_before": -0.04797596008284018, "pareto_primary_grad_norm": 0.659779717028141, "pareto_projected_tke_grad_norm": 0.420230408012867, "pareto_tke_grad_norm": 0.43402632921934126, "point_rel": 0.07398157902061939, "primary_loss": 0.1082912277430296, "residual_mse": 0.00012585614877025364, "temporal_rel": 0.8937837511301041, "tke_rel": 0.4385520532727242}
TRAIN {"angle_aug_abs_deg": 0.0, "aoa_effective_shift_abs_deg_mean": 0.0, "aoa_meanfield_aug_fraction": 0.0, "aoa_meanfield_lambda_mean": 0.0, "delta_penalty": 4.174157120360178e-05, "energy_loss": 0.05155154578387737, "grad_rel": 0.49151547700166703, "iteration": 7380, "loss": 0.1606127880513668, "lr": 6.465251562207411e-05, "mse": 0.00012368304596748202, "p_zero": 0.0, "pareto_conflict": 0.95, "pareto_grad_cosine_before": -0.18437068164348602, "pareto_grad_dot_after": 0.001343077651654312, "pareto_grad_dot_before": -0.044025912042707206, "pareto_primary_grad_norm": 0.6612338304519654, "pareto_projected_tke_grad_norm": 0.408246223628521, "pareto_tke_grad_norm": 0.4220126554369926, "point_rel": 0.07501079440116883, "primary_loss": 0.10906124003231525, "residual_mse": 0.0001236830463312799, "temporal_rel": 0.8879924505949021, "tke_rel": 0.42959622144699094}
TRAIN {"angle_aug_abs_deg": 0.0, "aoa_effective_shift_abs_deg_mean": 0.0, "aoa_meanfield_aug_fraction": 0.0, "aoa_meanfield_lambda_mean": 0.0, "delta_penalty": 4.3922131953877394e-05, "energy_loss": 0.05337303038686514, "grad_rel": 0.50049819201231, "iteration": 7400, "loss": 0.1632473163306713, "lr": 6.416320504546981e-05, "mse": 0.00012207204508740688, "p_zero": 0.0, "pareto_conflict": 0.75, "pareto_grad_cosine_before": -0.12492082556709647, "pareto_grad_dot_after": 0.006376057212946762, "pareto_grad_dot_before": -0.04333950442960486, "pareto_primary_grad_norm": 0.824368804693222, "pareto_projected_tke_grad_norm": 0.41205873489379885, "pareto_tke_grad_norm": 0.42294169068336485, "point_rel": 0.07527374662458897, "primary_loss": 0.10987428613007069, "residual_mse": 0.0001220720443598111, "temporal_rel": 0.9018523335456848, "tke_rel": 0.44477526694536207}
TRAIN {"angle_aug_abs_deg": 0.0, "aoa_effective_shift_abs_deg_mean": 0.0, "aoa_meanfield_aug_fraction": 0.0, "aoa_meanfield_lambda_mean": 0.0, "delta_penalty": 4.175868598395027e-05, "energy_loss": 0.05369276814162731, "grad_rel": 0.48824455589056015, "iteration": 7420, "loss": 0.1609517030417919, "lr": 6.367487695270201e-05, "mse": 0.00011573120627872413, "p_zero": 0.0, "pareto_conflict": 0.9, "pareto_grad_cosine_before": -0.20663001332432032, "pareto_grad_dot_after": 0.0021509245705146895, "pareto_grad_dot_before": -0.048505738563835624, "pareto_primary_grad_norm": 0.5604643374681473, "pareto_projected_tke_grad_norm": 0.42277548760175704, "pareto_tke_grad_norm": 0.43779770880937574, "point_rel": 0.07284134384244681, "primary_loss": 0.10725893341004848, "residual_mse": 0.00011573120700631989, "temporal_rel": 0.9019456654787064, "tke_rel": 0.4474397450685501}
TRAIN {"angle_aug_abs_deg": 0.0, "aoa_effective_shift_abs_deg_mean": 0.0, "aoa_meanfield_aug_fraction": 0.0, "aoa_meanfield_lambda_mean": 0.0, "delta_penalty": 4.153720674366923e-05, "energy_loss": 0.05319048147648573, "grad_rel": 0.48979929834604263, "iteration": 7440, "loss": 0.16049250960350037, "lr": 6.318754473153202e-05, "mse": 0.00012112518725189147, "p_zero": 0.0, "pareto_conflict": 1.0, "pareto_grad_cosine_before": -0.23247730564326047, "pareto_grad_dot_after": 2.8803697205148637e-09, "pareto_grad_dot_before": -0.0536835883744061, "pareto_primary_grad_norm": 0.5457717433571816, "pareto_projected_tke_grad_norm": 0.42636147439479827, "pareto_tke_grad_norm": 0.4469965144991875, "point_rel": 0.07312331888824701, "primary_loss": 0.107302026450634, "residual_mse": 0.00012112518761568936, "temporal_rel": 0.8931516647338867, "tke_rel": 0.4432540237903595}
TRAIN {"angle_aug_abs_deg": 0.0, "aoa_effective_shift_abs_deg_mean": 0.0, "aoa_meanfield_aug_fraction": 0.0, "aoa_meanfield_lambda_mean": 0.0, "delta_penalty": 4.8102439996000614e-05, "energy_loss": 0.05184195581823588, "grad_rel": 0.5070703089237213, "iteration": 7460, "loss": 0.16624804884195327, "lr": 6.270122174241891e-05, "mse": 0.00014792697947996203, "p_zero": 0.0, "pareto_conflict": 0.9, "pareto_grad_cosine_before": -0.1890209589153528, "pareto_grad_dot_after": 0.0011592746168844314, "pareto_grad_dot_before": -0.04969497439451516, "pareto_primary_grad_norm": 0.5838028356432915, "pareto_projected_tke_grad_norm": 0.40478898137807845, "pareto_tke_grad_norm": 0.41746572107076646, "point_rel": 0.07986430302262307, "primary_loss": 0.11440609320998192, "residual_mse": 0.00014792697911616414, "temporal_rel": 0.8963465005159378, "tke_rel": 0.4320163086056709}
TRAIN {"angle_aug_abs_deg": 0.0, "aoa_effective_shift_abs_deg_mean": 0.0, "aoa_meanfield_aug_fraction": 0.0, "aoa_meanfield_lambda_mean": 0.0, "delta_penalty": 4.1845070336421485e-05, "energy_loss": 0.053969255089759825, "grad_rel": 0.5029281347990036, "iteration": 7480, "loss": 0.16464180424809455, "lr": 6.221592131815309e-05, "mse": 0.00012625796980501037, "p_zero": 0.0, "pareto_conflict": 0.9, "pareto_grad_cosine_before": -0.20589942475780845, "pareto_grad_dot_after": 0.002622620629153971, "pareto_grad_dot_before": -0.04634650162770413, "pareto_primary_grad_norm": 0.5835959345102311, "pareto_projected_tke_grad_norm": 0.41708632856607436, "pareto_tke_grad_norm": 0.4312042251229286, "point_rel": 0.07617883663624525, "primary_loss": 0.11067254953086376, "residual_mse": 0.00012625796798602096, "temporal_rel": 0.8970359176397323, "tke_rel": 0.44974380284547805}
TRAIN {"angle_aug_abs_deg": 0.0, "aoa_effective_shift_abs_deg_mean": 0.0, "aoa_meanfield_aug_fraction": 0.0, "aoa_meanfield_lambda_mean": 0.0, "delta_penalty": 4.286268094801926e-05, "energy_loss": 0.05335696693509817, "grad_rel": 0.49636400789022445, "iteration": 7500, "loss": 0.1624092184007168, "lr": 6.173165676349082e-05, "mse": 0.00011976972400589148, "p_zero": 0.0, "pareto_conflict": 0.8, "pareto_grad_cosine_before": -0.17180425341939554, "pareto_grad_dot_after": 0.001412945855554426, "pareto_grad_dot_before": -0.03457157246011775, "pareto_primary_grad_norm": 0.5538923174142838, "pareto_projected_tke_grad_norm": 0.4041473388671875, "pareto_tke_grad_norm": 0.41746882200241087, "point_rel": 0.07469948101788759, "primary_loss": 0.10905225090682506, "residual_mse": 0.000119769725461083, "temporal_rel": 0.8956840813159943, "tke_rel": 0.44464140236377714}
TRAIN {"angle_aug_abs_deg": 0.0, "aoa_effective_shift_abs_deg_mean": 0.0, "aoa_meanfield_aug_fraction": 0.0, "aoa_meanfield_lambda_mean": 0.0, "delta_penalty": 4.809080010090838e-05, "energy_loss": 0.054521461576223375, "grad_rel": 0.5027619883418083, "iteration": 7520, "loss": 0.1677792802453041, "lr": 6.124844135478949e-05, "mse": 0.0001482958590713679, "p_zero": 0.0, "pareto_conflict": 0.75, "pareto_grad_cosine_before": -0.19367749225348235, "pareto_grad_dot_after": 0.01312694562930119, "pareto_grad_dot_before": -0.03681201466824859, "pareto_primary_grad_norm": 0.616341345012188, "pareto_projected_tke_grad_norm": 0.43538025170564654, "pareto_tke_grad_norm": 0.45823240727186204, "point_rel": 0.07888744100928306, "primary_loss": 0.11325781755149364, "residual_mse": 0.00014829585761617637, "temporal_rel": 0.8927832871675492, "tke_rel": 0.45434552133083345}
TRAIN {"angle_aug_abs_deg": 0.0, "aoa_effective_shift_abs_deg_mean": 0.0, "aoa_meanfield_aug_fraction": 0.0, "aoa_meanfield_lambda_mean": 0.0, "delta_penalty": 4.363049729363411e-05, "energy_loss": 0.05285344924777746, "grad_rel": 0.5003112956881524, "iteration": 7540, "loss": 0.16453050971031188, "lr": 6.076628833964361e-05, "mse": 0.00013385258353082463, "p_zero": 0.0, "pareto_conflict": 0.8, "pareto_grad_cosine_before": -0.17810516776517032, "pareto_grad_dot_after": 0.0156547448672427, "pareto_grad_dot_before": -0.025106588238850237, "pareto_primary_grad_norm": 0.6310920044779778, "pareto_projected_tke_grad_norm": 0.395458972454071, "pareto_tke_grad_norm": 0.41317430287599566, "point_rel": 0.07730789054185153, "primary_loss": 0.11167705915868283, "residual_mse": 0.00013385258353082463, "temporal_rel": 0.8941157281398773, "tke_rel": 0.4404454201459885}
TRAIN {"angle_aug_abs_deg": 0.0, "aoa_effective_shift_abs_deg_mean": 0.0, "aoa_meanfield_aug_fraction": 0.0, "aoa_meanfield_lambda_mean": 0.0, "delta_penalty": 4.485125546125346e-05, "energy_loss": 0.05308060832321644, "grad_rel": 0.49270287454128264, "iteration": 7560, "loss": 0.1621534712612629, "lr": 6.02852109365217e-05, "mse": 0.00013739148798777023, "p_zero": 0.0, "pareto_conflict": 0.9, "pareto_grad_cosine_before": -0.230069287866354, "pareto_grad_dot_after": 0.003425875402353995, "pareto_grad_dot_before": -0.04883621872868389, "pareto_primary_grad_norm": 0.7346989706158638, "pareto_projected_tke_grad_norm": 0.4095126509666443, "pareto_tke_grad_norm": 0.4286494880914688, "point_rel": 0.07464427202939987, "primary_loss": 0.1090728621929884, "residual_mse": 0.00013739148671447764, "temporal_rel": 0.8998644381761551, "tke_rel": 0.4423384130001068}
TRAIN {"angle_aug_abs_deg": 0.0, "aoa_effective_shift_abs_deg_mean": 0.0, "aoa_meanfield_aug_fraction": 0.0, "aoa_meanfield_lambda_mean": 0.0, "delta_penalty": 4.5674633747694314e-05, "energy_loss": 0.05237453933805227, "grad_rel": 0.5101859107613563, "iteration": 7580, "loss": 0.16618267297744752, "lr": 5.980522233440373e-05, "mse": 0.00014222907775547356, "p_zero": 0.0, "pareto_conflict": 0.9, "pareto_grad_cosine_before": -0.22134915445931255, "pareto_grad_dot_after": 0.0006049210932360438, "pareto_grad_dot_before": -0.04309585214359686, "pareto_primary_grad_norm": 0.484354130923748, "pareto_projected_tke_grad_norm": 0.4129493713378906, "pareto_tke_grad_norm": 0.42907699942588806, "point_rel": 0.0793912548571825, "primary_loss": 0.11380813419818878, "residual_mse": 0.0001422290806658566, "temporal_rel": 0.8906836241483689, "tke_rel": 0.4364545077085495}
TRAIN {"angle_aug_abs_deg": 0.0, "aoa_effective_shift_abs_deg_mean": 0.0, "aoa_meanfield_aug_fraction": 0.0, "aoa_meanfield_lambda_mean": 0.0, "delta_penalty": 4.401858377605095e-05, "energy_loss": 0.05261563826352358, "grad_rel": 0.49340836256742476, "iteration": 7600, "loss": 0.1613619178533554, "lr": 5.932633569241972e-05, "mse": 0.00011698077560140518, "p_zero": 0.0, "pareto_conflict": 0.9, "pareto_grad_cosine_before": -0.15102321114391087, "pareto_grad_dot_after": 0.00291090101750342, "pareto_grad_dot_before": -0.04026616045739502, "pareto_primary_grad_norm": 0.5779811590909958, "pareto_projected_tke_grad_norm": 0.4004073545336723, "pareto_tke_grad_norm": 0.4082253143191338, "point_rel": 0.07432620357722045, "primary_loss": 0.10874627940356732, "residual_mse": 0.00011698077578330413, "temporal_rel": 0.8994325816631317, "tke_rel": 0.43846365958452227}
TRAIN {"angle_aug_abs_deg": 0.0, "aoa_effective_shift_abs_deg_mean": 0.0, "aoa_meanfield_aug_fraction": 0.0, "aoa_meanfield_lambda_mean": 0.0, "delta_penalty": 4.1890294232871385e-05, "energy_loss": 0.05303904041647911, "grad_rel": 0.4852901831269264, "iteration": 7620, "loss": 0.15948150604963302, "lr": 5.884856413948887e-05, "mse": 0.00012505603554018306, "p_zero": 0.0, "pareto_conflict": 0.9, "pareto_grad_cosine_before": -0.23577019865624607, "pareto_grad_dot_after": 0.0004199218517442205, "pareto_grad_dot_before": -0.054755852674134076, "pareto_primary_grad_norm": 0.5614122599363327, "pareto_projected_tke_grad_norm": 0.416901496052742, "pareto_tke_grad_norm": 0.4360414370894432, "point_rel": 0.07261113002896309, "primary_loss": 0.10644246675074101, "residual_mse": 0.00012505603481258732, "temporal_rel": 0.8837877750396729, "tke_rel": 0.441992013156414}
TRAIN {"angle_aug_abs_deg": 0.0, "aoa_effective_shift_abs_deg_mean": 0.0, "aoa_meanfield_aug_fraction": 0.0, "aoa_meanfield_lambda_mean": 0.0, "delta_penalty": 4.3628385537886063e-05, "energy_loss": 0.05520301423966885, "grad_rel": 0.4978725746273994, "iteration": 7640, "loss": 0.16608622074127197, "lr": 5.837192077395965e-05, "mse": 0.00013875387085136027, "p_zero": 0.0, "pareto_conflict": 0.85, "pareto_grad_cosine_before": -0.22798080295324324, "pareto_grad_dot_after": 0.009023280814653844, "pareto_grad_dot_before": -0.04458754099905491, "pareto_primary_grad_norm": 0.6014641582965851, "pareto_projected_tke_grad_norm": 0.41798678785562515, "pareto_tke_grad_norm": 0.4391196250915527, "point_rel": 0.07623768728226424, "primary_loss": 0.11088320687413215, "residual_mse": 0.00013875386939616875, "temporal_rel": 0.9044977813959122, "tke_rel": 0.46002512574195864}
TRAIN {"angle_aug_abs_deg": 0.0, "aoa_effective_shift_abs_deg_mean": 0.0, "aoa_meanfield_aug_fraction": 0.0, "aoa_meanfield_lambda_mean": 0.0, "delta_penalty": 4.172495646344032e-05, "energy_loss": 0.05352098774164915, "grad_rel": 0.492503410577774, "iteration": 7660, "loss": 0.16151039376854898, "lr": 5.7896418663250656e-05, "mse": 0.0001147513818978041, "p_zero": 0.0, "pareto_conflict": 1.0, "pareto_grad_cosine_before": -0.21108703911304474, "pareto_grad_dot_after": -4.783942131325603e-10, "pareto_grad_dot_before": -0.04361709684599191, "pareto_primary_grad_norm": 0.5122281834483147, "pareto_projected_tke_grad_norm": 0.39914646595716474, "pareto_tke_grad_norm": 0.41302981972694397, "point_rel": 0.07356088198721408, "primary_loss": 0.10798940509557724, "residual_mse": 0.00011475138244350091, "temporal_rel": 0.900190407037735, "tke_rel": 0.4460082396864891}
TRAIN {"angle_aug_abs_deg": 0.0, "aoa_effective_shift_abs_deg_mean": 0.0, "aoa_meanfield_aug_fraction": 0.0, "aoa_meanfield_lambda_mean": 0.0, "delta_penalty": 4.3723439011955635e-05, "energy_loss": 0.05271502025425434, "grad_rel": 0.488395594060421, "iteration": 7680, "loss": 0.16131697669625283, "lr": 5.7422070843492524e-05, "mse": 0.00012985804914933397, "p_zero": 0.0, "pareto_conflict": 0.85, "pareto_grad_cosine_before": -0.13808131022378803, "pareto_grad_dot_after": 0.010215826616422419, "pareto_grad_dot_before": -0.03443877862300724, "pareto_primary_grad_norm": 0.8956368714570999, "pareto_projected_tke_grad_norm": 0.40323650240898135, "pareto_tke_grad_norm": 0.4136230438947678, "point_rel": 0.07445562910288572, "primary_loss": 0.10860195569694042, "residual_mse": 0.00012985805096832337, "temporal_rel": 0.8926853895187378, "tke_rel": 0.43929184675216676}
TRAIN {"angle_aug_abs_deg": 0.0, "aoa_effective_shift_abs_deg_mean": 0.0, "aoa_meanfield_aug_fraction": 0.0, "aoa_meanfield_lambda_mean": 0.0, "delta_penalty": 4.3080657633254305e-05, "energy_loss": 0.05381831601262092, "grad_rel": 0.49696660935878756, "iteration": 7700, "loss": 0.1639711320400238, "lr": 5.6948890319170246e-05, "mse": 0.00013848505386704346, "p_zero": 0.0, "pareto_conflict": 0.95, "pareto_grad_cosine_before": -0.20796400867402554, "pareto_grad_dot_after": 0.0005047885012572806, "pareto_grad_dot_before": -0.04131904100067914, "pareto_primary_grad_norm": 0.5760132640600204, "pareto_projected_tke_grad_norm": 0.4143480211496353, "pareto_tke_grad_norm": 0.43261152505874634, "point_rel": 0.07590145748108626, "primary_loss": 0.11015281528234482, "residual_mse": 0.00013848505459463923, "temporal_rel": 0.8918151050806046, "tke_rel": 0.4484859749674797}
TRAIN {"angle_aug_abs_deg": 0.0, "aoa_effective_shift_abs_deg_mean": 0.0, "aoa_meanfield_aug_fraction": 0.0, "aoa_meanfield_lambda_mean": 0.0, "delta_penalty": 4.4655148394667775e-05, "energy_loss": 0.05172304026782513, "grad_rel": 0.4918282195925713, "iteration": 7720, "loss": 0.1603461779654026, "lr": 5.647689006276707e-05, "mse": 0.000127019609681156, "p_zero": 0.0, "pareto_conflict": 0.85, "pareto_grad_cosine_before": -0.18194222622551023, "pareto_grad_dot_after": 0.0015083407850397634, "pareto_grad_dot_before": -0.0435818801401183, "pareto_primary_grad_norm": 0.5814407899975776, "pareto_projected_tke_grad_norm": 0.4184572771191597, "pareto_tke_grad_norm": 0.4298960790038109, "point_rel": 0.07475849557667971, "primary_loss": 0.10862314030528068, "residual_mse": 0.00012701961040875175, "temporal_rel": 0.8816074103116989, "tke_rel": 0.4310253471136093}
TRAIN {"angle_aug_abs_deg": 0.0, "aoa_effective_shift_abs_deg_mean": 0.0, "aoa_meanfield_aug_fraction": 0.0, "aoa_meanfield_lambda_mean": 0.0, "delta_penalty": 4.6073262183199404e-05, "energy_loss": 0.05405590832233429, "grad_rel": 0.5052315220236778, "iteration": 7740, "loss": 0.16737072691321372, "lr": 5.6006083014408314e-05, "mse": 0.00014620095171267167, "p_zero": 0.0, "pareto_conflict": 1.0, "pareto_grad_cosine_before": -0.20776779735460876, "pareto_grad_dot_after": -1.44864316098392e-09, "pareto_grad_dot_before": -0.05099877882748842, "pareto_primary_grad_norm": 0.5742107972502708, "pareto_projected_tke_grad_norm": 0.40897752344608307, "pareto_tke_grad_norm": 0.4206180855631828, "point_rel": 0.07885697390884161, "primary_loss": 0.11331481784582138, "residual_mse": 0.00014620095062127801, "temporal_rel": 0.8944863379001617, "tke_rel": 0.4504659131169319}
TRAIN {"angle_aug_abs_deg": 0.0, "aoa_effective_shift_abs_deg_mean": 0.0, "aoa_meanfield_aug_fraction": 0.0, "aoa_meanfield_lambda_mean": 0.0, "delta_penalty": 4.500959830693319e-05, "energy_loss": 0.05391025952994823, "grad_rel": 0.48990252912044524, "iteration": 7760, "loss": 0.16105582267045976, "lr": 5.5536482081507104e-05, "mse": 0.00012933152574987617, "p_zero": 0.0, "pareto_conflict": 1.0, "pareto_grad_cosine_before": -0.3312578225042671, "pareto_grad_dot_after": 2.3490429157391192e-09, "pareto_grad_dot_before": -0.06557122896774673, "pareto_primary_grad_norm": 0.45298673659563066, "pareto_projected_tke_grad_norm": 0.4148110866546631, "pareto_tke_grad_norm": 0.45237680673599245, "point_rel": 0.07292386423796415, "primary_loss": 0.10714556314051152, "residual_mse": 0.0001293315250222804, "temporal_rel": 0.8944487661123276, "tke_rel": 0.44925217181444166}
TRAIN {"angle_aug_abs_deg": 0.0, "aoa_effective_shift_abs_deg_mean": 0.0, "aoa_meanfield_aug_fraction": 0.0, "aoa_meanfield_lambda_mean": 0.0, "delta_penalty": 4.411010540934512e-05, "energy_loss": 0.05257770363241434, "grad_rel": 0.4840697139501572, "iteration": 7780, "loss": 0.15945653915405272, "lr": 5.506810013841019e-05, "mse": 0.00012956862974533578, "p_zero": 0.0, "pareto_conflict": 0.9, "pareto_grad_cosine_before": -0.2438122073188424, "pareto_grad_dot_after": 0.0007198601924301329, "pareto_grad_dot_before": -0.04629567275987938, "pareto_primary_grad_norm": 0.4434626907110214, "pareto_projected_tke_grad_norm": 0.417964431643486, "pareto_tke_grad_norm": 0.4396820947527885, "point_rel": 0.07296792827546597, "primary_loss": 0.10687883459031582, "residual_mse": 0.00012956862792634638, "temporal_rel": 0.8870036512613296, "tke_rel": 0.4381475418806076}
TRAIN {"angle_aug_abs_deg": 0.0, "aoa_effective_shift_abs_deg_mean": 0.0, "aoa_meanfield_aug_fraction": 0.0, "aoa_meanfield_lambda_mean": 0.0, "delta_penalty": 4.5012964164925506e-05, "energy_loss": 0.052794068679213525, "grad_rel": 0.5051448747515679, "iteration": 7800, "loss": 0.1639830633997917, "lr": 5.4600950026045156e-05, "mse": 0.0001413980466168141, "p_zero": 0.0, "pareto_conflict": 0.9, "pareto_grad_cosine_before": -0.20831039508339017, "pareto_grad_dot_after": 0.0001720664281037898, "pareto_grad_dot_before": -0.04331517541941139, "pareto_primary_grad_norm": 0.5174190610647201, "pareto_projected_tke_grad_norm": 0.3856475859880447, "pareto_tke_grad_norm": 0.39823122024536134, "point_rel": 0.07686749715358018, "primary_loss": 0.1111889947205782, "residual_mse": 0.00014139804625301622, "temporal_rel": 0.890033507347107, "tke_rel": 0.4399505853652954}
TRAIN {"angle_aug_abs_deg": 0.0, "aoa_effective_shift_abs_deg_mean": 0.0, "aoa_meanfield_aug_fraction": 0.0, "aoa_meanfield_lambda_mean": 0.0, "delta_penalty": 4.4017131131113274e-05, "energy_loss": 0.0518055098131299, "grad_rel": 0.4931246519088745, "iteration": 7820, "loss": 0.1632275700569153, "lr": 5.413504455156834e-05, "mse": 0.00013013751231483184, "p_zero": 0.0, "pareto_conflict": 0.95, "pareto_grad_cosine_before": -0.2214738205075264, "pareto_grad_dot_after": 0.002003252275972045, "pareto_grad_dot_before": -0.048871494363993406, "pareto_primary_grad_norm": 0.5295298531651497, "pareto_projected_tke_grad_norm": 0.39679632186889646, "pareto_tke_grad_norm": 0.41590371131896975, "point_rel": 0.07725627701729536, "primary_loss": 0.1114220604300499, "residual_mse": 0.00013013751267862972, "temporal_rel": 0.8909663766622543, "tke_rel": 0.4317125901579857}
TRAIN {"angle_aug_abs_deg": 0.0, "aoa_effective_shift_abs_deg_mean": 0.0, "aoa_meanfield_aug_fraction": 0.0, "aoa_meanfield_lambda_mean": 0.0, "delta_penalty": 4.04406433517579e-05, "energy_loss": 0.05189805403351784, "grad_rel": 0.4884984388947487, "iteration": 7840, "loss": 0.15828269049525262, "lr": 5.367039648801372e-05, "mse": 0.0001031939749736921, "p_zero": 0.0, "pareto_conflict": 0.8, "pareto_grad_cosine_before": -0.17808567550964655, "pareto_grad_dot_after": 0.005427578490889573, "pareto_grad_dot_before": -0.04271655799821019, "pareto_primary_grad_norm": 0.6763039484620095, "pareto_projected_tke_grad_norm": 0.4214992806315422, "pareto_tke_grad_norm": 0.43340839594602587, "point_rel": 0.07236382886767387, "primary_loss": 0.10638463608920574, "residual_mse": 0.00010319397460989421, "temporal_rel": 0.8887188553810119, "tke_rel": 0.4324837923049927}
TRAIN {"angle_aug_abs_deg": 0.0, "aoa_effective_shift_abs_deg_mean": 0.0, "aoa_meanfield_aug_fraction": 0.0, "aoa_meanfield_lambda_mean": 0.0, "delta_penalty": 4.277050102245994e-05, "energy_loss": 0.05232041385024786, "grad_rel": 0.4897721245884895, "iteration": 7860, "loss": 0.16025641411542893, "lr": 5.320701857394255e-05, "mse": 0.00011540146460902179, "p_zero": 0.0, "pareto_conflict": 0.9, "pareto_grad_cosine_before": -0.1873139994160738, "pareto_grad_dot_after": 0.0032756257123764954, "pareto_grad_dot_before": -0.050216750719118866, "pareto_primary_grad_norm": 0.6678980544209481, "pareto_projected_tke_grad_norm": 0.42477378994226456, "pareto_tke_grad_norm": 0.43869988322257997, "point_rel": 0.07361504398286342, "primary_loss": 0.10793600119650364, "residual_mse": 0.00011540146533661755, "temporal_rel": 0.8979633867740631, "tke_rel": 0.43600345999002454}
TRAIN {"angle_aug_abs_deg": 0.0, "aoa_effective_shift_abs_deg_mean": 0.0, "aoa_meanfield_aug_fraction": 0.0, "aoa_meanfield_lambda_mean": 0.0, "delta_penalty": 4.498041062106495e-05, "energy_loss": 0.053740214183926584, "grad_rel": 0.5032513946294784, "iteration": 7880, "loss": 0.16597805544734, "lr": 5.274492351309448e-05, "mse": 0.000133140060097503, "p_zero": 0.0, "pareto_conflict": 0.9, "pareto_grad_cosine_before": -0.20692729130387305, "pareto_grad_dot_after": 0.0022312428456643827, "pareto_grad_dot_before": -0.041089477576315404, "pareto_primary_grad_norm": 0.4864916682243347, "pareto_projected_tke_grad_norm": 0.4129433587193489, "pareto_tke_grad_norm": 0.42784626632928846, "point_rel": 0.07776359207928181, "primary_loss": 0.11223784014582634, "residual_mse": 0.000133140060097503, "temporal_rel": 0.8961545377969742, "tke_rel": 0.44783512949943544}
TRAIN {"angle_aug_abs_deg": 0.0, "aoa_effective_shift_abs_deg_mean": 0.0, "aoa_meanfield_aug_fraction": 0.0, "aoa_meanfield_lambda_mean": 0.0, "delta_penalty": 4.842234102397924e-05, "energy_loss": 0.054964032210409644, "grad_rel": 0.5025095999240875, "iteration": 7900, "loss": 0.1663296826183796, "lr": 5.228412397403903e-05, "mse": 0.00014460477850661846, "p_zero": 0.0, "pareto_conflict": 0.85, "pareto_grad_cosine_before": -0.19507055720314384, "pareto_grad_dot_after": 0.0034315356271690687, "pareto_grad_dot_before": -0.045797346206381914, "pareto_primary_grad_norm": 0.5666069313883781, "pareto_projected_tke_grad_norm": 0.4220762297511101, "pareto_tke_grad_norm": 0.4392597272992134, "point_rel": 0.07659882046282292, "primary_loss": 0.11136565022170544, "residual_mse": 0.0001446047777790227, "temporal_rel": 0.9061612486839294, "tke_rel": 0.4580336108803749}
TRAIN {"angle_aug_abs_deg": 0.0, "aoa_effective_shift_abs_deg_mean": 0.0, "aoa_meanfield_aug_fraction": 0.0, "aoa_meanfield_lambda_mean": 0.0, "delta_penalty": 4.2971980019501646e-05, "energy_loss": 0.05393044427037239, "grad_rel": 0.5018775284290313, "iteration": 7920, "loss": 0.16412301138043403, "lr": 5.182463258982834e-05, "mse": 0.0001277416218727012, "p_zero": 0.0, "pareto_conflict": 0.9, "pareto_grad_cosine_before": -0.2345500131836161, "pareto_grad_dot_after": 0.00033505114624858833, "pareto_grad_dot_before": -0.05496959201555, "pareto_primary_grad_norm": 0.58371050208807, "pareto_projected_tke_grad_norm": 0.39999639689922334, "pareto_tke_grad_norm": 0.41818592995405196, "point_rel": 0.07568815350532532, "primary_loss": 0.11019256748259068, "residual_mse": 0.00012774162260029698, "temporal_rel": 0.8979022771120071, "tke_rel": 0.4494203805923462}
TRAIN {"angle_aug_abs_deg": 0.0, "aoa_effective_shift_abs_deg_mean": 0.0, "aoa_meanfield_aug_fraction": 0.0, "aoa_meanfield_lambda_mean": 0.0, "delta_penalty": 4.876270868408028e-05, "energy_loss": 0.05416539441794157, "grad_rel": 0.4952968493103981, "iteration": 7940, "loss": 0.1639191597700119, "lr": 5.136646195765083e-05, "mse": 0.00014971987693570554, "p_zero": 0.0, "pareto_conflict": 0.95, "pareto_grad_cosine_before": -0.254447971470654, "pareto_grad_dot_after": 8.275910813608789e-05, "pareto_grad_dot_before": -0.04793629564810544, "pareto_primary_grad_norm": 0.4837759241461754, "pareto_projected_tke_grad_norm": 0.4069587931036949, "pareto_tke_grad_norm": 0.43015540540218355, "point_rel": 0.07551157921552658, "primary_loss": 0.10975376442074776, "residual_mse": 0.0001497198776633013, "temporal_rel": 0.8922280669212341, "tke_rel": 0.45137829631567}
TRAIN {"angle_aug_abs_deg": 0.0, "aoa_effective_shift_abs_deg_mean": 0.0, "aoa_meanfield_aug_fraction": 0.0, "aoa_meanfield_lambda_mean": 0.0, "delta_penalty": 4.822984255952179e-05, "energy_loss": 0.053688883781433105, "grad_rel": 0.5089490488171577, "iteration": 7960, "loss": 0.16815589368343353, "lr": 5.09096246384858e-05, "mse": 0.00015522995745413936, "p_zero": 0.0, "pareto_conflict": 0.85, "pareto_grad_cosine_before": -0.1596967191382646, "pareto_grad_dot_after": 0.0023172366757535203, "pareto_grad_dot_before": -0.04232799216715648, "pareto_primary_grad_norm": 0.53321473300457, "pareto_projected_tke_grad_norm": 0.42105464786291125, "pareto_tke_grad_norm": 0.4319114997982979, "point_rel": 0.08000969924032689, "primary_loss": 0.11446700878441333, "residual_mse": 0.00015522995781793724, "temporal_rel": 0.8925180494785309, "tke_rel": 0.4474073737859726}
TRAIN {"angle_aug_abs_deg": 0.0, "aoa_effective_shift_abs_deg_mean": 0.0, "aoa_meanfield_aug_fraction": 0.0, "aoa_meanfield_lambda_mean": 0.0, "delta_penalty": 4.007071920568706e-05, "energy_loss": 0.052831114269793034, "grad_rel": 0.49816774725914004, "iteration": 7980, "loss": 0.16237504333257674, "lr": 5.045413315675915e-05, "mse": 0.00011907527987204957, "p_zero": 0.0, "pareto_conflict": 0.95, "pareto_grad_cosine_before": -0.22561266631819307, "pareto_grad_dot_after": 0.0007273774832356139, "pareto_grad_dot_before": -0.05061730121960863, "pareto_primary_grad_norm": 0.5800491750240326, "pareto_projected_tke_grad_norm": 0.40194338709115984, "pareto_tke_grad_norm": 0.4174029007554054, "point_rel": 0.07506586611270905, "primary_loss": 0.10954392813146115, "residual_mse": 0.00011907527932635276, "temporal_rel": 0.8989673733711243, "tke_rel": 0.4402592971920967}
TRAIN {"angle_aug_abs_deg": 0.0, "aoa_effective_shift_abs_deg_mean": 0.0, "aoa_meanfield_aug_fraction": 0.0, "aoa_meanfield_lambda_mean": 0.0, "delta_penalty": 4.374918607936706e-05, "energy_loss": 0.05341082215309143, "grad_rel": 0.4999537467956543, "iteration": 8000, "loss": 0.16452276110649108, "lr": 4.999999999999989e-05, "mse": 0.00013365051308937835, "p_zero": 0.0, "pareto_conflict": 1.0, "pareto_grad_cosine_before": -0.24836472999304532, "pareto_grad_dot_after": 1.898115442600101e-10, "pareto_grad_dot_before": -0.05679296726593748, "pareto_primary_grad_norm": 0.554676103591919, "pareto_projected_tke_grad_norm": 0.43136605620384216, "pareto_tke_grad_norm": 0.45136495381593705, "point_rel": 0.0766722671687603, "primary_loss": 0.11111193895339966, "residual_mse": 0.00013365051381697413, "temporal_rel": 0.8966466099023819, "tke_rel": 0.44509019553661344}
EVAL_TOP {"alpha": 1.0, "best_bound_abs": 0.0075, "best_bound_rel": 0.0075, "best_bounds": [{"abs": 0.0075, "coverage": 0.8272690963745117, "final_est": 81.9084692173051, "rel": 0.0075, "sps_raw": 0.48184730660915376, "sps_score_linear": 48.18473066091538, "sps_score_used": 48.18473066091538}], "best_final_est": 81.9084692173051, "iteration": 8000, "mean_t_neural_s": 0.01762683533, "mvpe": 0.0717929532751441, "mvpe_score": 96.53474285827394, "n": 640, "rel_l2": 0.08165375646203757, "rel_l2_score": 96.0774573481031, "time_score": 86.54248999999716, "tke": 0.43300344198942187, "tke_score": 82.20292521923591}
BEST iteration=8000 final_est=81.908469 alpha=1.0 abs=0.0075 rel=0.0075
TRAIN {"angle_aug_abs_deg": 0.0, "aoa_effective_shift_abs_deg_mean": 0.0, "aoa_meanfield_aug_fraction": 0.0, "aoa_meanfield_lambda_mean": 0.0, "delta_penalty": 4.297442046663491e-05, "energy_loss": 0.052295120991766454, "grad_rel": 0.4895434558391571, "iteration": 8020, "loss": 0.15971133187413217, "lr": 4.9547237618497956e-05, "mse": 0.0001309701094214688, "p_zero": 0.0, "pareto_conflict": 0.95, "pareto_grad_cosine_before": -0.21115623582154514, "pareto_grad_dot_after": 0.00047015412660584844, "pareto_grad_dot_before": -0.04261108513455838, "pareto_primary_grad_norm": 0.5263413563370705, "pareto_projected_tke_grad_norm": 0.38841789215803146, "pareto_tke_grad_norm": 0.4021891087293625, "point_rel": 0.07333092540502548, "primary_loss": 0.10741621032357215, "residual_mse": 0.00013097010905767094, "temporal_rel": 0.8900661051273346, "tke_rel": 0.43579268604516985}
TRAIN {"angle_aug_abs_deg": 0.0, "aoa_effective_shift_abs_deg_mean": 0.0, "aoa_meanfield_aug_fraction": 0.0, "aoa_meanfield_lambda_mean": 0.0, "delta_penalty": 4.315314536142978e-05, "energy_loss": 0.05223823245614767, "grad_rel": 0.4954202190041542, "iteration": 8040, "loss": 0.16148822531104087, "lr": 4.909585842496273e-05, "mse": 0.0001234542432030139, "p_zero": 0.0, "pareto_conflict": 0.9, "pareto_grad_cosine_before": -0.24939382327720522, "pareto_grad_dot_after": 0.0034803267720235455, "pareto_grad_dot_before": -0.053361542313359676, "pareto_primary_grad_norm": 0.5081124231219292, "pareto_projected_tke_grad_norm": 0.40648491531610487, "pareto_tke_grad_norm": 0.42778409868478773, "point_rel": 0.07496690992265939, "primary_loss": 0.10924999229609966, "residual_mse": 0.0001234542417478224, "temporal_rel": 0.8937960296869278, "tke_rel": 0.4353186145424843}
TRAIN {"angle_aug_abs_deg": 0.0, "aoa_effective_shift_abs_deg_mean": 0.0, "aoa_meanfield_aug_fraction": 0.0, "aoa_meanfield_lambda_mean": 0.0, "delta_penalty": 4.3795362125820246e-05, "energy_loss": 0.05392422359436751, "grad_rel": 0.4906927108764648, "iteration": 8060, "loss": 0.1644085869193077, "lr": 4.8645874794182825e-05, "mse": 0.00013035096744715702, "p_zero": 0.0, "pareto_conflict": 0.85, "pareto_grad_cosine_before": -0.18724363334476948, "pareto_grad_dot_after": 0.00295418449072713, "pareto_grad_dot_before": -0.03683701637201011, "pareto_primary_grad_norm": 0.5178649455308915, "pareto_projected_tke_grad_norm": 0.4236380383372307, "pareto_tke_grad_norm": 0.43644899129867554, "point_rel": 0.07632103189826012, "primary_loss": 0.11048436425626278, "residual_mse": 0.0001303509678109549, "temporal_rel": 0.8920987755060196, "tke_rel": 0.4493685394525528}
TRAIN {"angle_aug_abs_deg": 0.0, "aoa_effective_shift_abs_deg_mean": 0.0, "aoa_meanfield_aug_fraction": 0.0, "aoa_meanfield_lambda_mean": 0.0, "delta_penalty": 3.90150449675275e-05, "energy_loss": 0.052057267539203166, "grad_rel": 0.4891675814986229, "iteration": 8080, "loss": 0.1585317425429821, "lr": 4.819729906268684e-05, "mse": 0.00011197115672985092, "p_zero": 0.0, "pareto_conflict": 0.85, "pareto_grad_cosine_before": -0.1470737773925066, "pareto_grad_dot_after": 0.007679594086857833, "pareto_grad_dot_before": -0.03720933739095926, "pareto_primary_grad_norm": 0.7075725734233856, "pareto_projected_tke_grad_norm": 0.42220908105373384, "pareto_tke_grad_norm": 0.4306353121995926, "point_rel": 0.072231325507164, "primary_loss": 0.1064744733273983, "residual_mse": 0.00011197115563845727, "temporal_rel": 0.8957087486982346, "tke_rel": 0.4338105767965317}
TRAIN {"angle_aug_abs_deg": 0.0, "aoa_effective_shift_abs_deg_mean": 0.0, "aoa_meanfield_aug_fraction": 0.0, "aoa_meanfield_lambda_mean": 0.0, "delta_penalty": 4.530230726231821e-05, "energy_loss": 0.052591757476329805, "grad_rel": 0.49736523628234863, "iteration": 8100, "loss": 0.16200800761580467, "lr": 4.775014352840496e-05, "mse": 0.00013256822967377957, "p_zero": 0.0, "pareto_conflict": 0.85, "pareto_grad_cosine_before": -0.19143423568457366, "pareto_grad_dot_after": 0.004872430904833891, "pareto_grad_dot_before": -0.04170810580253601, "pareto_primary_grad_norm": 0.652522724866867, "pareto_projected_tke_grad_norm": 0.4000825047492981, "pareto_tke_grad_norm": 0.4140674233436584, "point_rel": 0.07497487310320139, "primary_loss": 0.1094162505120039, "residual_mse": 0.00013256822858238594, "temporal_rel": 0.8980074405670166, "tke_rel": 0.43826465457677843}
TRAIN {"angle_aug_abs_deg": 0.0, "aoa_effective_shift_abs_deg_mean": 0.0, "aoa_meanfield_aug_fraction": 0.0, "aoa_meanfield_lambda_mean": 0.0, "delta_penalty": 4.5140150541556066e-05, "energy_loss": 0.053382016532123086, "grad_rel": 0.5049516633152962, "iteration": 8120, "loss": 0.16676775962114335, "lr": 4.730442045033211e-05, "mse": 0.00013206658422859618, "p_zero": 0.0, "pareto_conflict": 0.9, "pareto_grad_cosine_before": -0.24301870791241525, "pareto_grad_dot_after": 0.001041667812569358, "pareto_grad_dot_before": -0.04877985813654959, "pareto_primary_grad_norm": 0.4940308555960655, "pareto_projected_tke_grad_norm": 0.41560838371515274, "pareto_tke_grad_norm": 0.43660900592803953, "point_rel": 0.0790942095220089, "primary_loss": 0.11338574253022671, "residual_mse": 0.00013206658459239407, "temporal_rel": 0.8892245948314667, "tke_rel": 0.44485014528036115}
TRAIN {"angle_aug_abs_deg": 0.0, "aoa_effective_shift_abs_deg_mean": 0.0, "aoa_meanfield_aug_fraction": 0.0, "aoa_meanfield_lambda_mean": 0.0, "delta_penalty": 4.2866372859862166e-05, "energy_loss": 0.05172202158719301, "grad_rel": 0.4893088310956955, "iteration": 8140, "loss": 0.15953376218676568, "lr": 4.6860142048191564e-05, "mse": 0.00012675396174017807, "p_zero": 0.0, "pareto_conflict": 0.9, "pareto_grad_cosine_before": -0.21602521738968788, "pareto_grad_dot_after": 0.0027990819016849855, "pareto_grad_dot_before": -0.03718654988333583, "pareto_primary_grad_norm": 0.461531101167202, "pareto_projected_tke_grad_norm": 0.40907473415136336, "pareto_tke_grad_norm": 0.4253744542598724, "point_rel": 0.0735696205869317, "primary_loss": 0.10781174041330814, "residual_mse": 0.00012675396119448122, "temporal_rel": 0.8954535007476807, "tke_rel": 0.4310168564319611}
TRAIN {"angle_aug_abs_deg": 0.0, "aoa_effective_shift_abs_deg_mean": 0.0, "aoa_meanfield_aug_fraction": 0.0, "aoa_meanfield_lambda_mean": 0.0, "delta_penalty": 4.340510604379233e-05, "energy_loss": 0.05358277838677168, "grad_rel": 0.48994460254907607, "iteration": 8160, "loss": 0.16197744831442834, "lr": 4.641732050210022e-05, "mse": 0.00012340324337856146, "p_zero": 0.0, "pareto_conflict": 0.9, "pareto_grad_cosine_before": -0.21254192609339953, "pareto_grad_dot_after": 0.0015426304878019437, "pareto_grad_dot_before": -0.04516372391954064, "pareto_primary_grad_norm": 0.5387291982769966, "pareto_projected_tke_grad_norm": 0.42078588157892227, "pareto_tke_grad_norm": 0.43979022204875945, "point_rel": 0.07417304515838623, "primary_loss": 0.10839467085897922, "residual_mse": 0.00012340324337856146, "temporal_rel": 0.8944855630397797, "tke_rel": 0.4465231627225876}
TRAIN {"angle_aug_abs_deg": 0.0, "aoa_effective_shift_abs_deg_mean": 0.0, "aoa_meanfield_aug_fraction": 0.0, "aoa_meanfield_lambda_mean": 0.0, "delta_penalty": 4.6851748902554394e-05, "energy_loss": 0.05225627366453409, "grad_rel": 0.5037634119391441, "iteration": 8180, "loss": 0.16404492929577827, "lr": 4.597596795223436e-05, "mse": 0.00013867944417143008, "p_zero": 0.0, "pareto_conflict": 0.95, "pareto_grad_cosine_before": -0.17925034910440446, "pareto_grad_dot_after": 0.007436943384709594, "pareto_grad_dot_before": -0.03232925785705447, "pareto_primary_grad_norm": 0.5303311169147491, "pareto_projected_tke_grad_norm": 0.4005977675318718, "pareto_tke_grad_norm": 0.4123733818531036, "point_rel": 0.07754625976085663, "primary_loss": 0.11178865469992161, "residual_mse": 0.00013867944544472267, "temporal_rel": 0.8881134331226349, "tke_rel": 0.43546895682811737}
TRAIN {"angle_aug_abs_deg": 0.0, "aoa_effective_shift_abs_deg_mean": 0.0, "aoa_meanfield_aug_fraction": 0.0, "aoa_meanfield_lambda_mean": 0.0, "delta_penalty": 4.4612163674173647e-05, "energy_loss": 0.05501052234321833, "grad_rel": 0.49894086718559266, "iteration": 8200, "loss": 0.16621567755937577, "lr": 4.553609649849718e-05, "mse": 0.00012504538553912426, "p_zero": 0.0, "pareto_conflict": 0.95, "pareto_grad_cosine_before": -0.23715054374188185, "pareto_grad_dot_after": 0.003936163779326307, "pareto_grad_dot_before": -0.05116796244401485, "pareto_primary_grad_norm": 0.617715348303318, "pareto_projected_tke_grad_norm": 0.4256009116768837, "pareto_tke_grad_norm": 0.44581984877586367, "point_rel": 0.07668090667575597, "primary_loss": 0.11120515502989292, "residual_mse": 0.00012504538553912426, "temporal_rel": 0.9000576078891754, "tke_rel": 0.4584210246801376}
TRAIN {"angle_aug_abs_deg": 0.0, "aoa_effective_shift_abs_deg_mean": 0.0, "aoa_meanfield_aug_fraction": 0.0, "aoa_meanfield_lambda_mean": 0.0, "delta_penalty": 4.838736404053634e-05, "energy_loss": 0.052058467641472816, "grad_rel": 0.49811292588710787, "iteration": 8220, "loss": 0.16268222108483316, "lr": 4.509771820018669e-05, "mse": 0.00015232478217512834, "p_zero": 0.0, "pareto_conflict": 0.9, "pareto_grad_cosine_before": -0.23469748930074275, "pareto_grad_dot_after": 0.0004430114875503932, "pareto_grad_dot_before": -0.052358527327305636, "pareto_primary_grad_norm": 0.5593404665589332, "pareto_projected_tke_grad_norm": 0.4078121542930603, "pareto_tke_grad_norm": 0.42561518400907516, "point_rel": 0.07634960301220417, "primary_loss": 0.11062375344336033, "residual_mse": 0.0001523247829027241, "temporal_rel": 0.8918597251176834, "tke_rel": 0.4338205710053444}
TRAIN {"angle_aug_abs_deg": 0.0, "aoa_effective_shift_abs_deg_mean": 0.0, "aoa_meanfield_aug_fraction": 0.0, "aoa_meanfield_lambda_mean": 0.0, "delta_penalty": 4.5066890288580906e-05, "energy_loss": 0.05287618543952703, "grad_rel": 0.5009597167372704, "iteration": 8240, "loss": 0.16449688449501992, "lr": 4.466084507566544e-05, "mse": 0.00013025140196987195, "p_zero": 0.0, "pareto_conflict": 0.9, "pareto_grad_cosine_before": -0.27649235231801866, "pareto_grad_dot_after": 0.0011637871421953604, "pareto_grad_dot_before": -0.0587306332308799, "pareto_primary_grad_norm": 0.49541055262088773, "pareto_projected_tke_grad_norm": 0.4262699201703072, "pareto_tke_grad_norm": 0.45036103427410124, "point_rel": 0.07721302639693021, "primary_loss": 0.1116206992417574, "residual_mse": 0.00013025140196987195, "temporal_rel": 0.8951100528240203, "tke_rel": 0.44063488841056825}
TRAIN {"angle_aug_abs_deg": 0.0, "aoa_effective_shift_abs_deg_mean": 0.0, "aoa_meanfield_aug_fraction": 0.0, "aoa_meanfield_lambda_mean": 0.0, "delta_penalty": 4.4049543885194e-05, "energy_loss": 0.053242686204612255, "grad_rel": 0.48688902854919436, "iteration": 8260, "loss": 0.15998802334070206, "lr": 4.422548910203082e-05, "mse": 0.00011446942953625694, "p_zero": 0.0, "pareto_conflict": 1.0, "pareto_grad_cosine_before": -0.20893192181829362, "pareto_grad_dot_after": -2.2972017177380623e-09, "pareto_grad_dot_before": -0.04875105686369352, "pareto_primary_grad_norm": 0.6898797065019607, "pareto_projected_tke_grad_norm": 0.41082175225019457, "pareto_tke_grad_norm": 0.4287905663251877, "point_rel": 0.07219460308551788, "primary_loss": 0.10674533694982528, "residual_mse": 0.00011446943099144847, "temporal_rel": 0.9070725351572037, "tke_rel": 0.4436890631914139}
TRAIN {"angle_aug_abs_deg": 0.0, "aoa_effective_shift_abs_deg_mean": 0.0, "aoa_meanfield_aug_fraction": 0.0, "aoa_meanfield_lambda_mean": 0.0, "delta_penalty": 4.4416969740268544e-05, "energy_loss": 0.052572346106171605, "grad_rel": 0.48892546594142916, "iteration": 8280, "loss": 0.16017547696828843, "lr": 4.3791662214786765e-05, "mse": 0.00012361309873085702, "p_zero": 0.0, "pareto_conflict": 0.85, "pareto_grad_cosine_before": -0.18287919935537503, "pareto_grad_dot_after": 0.0020214914083226177, "pareto_grad_dot_before": -0.040447903655876874, "pareto_primary_grad_norm": 0.572415380179882, "pareto_projected_tke_grad_norm": 0.41056349575519563, "pareto_tke_grad_norm": 0.4225443795323372, "point_rel": 0.07336863912642003, "primary_loss": 0.10760312974452972, "residual_mse": 0.00012361309763946337, "temporal_rel": 0.8954212456941605, "tke_rel": 0.43810289204120634}
TRAIN {"angle_aug_abs_deg": 0.0, "aoa_effective_shift_abs_deg_mean": 0.0, "aoa_meanfield_aug_fraction": 0.0, "aoa_meanfield_lambda_mean": 0.0, "delta_penalty": 3.991811308878823e-05, "energy_loss": 0.052187105640769005, "grad_rel": 0.49484991282224655, "iteration": 8300, "loss": 0.15948350206017495, "lr": 4.3359376307516577e-05, "mse": 0.00011113225918961689, "p_zero": 0.0, "pareto_conflict": 0.95, "pareto_grad_cosine_before": -0.24107831045985223, "pareto_grad_dot_after": 0.0005426614675343444, "pareto_grad_dot_before": -0.06202787957154214, "pareto_primary_grad_norm": 0.6269048869609832, "pareto_projected_tke_grad_norm": 0.4483150243759155, "pareto_tke_grad_norm": 0.47478810995817183, "point_rel": 0.07303941547870636, "primary_loss": 0.107296397164464, "residual_mse": 0.00011113226064480841, "temporal_rel": 0.8933364689350128, "tke_rel": 0.4348925545811653}
TRAIN {"angle_aug_abs_deg": 0.0, "aoa_effective_shift_abs_deg_mean": 0.0, "aoa_meanfield_aug_fraction": 0.0, "aoa_meanfield_lambda_mean": 0.0, "delta_penalty": 4.628419465007028e-05, "energy_loss": 0.054038159921765326, "grad_rel": 0.5045156165957451, "iteration": 8320, "loss": 0.16618843898177146, "lr": 4.292864323155667e-05, "mse": 0.0001447022614229354, "p_zero": 0.0, "pareto_conflict": 0.85, "pareto_grad_cosine_before": -0.20327518349513413, "pareto_grad_dot_after": 0.003877674648720131, "pareto_grad_dot_before": -0.03545686649158597, "pareto_primary_grad_norm": 0.4797717735171318, "pareto_projected_tke_grad_norm": 0.41812749207019806, "pareto_tke_grad_norm": 0.43666464388370513, "point_rel": 0.0776891615241766, "primary_loss": 0.11215027943253517, "residual_mse": 0.00014470226069533964, "temporal_rel": 0.8949682861566544, "tke_rel": 0.45031800866127014}
TRAIN {"angle_aug_abs_deg": 0.0, "aoa_effective_shift_abs_deg_mean": 0.0, "aoa_meanfield_aug_fraction": 0.0, "aoa_meanfield_lambda_mean": 0.0, "delta_penalty": 4.321492069720989e-05, "energy_loss": 0.0517229413613677, "grad_rel": 0.492373526096344, "iteration": 8340, "loss": 0.16070517227053643, "lr": 4.2499474795672004e-05, "mse": 0.0001307099543737422, "p_zero": 0.0, "pareto_conflict": 1.0, "pareto_grad_cosine_before": -0.1592158775543794, "pareto_grad_dot_after": 3.8380676414817574e-11, "pareto_grad_dot_before": -0.035535568557679656, "pareto_primary_grad_norm": 0.7296338275074958, "pareto_projected_tke_grad_norm": 0.38458309769630433, "pareto_tke_grad_norm": 0.3929354056715965, "point_rel": 0.07496920097619295, "primary_loss": 0.1089822318404913, "residual_mse": 0.00013070995246380334, "temporal_rel": 0.8862450689077377, "tke_rel": 0.4310245215892792}
TRAIN {"angle_aug_abs_deg": 0.0, "aoa_effective_shift_abs_deg_mean": 0.0, "aoa_meanfield_aug_fraction": 0.0, "aoa_meanfield_lambda_mean": 0.0, "delta_penalty": 4.772994925588137e-05, "energy_loss": 0.05354416500777006, "grad_rel": 0.500908936560154, "iteration": 8360, "loss": 0.16459842398762703, "lr": 4.207188276573195e-05, "mse": 0.0001449194038286805, "p_zero": 0.0, "pareto_conflict": 0.95, "pareto_grad_cosine_before": -0.17924045883119105, "pareto_grad_dot_after": 0.0011039970825777346, "pareto_grad_dot_before": -0.039250335097312926, "pareto_primary_grad_norm": 0.657911691069603, "pareto_projected_tke_grad_norm": 0.3961397707462311, "pareto_tke_grad_norm": 0.40670273154973985, "point_rel": 0.07659155800938607, "primary_loss": 0.11105425879359246, "residual_mse": 0.0001449194041924784, "temporal_rel": 0.8968212366104126, "tke_rel": 0.4462013840675354}
TRAIN {"angle_aug_abs_deg": 0.0, "aoa_effective_shift_abs_deg_mean": 0.0, "aoa_meanfield_aug_fraction": 0.0, "aoa_meanfield_lambda_mean": 0.0, "delta_penalty": 4.239330273776431e-05, "energy_loss": 0.05360252615064383, "grad_rel": 0.506795021891594, "iteration": 8380, "loss": 0.16556779593229293, "lr": 4.164587886438812e-05, "mse": 0.00013474186835082946, "p_zero": 0.0, "pareto_conflict": 0.95, "pareto_grad_cosine_before": -0.2605326474644244, "pareto_grad_dot_after": 0.0004967885342921363, "pareto_grad_dot_before": -0.05189649532549083, "pareto_primary_grad_norm": 0.5883433192968368, "pareto_projected_tke_grad_norm": 0.4116916060447693, "pareto_tke_grad_norm": 0.4348212033510208, "point_rel": 0.07736258376389742, "primary_loss": 0.11196526885032654, "residual_mse": 0.0001347418676232337, "temporal_rel": 0.8986496299505233, "tke_rel": 0.4466877281665802}
TRAIN {"angle_aug_abs_deg": 0.0, "aoa_effective_shift_abs_deg_mean": 0.0, "aoa_meanfield_aug_fraction": 0.0, "aoa_meanfield_lambda_mean": 0.0, "delta_penalty": 4.8469876219314756e-05, "energy_loss": 0.05326864533126354, "grad_rel": 0.5074215561151505, "iteration": 8400, "loss": 0.16674072220921515, "lr": 4.1221474770752555e-05, "mse": 0.00014375607315741945, "p_zero": 0.0, "pareto_conflict": 0.9, "pareto_grad_cosine_before": -0.20513771008700132, "pareto_grad_dot_after": 0.0027824109010907705, "pareto_grad_dot_before": -0.0456645461730659, "pareto_primary_grad_norm": 0.5665269002318383, "pareto_projected_tke_grad_norm": 0.40851723253726957, "pareto_tke_grad_norm": 0.4218853533267975, "point_rel": 0.07888754196465016, "primary_loss": 0.11347207799553871, "residual_mse": 0.00014375607388501522, "temporal_rel": 0.8976372838020324, "tke_rel": 0.4439053893089294}
TRAIN {"angle_aug_abs_deg": 0.0, "aoa_effective_shift_abs_deg_mean": 0.0, "aoa_meanfield_aug_fraction": 0.0, "aoa_meanfield_lambda_mean": 0.0, "delta_penalty": 4.265423449396621e-05, "energy_loss": 0.051385284215211866, "grad_rel": 0.48263476192951205, "iteration": 8420, "loss": 0.1572080872952938, "lr": 4.07986821200779e-05, "mse": 0.00012016008076898288, "p_zero": 0.0, "pareto_conflict": 1.0, "pareto_grad_cosine_before": -0.27252817079424857, "pareto_grad_dot_after": 3.183231456205249e-12, "pareto_grad_dot_before": -0.052887064311653374, "pareto_primary_grad_norm": 0.4982493206858635, "pareto_projected_tke_grad_norm": 0.4145101398229599, "pareto_tke_grad_norm": 0.43389575779438017, "point_rel": 0.07206388153135776, "primary_loss": 0.10582280270755291, "residual_mse": 0.000120160080405185, "temporal_rel": 0.8827500462532043, "tke_rel": 0.42821071296930313}
TRAIN {"angle_aug_abs_deg": 0.0, "aoa_effective_shift_abs_deg_mean": 0.0, "aoa_meanfield_aug_fraction": 0.0, "aoa_meanfield_lambda_mean": 0.0, "delta_penalty": 4.1348818376718556e-05, "energy_loss": 0.053449593298137185, "grad_rel": 0.49076143354177476, "iteration": 8440, "loss": 0.16129915341734885, "lr": 4.037751250343828e-05, "mse": 0.00011107805748906685, "p_zero": 0.0, "pareto_conflict": 0.85, "pareto_grad_cosine_before": -0.15836941227316856, "pareto_grad_dot_after": 0.0036452117478802393, "pareto_grad_dot_before": -0.03611351093277335, "pareto_primary_grad_norm": 0.5780383154749871, "pareto_projected_tke_grad_norm": 0.4041062697768211, "pareto_tke_grad_norm": 0.4137478038668633, "point_rel": 0.07376293707638978, "primary_loss": 0.10784956105053425, "residual_mse": 0.00011107805676147109, "temporal_rel": 0.8897017061710357, "tke_rel": 0.4454132869839668}
TRAIN {"angle_aug_abs_deg": 0.0, "aoa_effective_shift_abs_deg_mean": 0.0, "aoa_meanfield_aug_fraction": 0.0, "aoa_meanfield_lambda_mean": 0.0, "delta_penalty": 4.2111480615858456e-05, "energy_loss": 0.05178075470030308, "grad_rel": 0.4865282639861107, "iteration": 8460, "loss": 0.15862494632601737, "lr": 3.9957977467411445e-05, "mse": 0.00011441829283285188, "p_zero": 0.0, "pareto_conflict": 0.95, "pareto_grad_cosine_before": -0.24392137629911304, "pareto_grad_dot_after": 0.0036410616693501653, "pareto_grad_dot_before": -0.04866846818476915, "pareto_primary_grad_norm": 0.5319146782159805, "pareto_projected_tke_grad_norm": 0.42560606747865676, "pareto_tke_grad_norm": 0.4464873746037483, "point_rel": 0.0727984793484211, "primary_loss": 0.10684419088065625, "residual_mse": 0.00011441829265095294, "temporal_rel": 0.8904206722974777, "tke_rel": 0.4315062940120697}
TRAIN {"angle_aug_abs_deg": 0.0, "aoa_effective_shift_abs_deg_mean": 0.0, "aoa_meanfield_aug_fraction": 0.0, "aoa_meanfield_lambda_mean": 0.0, "delta_penalty": 4.699687497122795e-05, "energy_loss": 0.05325215011835098, "grad_rel": 0.5036187902092933, "iteration": 8480, "loss": 0.16516643837094308, "lr": 3.954008851376235e-05, "mse": 0.00014655572977062548, "p_zero": 0.0, "pareto_conflict": 1.0, "pareto_grad_cosine_before": -0.29021509923040867, "pareto_grad_dot_after": 8.842107490636409e-10, "pareto_grad_dot_before": -0.051535202842205766, "pareto_primary_grad_norm": 0.43386485129594804, "pareto_projected_tke_grad_norm": 0.40534693002700806, "pareto_tke_grad_norm": 0.429224956035614, "point_rel": 0.07741002794355153, "primary_loss": 0.11191428862512112, "residual_mse": 0.00014655572831543396, "temporal_rel": 0.8968357086181641, "tke_rel": 0.4437679275870323}
TRAIN {"angle_aug_abs_deg": 0.0, "aoa_effective_shift_abs_deg_mean": 0.0, "aoa_meanfield_aug_fraction": 0.0, "aoa_meanfield_lambda_mean": 0.0, "delta_penalty": 4.2443718939466635e-05, "energy_loss": 0.052398544549942014, "grad_rel": 0.49017720073461535, "iteration": 8500, "loss": 0.16032898649573327, "lr": 3.9123857099127794e-05, "mse": 0.0001262788233361789, "p_zero": 0.0, "pareto_conflict": 0.9, "pareto_grad_cosine_before": -0.1884821462444961, "pareto_grad_dot_after": 0.0022594363293137578, "pareto_grad_dot_before": -0.04638569585513323, "pareto_primary_grad_norm": 0.5552529409527779, "pareto_projected_tke_grad_norm": 0.40025816261768343, "pareto_tke_grad_norm": 0.4172487810254097, "point_rel": 0.07378489747643471, "primary_loss": 0.10793044045567513, "residual_mse": 0.00012627882588276407, "temporal_rel": 0.8918051034212112, "tke_rel": 0.4366545468568802}
TRAIN {"angle_aug_abs_deg": 0.0, "aoa_effective_shift_abs_deg_mean": 0.0, "aoa_meanfield_aug_fraction": 0.0, "aoa_meanfield_lambda_mean": 0.0, "delta_penalty": 3.8848393069201846e-05, "energy_loss": 0.05152646116912365, "grad_rel": 0.4809518024325371, "iteration": 8520, "loss": 0.15772427543997763, "lr": 3.870929463470223e-05, "mse": 0.00010897778483922593, "p_zero": 0.0, "pareto_conflict": 0.8, "pareto_grad_cosine_before": -0.16049260152503847, "pareto_grad_dot_after": 0.006248592587689927, "pareto_grad_dot_before": -0.03271273747086525, "pareto_primary_grad_norm": 0.581743361055851, "pareto_projected_tke_grad_norm": 0.42482266426086424, "pareto_tke_grad_norm": 0.4386518105864525, "point_rel": 0.07217153422534466, "primary_loss": 0.10619781538844109, "residual_mse": 0.00010897778356593335, "temporal_rel": 0.8926177591085434, "tke_rel": 0.42938718348741534}
TRAIN {"angle_aug_abs_deg": 0.0, "aoa_effective_shift_abs_deg_mean": 0.0, "aoa_meanfield_aug_fraction": 0.0, "aoa_meanfield_lambda_mean": 0.0, "delta_penalty": 4.6436311822617424e-05, "energy_loss": 0.053643536381423475, "grad_rel": 0.5049178257584572, "iteration": 8540, "loss": 0.16670760586857797, "lr": 3.829641248592498e-05, "mse": 0.0001459376322600292, "p_zero": 0.0, "pareto_conflict": 0.85, "pareto_grad_cosine_before": -0.22915177494287492, "pareto_grad_dot_after": 0.001098688009506077, "pareto_grad_dot_before": -0.0443945235805586, "pareto_primary_grad_norm": 0.504488329589367, "pareto_projected_tke_grad_norm": 0.3917896464467049, "pareto_tke_grad_norm": 0.40973797291517255, "point_rel": 0.07863140664994717, "primary_loss": 0.11306406781077386, "residual_mse": 0.0001459376322600292, "temporal_rel": 0.8938061654567718, "tke_rel": 0.44702947735786436}
TRAIN {"angle_aug_abs_deg": 0.0, "aoa_effective_shift_abs_deg_mean": 0.0, "aoa_meanfield_aug_fraction": 0.0, "aoa_meanfield_lambda_mean": 0.0, "delta_penalty": 4.1068704922508915e-05, "energy_loss": 0.05240336582064629, "grad_rel": 0.48843845576047895, "iteration": 8560, "loss": 0.15922922194004058, "lr": 3.7885221972168816e-05, "mse": 0.00012376089034660254, "p_zero": 0.0, "pareto_conflict": 0.9, "pareto_grad_cosine_before": -0.1500603093765676, "pareto_grad_dot_after": 0.002877576591208708, "pareto_grad_dot_before": -0.034042589823366144, "pareto_primary_grad_norm": 0.5457655996084213, "pareto_projected_tke_grad_norm": 0.4113468050956726, "pareto_tke_grad_norm": 0.42241516411304475, "point_rel": 0.07268129047006369, "primary_loss": 0.10682585537433624, "residual_mse": 0.00012376088816381525, "temporal_rel": 0.8926679342985153, "tke_rel": 0.43669472336769105}
TRAIN {"angle_aug_abs_deg": 0.0, "aoa_effective_shift_abs_deg_mean": 0.0, "aoa_meanfield_aug_fraction": 0.0, "aoa_meanfield_lambda_mean": 0.0, "delta_penalty": 4.411988747961004e-05, "energy_loss": 0.05249084327369928, "grad_rel": 0.5008604899048805, "iteration": 8580, "loss": 0.1629701666533947, "lr": 3.747573436642934e-05, "mse": 0.00012750222249451325, "p_zero": 0.0, "pareto_conflict": 0.95, "pareto_grad_cosine_before": -0.24186140466481448, "pareto_grad_dot_after": 0.0005168652505744831, "pareto_grad_dot_before": -0.04938346538692713, "pareto_primary_grad_norm": 0.5975832924246788, "pareto_projected_tke_grad_norm": 0.39916409701108935, "pareto_tke_grad_norm": 0.41907672584056854, "point_rel": 0.07602731809020043, "primary_loss": 0.11047932095825672, "residual_mse": 0.00012750222158501855, "temporal_rel": 0.8966654121875763, "tke_rel": 0.43742370456457136}
TRAIN {"angle_aug_abs_deg": 0.0, "aoa_effective_shift_abs_deg_mean": 0.0, "aoa_meanfield_aug_fraction": 0.0, "aoa_meanfield_lambda_mean": 0.0, "delta_penalty": 4.2791513078555e-05, "energy_loss": 0.051332696713507174, "grad_rel": 0.4886077895760536, "iteration": 8600, "loss": 0.15832212045788766, "lr": 3.706796089501611e-05, "mse": 0.0001234460487467004, "p_zero": 0.0, "pareto_conflict": 0.9, "pareto_grad_cosine_before": -0.16475363727658987, "pareto_grad_dot_after": 0.0018458789094438544, "pareto_grad_dot_before": -0.04162012874148786, "pareto_primary_grad_norm": 0.5364686280488968, "pareto_projected_tke_grad_norm": 0.4290074869990349, "pareto_tke_grad_norm": 0.4395697206258774, "point_rel": 0.07305823564529419, "primary_loss": 0.10698942467570305, "residual_mse": 0.0001234460487467004, "temporal_rel": 0.8854727983474732, "tke_rel": 0.4277724802494049}
TRAIN {"angle_aug_abs_deg": 0.0, "aoa_effective_shift_abs_deg_mean": 0.0, "aoa_meanfield_aug_fraction": 0.0, "aoa_meanfield_lambda_mean": 0.0, "delta_penalty": 4.6488986208714776e-05, "energy_loss": 0.05309362728148699, "grad_rel": 0.5028062462806702, "iteration": 8620, "loss": 0.16550479382276534, "lr": 3.6661912737244834e-05, "mse": 0.00013295504868438002, "p_zero": 0.0, "pareto_conflict": 0.95, "pareto_grad_cosine_before": -0.23108065817505122, "pareto_grad_dot_after": 0.00021615730438497848, "pareto_grad_dot_before": -0.04895352816674858, "pareto_primary_grad_norm": 0.47499017864465715, "pareto_projected_tke_grad_norm": 0.40922274589538576, "pareto_tke_grad_norm": 0.42464938312768935, "point_rel": 0.07794331423938275, "primary_loss": 0.11241116560995579, "residual_mse": 0.00013295504577399698, "temporal_rel": 0.8961646825075149, "tke_rel": 0.4424469068646431}
TRAIN {"angle_aug_abs_deg": 0.0, "aoa_effective_shift_abs_deg_mean": 0.0, "aoa_meanfield_aug_fraction": 0.0, "aoa_meanfield_lambda_mean": 0.0, "delta_penalty": 4.419985161803197e-05, "energy_loss": 0.05359773617237806, "grad_rel": 0.4971762880682945, "iteration": 8640, "loss": 0.1642354264855385, "lr": 3.625760102513085e-05, "mse": 0.00013659214819199405, "p_zero": 0.0, "pareto_conflict": 0.9, "pareto_grad_cosine_before": -0.19263109540333972, "pareto_grad_dot_after": 0.003424146924589877, "pareto_grad_dot_before": -0.04283738962549251, "pareto_primary_grad_norm": 0.5357418417930603, "pareto_projected_tke_grad_norm": 0.4061579078435898, "pareto_tke_grad_norm": 0.42133242934942244, "point_rel": 0.07603635210543871, "primary_loss": 0.11063769273459911, "residual_mse": 0.0001365921474643983, "temporal_rel": 0.9033945202827454, "tke_rel": 0.4466478168964386}
TRAIN {"angle_aug_abs_deg": 0.0, "aoa_effective_shift_abs_deg_mean": 0.0, "aoa_meanfield_aug_fraction": 0.0, "aoa_meanfield_lambda_mean": 0.0, "delta_penalty": 4.557905667752493e-05, "energy_loss": 0.05252166669815779, "grad_rel": 0.49550929218530654, "iteration": 8660, "loss": 0.16191501170396805, "lr": 3.585503684308407e-05, "mse": 0.00013636157709697727, "p_zero": 0.0, "pareto_conflict": 0.85, "pareto_grad_cosine_before": -0.24514709629584103, "pareto_grad_dot_after": 0.0010341943469938998, "pareto_grad_dot_before": -0.05258630577591248, "pareto_primary_grad_norm": 0.5099559903144837, "pareto_projected_tke_grad_norm": 0.41260258108377457, "pareto_tke_grad_norm": 0.43577194809913633, "point_rel": 0.0752122662961483, "primary_loss": 0.10939334444701672, "residual_mse": 0.00013636157800647197, "temporal_rel": 0.8902206301689148, "tke_rel": 0.4376805633306503}
TRAIN {"angle_aug_abs_deg": 0.0, "aoa_effective_shift_abs_deg_mean": 0.0, "aoa_meanfield_aug_fraction": 0.0, "aoa_meanfield_lambda_mean": 0.0, "delta_penalty": 4.546175659925211e-05, "energy_loss": 0.052349580265581605, "grad_rel": 0.5015357851982116, "iteration": 8680, "loss": 0.1639929547905922, "lr": 3.545423122760477e-05, "mse": 0.00013702328906219918, "p_zero": 0.0, "pareto_conflict": 0.9, "pareto_grad_cosine_before": -0.2119073480658699, "pareto_grad_dot_after": 0.0007709175247327948, "pareto_grad_dot_before": -0.03832391699543223, "pareto_primary_grad_norm": 0.5091444328427315, "pareto_projected_tke_grad_norm": 0.3965264901518822, "pareto_tke_grad_norm": 0.41627482920885084, "point_rel": 0.07731542214751244, "primary_loss": 0.11164337508380413, "residual_mse": 0.0001370232886984013, "temporal_rel": 0.8920967012643815, "tke_rel": 0.4362465128302574}
TRAIN {"angle_aug_abs_deg": 0.0, "aoa_effective_shift_abs_deg_mean": 0.0, "aoa_meanfield_aug_fraction": 0.0, "aoa_meanfield_lambda_mean": 0.0, "delta_penalty": 4.2072126507264326e-05, "energy_loss": 0.052697975374758246, "grad_rel": 0.49526442438364027, "iteration": 8700, "loss": 0.16053181812167167, "lr": 3.5055195166981455e-05, "mse": 0.00011683288648782764, "p_zero": 0.0, "pareto_conflict": 0.9, "pareto_grad_cosine_before": -0.2400305266259238, "pareto_grad_dot_after": 0.0010619535475143494, "pareto_grad_dot_before": -0.0539002713165246, "pareto_primary_grad_norm": 0.49754381030797956, "pareto_projected_tke_grad_norm": 0.42437294125556946, "pareto_tke_grad_norm": 0.4474246263504028, "point_rel": 0.07332056201994419, "primary_loss": 0.10783384181559086, "residual_mse": 0.00011683288685162551, "temporal_rel": 0.9016140818595886, "tke_rel": 0.4391498059034348}
TRAIN {"angle_aug_abs_deg": 0.0, "aoa_effective_shift_abs_deg_mean": 0.0, "aoa_meanfield_aug_fraction": 0.0, "aoa_meanfield_lambda_mean": 0.0, "delta_penalty": 4.709278873633593e-05, "energy_loss": 0.053267107158899304, "grad_rel": 0.5078043580055237, "iteration": 8720, "loss": 0.16570537239313127, "lr": 3.4657939600989255e-05, "mse": 0.00013342221718630752, "p_zero": 0.0, "pareto_conflict": 0.9, "pareto_grad_cosine_before": -0.22709984284592794, "pareto_grad_dot_after": 0.0027912912397368927, "pareto_grad_dot_before": -0.05065792890090961, "pareto_primary_grad_norm": 0.5070274606347084, "pareto_projected_tke_grad_norm": 0.4071320742368698, "pareto_tke_grad_norm": 0.42585131973028184, "point_rel": 0.07800684757530689, "primary_loss": 0.11243826448917389, "residual_mse": 0.00013342221536731812, "temporal_rel": 0.8924461036920548, "tke_rel": 0.4438925668597221}
TRAIN {"angle_aug_abs_deg": 0.0, "aoa_effective_shift_abs_deg_mean": 0.0, "aoa_meanfield_aug_fraction": 0.0, "aoa_meanfield_lambda_mean": 0.0, "delta_penalty": 4.5987668909219795e-05, "energy_loss": 0.05302155576646328, "grad_rel": 0.49533016234636307, "iteration": 8740, "loss": 0.16225901171565055, "lr": 3.426247542059025e-05, "mse": 0.0001344817699646228, "p_zero": 0.0, "pareto_conflict": 0.95, "pareto_grad_cosine_before": -0.24951391834765674, "pareto_grad_dot_after": 0.001344827597404219, "pareto_grad_dot_before": -0.04788264185190201, "pareto_primary_grad_norm": 0.49348154067993166, "pareto_projected_tke_grad_norm": 0.40322481989860537, "pareto_tke_grad_norm": 0.4243690952658653, "point_rel": 0.07493233717978001, "primary_loss": 0.1092374563217163, "residual_mse": 0.00013448177069221856, "temporal_rel": 0.8944634705781936, "tke_rel": 0.44184630662202834}
TRAIN {"angle_aug_abs_deg": 0.0, "aoa_effective_shift_abs_deg_mean": 0.0, "aoa_meanfield_aug_fraction": 0.0, "aoa_meanfield_lambda_mean": 0.0, "delta_penalty": 4.6336905415955695e-05, "energy_loss": 0.05441325027495623, "grad_rel": 0.5022793963551522, "iteration": 8760, "loss": 0.16738490015268326, "lr": 3.386881346763463e-05, "mse": 0.0001470134753617458, "p_zero": 0.0, "pareto_conflict": 0.8, "pareto_grad_cosine_before": -0.21364068980328738, "pareto_grad_dot_after": 0.00319917148544846, "pareto_grad_dot_before": -0.043239822017494586, "pareto_primary_grad_norm": 0.5312320500612259, "pareto_projected_tke_grad_norm": 0.41012555956840513, "pareto_tke_grad_norm": 0.4282678157091141, "point_rel": 0.07853137031197548, "primary_loss": 0.11297165080904961, "residual_mse": 0.00014701347572554369, "temporal_rel": 0.8953686475753784, "tke_rel": 0.45344376266002656}
TRAIN {"angle_aug_abs_deg": 0.0, "aoa_effective_shift_abs_deg_mean": 0.0, "aoa_meanfield_aug_fraction": 0.0, "aoa_meanfield_lambda_mean": 0.0, "delta_penalty": 4.387501903693192e-05, "energy_loss": 0.051410011947155, "grad_rel": 0.49539218842983246, "iteration": 8780, "loss": 0.1599370039999485, "lr": 3.3476964534563726e-05, "mse": 0.0001287160655920161, "p_zero": 0.0, "pareto_conflict": 0.95, "pareto_grad_cosine_before": -0.24640371818095447, "pareto_grad_dot_after": 0.0006206978968293697, "pareto_grad_dot_before": -0.053245593700557946, "pareto_primary_grad_norm": 0.5383103340864182, "pareto_projected_tke_grad_norm": 0.41417656242847445, "pareto_tke_grad_norm": 0.43247334808111193, "point_rel": 0.07446321845054626, "primary_loss": 0.10852699428796768, "residual_mse": 0.00012871606486442033, "temporal_rel": 0.8864467293024063, "tke_rel": 0.42841677367687225}
TRAIN {"angle_aug_abs_deg": 0.0, "aoa_effective_shift_abs_deg_mean": 0.0, "aoa_meanfield_aug_fraction": 0.0, "aoa_meanfield_lambda_mean": 0.0, "delta_penalty": 4.2491618660278616e-05, "energy_loss": 0.05408438052982092, "grad_rel": 0.5001684218645096, "iteration": 8800, "loss": 0.16454301550984382, "lr": 3.308693936411398e-05, "mse": 0.00012189200051579974, "p_zero": 0.0, "pareto_conflict": 0.9, "pareto_grad_cosine_before": -0.1921879934554454, "pareto_grad_dot_after": 0.004323514529278327, "pareto_grad_dot_before": -0.035128388914745304, "pareto_primary_grad_norm": 0.6645935893058776, "pareto_projected_tke_grad_norm": 0.4085844844579697, "pareto_tke_grad_norm": 0.42631264328956603, "point_rel": 0.07586123887449503, "primary_loss": 0.11045863553881645, "residual_mse": 0.00012189199978820397, "temporal_rel": 0.9019151002168655, "tke_rel": 0.45070318430662154}
TRAIN {"angle_aug_abs_deg": 0.0, "aoa_effective_shift_abs_deg_mean": 0.0, "aoa_meanfield_aug_fraction": 0.0, "aoa_meanfield_lambda_mean": 0.0, "delta_penalty": 4.6002427734492815e-05, "energy_loss": 0.05246312376111746, "grad_rel": 0.4930014103651047, "iteration": 8820, "loss": 0.16105822399258612, "lr": 3.26987486490225e-05, "mse": 0.00012797539475286612, "p_zero": 0.0, "pareto_conflict": 0.9, "pareto_grad_cosine_before": -0.1744986617937684, "pareto_grad_dot_after": 0.0015372980173196994, "pareto_grad_dot_before": -0.03981293940450996, "pareto_primary_grad_norm": 0.6819872260093689, "pareto_projected_tke_grad_norm": 0.418230140209198, "pareto_tke_grad_norm": 0.42755725234746933, "point_rel": 0.07458271235227584, "primary_loss": 0.1085950993001461, "residual_mse": 0.00012797539475286612, "temporal_rel": 0.8859351456165314, "tke_rel": 0.4371927097439766}
TRAIN {"angle_aug_abs_deg": 0.0, "aoa_effective_shift_abs_deg_mean": 0.0, "aoa_meanfield_aug_fraction": 0.0, "aoa_meanfield_lambda_mean": 0.0, "delta_penalty": 4.42261003627209e-05, "energy_loss": 0.05087511856108904, "grad_rel": 0.4961313888430595, "iteration": 8840, "loss": 0.1609499089419842, "lr": 3.231240303173376e-05, "mse": 0.00011716097051248653, "p_zero": 0.0, "pareto_conflict": 0.9, "pareto_grad_cosine_before": -0.2086413884535432, "pareto_grad_dot_after": 0.00430675309326034, "pareto_grad_dot_before": -0.05164833953604102, "pareto_primary_grad_norm": 0.6886688128113747, "pareto_projected_tke_grad_norm": 0.4108524858951569, "pareto_tke_grad_norm": 0.4245516523718834, "point_rel": 0.07576204668730498, "primary_loss": 0.11007478944957257, "residual_mse": 0.00011716096978489076, "temporal_rel": 0.894491371512413, "tke_rel": 0.42395933121442797}
TRAIN {"angle_aug_abs_deg": 0.0, "aoa_effective_shift_abs_deg_mean": 0.0, "aoa_meanfield_aug_fraction": 0.0, "aoa_meanfield_lambda_mean": 0.0, "delta_penalty": 3.889890922437189e-05, "energy_loss": 0.052277059853076936, "grad_rel": 0.4838401392102242, "iteration": 8860, "loss": 0.15833442881703377, "lr": 3.1927913104108046e-05, "mse": 0.00010596595502647688, "p_zero": 0.0, "pareto_conflict": 0.95, "pareto_grad_cosine_before": -0.20846847435459495, "pareto_grad_dot_after": 0.005725053689911874, "pareto_grad_dot_before": -0.043045422760769725, "pareto_primary_grad_norm": 0.5889694795012475, "pareto_projected_tke_grad_norm": 0.4213860794901848, "pareto_tke_grad_norm": 0.43761418759822845, "point_rel": 0.07191695738583803, "primary_loss": 0.10605736896395683, "residual_mse": 0.00010596595393508323, "temporal_rel": 0.8950081169605255, "tke_rel": 0.4356421738862991}
TRAIN {"angle_aug_abs_deg": 0.0, "aoa_effective_shift_abs_deg_mean": 0.0, "aoa_meanfield_aug_fraction": 0.0, "aoa_meanfield_lambda_mean": 0.0, "delta_penalty": 4.72559874651779e-05, "energy_loss": 0.05092347078025341, "grad_rel": 0.4979692593216896, "iteration": 8880, "loss": 0.16132531687617302, "lr": 3.154528940713097e-05, "mse": 0.00014345560175570425, "p_zero": 0.0, "pareto_conflict": 0.95, "pareto_grad_cosine_before": -0.22832540720701217, "pareto_grad_dot_after": 0.0039400965510822065, "pareto_grad_dot_before": -0.048633951740339396, "pareto_primary_grad_norm": 0.49497382938861845, "pareto_projected_tke_grad_norm": 0.41341510564088824, "pareto_tke_grad_norm": 0.43240510672330856, "point_rel": 0.07627866361290217, "primary_loss": 0.11040184572339058, "residual_mse": 0.0001434556032108958, "temporal_rel": 0.886988741159439, "tke_rel": 0.42436226457357407}
TRAIN {"angle_aug_abs_deg": 0.0, "aoa_effective_shift_abs_deg_mean": 0.0, "aoa_meanfield_aug_fraction": 0.0, "aoa_meanfield_lambda_mean": 0.0, "delta_penalty": 4.797855590368272e-05, "energy_loss": 0.05382131040096283, "grad_rel": 0.5008222132921218, "iteration": 8900, "loss": 0.1662981055676937, "lr": 3.1164542430624426e-05, "mse": 0.00014716816094733075, "p_zero": 0.0, "pareto_conflict": 0.95, "pareto_grad_cosine_before": -0.2373078152537346, "pareto_grad_dot_after": 0.0012306538465963967, "pareto_grad_dot_before": -0.05180362365208566, "pareto_primary_grad_norm": 0.6438900798559188, "pareto_projected_tke_grad_norm": 0.413228677213192, "pareto_tke_grad_norm": 0.43050673305988313, "point_rel": 0.07802916094660758, "primary_loss": 0.11247679516673088, "residual_mse": 0.0001471681620387244, "temporal_rel": 0.8963396728038788, "tke_rel": 0.4485109344124794}
TRAIN {"angle_aug_abs_deg": 0.0, "aoa_effective_shift_abs_deg_mean": 0.0, "aoa_meanfield_aug_fraction": 0.0, "aoa_meanfield_lambda_mean": 0.0, "delta_penalty": 4.9014938667824026e-05, "energy_loss": 0.05397732965648174, "grad_rel": 0.4916947692632675, "iteration": 8920, "loss": 0.16185589879751205, "lr": 3.078568261295916e-05, "mse": 0.000146261221379973, "p_zero": 0.0, "pareto_conflict": 0.85, "pareto_grad_cosine_before": -0.16085861145984381, "pareto_grad_dot_after": 0.0043760721295257096, "pareto_grad_dot_before": -0.03885152525617741, "pareto_primary_grad_norm": 0.6121196612715721, "pareto_projected_tke_grad_norm": 0.40781124085187914, "pareto_tke_grad_norm": 0.41864907145500185, "point_rel": 0.07335874885320663, "primary_loss": 0.10787857100367546, "residual_mse": 0.00014626121956098359, "temporal_rel": 0.9033180236816406, "tke_rel": 0.4498110920190811}
TRAIN {"angle_aug_abs_deg": 0.0, "aoa_effective_shift_abs_deg_mean": 0.0, "aoa_meanfield_aug_fraction": 0.0, "aoa_meanfield_lambda_mean": 0.0, "delta_penalty": 4.054144919791724e-05, "energy_loss": 0.05284166373312473, "grad_rel": 0.4883417204022408, "iteration": 8940, "loss": 0.15987446680665016, "lr": 3.0408720340768406e-05, "mse": 0.00011316942000121344, "p_zero": 0.0, "pareto_conflict": 0.95, "pareto_grad_cosine_before": -0.24731390215456486, "pareto_grad_dot_after": 0.0010657453567546327, "pareto_grad_dot_before": -0.05447498541325331, "pareto_primary_grad_norm": 0.5369687139987945, "pareto_projected_tke_grad_norm": 0.4252405300736427, "pareto_tke_grad_norm": 0.4480815291404724, "point_rel": 0.07296871542930602, "primary_loss": 0.1070328015834093, "residual_mse": 0.00011316942036501131, "temporal_rel": 0.8901399433612823, "tke_rel": 0.4403472065925598}
TRAIN {"angle_aug_abs_deg": 0.0, "aoa_effective_shift_abs_deg_mean": 0.0, "aoa_meanfield_aug_fraction": 0.0, "aoa_meanfield_lambda_mean": 0.0, "delta_penalty": 4.233617100908304e-05, "energy_loss": 0.05297768898308277, "grad_rel": 0.49391973465681077, "iteration": 8960, "loss": 0.16006170883774756, "lr": 3.0033665948663326e-05, "mse": 0.00011226579590584151, "p_zero": 0.0, "pareto_conflict": 0.9, "pareto_grad_cosine_before": -0.21360666402615608, "pareto_grad_dot_after": 0.0010914536152995425, "pareto_grad_dot_before": -0.051327177532948555, "pareto_primary_grad_norm": 0.6677960485219956, "pareto_projected_tke_grad_norm": 0.4280994802713394, "pareto_tke_grad_norm": 0.4453769847750664, "point_rel": 0.07291694730520248, "primary_loss": 0.10708402097225189, "residual_mse": 0.00011226579554204363, "temporal_rel": 0.890791717171669, "tke_rel": 0.441480752825737}
TRAIN {"angle_aug_abs_deg": 0.0, "aoa_effective_shift_abs_deg_mean": 0.0, "aoa_meanfield_aug_fraction": 0.0, "aoa_meanfield_lambda_mean": 0.0, "delta_penalty": 4.457163959159516e-05, "energy_loss": 0.052855085022747515, "grad_rel": 0.4967837333679199, "iteration": 8980, "loss": 0.16248463168740274, "lr": 2.9660529718949474e-05, "mse": 0.0001314050445216708, "p_zero": 0.0, "pareto_conflict": 0.9, "pareto_grad_cosine_before": -0.1952833713963628, "pareto_grad_dot_after": 0.0018878767396017793, "pareto_grad_dot_before": -0.039525494026020166, "pareto_primary_grad_norm": 0.4725691482424736, "pareto_projected_tke_grad_norm": 0.3907165974378586, "pareto_tke_grad_norm": 0.4110698699951172, "point_rel": 0.07530350983142853, "primary_loss": 0.10962954498827457, "residual_mse": 0.00013140504524926654, "temporal_rel": 0.89446562230587, "tke_rel": 0.4404590532183647}
TRAIN {"angle_aug_abs_deg": 0.0, "aoa_effective_shift_abs_deg_mean": 0.0, "aoa_meanfield_aug_fraction": 0.0, "aoa_meanfield_lambda_mean": 0.0, "delta_penalty": 4.463939740162459e-05, "energy_loss": 0.051868582144379616, "grad_rel": 0.49223512411117554, "iteration": 9000, "loss": 0.16123541370034217, "lr": 2.9289321881345095e-05, "mse": 0.00012931686978845391, "p_zero": 0.0, "pareto_conflict": 0.95, "pareto_grad_cosine_before": -0.1933181021362543, "pareto_grad_dot_after": 0.0031340903337877535, "pareto_grad_dot_before": -0.04588911407627165, "pareto_primary_grad_norm": 0.5504928380250931, "pareto_projected_tke_grad_norm": 0.428805573284626, "pareto_tke_grad_norm": 0.4419520676136017, "point_rel": 0.07522158790379763, "primary_loss": 0.10936683043837547, "residual_mse": 0.0001293168683332624, "temporal_rel": 0.8907343238592148, "tke_rel": 0.4322381928563118}
TRAIN {"angle_aug_abs_deg": 0.0, "aoa_effective_shift_abs_deg_mean": 0.0, "aoa_meanfield_aug_fraction": 0.0, "aoa_meanfield_lambda_mean": 0.0, "delta_penalty": 4.397082029754529e-05, "energy_loss": 0.051083810068666934, "grad_rel": 0.49730039685964583, "iteration": 9020, "loss": 0.16012664437294005, "lr": 2.89200526127006e-05, "mse": 0.00011686986053973669, "p_zero": 0.0, "pareto_conflict": 0.8, "pareto_grad_cosine_before": -0.18966635619290173, "pareto_grad_dot_after": 0.0022470967504887086, "pareto_grad_dot_before": -0.04155716183595359, "pareto_primary_grad_norm": 0.5576686844229698, "pareto_projected_tke_grad_norm": 0.39316402822732927, "pareto_tke_grad_norm": 0.41017995923757555, "point_rel": 0.07483539078384638, "primary_loss": 0.10904283598065376, "residual_mse": 0.00011686985981214093, "temporal_rel": 0.890400019288063, "tke_rel": 0.4256984293460846}
TRAIN {"angle_aug_abs_deg": 0.0, "aoa_effective_shift_abs_deg_mean": 0.0, "aoa_meanfield_aug_fraction": 0.0, "aoa_meanfield_lambda_mean": 0.0, "delta_penalty": 4.99365382893302e-05, "energy_loss": 0.05383020918816328, "grad_rel": 0.510327635705471, "iteration": 9040, "loss": 0.16762320846319198, "lr": 2.855273203671953e-05, "mse": 0.00015653720183763652, "p_zero": 0.0, "pareto_conflict": 0.85, "pareto_grad_cosine_before": -0.24334032186307014, "pareto_grad_dot_after": 0.002178221539907099, "pareto_grad_dot_before": -0.03956777930725366, "pareto_primary_grad_norm": 0.4411322042346001, "pareto_projected_tke_grad_norm": 0.3908315896987915, "pareto_tke_grad_norm": 0.4115418791770935, "point_rel": 0.07936812117695809, "primary_loss": 0.11379300020635127, "residual_mse": 0.00015653720183763652, "temporal_rel": 0.8907334834337235, "tke_rel": 0.4485850840806961}
TRAIN {"angle_aug_abs_deg": 0.0, "aoa_effective_shift_abs_deg_mean": 0.0, "aoa_meanfield_aug_fraction": 0.0, "aoa_meanfield_lambda_mean": 0.0, "delta_penalty": 4.18199522755458e-05, "energy_loss": 0.051127196103334424, "grad_rel": 0.48934481889009473, "iteration": 9060, "loss": 0.15883211866021157, "lr": 2.818737022368097e-05, "mse": 0.00013471577058226102, "p_zero": 0.0, "pareto_conflict": 0.95, "pareto_grad_cosine_before": -0.20121838469058276, "pareto_grad_dot_after": 0.0006518163780128816, "pareto_grad_dot_before": -0.04178083994193003, "pareto_primary_grad_norm": 0.5265465751290321, "pareto_projected_tke_grad_norm": 0.40766333788633347, "pareto_tke_grad_norm": 0.42277940511703493, "point_rel": 0.0738367134705186, "primary_loss": 0.10770492292940617, "residual_mse": 0.0001347157713098568, "temporal_rel": 0.8828928709030152, "tke_rel": 0.42605997771024706}
TRAIN {"angle_aug_abs_deg": 0.0, "aoa_effective_shift_abs_deg_mean": 0.0, "aoa_meanfield_aug_fraction": 0.0, "aoa_meanfield_lambda_mean": 0.0, "delta_penalty": 4.366631110315211e-05, "energy_loss": 0.0537155544385314, "grad_rel": 0.4971795350313187, "iteration": 9080, "loss": 0.1642538107931614, "lr": 2.7823977190163627e-05, "mse": 0.00012355812032183167, "p_zero": 0.0, "pareto_conflict": 0.95, "pareto_grad_cosine_before": -0.218284868914634, "pareto_grad_dot_after": 0.0010586571035673842, "pareto_grad_dot_before": -0.05033826632425189, "pareto_primary_grad_norm": 0.5414283484220505, "pareto_projected_tke_grad_norm": 0.41842337846755984, "pareto_tke_grad_norm": 0.4340509742498398, "point_rel": 0.07596790362149478, "primary_loss": 0.11053825579583645, "residual_mse": 0.0001235581195942359, "temporal_rel": 0.9024906605482101, "tke_rel": 0.44762962907552717}
TRAIN {"angle_aug_abs_deg": 0.0, "aoa_effective_shift_abs_deg_mean": 0.0, "aoa_meanfield_aug_fraction": 0.0, "aoa_meanfield_lambda_mean": 0.0, "delta_penalty": 4.320987172832247e-05, "energy_loss": 0.0525797501206398, "grad_rel": 0.4879387140274048, "iteration": 9100, "loss": 0.16024320870637893, "lr": 2.7462562898771078e-05, "mse": 0.00012461253245419358, "p_zero": 0.0, "pareto_conflict": 1.0, "pareto_grad_cosine_before": -0.26180234854109585, "pareto_grad_dot_after": -1.1552401701919735e-09, "pareto_grad_dot_before": -0.05194804328493774, "pareto_primary_grad_norm": 0.5028662413358689, "pareto_projected_tke_grad_norm": 0.40184129029512405, "pareto_tke_grad_norm": 0.42515659928321836, "point_rel": 0.07359336242079735, "primary_loss": 0.10766345970332622, "residual_mse": 0.00012461253318178932, "temporal_rel": 0.8904256641864776, "tke_rel": 0.43816459029912946}
TRAIN {"angle_aug_abs_deg": 0.0, "aoa_effective_shift_abs_deg_mean": 0.0, "aoa_meanfield_aug_fraction": 0.0, "aoa_meanfield_lambda_mean": 0.0, "delta_penalty": 4.474418810787029e-05, "energy_loss": 0.052861045300960544, "grad_rel": 0.4923775315284729, "iteration": 9120, "loss": 0.16069770380854606, "lr": 2.7103137257858685e-05, "mse": 0.0001283962912566494, "p_zero": 0.0, "pareto_conflict": 1.0, "pareto_grad_cosine_before": -0.25281454622745514, "pareto_grad_dot_after": -3.041350282728672e-10, "pareto_grad_dot_before": -0.06132440892979503, "pareto_primary_grad_norm": 0.5624211072921753, "pareto_projected_tke_grad_norm": 0.4284911036491394, "pareto_tke_grad_norm": 0.4500446170568466, "point_rel": 0.0737254973500967, "primary_loss": 0.10783665962517261, "residual_mse": 0.0001283962916204473, "temporal_rel": 0.8895361542701721, "tke_rel": 0.44050872027873994}
TRAIN {"angle_aug_abs_deg": 0.0, "aoa_effective_shift_abs_deg_mean": 0.0, "aoa_meanfield_aug_fraction": 0.0, "aoa_meanfield_lambda_mean": 0.0, "delta_penalty": 4.753980783789302e-05, "energy_loss": 0.05194170083850622, "grad_rel": 0.5056123211979866, "iteration": 9140, "loss": 0.16501664370298386, "lr": 2.6745710121261987e-05, "mse": 0.00013768888820777647, "p_zero": 0.0, "pareto_conflict": 0.95, "pareto_grad_cosine_before": -0.2560615161433816, "pareto_grad_dot_after": 0.0003758910002943594, "pareto_grad_dot_before": -0.050020926212891934, "pareto_primary_grad_norm": 0.5226130485534668, "pareto_projected_tke_grad_norm": 0.3838438495993614, "pareto_tke_grad_norm": 0.40305992066860197, "point_rel": 0.07902809716761112, "primary_loss": 0.11307494379580021, "residual_mse": 0.00013768888711638284, "temporal_rel": 0.8806801021099091, "tke_rel": 0.43284751772880553}
TRAIN {"angle_aug_abs_deg": 0.0, "aoa_effective_shift_abs_deg_mean": 0.0, "aoa_meanfield_aug_fraction": 0.0, "aoa_meanfield_lambda_mean": 0.0, "delta_penalty": 3.884725583702675e-05, "energy_loss": 0.051767886616289616, "grad_rel": 0.48649191707372663, "iteration": 9160, "loss": 0.15668286383152008, "lr": 2.6390291288026424e-05, "mse": 9.933196442943882e-05, "p_zero": 0.0, "pareto_conflict": 0.8, "pareto_grad_cosine_before": -0.2110719781368971, "pareto_grad_dot_after": 0.008447198858357296, "pareto_grad_dot_before": -0.04657808379270136, "pareto_primary_grad_norm": 0.5907167539000511, "pareto_projected_tke_grad_norm": 0.4431212037801743, "pareto_tke_grad_norm": 0.467209929227829, "point_rel": 0.07072714399546384, "primary_loss": 0.10491497851908207, "residual_mse": 9.933196442943882e-05, "temporal_rel": 0.8953293263912201, "tke_rel": 0.43139906525611876}
TRAIN {"angle_aug_abs_deg": 0.0, "aoa_effective_shift_abs_deg_mean": 0.0, "aoa_meanfield_aug_fraction": 0.0, "aoa_meanfield_lambda_mean": 0.0, "delta_penalty": 4.878326762991492e-05, "energy_loss": 0.054061143472790715, "grad_rel": 0.5048239067196846, "iteration": 9180, "loss": 0.16563530936837195, "lr": 2.603689050213892e-05, "mse": 0.0001458888677007053, "p_zero": 0.0, "pareto_conflict": 0.85, "pareto_grad_cosine_before": -0.23130272259004414, "pareto_grad_dot_after": 0.003657331719296053, "pareto_grad_dot_before": -0.039882306451909245, "pareto_primary_grad_norm": 0.48747734874486925, "pareto_projected_tke_grad_norm": 0.3839699745178223, "pareto_tke_grad_norm": 0.40659415125846865, "point_rel": 0.07690487280488015, "primary_loss": 0.11157416664063931, "residual_mse": 0.0001458888677007053, "temporal_rel": 0.9017397463321686, "tke_rel": 0.4505095422267914}
TRAIN {"angle_aug_abs_deg": 0.0, "aoa_effective_shift_abs_deg_mean": 0.0, "aoa_meanfield_aug_fraction": 0.0, "aoa_meanfield_lambda_mean": 0.0, "delta_penalty": 4.608788840414491e-05, "energy_loss": 0.05259922295808792, "grad_rel": 0.5021021127700805, "iteration": 9200, "loss": 0.16507314667105674, "lr": 2.568551745226047e-05, "mse": 0.00015272464697773102, "p_zero": 0.0, "pareto_conflict": 0.95, "pareto_grad_cosine_before": -0.27028512926772236, "pareto_grad_dot_after": 0.00042144493218074783, "pareto_grad_dot_before": -0.055610286956653, "pareto_primary_grad_norm": 0.4883949816226959, "pareto_projected_tke_grad_norm": 0.40997096002101896, "pareto_tke_grad_norm": 0.4336808189749718, "point_rel": 0.07811415046453477, "primary_loss": 0.11247392296791077, "residual_mse": 0.0001527246473415289, "temporal_rel": 0.8927168071269989, "tke_rel": 0.43832686692476275}
TRAIN {"angle_aug_abs_deg": 0.0, "aoa_effective_shift_abs_deg_mean": 0.0, "aoa_meanfield_aug_fraction": 0.0, "aoa_meanfield_lambda_mean": 0.0, "delta_penalty": 4.03706204451737e-05, "energy_loss": 0.05179797820746899, "grad_rel": 0.48452853560447695, "iteration": 9220, "loss": 0.15656061619520187, "lr": 2.5336181771460747e-05, "mse": 0.00010197899682680145, "p_zero": 0.0, "pareto_conflict": 0.95, "pareto_grad_cosine_before": -0.22241610068595036, "pareto_grad_dot_after": 0.0009040405167979771, "pareto_grad_dot_before": -0.047780853531730824, "pareto_primary_grad_norm": 0.49645939022302626, "pareto_projected_tke_grad_norm": 0.4181377232074738, "pareto_tke_grad_norm": 0.43473909646272657, "point_rel": 0.07059608567506075, "primary_loss": 0.1047626368701458, "residual_mse": 0.00010197899373451947, "temporal_rel": 0.8955741047859191, "tke_rel": 0.4316498264670372}
TRAIN {"angle_aug_abs_deg": 0.0, "aoa_effective_shift_abs_deg_mean": 0.0, "aoa_meanfield_aug_fraction": 0.0, "aoa_meanfield_lambda_mean": 0.0, "delta_penalty": 4.7864992848190016e-05, "energy_loss": 0.05396551508456469, "grad_rel": 0.49521630108356474, "iteration": 9240, "loss": 0.16363908872008323, "lr": 2.4988893036953918e-05, "mse": 0.00014172850915201708, "p_zero": 0.0, "pareto_conflict": 0.9, "pareto_grad_cosine_before": -0.24022807627916337, "pareto_grad_dot_after": 0.002774554937332141, "pareto_grad_dot_before": -0.05060316063463688, "pareto_primary_grad_norm": 0.6191934272646904, "pareto_projected_tke_grad_norm": 0.407831634581089, "pareto_tke_grad_norm": 0.42818180918693544, "point_rel": 0.07520905397832393, "primary_loss": 0.10967357456684113, "residual_mse": 0.00014172850806062342, "temporal_rel": 0.89976007938385, "tke_rel": 0.44971264004707334}
TRAIN {"angle_aug_abs_deg": 0.0, "aoa_effective_shift_abs_deg_mean": 0.0, "aoa_meanfield_aug_fraction": 0.0, "aoa_meanfield_lambda_mean": 0.0, "delta_penalty": 4.628160804713844e-05, "energy_loss": 0.05301524046808481, "grad_rel": 0.5013414427638054, "iteration": 9260, "loss": 0.16513567492365838, "lr": 2.464366076983609e-05, "mse": 0.00014516410046780948, "p_zero": 0.0, "pareto_conflict": 0.95, "pareto_grad_cosine_before": -0.28143171353731306, "pareto_grad_dot_after": 1.1215969061595388e-05, "pareto_grad_dot_before": -0.06163348999980371, "pareto_primary_grad_norm": 0.5033731341362, "pareto_projected_tke_grad_norm": 0.4202225625514984, "pareto_tke_grad_norm": 0.4458024501800537, "point_rel": 0.07773448284715415, "primary_loss": 0.11212043575942517, "residual_mse": 0.0001451640997402137, "temporal_rel": 0.8940451830625534, "tke_rel": 0.4417936787009239}
TRAIN {"angle_aug_abs_deg": 0.0, "aoa_effective_shift_abs_deg_mean": 0.0, "aoa_meanfield_aug_fraction": 0.0, "aoa_meanfield_lambda_mean": 0.0, "delta_penalty": 4.5897339350631225e-05, "energy_loss": 0.05258042886853218, "grad_rel": 0.5019306764006615, "iteration": 9280, "loss": 0.16381993219256402, "lr": 2.4300494434824258e-05, "mse": 0.0001311393003561534, "p_zero": 0.0, "pareto_conflict": 0.95, "pareto_grad_cosine_before": -0.23632331253029407, "pareto_grad_dot_after": 0.00019873486744472756, "pareto_grad_dot_before": -0.051985825831070545, "pareto_primary_grad_norm": 0.6245788335800171, "pareto_projected_tke_grad_norm": 0.4081394523382187, "pareto_tke_grad_norm": 0.42687470018863677, "point_rel": 0.07676947414875031, "primary_loss": 0.11123950369656085, "residual_mse": 0.00013113930071995128, "temporal_rel": 0.8966937363147736, "tke_rel": 0.43817025125026704}
TRAIN {"angle_aug_abs_deg": 0.0, "aoa_effective_shift_abs_deg_mean": 0.0, "aoa_meanfield_aug_fraction": 0.0, "aoa_meanfield_lambda_mean": 0.0, "delta_penalty": 4.5501458771468606e-05, "energy_loss": 0.052555046044290066, "grad_rel": 0.49377454817295074, "iteration": 9300, "loss": 0.16198446750640869, "lr": 2.3959403439996802e-05, "mse": 0.00012909868273709436, "p_zero": 0.0, "pareto_conflict": 0.9, "pareto_grad_cosine_before": -0.18815304981544614, "pareto_grad_dot_after": 0.0009397797504789196, "pareto_grad_dot_before": -0.04114542946917936, "pareto_primary_grad_norm": 0.5303564429283142, "pareto_projected_tke_grad_norm": 0.39606469571590425, "pareto_tke_grad_norm": 0.40848146826028825, "point_rel": 0.07515661641955376, "primary_loss": 0.10942942053079605, "residual_mse": 0.0001290986834646901, "temporal_rel": 0.8942182391881943, "tke_rel": 0.4379587292671204}
TRAIN {"angle_aug_abs_deg": 0.0, "aoa_effective_shift_abs_deg_mean": 0.0, "aoa_meanfield_aug_fraction": 0.0, "aoa_meanfield_lambda_mean": 0.0, "delta_penalty": 4.077981247974094e-05, "energy_loss": 0.051812658458948134, "grad_rel": 0.48637155890464784, "iteration": 9320, "loss": 0.158381587266922, "lr": 2.3620397136535674e-05, "mse": 0.00010432834060338791, "p_zero": 0.0, "pareto_conflict": 0.8, "pareto_grad_cosine_before": -0.2011295348405838, "pareto_grad_dot_after": 0.004991710672584304, "pareto_grad_dot_before": -0.04769371496513486, "pareto_primary_grad_norm": 0.47938983589410783, "pareto_projected_tke_grad_norm": 0.42560053169727324, "pareto_tke_grad_norm": 0.4464733853936195, "point_rel": 0.07231888081878424, "primary_loss": 0.10656892880797386, "residual_mse": 0.0001043283400576911, "temporal_rel": 0.897412046790123, "tke_rel": 0.43177216351032255}
TRAIN {"angle_aug_abs_deg": 0.0, "aoa_effective_shift_abs_deg_mean": 0.0, "aoa_meanfield_aug_fraction": 0.0, "aoa_meanfield_lambda_mean": 0.0, "delta_penalty": 4.337257241786574e-05, "energy_loss": 0.05139400027692318, "grad_rel": 0.49041194170713426, "iteration": 9340, "loss": 0.15916508734226226, "lr": 2.328348481846994e-05, "mse": 0.0001316091062108171, "p_zero": 0.0, "pareto_conflict": 0.95, "pareto_grad_cosine_before": -0.2624640315771103, "pareto_grad_dot_after": 0.0014273742508521536, "pareto_grad_dot_before": -0.06776618505828083, "pareto_primary_grad_norm": 0.5672858610749245, "pareto_projected_tke_grad_norm": 0.44212822914123534, "pareto_tke_grad_norm": 0.46583250612020494, "point_rel": 0.07378782983869314, "primary_loss": 0.10777108781039715, "residual_mse": 0.00013160910402802982, "temporal_rel": 0.8862242877483368, "tke_rel": 0.4282833471894264}
TRAIN {"angle_aug_abs_deg": 0.0, "aoa_effective_shift_abs_deg_mean": 0.0, "aoa_meanfield_aug_fraction": 0.0, "aoa_meanfield_lambda_mean": 0.0, "delta_penalty": 4.521973942246404e-05, "energy_loss": 0.05308642704039812, "grad_rel": 0.4994430333375931, "iteration": 9360, "loss": 0.1628924421966076, "lr": 2.2948675722420985e-05, "mse": 0.00012731914757750927, "p_zero": 0.0, "pareto_conflict": 0.9, "pareto_grad_cosine_before": -0.2540431013330817, "pareto_grad_dot_after": 0.0036226689293471282, "pareto_grad_dot_before": -0.052841032249853016, "pareto_primary_grad_norm": 0.49504710286855697, "pareto_projected_tke_grad_norm": 0.41194289177656174, "pareto_tke_grad_norm": 0.4394384607672691, "point_rel": 0.07517878822982312, "primary_loss": 0.10980601720511914, "residual_mse": 0.00012731914684991353, "temporal_rel": 0.903216102719307, "tke_rel": 0.44238690435886385}
TRAIN {"angle_aug_abs_deg": 0.0, "aoa_effective_shift_abs_deg_mean": 0.0, "aoa_meanfield_aug_fraction": 0.0, "aoa_meanfield_lambda_mean": 0.0, "delta_penalty": 4.5498348481487485e-05, "energy_loss": 0.053942890651524064, "grad_rel": 0.500452709197998, "iteration": 9380, "loss": 0.1642007790505886, "lr": 2.2615979027349282e-05, "mse": 0.00013617372387670913, "p_zero": 0.0, "pareto_conflict": 1.0, "pareto_grad_cosine_before": -0.25351727586239575, "pareto_grad_dot_after": 7.959897629916668e-10, "pareto_grad_dot_before": -0.05389662724919617, "pareto_primary_grad_norm": 0.5445738866925239, "pareto_projected_tke_grad_norm": 0.3977362707257271, "pareto_tke_grad_norm": 0.41567115783691405, "point_rel": 0.07578245438635349, "primary_loss": 0.11025788821280003, "residual_mse": 0.00013617372351291124, "temporal_rel": 0.8975627154111863, "tke_rel": 0.44952409714460373}
TRAIN {"angle_aug_abs_deg": 0.0, "aoa_effective_shift_abs_deg_mean": 0.0, "aoa_meanfield_aug_fraction": 0.0, "aoa_meanfield_lambda_mean": 0.0, "delta_penalty": 3.952446249968489e-05, "energy_loss": 0.051253660954535006, "grad_rel": 0.493430158495903, "iteration": 9400, "loss": 0.1591108426451683, "lr": 2.2285403854302835e-05, "mse": 0.00010180663903156529, "p_zero": 0.0, "pareto_conflict": 0.95, "pareto_grad_cosine_before": -0.2172906112857163, "pareto_grad_dot_after": 0.0004208318205201067, "pareto_grad_dot_before": -0.053597316541709, "pareto_primary_grad_norm": 0.6102159723639489, "pareto_projected_tke_grad_norm": 0.4157429501414299, "pareto_tke_grad_norm": 0.4316657245159149, "point_rel": 0.07351116500794888, "primary_loss": 0.10785718038678169, "residual_mse": 0.00010180663830396952, "temporal_rel": 0.8971077114343643, "tke_rel": 0.42711385190486906}
TRAIN {"angle_aug_abs_deg": 0.0, "aoa_effective_shift_abs_deg_mean": 0.0, "aoa_meanfield_aug_fraction": 0.0, "aoa_meanfield_lambda_mean": 0.0, "delta_penalty": 4.533157425612444e-05, "energy_loss": 0.050922447443008424, "grad_rel": 0.4853623226284981, "iteration": 9420, "loss": 0.15970750376582146, "lr": 2.195695926616695e-05, "mse": 0.00012684744160651462, "p_zero": 0.0, "pareto_conflict": 0.9, "pareto_grad_cosine_before": -0.21962483692914248, "pareto_grad_dot_after": 0.0030407761532842414, "pareto_grad_dot_before": -0.039021687814965844, "pareto_primary_grad_norm": 0.48482580333948133, "pareto_projected_tke_grad_norm": 0.40162355452775955, "pareto_tke_grad_norm": 0.4177807420492172, "point_rel": 0.07473097648471594, "primary_loss": 0.10878505706787109, "residual_mse": 0.0001268474423341104, "temporal_rel": 0.8911561787128448, "tke_rel": 0.42435373961925504}
TRAIN {"angle_aug_abs_deg": 0.0, "aoa_effective_shift_abs_deg_mean": 0.0, "aoa_meanfield_aug_fraction": 0.0, "aoa_meanfield_lambda_mean": 0.0, "delta_penalty": 4.40909017015656e-05, "energy_loss": 0.05216182768344879, "grad_rel": 0.5007635295391083, "iteration": 9440, "loss": 0.16114945858716964, "lr": 2.1630654267415932e-05, "mse": 0.00012361971876089227, "p_zero": 0.0, "pareto_conflict": 0.85, "pareto_grad_cosine_before": -0.22864803494885563, "pareto_grad_dot_after": 0.0011703038599080173, "pareto_grad_dot_before": -0.05206715342355892, "pareto_primary_grad_norm": 0.5417180806398392, "pareto_projected_tke_grad_norm": 0.4209680318832397, "pareto_tke_grad_norm": 0.4396835908293724, "point_rel": 0.0745629595592618, "primary_loss": 0.1089876290410757, "residual_mse": 0.00012361972021608382, "temporal_rel": 0.8958416879177094, "tke_rel": 0.43468191027641295}
TRAIN {"angle_aug_abs_deg": 0.0, "aoa_effective_shift_abs_deg_mean": 0.0, "aoa_meanfield_aug_fraction": 0.0, "aoa_meanfield_lambda_mean": 0.0, "delta_penalty": 4.571666686388198e-05, "energy_loss": 0.053153030760586265, "grad_rel": 0.5019768729805947, "iteration": 9460, "loss": 0.1662013828754425, "lr": 2.1306497803866185e-05, "mse": 0.000130264603831165, "p_zero": 0.0, "pareto_conflict": 0.95, "pareto_grad_cosine_before": -0.19078263007104396, "pareto_grad_dot_after": 0.0012314096959016752, "pareto_grad_dot_before": -0.047090307669714095, "pareto_primary_grad_norm": 0.6418755486607551, "pareto_projected_tke_grad_norm": 0.4299516394734383, "pareto_tke_grad_norm": 0.4410888582468033, "point_rel": 0.07850006707012654, "primary_loss": 0.11304835304617881, "residual_mse": 0.00013026460310356925, "temporal_rel": 0.8992880195379257, "tke_rel": 0.44294193387031555}
TRAIN {"angle_aug_abs_deg": 0.0, "aoa_effective_shift_abs_deg_mean": 0.0, "aoa_meanfield_aug_fraction": 0.0, "aoa_meanfield_lambda_mean": 0.0, "delta_penalty": 4.2627666243788556e-05, "energy_loss": 0.053513627499341965, "grad_rel": 0.49134127646684644, "iteration": 9480, "loss": 0.16079792976379395, "lr": 2.0984498762430873e-05, "mse": 0.0001175845114630647, "p_zero": 0.0, "pareto_conflict": 0.85, "pareto_grad_cosine_before": -0.1654802594333887, "pareto_grad_dot_after": 0.0019319689144140285, "pareto_grad_dot_before": -0.04328600723529234, "pareto_primary_grad_norm": 0.6746652811765671, "pareto_projected_tke_grad_norm": 0.3834435224533081, "pareto_tke_grad_norm": 0.3921196833252907, "point_rel": 0.07294307015836239, "primary_loss": 0.1072843011468649, "residual_mse": 0.00011758451182686258, "temporal_rel": 0.8978328466415405, "tke_rel": 0.4459469079971313}
TRAIN {"angle_aug_abs_deg": 0.0, "aoa_effective_shift_abs_deg_mean": 0.0, "aoa_meanfield_aug_fraction": 0.0, "aoa_meanfield_lambda_mean": 0.0, "delta_penalty": 4.411467916725087e-05, "energy_loss": 0.05165724121034145, "grad_rel": 0.4928262561559677, "iteration": 9500, "loss": 0.16041710153222083, "lr": 2.06646659708764e-05, "mse": 0.00012322005532041657, "p_zero": 0.0, "pareto_conflict": 0.9, "pareto_grad_cosine_before": -0.22341666198335589, "pareto_grad_dot_after": 0.002016224494218477, "pareto_grad_dot_before": -0.045925835031084716, "pareto_primary_grad_norm": 0.5085360556840897, "pareto_projected_tke_grad_norm": 0.41688534766435625, "pareto_tke_grad_norm": 0.4377469301223755, "point_rel": 0.0747322803363204, "primary_loss": 0.10875986069440842, "residual_mse": 0.00012322005459282083, "temporal_rel": 0.8865778893232346, "tke_rel": 0.4304770201444626}
TRAIN {"angle_aug_abs_deg": 0.0, "aoa_effective_shift_abs_deg_mean": 0.0, "aoa_meanfield_aug_fraction": 0.0, "aoa_meanfield_lambda_mean": 0.0, "delta_penalty": 4.3657901915139516e-05, "energy_loss": 0.05318949576467276, "grad_rel": 0.4919455245137215, "iteration": 9520, "loss": 0.16049794852733612, "lr": 2.034700819758028e-05, "mse": 0.00012283123132874607, "p_zero": 0.0, "pareto_conflict": 0.95, "pareto_grad_cosine_before": -0.2496907651424408, "pareto_grad_dot_after": 0.0008970287904958241, "pareto_grad_dot_before": -0.05834442633204162, "pareto_primary_grad_norm": 0.5568231225013733, "pareto_projected_tke_grad_norm": 0.43911604583263397, "pareto_tke_grad_norm": 0.46006776243448255, "point_rel": 0.07296919990330934, "primary_loss": 0.10730844996869564, "residual_mse": 0.00012283123005545348, "temporal_rel": 0.8974115133285523, "tke_rel": 0.44324581027030946}
TRAIN {"angle_aug_abs_deg": 0.0, "aoa_effective_shift_abs_deg_mean": 0.0, "aoa_meanfield_aug_fraction": 0.0, "aoa_meanfield_lambda_mean": 0.0, "delta_penalty": 4.6535748060705374e-05, "energy_loss": 0.050983133167028426, "grad_rel": 0.49766501486301423, "iteration": 9540, "loss": 0.16141477078199387, "lr": 2.0031534151290848e-05, "mse": 0.00014356528899952536, "p_zero": 0.0, "pareto_conflict": 0.85, "pareto_grad_cosine_before": -0.232525906781666, "pareto_grad_dot_after": 0.0054063396096353245, "pareto_grad_dot_before": -0.04511283880565316, "pareto_primary_grad_norm": 0.5819455474615097, "pareto_projected_tke_grad_norm": 0.39247182160615923, "pareto_tke_grad_norm": 0.41646762639284135, "point_rel": 0.0764061076566577, "primary_loss": 0.11043163761496544, "residual_mse": 0.00014356528936332325, "temporal_rel": 0.8838850855827332, "tke_rel": 0.42485945075750353}
TRAIN {"angle_aug_abs_deg": 0.0, "aoa_effective_shift_abs_deg_mean": 0.0, "aoa_meanfield_aug_fraction": 0.0, "aoa_meanfield_lambda_mean": 0.0, "delta_penalty": 4.252520511727198e-05, "energy_loss": 0.052339382097125055, "grad_rel": 0.4979049637913704, "iteration": 9560, "loss": 0.1620763957500458, "lr": 1.9718252480888454e-05, "mse": 0.00012382065469864755, "p_zero": 0.0, "pareto_conflict": 0.9, "pareto_grad_cosine_before": -0.23198991641402245, "pareto_grad_dot_after": 0.0012968540422662045, "pareto_grad_dot_before": -0.04965500608086586, "pareto_primary_grad_norm": 0.5084428280591965, "pareto_projected_tke_grad_norm": 0.41878853738307953, "pareto_tke_grad_norm": 0.4381247103214264, "point_rel": 0.07527818325906992, "primary_loss": 0.10973701290786267, "residual_mse": 0.0001238206566995359, "temporal_rel": 0.8984086334705352, "tke_rel": 0.4361615255475044}
TRAIN {"angle_aug_abs_deg": 0.0, "aoa_effective_shift_abs_deg_mean": 0.0, "aoa_meanfield_aug_fraction": 0.0, "aoa_meanfield_lambda_mean": 0.0, "delta_penalty": 4.6221808588597924e-05, "energy_loss": 0.053205630369484426, "grad_rel": 0.5007058933377266, "iteration": 9580, "loss": 0.16258178651332855, "lr": 1.9407171775148358e-05, "mse": 0.00013250165175122676, "p_zero": 0.0, "pareto_conflict": 0.9, "pareto_grad_cosine_before": -0.2291734024998732, "pareto_grad_dot_after": 0.0013297688502461823, "pareto_grad_dot_before": -0.049243561252660585, "pareto_primary_grad_norm": 0.5315985724329948, "pareto_projected_tke_grad_norm": 0.4241440802812576, "pareto_tke_grad_norm": 0.4483303025364876, "point_rel": 0.07502727434039116, "primary_loss": 0.10937615372240543, "residual_mse": 0.0001325016506598331, "temporal_rel": 0.8932539016008377, "tke_rel": 0.4433802604675293}
TRAIN {"angle_aug_abs_deg": 0.0, "aoa_effective_shift_abs_deg_mean": 0.0, "aoa_meanfield_aug_fraction": 0.0, "aoa_meanfield_lambda_mean": 0.0, "delta_penalty": 4.469775321922498e-05, "energy_loss": 0.0539355730637908, "grad_rel": 0.49214246720075605, "iteration": 9600, "loss": 0.162876345962286, "lr": 1.909830056250518e-05, "mse": 0.0001249683982678107, "p_zero": 0.0, "pareto_conflict": 0.9, "pareto_grad_cosine_before": -0.24560573012568057, "pareto_grad_dot_after": 0.0005878727767594683, "pareto_grad_dot_before": -0.05478662342065945, "pareto_primary_grad_norm": 0.5177240803837776, "pareto_projected_tke_grad_norm": 0.41575984805822375, "pareto_tke_grad_norm": 0.43661521971225736, "point_rel": 0.07458714712411166, "primary_loss": 0.10894077196717263, "residual_mse": 0.0001249683955393266, "temporal_rel": 0.8977701216936111, "tke_rel": 0.4494631215929985}
TRAIN {"angle_aug_abs_deg": 0.0, "aoa_effective_shift_abs_deg_mean": 0.0, "aoa_meanfield_aug_fraction": 0.0, "aoa_meanfield_lambda_mean": 0.0, "delta_penalty": 5.1267806884425224e-05, "energy_loss": 0.05393080785870552, "grad_rel": 0.5058286905288696, "iteration": 9620, "loss": 0.16750020161271095, "lr": 1.879164731081929e-05, "mse": 0.00016274183108180295, "p_zero": 0.0, "pareto_conflict": 0.95, "pareto_grad_cosine_before": -0.19950120225548745, "pareto_grad_dot_after": 0.0005853891294009372, "pareto_grad_dot_before": -0.04074223884381354, "pareto_primary_grad_norm": 0.5192703053355217, "pareto_projected_tke_grad_norm": 0.38877221941947937, "pareto_tke_grad_norm": 0.4003043085336685, "point_rel": 0.07907239571213723, "primary_loss": 0.11356939375400543, "residual_mse": 0.00016274183108180295, "temporal_rel": 0.895323982834816, "tke_rel": 0.4494234070181847}
TRAIN {"angle_aug_abs_deg": 0.0, "aoa_effective_shift_abs_deg_mean": 0.0, "aoa_meanfield_aug_fraction": 0.0, "aoa_meanfield_lambda_mean": 0.0, "delta_penalty": 4.643533411581302e-05, "energy_loss": 0.05399029478430748, "grad_rel": 0.49775610119104385, "iteration": 9640, "loss": 0.16434159129858017, "lr": 1.8487220427144505e-05, "mse": 0.00012834712706535356, "p_zero": 0.0, "pareto_conflict": 0.9, "pareto_grad_cosine_before": -0.24838952980935575, "pareto_grad_dot_after": 0.002543707736003853, "pareto_grad_dot_before": -0.050085809733718636, "pareto_primary_grad_norm": 0.5032879769802093, "pareto_projected_tke_grad_norm": 0.40526161193847654, "pareto_tke_grad_norm": 0.42673448771238326, "point_rel": 0.07590557336807251, "primary_loss": 0.11035129465162755, "residual_mse": 0.00012834712561016204, "temporal_rel": 0.8979982823133469, "tke_rel": 0.4499191343784332}
TRAIN {"angle_aug_abs_deg": 0.0, "aoa_effective_shift_abs_deg_mean": 0.0, "aoa_meanfield_aug_fraction": 0.0, "aoa_meanfield_lambda_mean": 0.0, "delta_penalty": 4.858512720602448e-05, "energy_loss": 0.05148875303566456, "grad_rel": 0.4981949120759964, "iteration": 9660, "loss": 0.16159756258130073, "lr": 1.8185028257497582e-05, "mse": 0.00015176474134932506, "p_zero": 0.0, "pareto_conflict": 1.0, "pareto_grad_cosine_before": -0.32286537662148473, "pareto_grad_dot_after": 8.116330718621611e-10, "pareto_grad_dot_before": -0.06494465195573866, "pareto_primary_grad_norm": 0.4702388420701027, "pareto_projected_tke_grad_norm": 0.40694222450256345, "pareto_tke_grad_norm": 0.4360370308160782, "point_rel": 0.0761900570243597, "primary_loss": 0.11010880991816521, "residual_mse": 0.00015176474134932506, "temporal_rel": 0.8799776762723923, "tke_rel": 0.42907294929027556}
TRAIN {"angle_aug_abs_deg": 0.0, "aoa_effective_shift_abs_deg_mean": 0.0, "aoa_meanfield_aug_fraction": 0.0, "aoa_meanfield_lambda_mean": 0.0, "delta_penalty": 4.407788210301078e-05, "energy_loss": 0.052292652614414695, "grad_rel": 0.5023058488965034, "iteration": 9680, "loss": 0.16357167512178422, "lr": 1.788507908662951e-05, "mse": 0.00011980192084593, "p_zero": 0.0, "pareto_conflict": 0.95, "pareto_grad_cosine_before": -0.23550549716455862, "pareto_grad_dot_after": 0.0008830100225168281, "pareto_grad_dot_before": -0.048608179902657866, "pareto_primary_grad_norm": 0.5841568484902382, "pareto_projected_tke_grad_norm": 0.40812479257583617, "pareto_tke_grad_norm": 0.4252112939953804, "point_rel": 0.07691936418414116, "primary_loss": 0.11127902083098888, "residual_mse": 0.0001198019217554247, "temporal_rel": 0.8929416060447692, "tke_rel": 0.43577211499214175}
TRAIN {"angle_aug_abs_deg": 0.0, "aoa_effective_shift_abs_deg_mean": 0.0, "aoa_meanfield_aug_fraction": 0.0, "aoa_meanfield_lambda_mean": 0.0, "delta_penalty": 4.356403842393774e-05, "energy_loss": 0.052306455373764035, "grad_rel": 0.4947153553366661, "iteration": 9700, "loss": 0.16142080277204512, "lr": 1.758738113779835e-05, "mse": 0.00012562766605697106, "p_zero": 0.0, "pareto_conflict": 0.95, "pareto_grad_cosine_before": -0.24306657975539564, "pareto_grad_dot_after": 0.0005860279152329895, "pareto_grad_dot_before": -0.05243562122341246, "pareto_primary_grad_norm": 0.5108712837100029, "pareto_projected_tke_grad_norm": 0.44154867678880694, "pareto_tke_grad_norm": 0.4636112913489342, "point_rel": 0.07500401809811592, "primary_loss": 0.10911434777081012, "residual_mse": 0.00012562766605697106, "temporal_rel": 0.8883680969476699, "tke_rel": 0.43588713854551314}
TRAIN {"angle_aug_abs_deg": 0.0, "aoa_effective_shift_abs_deg_mean": 0.0, "aoa_meanfield_aug_fraction": 0.0, "aoa_meanfield_lambda_mean": 0.0, "delta_penalty": 4.581332905218005e-05, "energy_loss": 0.05171102620661259, "grad_rel": 0.48730542957782746, "iteration": 9720, "loss": 0.15773171409964562, "lr": 1.7291942572543756e-05, "mse": 0.0001294046382099623, "p_zero": 0.0, "pareto_conflict": 0.9, "pareto_grad_cosine_before": -0.2043117559631355, "pareto_grad_dot_after": 0.0024190811829612356, "pareto_grad_dot_before": -0.043047716116416265, "pareto_primary_grad_norm": 0.5662564635276794, "pareto_projected_tke_grad_norm": 0.3955635353922844, "pareto_tke_grad_norm": 0.4127176687121391, "point_rel": 0.07155477199703456, "primary_loss": 0.10602068975567817, "residual_mse": 0.00012940463711856863, "temporal_rel": 0.9038866192102433, "tke_rel": 0.4309252306818962}
TRAIN {"angle_aug_abs_deg": 0.0, "aoa_effective_shift_abs_deg_mean": 0.0, "aoa_meanfield_aug_fraction": 0.0, "aoa_meanfield_lambda_mean": 0.0, "delta_penalty": 3.7737815091531957e-05, "energy_loss": 0.05070316307246685, "grad_rel": 0.4836574077606201, "iteration": 9740, "loss": 0.15562915205955505, "lr": 1.699877149046319e-05, "mse": 0.00010335438137190067, "p_zero": 0.0, "pareto_conflict": 0.9, "pareto_grad_cosine_before": -0.19632212838914712, "pareto_grad_dot_after": 0.0004151012192323833, "pareto_grad_dot_before": -0.050004223368887324, "pareto_primary_grad_norm": 0.6632635518908501, "pareto_projected_tke_grad_norm": 0.42530218362808225, "pareto_tke_grad_norm": 0.4382797822356224, "point_rel": 0.07082482501864433, "primary_loss": 0.10492598935961724, "residual_mse": 0.0001033543810081028, "temporal_rel": 0.8938181966543197, "tke_rel": 0.4225263699889183}
TRAIN {"angle_aug_abs_deg": 0.0, "aoa_effective_shift_abs_deg_mean": 0.0, "aoa_meanfield_aug_fraction": 0.0, "aoa_meanfield_lambda_mean": 0.0, "delta_penalty": 4.985260165994987e-05, "energy_loss": 0.05171863995492458, "grad_rel": 0.5097879424691201, "iteration": 9760, "loss": 0.16557675525546073, "lr": 1.670787592898999e-05, "mse": 0.00015350465291703587, "p_zero": 0.0, "pareto_conflict": 0.85, "pareto_grad_cosine_before": -0.13185660894960166, "pareto_grad_dot_after": 0.003037761758605484, "pareto_grad_dot_before": -0.03143339526723139, "pareto_primary_grad_norm": 0.5644154742360115, "pareto_projected_tke_grad_norm": 0.38000059127807617, "pareto_tke_grad_norm": 0.38692914247512816, "point_rel": 0.07968288660049438, "primary_loss": 0.11385811567306518, "residual_mse": 0.00015350465109804646, "temporal_rel": 0.8827120751142502, "tke_rel": 0.43098867386579515}
TRAIN {"angle_aug_abs_deg": 0.0, "aoa_effective_shift_abs_deg_mean": 0.0, "aoa_meanfield_aug_fraction": 0.0, "aoa_meanfield_lambda_mean": 0.0, "delta_penalty": 4.255240401107585e-05, "energy_loss": 0.05191614627838135, "grad_rel": 0.47991613000631334, "iteration": 9780, "loss": 0.1567192107439041, "lr": 1.64192638631729e-05, "mse": 0.00012218853926242445, "p_zero": 0.0, "pareto_conflict": 0.9, "pareto_grad_cosine_before": -0.22940033487975597, "pareto_grad_dot_after": 0.0010820945361047051, "pareto_grad_dot_before": -0.04292804386932403, "pareto_primary_grad_norm": 0.43232413530349734, "pareto_projected_tke_grad_norm": 0.41021803617477415, "pareto_tke_grad_norm": 0.4284855827689171, "point_rel": 0.07090335022658109, "primary_loss": 0.10480306595563889, "residual_mse": 0.00012218853871672763, "temporal_rel": 0.8887822061777115, "tke_rel": 0.43263456374406817}
TRAIN {"angle_aug_abs_deg": 0.0, "aoa_effective_shift_abs_deg_mean": 0.0, "aoa_meanfield_aug_fraction": 0.0, "aoa_meanfield_lambda_mean": 0.0, "delta_penalty": 4.93633686346584e-05, "energy_loss": 0.053049078583717345, "grad_rel": 0.4987820819020271, "iteration": 9800, "loss": 0.16436756402254105, "lr": 1.6132943205457532e-05, "mse": 0.00014656799412477995, "p_zero": 0.0, "pareto_conflict": 0.9, "pareto_grad_cosine_before": -0.31660487288609146, "pareto_grad_dot_after": 0.0004807202163647162, "pareto_grad_dot_before": -0.05412441499065608, "pareto_primary_grad_norm": 0.4098536059260368, "pareto_projected_tke_grad_norm": 0.4050995081663132, "pareto_tke_grad_norm": 0.43691320568323133, "point_rel": 0.07716062739491462, "primary_loss": 0.1113184854388237, "residual_mse": 0.00014656799412477995, "temporal_rel": 0.8877056479454041, "tke_rel": 0.44207566380500796}
TRAIN {"angle_aug_abs_deg": 0.0, "aoa_effective_shift_abs_deg_mean": 0.0, "aoa_meanfield_aug_fraction": 0.0, "aoa_meanfield_lambda_mean": 0.0, "delta_penalty": 4.6875892621756066e-05, "energy_loss": 0.05055326614528895, "grad_rel": 0.49279657155275347, "iteration": 9820, "loss": 0.15992494598031043, "lr": 1.5848921805469323e-05, "mse": 0.00012739723297272576, "p_zero": 0.0, "pareto_conflict": 1.0, "pareto_grad_cosine_before": -0.2915826249867678, "pareto_grad_dot_after": 5.032234184909612e-10, "pareto_grad_dot_before": -0.050223342562094334, "pareto_primary_grad_norm": 0.4307061925530434, "pareto_projected_tke_grad_norm": 0.3919474080204964, "pareto_tke_grad_norm": 0.416398423910141, "point_rel": 0.07546204365789891, "primary_loss": 0.10937167927622796, "residual_mse": 0.00012739723370032153, "temporal_rel": 0.8826177477836609, "tke_rel": 0.421277229487896}
TRAIN {"angle_aug_abs_deg": 0.0, "aoa_effective_shift_abs_deg_mean": 0.0, "aoa_meanfield_aug_fraction": 0.0, "aoa_meanfield_lambda_mean": 0.0, "delta_penalty": 4.57658205050393e-05, "energy_loss": 0.05200731158256531, "grad_rel": 0.49695454686880114, "iteration": 9840, "loss": 0.1610591948032379, "lr": 1.556720744979842e-05, "mse": 0.000130644373348332, "p_zero": 0.0, "pareto_conflict": 1.0, "pareto_grad_cosine_before": -0.26129877753555775, "pareto_grad_dot_after": 1.0269104677718132e-09, "pareto_grad_dot_before": -0.049728592345491054, "pareto_primary_grad_norm": 0.44898718446493147, "pareto_projected_tke_grad_norm": 0.40347672402858736, "pareto_tke_grad_norm": 0.4222847640514374, "point_rel": 0.07471992596983909, "primary_loss": 0.10905188396573066, "residual_mse": 0.0001306443737121299, "temporal_rel": 0.8945844978094101, "tke_rel": 0.43339427560567856}
TRAIN {"angle_aug_abs_deg": 0.0, "aoa_effective_shift_abs_deg_mean": 0.0, "aoa_meanfield_aug_fraction": 0.0, "aoa_meanfield_lambda_mean": 0.0, "delta_penalty": 4.5170817702455676e-05, "energy_loss": 0.05319728460162878, "grad_rel": 0.4978546217083931, "iteration": 9860, "loss": 0.16269367933273315, "lr": 1.5287807861786217e-05, "mse": 0.00012368849165795838, "p_zero": 0.0, "pareto_conflict": 1.0, "pareto_grad_cosine_before": -0.22419219762086867, "pareto_grad_dot_after": 1.2605596566572785e-09, "pareto_grad_dot_before": -0.05120904338546097, "pareto_primary_grad_norm": 0.604737962782383, "pareto_projected_tke_grad_norm": 0.409092178940773, "pareto_tke_grad_norm": 0.42253272980451584, "point_rel": 0.07483660001307726, "primary_loss": 0.10949639491736889, "residual_mse": 0.00012368849020276683, "temporal_rel": 0.9051322698593139, "tke_rel": 0.44331071376800535}
TRAIN {"angle_aug_abs_deg": 0.0, "aoa_effective_shift_abs_deg_mean": 0.0, "aoa_meanfield_aug_fraction": 0.0, "aoa_meanfield_lambda_mean": 0.0, "delta_penalty": 4.204568822387955e-05, "energy_loss": 0.05219377614557743, "grad_rel": 0.48966371566057204, "iteration": 9880, "loss": 0.15906642526388168, "lr": 1.5010730701313557e-05, "mse": 0.00011706586010404863, "p_zero": 0.0, "pareto_conflict": 0.9, "pareto_grad_cosine_before": -0.17322993624256924, "pareto_grad_dot_after": 0.003049378494870325, "pareto_grad_dot_before": -0.03521406574582216, "pareto_primary_grad_norm": 0.5379294216632843, "pareto_projected_tke_grad_norm": 0.3911192923784256, "pareto_tke_grad_norm": 0.4042272359132767, "point_rel": 0.07272437550127506, "primary_loss": 0.1068726472556591, "residual_mse": 0.00011706586010404863, "temporal_rel": 0.8922452002763748, "tke_rel": 0.43494814485311506}
TRAIN {"angle_aug_abs_deg": 0.0, "aoa_effective_shift_abs_deg_mean": 0.0, "aoa_meanfield_aug_fraction": 0.0, "aoa_meanfield_lambda_mean": 0.0, "delta_penalty": 4.427916919667041e-05, "energy_loss": 0.05229330398142338, "grad_rel": 0.49614737629890443, "iteration": 9900, "loss": 0.16064995005726815, "lr": 1.4735983564590717e-05, "mse": 0.00012653879439312733, "p_zero": 0.0, "pareto_conflict": 1.0, "pareto_grad_cosine_before": -0.2912499126046896, "pareto_grad_dot_after": -5.653419066220522e-10, "pareto_grad_dot_before": -0.057653648871928455, "pareto_primary_grad_norm": 0.49838676750659944, "pareto_projected_tke_grad_norm": 0.418392588198185, "pareto_tke_grad_norm": 0.4435629934072495, "point_rel": 0.07412198279052973, "primary_loss": 0.10835664495825767, "residual_mse": 0.00012653879621211673, "temporal_rel": 0.8917868137359619, "tke_rel": 0.4357775464653969}
TRAIN {"angle_aug_abs_deg": 0.0, "aoa_effective_shift_abs_deg_mean": 0.0, "aoa_meanfield_aug_fraction": 0.0, "aoa_meanfield_lambda_mean": 0.0, "delta_penalty": 4.4000972138746874e-05, "energy_loss": 0.05186213459819555, "grad_rel": 0.4935425132513046, "iteration": 9920, "loss": 0.16046952232718467, "lr": 1.4463573983949275e-05, "mse": 0.00011870458511111792, "p_zero": 0.0, "pareto_conflict": 0.95, "pareto_grad_cosine_before": -0.2783813174813986, "pareto_grad_dot_after": 0.003550260558768059, "pareto_grad_dot_before": -0.05426578815095127, "pareto_primary_grad_norm": 0.5123469695448876, "pareto_projected_tke_grad_norm": 0.41545701026916504, "pareto_tke_grad_norm": 0.44010177403688433, "point_rel": 0.07433821670711041, "primary_loss": 0.10860738642513752, "residual_mse": 0.00011870458401972429, "temporal_rel": 0.8943180501461029, "tke_rel": 0.4321844637393951}
TRAIN {"angle_aug_abs_deg": 0.0, "aoa_effective_shift_abs_deg_mean": 0.0, "aoa_meanfield_aug_fraction": 0.0, "aoa_meanfield_lambda_mean": 0.0, "delta_penalty": 4.2461131033633134e-05, "energy_loss": 0.05172854028642178, "grad_rel": 0.49631833881139753, "iteration": 9940, "loss": 0.16193735897541045, "lr": 1.41935094276355e-05, "mse": 0.00011429535024944925, "p_zero": 0.0, "pareto_conflict": 0.95, "pareto_grad_cosine_before": -0.2269310964969918, "pareto_grad_dot_after": 0.0008964035407643678, "pareto_grad_dot_before": -0.0460665819584392, "pareto_primary_grad_norm": 0.4672658443450928, "pareto_projected_tke_grad_norm": 0.4102305665612221, "pareto_tke_grad_norm": 0.4270095318555832, "point_rel": 0.07608530502766371, "primary_loss": 0.11020881831645965, "residual_mse": 0.0001142953504313482, "temporal_rel": 0.8881201177835465, "tke_rel": 0.4310711771249771}
TRAIN {"angle_aug_abs_deg": 0.0, "aoa_effective_shift_abs_deg_mean": 0.0, "aoa_meanfield_aug_fraction": 0.0, "aoa_meanfield_lambda_mean": 0.0, "delta_penalty": 4.196273011984886e-05, "energy_loss": 0.05230108685791492, "grad_rel": 0.4987256392836571, "iteration": 9960, "loss": 0.16143207028508186, "lr": 1.392579729960558e-05, "mse": 0.00011792990608228138, "p_zero": 0.0, "pareto_conflict": 0.95, "pareto_grad_cosine_before": -0.256478909496218, "pareto_grad_dot_after": 8.622160335107765e-05, "pareto_grad_dot_before": -0.05267117878538556, "pareto_primary_grad_norm": 0.48728505820035933, "pareto_projected_tke_grad_norm": 0.400288799405098, "pareto_tke_grad_norm": 0.4232196018099785, "point_rel": 0.07477166764438152, "primary_loss": 0.10913098119199276, "residual_mse": 0.00011792990680987714, "temporal_rel": 0.8947404146194458, "tke_rel": 0.435842402279377}
TRAIN {"angle_aug_abs_deg": 0.0, "aoa_effective_shift_abs_deg_mean": 0.0, "aoa_meanfield_aug_fraction": 0.0, "aoa_meanfield_lambda_mean": 0.0, "delta_penalty": 4.185157868050737e-05, "energy_loss": 0.052131264470517635, "grad_rel": 0.4924504593014717, "iteration": 9980, "loss": 0.1595156066119671, "lr": 1.366044493932277e-05, "mse": 0.00011955288064200432, "p_zero": 0.0, "pareto_conflict": 0.95, "pareto_grad_cosine_before": -0.21743736006319522, "pareto_grad_dot_after": 0.0031296329289034475, "pareto_grad_dot_before": -0.046873558219522236, "pareto_primary_grad_norm": 0.5110146760940552, "pareto_projected_tke_grad_norm": 0.41755999326705934, "pareto_tke_grad_norm": 0.4330927699804306, "point_rel": 0.07311592102050782, "primary_loss": 0.10738434121012688, "residual_mse": 0.00011955288009630749, "temporal_rel": 0.8948320418596267, "tke_rel": 0.4344272166490555}
TRAIN {"angle_aug_abs_deg": 0.0, "aoa_effective_shift_abs_deg_mean": 0.0, "aoa_meanfield_aug_fraction": 0.0, "aoa_meanfield_lambda_mean": 0.0, "delta_penalty": 4.3545499011088395e-05, "energy_loss": 0.053306187689304355, "grad_rel": 0.49447410404682157, "iteration": 10000, "loss": 0.16407319977879525, "lr": 1.3397459621556064e-05, "mse": 0.00012309431349422084, "p_zero": 0.0, "pareto_conflict": 0.95, "pareto_grad_cosine_before": -0.29620602279901503, "pareto_grad_dot_after": 0.00057338146125403, "pareto_grad_dot_before": -0.059814770426601174, "pareto_primary_grad_norm": 0.4583355739712715, "pareto_projected_tke_grad_norm": 0.44966029971837995, "pareto_tke_grad_norm": 0.4798463687300682, "point_rel": 0.07629287820309401, "primary_loss": 0.11076701246201992, "residual_mse": 0.00012309431313042296, "temporal_rel": 0.9006408601999283, "tke_rel": 0.44421823918819425}
EVAL_TOP {"alpha": 1.0, "best_bound_abs": 0.0075, "best_bound_rel": 0.0075, "best_bounds": [{"abs": 0.0075, "coverage": 0.8278641700744629, "final_est": 81.97633188946719, "rel": 0.0075, "sps_raw": 0.4830082623958588, "sps_score_linear": 48.30082623958588, "sps_score_used": 48.30082623958588}], "best_final_est": 81.97633188946719, "iteration": 10000, "mean_t_neural_s": 0.01762683533, "mvpe": 0.07123159794136882, "mvpe_score": 96.5609061771669, "n": 640, "rel_l2": 0.0813665570691228, "rel_l2_score": 96.0907146896941, "time_score": 86.54248999999716, "tke": 0.4275756374001503, "tke_score": 82.38672234089195}
BEST iteration=10000 final_est=81.976332 alpha=1.0 abs=0.0075 rel=0.0075
TRAIN {"angle_aug_abs_deg": 0.0, "aoa_effective_shift_abs_deg_mean": 0.0, "aoa_meanfield_aug_fraction": 0.0, "aoa_meanfield_lambda_mean": 0.0, "delta_penalty": 4.455507614693488e-05, "energy_loss": 0.05481944419443607, "grad_rel": 0.49909825176000594, "iteration": 10020, "loss": 0.16406104266643523, "lr": 1.313684855618083e-05, "mse": 0.00013174114410503536, "p_zero": 0.0, "pareto_conflict": 0.95, "pareto_grad_cosine_before": -0.2638141129165888, "pareto_grad_dot_after": 0.0010651539894752204, "pareto_grad_dot_before": -0.05350343310274184, "pareto_primary_grad_norm": 0.522586715221405, "pareto_projected_tke_grad_norm": 0.410805943608284, "pareto_tke_grad_norm": 0.4333692654967308, "point_rel": 0.074659713357687, "primary_loss": 0.10924159735441208, "residual_mse": 0.00013174114410503536, "temporal_rel": 0.9018332630395889, "tke_rel": 0.45682870894670485}
TRAIN {"angle_aug_abs_deg": 0.0, "aoa_effective_shift_abs_deg_mean": 0.0, "aoa_meanfield_aug_fraction": 0.0, "aoa_meanfield_lambda_mean": 0.0, "delta_penalty": 4.392227310745511e-05, "energy_loss": 0.05166564267128706, "grad_rel": 0.4998899087309837, "iteration": 10040, "loss": 0.16278599053621293, "lr": 1.2878618887981005e-05, "mse": 0.00013623620943690185, "p_zero": 0.0, "pareto_conflict": 0.95, "pareto_grad_cosine_before": -0.2381451885215938, "pareto_grad_dot_after": 0.0011958641782257474, "pareto_grad_dot_before": -0.05391770665883087, "pareto_primary_grad_norm": 0.501264077425003, "pareto_projected_tke_grad_norm": 0.4236332833766937, "pareto_tke_grad_norm": 0.4430911988019943, "point_rel": 0.07679239269345998, "primary_loss": 0.11112034954130649, "residual_mse": 0.00013623620779981138, "temporal_rel": 0.892928758263588, "tke_rel": 0.43054703176021575}
TRAIN {"angle_aug_abs_deg": 0.0, "aoa_effective_shift_abs_deg_mean": 0.0, "aoa_meanfield_aug_fraction": 0.0, "aoa_meanfield_lambda_mean": 0.0, "delta_penalty": 4.9146422588819406e-05, "energy_loss": 0.05345030203461647, "grad_rel": 0.4953775703907013, "iteration": 10060, "loss": 0.16309004575014113, "lr": 1.2622777696453423e-05, "mse": 0.0001406540419338853, "p_zero": 0.0, "pareto_conflict": 0.95, "pareto_grad_cosine_before": -0.2979519542539492, "pareto_grad_dot_after": 2.4458639200020115e-05, "pareto_grad_dot_before": -0.058808629887062126, "pareto_primary_grad_norm": 0.42716102600097655, "pareto_projected_tke_grad_norm": 0.40835706889629364, "pareto_tke_grad_norm": 0.43479404151439666, "point_rel": 0.0752096001058817, "primary_loss": 0.10963974446058274, "residual_mse": 0.0001406540437528747, "temporal_rel": 0.898543444275856, "tke_rel": 0.4454191952943802}
TRAIN {"angle_aug_abs_deg": 0.0, "aoa_effective_shift_abs_deg_mean": 0.0, "aoa_meanfield_aug_fraction": 0.0, "aoa_meanfield_lambda_mean": 0.0, "delta_penalty": 4.571327326630126e-05, "energy_loss": 0.051792701706290245, "grad_rel": 0.49470429867506027, "iteration": 10080, "loss": 0.16156741380691528, "lr": 1.2369331995613583e-05, "mse": 0.00013536799015128053, "p_zero": 0.0, "pareto_conflict": 1.0, "pareto_grad_cosine_before": -0.2524663653224707, "pareto_grad_dot_after": -3.675268089864403e-10, "pareto_grad_dot_before": -0.05214386018924415, "pareto_primary_grad_norm": 0.48879772126674653, "pareto_projected_tke_grad_norm": 0.410131624341011, "pareto_tke_grad_norm": 0.4269507721066475, "point_rel": 0.07551892921328544, "primary_loss": 0.10977471135556698, "residual_mse": 0.00013536799106077523, "temporal_rel": 0.8931231766939163, "tke_rel": 0.431605851650238}
TRAIN {"angle_aug_abs_deg": 0.0, "aoa_effective_shift_abs_deg_mean": 0.0, "aoa_meanfield_aug_fraction": 0.0, "aoa_meanfield_lambda_mean": 0.0, "delta_penalty": 4.471048659979715e-05, "energy_loss": 0.05238663088530302, "grad_rel": 0.4929529413580894, "iteration": 10100, "loss": 0.15942926034331323, "lr": 1.2118288733803395e-05, "mse": 0.0001256596520761377, "p_zero": 0.0, "pareto_conflict": 0.95, "pareto_grad_cosine_before": -0.27359859033022077, "pareto_grad_dot_after": 3.0663453435408884e-05, "pareto_grad_dot_before": -0.061552506292355244, "pareto_primary_grad_norm": 0.5293376967310905, "pareto_projected_tke_grad_norm": 0.4006576597690582, "pareto_tke_grad_norm": 0.421698397397995, "point_rel": 0.07275292426347732, "primary_loss": 0.10704262964427472, "residual_mse": 0.00012565965043904727, "temporal_rel": 0.8952272802591323, "tke_rel": 0.43655527085065843}
TRAIN {"angle_aug_abs_deg": 0.0, "aoa_effective_shift_abs_deg_mean": 0.0, "aoa_meanfield_aug_fraction": 0.0, "aoa_meanfield_lambda_mean": 0.0, "delta_penalty": 4.467236612981651e-05, "energy_loss": 0.05265875607728958, "grad_rel": 0.4902325481176376, "iteration": 10120, "loss": 0.1596922218799591, "lr": 1.1869654793500728e-05, "mse": 0.000124978772328177, "p_zero": 0.0, "pareto_conflict": 0.9, "pareto_grad_cosine_before": -0.2663652587682009, "pareto_grad_dot_after": 0.0027201356717341694, "pareto_grad_dot_before": -0.04528645421378315, "pareto_primary_grad_norm": 0.4192745104432106, "pareto_projected_tke_grad_norm": 0.4094455823302269, "pareto_tke_grad_norm": 0.4337135165929794, "point_rel": 0.0728027444332838, "primary_loss": 0.10703346729278565, "residual_mse": 0.0001249787708729855, "temporal_rel": 0.8946283370256424, "tke_rel": 0.438822977244854}
TRAIN {"angle_aug_abs_deg": 0.0, "aoa_effective_shift_abs_deg_mean": 0.0, "aoa_meanfield_aug_fraction": 0.0, "aoa_meanfield_lambda_mean": 0.0, "delta_penalty": 4.782422993230284e-05, "energy_loss": 0.0541344091296196, "grad_rel": 0.5096251353621483, "iteration": 10140, "loss": 0.16878982707858087, "lr": 1.1623436991130602e-05, "mse": 0.00015673341576984967, "p_zero": 0.0, "pareto_conflict": 0.95, "pareto_grad_cosine_before": -0.25035772258415817, "pareto_grad_dot_after": 0.00024388989731960464, "pareto_grad_dot_before": -0.05125633804127574, "pareto_primary_grad_norm": 0.5229098305106163, "pareto_projected_tke_grad_norm": 0.418288791179657, "pareto_tke_grad_norm": 0.43492006659507754, "point_rel": 0.08019674364477396, "primary_loss": 0.11465541869401932, "residual_mse": 0.0001567334178616875, "temporal_rel": 0.8922107219696045, "tke_rel": 0.4511200875043869}
TRAIN {"angle_aug_abs_deg": 0.0, "aoa_effective_shift_abs_deg_mean": 0.0, "aoa_meanfield_aug_fraction": 0.0, "aoa_meanfield_lambda_mean": 0.0, "delta_penalty": 4.1572220743546497e-05, "energy_loss": 0.0496157182380557, "grad_rel": 0.49058612436056137, "iteration": 10160, "loss": 0.15713521912693978, "lr": 1.1379642076878496e-05, "mse": 0.00012436025654096738, "p_zero": 0.0, "pareto_conflict": 0.8, "pareto_grad_cosine_before": -0.14444995494559407, "pareto_grad_dot_after": 0.006914198800768645, "pareto_grad_dot_before": -0.02462411061860621, "pareto_primary_grad_norm": 0.554640294611454, "pareto_projected_tke_grad_norm": 0.3860886350274086, "pareto_tke_grad_norm": 0.39622159451246264, "point_rel": 0.07370613384991884, "primary_loss": 0.10751950070261955, "residual_mse": 0.00012436025835995678, "temporal_rel": 0.8805478036403656, "tke_rel": 0.41346432715654374}
TRAIN {"angle_aug_abs_deg": 0.0, "aoa_effective_shift_abs_deg_mean": 0.0, "aoa_meanfield_aug_fraction": 0.0, "aoa_meanfield_lambda_mean": 0.0, "delta_penalty": 4.5139920348447046e-05, "energy_loss": 0.05220278389751911, "grad_rel": 0.4937610819935799, "iteration": 10180, "loss": 0.16043346896767616, "lr": 1.1138276734505078e-05, "mse": 0.0001307529399127816, "p_zero": 0.0, "pareto_conflict": 1.0, "pareto_grad_cosine_before": -0.2864651187323034, "pareto_grad_dot_after": 1.988155418075621e-10, "pareto_grad_dot_before": -0.0537569843698293, "pareto_primary_grad_norm": 0.42439946830272673, "pareto_projected_tke_grad_norm": 0.4182590216398239, "pareto_tke_grad_norm": 0.44456799775362016, "point_rel": 0.07415808662772179, "primary_loss": 0.10823068656027317, "residual_mse": 0.00013075293845759005, "temporal_rel": 0.8875352799892425, "tke_rel": 0.435023207962513}
TRAIN {"angle_aug_abs_deg": 0.0, "aoa_effective_shift_abs_deg_mean": 0.0, "aoa_meanfield_aug_fraction": 0.0, "aoa_meanfield_lambda_mean": 0.0, "delta_penalty": 4.326314165155054e-05, "energy_loss": 0.051702987588942054, "grad_rel": 0.49555849730968476, "iteration": 10200, "loss": 0.1601039834320545, "lr": 1.0899347581163172e-05, "mse": 0.00012123839733249042, "p_zero": 0.0, "pareto_conflict": 0.85, "pareto_grad_cosine_before": -0.2024927780032158, "pareto_grad_dot_after": 0.0016960985003606766, "pareto_grad_dot_before": -0.04135387261630967, "pareto_primary_grad_norm": 0.515397073328495, "pareto_projected_tke_grad_norm": 0.38649824261665344, "pareto_tke_grad_norm": 0.40358837097883227, "point_rel": 0.0742340162396431, "primary_loss": 0.1084009975194931, "residual_mse": 0.00012123839660489466, "temporal_rel": 0.8898789256811142, "tke_rel": 0.4308582440018654}
TRAIN {"angle_aug_abs_deg": 0.0, "aoa_effective_shift_abs_deg_mean": 0.0, "aoa_meanfield_aug_fraction": 0.0, "aoa_meanfield_lambda_mean": 0.0, "delta_penalty": 4.6669506900798297e-05, "energy_loss": 0.05135041866451502, "grad_rel": 0.4906642287969589, "iteration": 10220, "loss": 0.15939912125468253, "lr": 1.0662861167216197e-05, "mse": 0.00013687007540283958, "p_zero": 0.0, "pareto_conflict": 0.9, "pareto_grad_cosine_before": -0.22327177934348583, "pareto_grad_dot_after": 0.0015295365887141089, "pareto_grad_dot_before": -0.04041996793821454, "pareto_primary_grad_norm": 0.4659976243972778, "pareto_projected_tke_grad_norm": 0.3906399175524712, "pareto_tke_grad_norm": 0.4065105363726616, "point_rel": 0.07408262342214585, "primary_loss": 0.108048702403903, "residual_mse": 0.00013687007540283958, "temporal_rel": 0.8854707062244416, "tke_rel": 0.42792016416788103}
TRAIN {"angle_aug_abs_deg": 0.0, "aoa_effective_shift_abs_deg_mean": 0.0, "aoa_meanfield_aug_fraction": 0.0, "aoa_meanfield_lambda_mean": 0.0, "delta_penalty": 4.882550529146101e-05, "energy_loss": 0.05307814609259367, "grad_rel": 0.5023723915219307, "iteration": 10240, "loss": 0.16525937616825104, "lr": 1.042882397605869e-05, "mse": 0.00013945864156994503, "p_zero": 0.0, "pareto_conflict": 0.95, "pareto_grad_cosine_before": -0.2521933765819995, "pareto_grad_dot_after": 0.0004916103122013738, "pareto_grad_dot_before": -0.05552169942529872, "pareto_primary_grad_norm": 0.4679158955812454, "pareto_projected_tke_grad_norm": 0.4176549017429352, "pareto_tke_grad_norm": 0.44038386195898055, "point_rel": 0.07794205360114574, "primary_loss": 0.11218122951686382, "residual_mse": 0.00013945864084234926, "temporal_rel": 0.8886925131082535, "tke_rel": 0.442317895591259}
TRAIN {"angle_aug_abs_deg": 0.0, "aoa_effective_shift_abs_deg_mean": 0.0, "aoa_meanfield_aug_fraction": 0.0, "aoa_meanfield_lambda_mean": 0.0, "delta_penalty": 4.353610220277915e-05, "energy_loss": 0.05018450990319252, "grad_rel": 0.4946266278624535, "iteration": 10260, "loss": 0.1569899119436741, "lr": 1.0197242423938412e-05, "mse": 0.00012012370862066746, "p_zero": 0.0, "pareto_conflict": 0.95, "pareto_grad_cosine_before": -0.24201590921729804, "pareto_grad_dot_after": 0.0007621502975780458, "pareto_grad_dot_before": -0.04848971371538937, "pareto_primary_grad_norm": 0.5118978768587112, "pareto_projected_tke_grad_norm": 0.4133358672261238, "pareto_tke_grad_norm": 0.42971268743276597, "point_rel": 0.07264861483126879, "primary_loss": 0.10680540241301059, "residual_mse": 0.00012012370934826322, "temporal_rel": 0.8900160372257233, "tke_rel": 0.4182042568922043}
TRAIN {"angle_aug_abs_deg": 0.0, "aoa_effective_shift_abs_deg_mean": 0.0, "aoa_meanfield_aug_fraction": 0.0, "aoa_meanfield_lambda_mean": 0.0, "delta_penalty": 4.3873317918041724e-05, "energy_loss": 0.05099811609834433, "grad_rel": 0.4947645038366318, "iteration": 10280, "loss": 0.16069916412234306, "lr": 9.968122859780614e-06, "mse": 0.0001278612679016078, "p_zero": 0.0, "pareto_conflict": 0.9, "pareto_grad_cosine_before": -0.20970889527816325, "pareto_grad_dot_after": 0.0007804908334946958, "pareto_grad_dot_before": -0.04398406784748658, "pareto_primary_grad_norm": 0.4765638679265976, "pareto_projected_tke_grad_norm": 0.4263514757156372, "pareto_tke_grad_norm": 0.44743250906467436, "point_rel": 0.07567505091428757, "primary_loss": 0.10970104858279228, "residual_mse": 0.00012786126862920355, "temporal_rel": 0.8855097681283951, "tke_rel": 0.424984310567379}
TRAIN {"angle_aug_abs_deg": 0.0, "aoa_effective_shift_abs_deg_mean": 0.0, "aoa_meanfield_aug_fraction": 0.0, "aoa_meanfield_lambda_mean": 0.0, "delta_penalty": 4.22270551098336e-05, "energy_loss": 0.05093455538153648, "grad_rel": 0.496088495850563, "iteration": 10300, "loss": 0.15990812033414842, "lr": 9.741471565013906e-06, "mse": 0.00012208890930196504, "p_zero": 0.0, "pareto_conflict": 1.0, "pareto_grad_cosine_before": -0.2742118988651782, "pareto_grad_dot_after": -8.232746040448547e-10, "pareto_grad_dot_before": -0.052842086367309096, "pareto_primary_grad_norm": 0.5192629754543304, "pareto_projected_tke_grad_norm": 0.40683369636535643, "pareto_tke_grad_norm": 0.42805270850658417, "point_rel": 0.07469670046120883, "primary_loss": 0.10897356793284416, "residual_mse": 0.00012208890711917775, "temporal_rel": 0.8932690143585205, "tke_rel": 0.42445463985204696}
TRAIN {"angle_aug_abs_deg": 0.0, "aoa_effective_shift_abs_deg_mean": 0.0, "aoa_meanfield_aug_fraction": 0.0, "aoa_meanfield_lambda_mean": 0.0, "delta_penalty": 4.504249827732565e-05, "energy_loss": 0.053531638905406, "grad_rel": 0.4913855418562889, "iteration": 10320, "loss": 0.16311880722641944, "lr": 9.517294753398012e-06, "mse": 0.00013249522398837144, "p_zero": 0.0, "pareto_conflict": 0.95, "pareto_grad_cosine_before": -0.25303711025044323, "pareto_grad_dot_after": 0.0003417121553866309, "pareto_grad_dot_before": -0.05615398450754583, "pareto_primary_grad_norm": 0.5553608149290085, "pareto_projected_tke_grad_norm": 0.38733200579881666, "pareto_tke_grad_norm": 0.4065407827496529, "point_rel": 0.07543474175035954, "primary_loss": 0.10958716832101345, "residual_mse": 0.00013249522289697778, "temporal_rel": 0.8913663804531098, "tke_rel": 0.4460970014333725}
TRAIN {"angle_aug_abs_deg": 0.0, "aoa_effective_shift_abs_deg_mean": 0.0, "aoa_meanfield_aug_fraction": 0.0, "aoa_meanfield_lambda_mean": 0.0, "delta_penalty": 4.427062576723983e-05, "energy_loss": 0.05219435021281242, "grad_rel": 0.5006705448031425, "iteration": 10340, "loss": 0.1627090759575367, "lr": 9.295598570853483e-06, "mse": 0.00012320971218287012, "p_zero": 0.0, "pareto_conflict": 0.95, "pareto_grad_cosine_before": -0.25094541497528555, "pareto_grad_dot_after": 0.0009558478646795266, "pareto_grad_dot_before": -0.0563860024092719, "pareto_primary_grad_norm": 0.5169513210654259, "pareto_projected_tke_grad_norm": 0.41229949295520785, "pareto_tke_grad_norm": 0.433339387178421, "point_rel": 0.07613348010927438, "primary_loss": 0.11051472686231137, "residual_mse": 0.00012320971327426378, "temporal_rel": 0.8944447100162506, "tke_rel": 0.4349529266357422}
TRAIN {"angle_aug_abs_deg": 0.0, "aoa_effective_shift_abs_deg_mean": 0.0, "aoa_meanfield_aug_fraction": 0.0, "aoa_meanfield_lambda_mean": 0.0, "delta_penalty": 4.530714813881787e-05, "energy_loss": 0.05253895279020071, "grad_rel": 0.4977248817682266, "iteration": 10360, "loss": 0.16088479831814767, "lr": 9.076389095293117e-06, "mse": 0.00012587363526108674, "p_zero": 0.0, "pareto_conflict": 0.95, "pareto_grad_cosine_before": -0.2291142346803099, "pareto_grad_dot_after": 0.0008342002380231861, "pareto_grad_dot_before": -0.04689161556307227, "pareto_primary_grad_norm": 0.5862503200769424, "pareto_projected_tke_grad_norm": 0.39705885350704195, "pareto_tke_grad_norm": 0.414998722076416, "point_rel": 0.07412703726440668, "primary_loss": 0.10834584720432758, "residual_mse": 0.00012587363125931005, "temporal_rel": 0.8904756516218185, "tke_rel": 0.4378246158361435}
TRAIN {"angle_aug_abs_deg": 0.0, "aoa_effective_shift_abs_deg_mean": 0.0, "aoa_meanfield_aug_fraction": 0.0, "aoa_meanfield_lambda_mean": 0.0, "delta_penalty": 4.062685193275684e-05, "energy_loss": 0.0518273176625371, "grad_rel": 0.48598272651433944, "iteration": 10380, "loss": 0.15893826484680176, "lr": 8.85967233645546e-06, "mse": 0.00010281663671776186, "p_zero": 0.0, "pareto_conflict": 0.95, "pareto_grad_cosine_before": -0.2131150595843792, "pareto_grad_dot_after": 0.0009897220479615498, "pareto_grad_dot_before": -0.040068664005957544, "pareto_primary_grad_norm": 0.45267356634140016, "pareto_projected_tke_grad_norm": 0.4028072789311409, "pareto_tke_grad_norm": 0.41748170703649523, "point_rel": 0.07309312000870705, "primary_loss": 0.10711094699800014, "residual_mse": 0.00010281663671776186, "temporal_rel": 0.8898810148239136, "tke_rel": 0.43189432471990585}
TRAIN {"angle_aug_abs_deg": 0.0, "aoa_effective_shift_abs_deg_mean": 0.0, "aoa_meanfield_aug_fraction": 0.0, "aoa_meanfield_lambda_mean": 0.0, "delta_penalty": 4.8458591027156214e-05, "energy_loss": 0.05371823329478502, "grad_rel": 0.49772495329380034, "iteration": 10400, "loss": 0.1645952731370926, "lr": 8.645454235739894e-06, "mse": 0.00015370048604381736, "p_zero": 0.0, "pareto_conflict": 0.85, "pareto_grad_cosine_before": -0.20890403343364597, "pareto_grad_dot_after": 0.0022800950182499946, "pareto_grad_dot_before": -0.05225700037553906, "pareto_primary_grad_norm": 0.5645631790161133, "pareto_projected_tke_grad_norm": 0.4271727427840233, "pareto_tke_grad_norm": 0.4463689625263214, "point_rel": 0.07650578282773494, "primary_loss": 0.11087704002857209, "residual_mse": 0.00015370048731710995, "temporal_rel": 0.8952767312526703, "tke_rel": 0.44765195399522784}
TRAIN {"angle_aug_abs_deg": 0.0, "aoa_effective_shift_abs_deg_mean": 0.0, "aoa_meanfield_aug_fraction": 0.0, "aoa_meanfield_lambda_mean": 0.0, "delta_penalty": 4.375025800982257e-05, "energy_loss": 0.051963447406888005, "grad_rel": 0.49174118787050247, "iteration": 10420, "loss": 0.1593175046145916, "lr": 8.43374066604387e-06, "mse": 0.0001291141590627376, "p_zero": 0.0, "pareto_conflict": 1.0, "pareto_grad_cosine_before": -0.3051772568374872, "pareto_grad_dot_after": 1.7435013432987034e-09, "pareto_grad_dot_before": -0.05461935852654278, "pareto_primary_grad_norm": 0.4259049311280251, "pareto_projected_tke_grad_norm": 0.403713558614254, "pareto_tke_grad_norm": 0.431381331384182, "point_rel": 0.07306107971817255, "primary_loss": 0.10735405795276165, "residual_mse": 0.0001291141590627376, "temporal_rel": 0.8959084242582321, "tke_rel": 0.43302873969078065}
TRAIN {"angle_aug_abs_deg": 0.0, "aoa_effective_shift_abs_deg_mean": 0.0, "aoa_meanfield_aug_fraction": 0.0, "aoa_meanfield_lambda_mean": 0.0, "delta_penalty": 4.481166761252098e-05, "energy_loss": 0.051449898071587084, "grad_rel": 0.4945795938372612, "iteration": 10440, "loss": 0.16062807515263558, "lr": 8.224537431601859e-06, "mse": 0.000125280143947748, "p_zero": 0.0, "pareto_conflict": 0.85, "pareto_grad_cosine_before": -0.2254059886385221, "pareto_grad_dot_after": 0.0008051485969190253, "pareto_grad_dot_before": -0.0402767212188337, "pareto_primary_grad_norm": 0.5010998860001564, "pareto_projected_tke_grad_norm": 0.3800278127193451, "pareto_tke_grad_norm": 0.39598592221736906, "point_rel": 0.07488421928137541, "primary_loss": 0.10917817614972591, "residual_mse": 0.0001252801457667374, "temporal_rel": 0.8945594280958176, "tke_rel": 0.42874916046857836}
TRAIN {"angle_aug_abs_deg": 0.0, "aoa_effective_shift_abs_deg_mean": 0.0, "aoa_meanfield_aug_fraction": 0.0, "aoa_meanfield_lambda_mean": 0.0, "delta_penalty": 4.493838878261158e-05, "energy_loss": 0.05274815261363983, "grad_rel": 0.5011287704110146, "iteration": 10460, "loss": 0.1626163735985756, "lr": 8.017850267826207e-06, "mse": 0.00013606816173705738, "p_zero": 0.0, "pareto_conflict": 1.0, "pareto_grad_cosine_before": -0.2379317001439631, "pareto_grad_dot_after": 9.217728802468628e-10, "pareto_grad_dot_before": -0.047278463700786234, "pareto_primary_grad_norm": 0.5085375890135765, "pareto_projected_tke_grad_norm": 0.4106812089681625, "pareto_tke_grad_norm": 0.42710620909929276, "point_rel": 0.0754431962966919, "primary_loss": 0.1098682213574648, "residual_mse": 0.0001360681631922489, "temporal_rel": 0.895545819401741, "tke_rel": 0.4395679488778114}
TRAIN {"angle_aug_abs_deg": 0.0, "aoa_effective_shift_abs_deg_mean": 0.0, "aoa_meanfield_aug_fraction": 0.0, "aoa_meanfield_lambda_mean": 0.0, "delta_penalty": 4.233933987052296e-05, "energy_loss": 0.052613175474107265, "grad_rel": 0.50121611058712, "iteration": 10480, "loss": 0.1630700185894966, "lr": 7.813684841149936e-06, "mse": 0.00011438681076469948, "p_zero": 0.0, "pareto_conflict": 0.95, "pareto_grad_cosine_before": -0.28920061320823154, "pareto_grad_dot_after": 2.6913861802313476e-06, "pareto_grad_dot_before": -0.05811715720956272, "pareto_primary_grad_norm": 0.45015606880187986, "pareto_projected_tke_grad_norm": 0.4430697873234749, "pareto_tke_grad_norm": 0.4667451038956642, "point_rel": 0.07583266459405422, "primary_loss": 0.11045684404671192, "residual_mse": 0.00011438681076469948, "temporal_rel": 0.9023592412471771, "tke_rel": 0.4384431421756744}
TRAIN {"angle_aug_abs_deg": 0.0, "aoa_effective_shift_abs_deg_mean": 0.0, "aoa_meanfield_aug_fraction": 0.0, "aoa_meanfield_lambda_mean": 0.0, "delta_penalty": 4.572474545057048e-05, "energy_loss": 0.052160118333995344, "grad_rel": 0.490737184882164, "iteration": 10500, "loss": 0.16012242808938026, "lr": 7.612046748871302e-06, "mse": 0.00013435292457870674, "p_zero": 0.0, "pareto_conflict": 0.95, "pareto_grad_cosine_before": -0.29440209418535235, "pareto_grad_dot_after": 0.0006027838354384585, "pareto_grad_dot_before": -0.05637829503975809, "pareto_primary_grad_norm": 0.478484770655632, "pareto_projected_tke_grad_norm": 0.40630214363336564, "pareto_tke_grad_norm": 0.43243319988250734, "point_rel": 0.073839807882905, "primary_loss": 0.10796231031417847, "residual_mse": 0.00013435292748908978, "temporal_rel": 0.8906741827726364, "tke_rel": 0.4346676617860794}
TRAIN {"angle_aug_abs_deg": 0.0, "aoa_effective_shift_abs_deg_mean": 0.0, "aoa_meanfield_aug_fraction": 0.0, "aoa_meanfield_lambda_mean": 0.0, "delta_penalty": 4.686799957198673e-05, "energy_loss": 0.05292572733014822, "grad_rel": 0.5075004532933235, "iteration": 10520, "loss": 0.16518972143530847, "lr": 7.412941519000515e-06, "mse": 0.00013294993514136876, "p_zero": 0.0, "pareto_conflict": 0.85, "pareto_grad_cosine_before": -0.2620131582021713, "pareto_grad_dot_after": 0.001276986652146661, "pareto_grad_dot_before": -0.05492278028978035, "pareto_primary_grad_norm": 0.4844110384583473, "pareto_projected_tke_grad_norm": 0.40142899975180624, "pareto_tke_grad_norm": 0.42511073127388954, "point_rel": 0.07777645755559207, "primary_loss": 0.11226399466395379, "residual_mse": 0.00013294993623276242, "temporal_rel": 0.8944736450910569, "tke_rel": 0.441047739982605}
TRAIN {"angle_aug_abs_deg": 0.0, "aoa_effective_shift_abs_deg_mean": 0.0, "aoa_meanfield_aug_fraction": 0.0, "aoa_meanfield_lambda_mean": 0.0, "delta_penalty": 4.700664558185963e-05, "energy_loss": 0.05377315804362297, "grad_rel": 0.4985353618860245, "iteration": 10540, "loss": 0.16458703577518463, "lr": 7.216374610107991e-06, "mse": 0.00013603075203718617, "p_zero": 0.0, "pareto_conflict": 0.95, "pareto_grad_cosine_before": -0.2796860926784575, "pareto_grad_dot_after": 0.00010999756450473797, "pareto_grad_dot_before": -0.05088162723695859, "pareto_primary_grad_norm": 0.40674019902944564, "pareto_projected_tke_grad_norm": 0.3981628030538559, "pareto_tke_grad_norm": 0.4229004129767418, "point_rel": 0.07635374814271927, "primary_loss": 0.11081387624144554, "residual_mse": 0.00013603075094579254, "temporal_rel": 0.8980116367340087, "tke_rel": 0.4481096625328064}
TRAIN {"angle_aug_abs_deg": 0.0, "aoa_effective_shift_abs_deg_mean": 0.0, "aoa_meanfield_aug_fraction": 0.0, "aoa_meanfield_lambda_mean": 0.0, "delta_penalty": 4.4936390440852844e-05, "energy_loss": 0.05286999363452196, "grad_rel": 0.49325538873672486, "iteration": 10560, "loss": 0.16109708398580552, "lr": 7.022351411174847e-06, "mse": 0.0001261768655240303, "p_zero": 0.0, "pareto_conflict": 1.0, "pareto_grad_cosine_before": -0.3119866617023945, "pareto_grad_dot_after": -1.3997123460285366e-09, "pareto_grad_dot_before": -0.06055029444396496, "pareto_primary_grad_norm": 0.4573571443557739, "pareto_projected_tke_grad_norm": 0.41875356137752534, "pareto_tke_grad_norm": 0.44592001140117643, "point_rel": 0.07382880616933107, "primary_loss": 0.10822708941996098, "residual_mse": 0.00012617686479643453, "temporal_rel": 0.8986901134252548, "tke_rel": 0.44058328717947004}
TRAIN {"angle_aug_abs_deg": 0.0, "aoa_effective_shift_abs_deg_mean": 0.0, "aoa_meanfield_aug_fraction": 0.0, "aoa_meanfield_lambda_mean": 0.0, "delta_penalty": 4.682463613789878e-05, "energy_loss": 0.051699102856218815, "grad_rel": 0.490587517619133, "iteration": 10580, "loss": 0.15928742662072182, "lr": 6.830877241445069e-06, "mse": 0.00013645263552461984, "p_zero": 0.0, "pareto_conflict": 1.0, "pareto_grad_cosine_before": -0.2777333052828908, "pareto_grad_dot_after": -8.532879292033613e-10, "pareto_grad_dot_before": -0.0583910298999399, "pareto_primary_grad_norm": 0.4888964772224426, "pareto_projected_tke_grad_norm": 0.42268589287996294, "pareto_tke_grad_norm": 0.4466333642601967, "point_rel": 0.07326314635574818, "primary_loss": 0.10758832357823848, "residual_mse": 0.00013645263661601347, "temporal_rel": 0.8974830836057663, "tke_rel": 0.4308258697390556}
TRAIN {"angle_aug_abs_deg": 0.0, "aoa_effective_shift_abs_deg_mean": 0.0, "aoa_meanfield_aug_fraction": 0.0, "aoa_meanfield_lambda_mean": 0.0, "delta_penalty": 4.560720008157659e-05, "energy_loss": 0.05099914334714413, "grad_rel": 0.4885760903358459, "iteration": 10600, "loss": 0.15705572366714476, "lr": 6.641957350279807e-06, "mse": 0.00011993444459221792, "p_zero": 0.0, "pareto_conflict": 0.95, "pareto_grad_cosine_before": -0.26484978587832303, "pareto_grad_dot_after": 8.380100643989863e-05, "pareto_grad_dot_before": -0.051862143192556685, "pareto_primary_grad_norm": 0.4571663230657578, "pareto_projected_tke_grad_norm": 0.41810355335474014, "pareto_tke_grad_norm": 0.44062437415122985, "point_rel": 0.0722449354827404, "primary_loss": 0.10605657920241356, "residual_mse": 0.00011993444531981368, "temporal_rel": 0.8815369963645935, "tke_rel": 0.4249928712844849}
TRAIN {"angle_aug_abs_deg": 0.0, "aoa_effective_shift_abs_deg_mean": 0.0, "aoa_meanfield_aug_fraction": 0.0, "aoa_meanfield_lambda_mean": 0.0, "delta_penalty": 4.579135193125694e-05, "energy_loss": 0.05343470368534327, "grad_rel": 0.5034861221909523, "iteration": 10620, "loss": 0.16592681631445885, "lr": 6.455596917013242e-06, "mse": 0.00013038714050708222, "p_zero": 0.0, "pareto_conflict": 0.85, "pareto_grad_cosine_before": -0.2039967093616724, "pareto_grad_dot_after": 0.0039922566463246765, "pareto_grad_dot_before": -0.040647760545834896, "pareto_primary_grad_norm": 0.469467394053936, "pareto_projected_tke_grad_norm": 0.38419200032949447, "pareto_tke_grad_norm": 0.401852910220623, "point_rel": 0.07790179513394832, "primary_loss": 0.1124921128153801, "residual_mse": 0.000130387141234678, "temporal_rel": 0.8999331265687942, "tke_rel": 0.4452892079949379}
TRAIN {"angle_aug_abs_deg": 0.0, "aoa_effective_shift_abs_deg_mean": 0.0, "aoa_meanfield_aug_fraction": 0.0, "aoa_meanfield_lambda_mean": 0.0, "delta_penalty": 4.441804539965233e-05, "energy_loss": 0.05158005375415087, "grad_rel": 0.49560267478227615, "iteration": 10640, "loss": 0.16150785014033317, "lr": 6.271801050810834e-06, "mse": 0.00012892825270682806, "p_zero": 0.0, "pareto_conflict": 1.0, "pareto_grad_cosine_before": -0.24320965949445963, "pareto_grad_dot_after": -1.7629645299166442e-09, "pareto_grad_dot_before": -0.047836273722350595, "pareto_primary_grad_norm": 0.4843966722488403, "pareto_projected_tke_grad_norm": 0.40648186057806013, "pareto_tke_grad_norm": 0.42300433069467547, "point_rel": 0.07557943053543567, "primary_loss": 0.10992779694497586, "residual_mse": 0.00012892825252492913, "temporal_rel": 0.8958253175020218, "tke_rel": 0.42983379065990446}
TRAIN {"angle_aug_abs_deg": 0.0, "aoa_effective_shift_abs_deg_mean": 0.0, "aoa_meanfield_aug_fraction": 0.0, "aoa_meanfield_lambda_mean": 0.0, "delta_penalty": 4.630919929695665e-05, "energy_loss": 0.05229201503098011, "grad_rel": 0.4955608293414116, "iteration": 10660, "loss": 0.16146952882409096, "lr": 6.090574790529071e-06, "mse": 0.00013060222190688364, "p_zero": 0.0, "pareto_conflict": 0.95, "pareto_grad_cosine_before": -0.25220374427735803, "pareto_grad_dot_after": 0.0007467855235518073, "pareto_grad_dot_before": -0.05095309214666486, "pareto_primary_grad_norm": 0.49856297820806506, "pareto_projected_tke_grad_norm": 0.4217353448271751, "pareto_tke_grad_norm": 0.4437776803970337, "point_rel": 0.07533333916217089, "primary_loss": 0.10917751342058182, "residual_mse": 0.0001306022226344794, "temporal_rel": 0.8790217846632004, "tke_rel": 0.43576679825782777}
TRAIN {"angle_aug_abs_deg": 0.0, "aoa_effective_shift_abs_deg_mean": 0.0, "aoa_meanfield_aug_fraction": 0.0, "aoa_meanfield_lambda_mean": 0.0, "delta_penalty": 4.533312394414679e-05, "energy_loss": 0.05306313764303923, "grad_rel": 0.49374102652072904, "iteration": 10680, "loss": 0.16157714128494263, "lr": 5.911923104577434e-06, "mse": 0.00012649328400584636, "p_zero": 0.0, "pareto_conflict": 0.85, "pareto_grad_cosine_before": -0.1672194514423609, "pareto_grad_dot_after": 0.007436924491230457, "pareto_grad_dot_before": -0.02960086807142943, "pareto_primary_grad_norm": 0.4654757812619209, "pareto_projected_tke_grad_norm": 0.40747644752264023, "pareto_tke_grad_norm": 0.4214937686920166, "point_rel": 0.07402164563536644, "primary_loss": 0.10851400531828403, "residual_mse": 0.00012649328436964424, "temporal_rel": 0.9015797317028046, "tke_rel": 0.44219282269477844}
TRAIN {"angle_aug_abs_deg": 0.0, "aoa_effective_shift_abs_deg_mean": 0.0, "aoa_meanfield_aug_fraction": 0.0, "aoa_meanfield_lambda_mean": 0.0, "delta_penalty": 5.051528005424188e-05, "energy_loss": 0.05127747841179371, "grad_rel": 0.4987242564558983, "iteration": 10700, "loss": 0.16296116933226584, "lr": 5.735850890782149e-06, "mse": 0.00014771071673749247, "p_zero": 0.0, "pareto_conflict": 0.95, "pareto_grad_cosine_before": -0.23538899570703506, "pareto_grad_dot_after": 0.0007830083874068805, "pareto_grad_dot_before": -0.04717114232480526, "pareto_primary_grad_norm": 0.49183651953935625, "pareto_projected_tke_grad_norm": 0.3962222278118134, "pareto_tke_grad_norm": 0.4111082047224045, "point_rel": 0.07771140560507775, "primary_loss": 0.11168368980288505, "residual_mse": 0.00014771071746508824, "temporal_rel": 0.881536602973938, "tke_rel": 0.4273123279213905}
TRAIN {"angle_aug_abs_deg": 0.0, "aoa_effective_shift_abs_deg_mean": 0.0, "aoa_meanfield_aug_fraction": 0.0, "aoa_meanfield_lambda_mean": 0.0, "delta_penalty": 4.46922036644537e-05, "energy_loss": 0.051568917371332644, "grad_rel": 0.4896093890070915, "iteration": 10720, "loss": 0.1591659478843212, "lr": 5.562362976251882e-06, "mse": 0.0001261544266526471, "p_zero": 0.0, "pareto_conflict": 0.95, "pareto_grad_cosine_before": -0.23880317639559506, "pareto_grad_dot_after": 0.002732475887023611, "pareto_grad_dot_before": -0.049630865640938285, "pareto_primary_grad_norm": 0.49019227623939515, "pareto_projected_tke_grad_norm": 0.40735481679439545, "pareto_tke_grad_norm": 0.4269347533583641, "point_rel": 0.07333885952830314, "primary_loss": 0.10759703032672405, "residual_mse": 0.00012615442592505132, "temporal_rel": 0.8958429962396621, "tke_rel": 0.42974098920822146}
TRAIN {"angle_aug_abs_deg": 0.0, "aoa_effective_shift_abs_deg_mean": 0.0, "aoa_meanfield_aug_fraction": 0.0, "aoa_meanfield_lambda_mean": 0.0, "delta_penalty": 4.2098964149772657e-05, "energy_loss": 0.05185045655816793, "grad_rel": 0.49803869873285295, "iteration": 10740, "loss": 0.16110422164201738, "lr": 5.391464117245466e-06, "mse": 0.00011748308188543887, "p_zero": 0.0, "pareto_conflict": 0.95, "pareto_grad_cosine_before": -0.2113810720620677, "pareto_grad_dot_after": 0.0012303540470384178, "pareto_grad_dot_before": -0.046335384402482305, "pareto_primary_grad_norm": 0.4951641961932182, "pareto_projected_tke_grad_norm": 0.41009456366300584, "pareto_tke_grad_norm": 0.4243756964802742, "point_rel": 0.07497641257941723, "primary_loss": 0.109253766015172, "residual_mse": 0.00011748308261303464, "temporal_rel": 0.8923562616109848, "tke_rel": 0.4320871502161026}
TRAIN {"angle_aug_abs_deg": 0.0, "aoa_effective_shift_abs_deg_mean": 0.0, "aoa_meanfield_aug_fraction": 0.0, "aoa_meanfield_lambda_mean": 0.0, "delta_penalty": 4.206253306620056e-05, "energy_loss": 0.05136583503335714, "grad_rel": 0.4921390011906624, "iteration": 10760, "loss": 0.15866225734353065, "lr": 5.22315899904143e-06, "mse": 0.0001110571054596221, "p_zero": 0.0, "pareto_conflict": 1.0, "pareto_grad_cosine_before": -0.377463423833251, "pareto_grad_dot_after": -3.0477167456410825e-09, "pareto_grad_dot_before": -0.07328035095706582, "pareto_primary_grad_norm": 0.47037244737148287, "pareto_projected_tke_grad_norm": 0.42501893937587737, "pareto_tke_grad_norm": 0.47181889563798907, "point_rel": 0.07311107460409402, "primary_loss": 0.10729642175137996, "residual_mse": 0.00011105710709671257, "temporal_rel": 0.8923035025596618, "tke_rel": 0.4280486345291138}
TRAIN {"angle_aug_abs_deg": 0.0, "aoa_effective_shift_abs_deg_mean": 0.0, "aoa_meanfield_aug_fraction": 0.0, "aoa_meanfield_lambda_mean": 0.0, "delta_penalty": 4.7577991972502785e-05, "energy_loss": 0.052726969867944715, "grad_rel": 0.5001619949936866, "iteration": 10780, "loss": 0.16410119757056235, "lr": 5.057452235809608e-06, "mse": 0.00014007470454089344, "p_zero": 0.0, "pareto_conflict": 0.95, "pareto_grad_cosine_before": -0.2661301181651652, "pareto_grad_dot_after": 0.0005708603875973495, "pareto_grad_dot_before": -0.05119558097794652, "pareto_primary_grad_norm": 0.473241014778614, "pareto_projected_tke_grad_norm": 0.3977849319577217, "pareto_tke_grad_norm": 0.4218571402132511, "point_rel": 0.07687446884810925, "primary_loss": 0.11137422695755958, "residual_mse": 0.00014007470454089344, "temporal_rel": 0.898478451371193, "tke_rel": 0.43939142376184465}
TRAIN {"angle_aug_abs_deg": 0.0, "aoa_effective_shift_abs_deg_mean": 0.0, "aoa_meanfield_aug_fraction": 0.0, "aoa_meanfield_lambda_mean": 0.0, "delta_penalty": 4.4849545338365716e-05, "energy_loss": 0.051385388150811194, "grad_rel": 0.4938933506608009, "iteration": 10800, "loss": 0.16182160899043083, "lr": 4.894348370484623e-06, "mse": 0.00013446922221191926, "p_zero": 0.0, "pareto_conflict": 0.85, "pareto_grad_cosine_before": -0.183229764085263, "pareto_grad_dot_after": 0.002065871877130121, "pareto_grad_dot_before": -0.03794562909170054, "pareto_primary_grad_norm": 0.5297581419348717, "pareto_projected_tke_grad_norm": 0.4057872980833054, "pareto_tke_grad_norm": 0.420087942481041, "point_rel": 0.07633162271231413, "primary_loss": 0.11043622009456158, "residual_mse": 0.0001344692214843235, "temporal_rel": 0.8884986966848374, "tke_rel": 0.4282115772366524}
TRAIN {"angle_aug_abs_deg": 0.0, "aoa_effective_shift_abs_deg_mean": 0.0, "aoa_meanfield_aug_fraction": 0.0, "aoa_meanfield_lambda_mean": 0.0, "delta_penalty": 4.425249389896635e-05, "energy_loss": 0.05155740566551685, "grad_rel": 0.4859828665852547, "iteration": 10820, "loss": 0.15746213644742965, "lr": 4.733851874641357e-06, "mse": 0.00012839743667427683, "p_zero": 0.0, "pareto_conflict": 1.0, "pareto_grad_cosine_before": -0.29558562859892845, "pareto_grad_dot_after": -2.4010660126805304e-11, "pareto_grad_dot_before": -0.0609361101873219, "pareto_primary_grad_norm": 0.4617683708667755, "pareto_projected_tke_grad_norm": 0.4327809244394302, "pareto_tke_grad_norm": 0.4577732980251312, "point_rel": 0.07177600376307965, "primary_loss": 0.10590473040938378, "residual_mse": 0.0001283974370380747, "temporal_rel": 0.8933193266391755, "tke_rel": 0.42964505702257155}
TRAIN {"angle_aug_abs_deg": 0.0, "aoa_effective_shift_abs_deg_mean": 0.0, "aoa_meanfield_aug_fraction": 0.0, "aoa_meanfield_lambda_mean": 0.0, "delta_penalty": 4.337062373451772e-05, "energy_loss": 0.052048627845942975, "grad_rel": 0.49413552433252333, "iteration": 10840, "loss": 0.15908052548766136, "lr": 4.575967148372293e-06, "mse": 0.00011882092367159203, "p_zero": 0.0, "pareto_conflict": 1.0, "pareto_grad_cosine_before": -0.24281707927584648, "pareto_grad_dot_after": 1.6116246115416288e-09, "pareto_grad_dot_before": -0.04953003032132983, "pareto_primary_grad_norm": 0.4956978917121887, "pareto_projected_tke_grad_norm": 0.4160224720835686, "pareto_tke_grad_norm": 0.43350958079099655, "point_rel": 0.07266032993793488, "primary_loss": 0.10703189857304096, "residual_mse": 0.00011882092439918779, "temporal_rel": 0.8974341303110123, "tke_rel": 0.433738574385643}
TRAIN {"angle_aug_abs_deg": 0.0, "aoa_effective_shift_abs_deg_mean": 0.0, "aoa_meanfield_aug_fraction": 0.0, "aoa_meanfield_lambda_mean": 0.0, "delta_penalty": 4.399145973366103e-05, "energy_loss": 0.0517951738089323, "grad_rel": 0.49503406286239626, "iteration": 10860, "loss": 0.16027451753616334, "lr": 4.420698520166976e-06, "mse": 0.00011552813793969108, "p_zero": 0.0, "pareto_conflict": 1.0, "pareto_grad_cosine_before": -0.278184730745852, "pareto_grad_dot_after": 2.2155290935188531e-10, "pareto_grad_dot_before": -0.05295659112744033, "pareto_primary_grad_norm": 0.44668215811252593, "pareto_projected_tke_grad_norm": 0.39904545843601225, "pareto_tke_grad_norm": 0.4204174429178238, "point_rel": 0.07426823060959578, "primary_loss": 0.10847934372723103, "residual_mse": 0.00011552813812159002, "temporal_rel": 0.8916688472032547, "tke_rel": 0.4316264554858208}
TRAIN {"angle_aug_abs_deg": 0.0, "aoa_effective_shift_abs_deg_mean": 0.0, "aoa_meanfield_aug_fraction": 0.0, "aoa_meanfield_lambda_mean": 0.0, "delta_penalty": 4.507802777879988e-05, "energy_loss": 0.05391622539609671, "grad_rel": 0.5039918556809425, "iteration": 10880, "loss": 0.16434775218367575, "lr": 4.268050246793263e-06, "mse": 0.00013303206360433252, "p_zero": 0.0, "pareto_conflict": 0.9, "pareto_grad_cosine_before": -0.25246371105313303, "pareto_grad_dot_after": 0.002011694574230205, "pareto_grad_dot_before": -0.046417799312621355, "pareto_primary_grad_norm": 0.4377211153507233, "pareto_projected_tke_grad_norm": 0.41467606723308564, "pareto_tke_grad_norm": 0.43713289946317674, "point_rel": 0.07582965902984143, "primary_loss": 0.1104315273463726, "residual_mse": 0.00013303206360433252, "temporal_rel": 0.9000393092632294, "tke_rel": 0.4493018865585327}
TRAIN {"angle_aug_abs_deg": 0.0, "aoa_effective_shift_abs_deg_mean": 0.0, "aoa_meanfield_aug_fraction": 0.0, "aoa_meanfield_lambda_mean": 0.0, "delta_penalty": 3.920368417311693e-05, "energy_loss": 0.05225210189819336, "grad_rel": 0.48820963501930237, "iteration": 10900, "loss": 0.15863391682505606, "lr": 4.1180265131806824e-06, "mse": 0.00010694162865547696, "p_zero": 0.0, "pareto_conflict": 0.8, "pareto_grad_cosine_before": -0.18067464409396053, "pareto_grad_dot_after": 0.0018984498039571918, "pareto_grad_dot_before": -0.03794340306485537, "pareto_primary_grad_norm": 0.46642457544803617, "pareto_projected_tke_grad_norm": 0.4187720060348511, "pareto_tke_grad_norm": 0.4319733798503876, "point_rel": 0.0722562052309513, "primary_loss": 0.10638181380927562, "residual_mse": 0.00010694162901927484, "temporal_rel": 0.8923199415206909, "tke_rel": 0.4354341924190521}
TRAIN {"angle_aug_abs_deg": 0.0, "aoa_effective_shift_abs_deg_mean": 0.0, "aoa_meanfield_aug_fraction": 0.0, "aoa_meanfield_lambda_mean": 0.0, "delta_penalty": 4.432053847267525e-05, "energy_loss": 0.05180090144276619, "grad_rel": 0.4934071898460388, "iteration": 10920, "loss": 0.15894469916820525, "lr": 3.970631432305692e-06, "mse": 0.0001212427821883466, "p_zero": 0.0, "pareto_conflict": 1.0, "pareto_grad_cosine_before": -0.2804292570799589, "pareto_grad_dot_after": -1.2722921383101494e-09, "pareto_grad_dot_before": -0.05273554986342788, "pareto_primary_grad_norm": 0.5057810947299004, "pareto_projected_tke_grad_norm": 0.4069352373480797, "pareto_tke_grad_norm": 0.4301820158958435, "point_rel": 0.07280491590499878, "primary_loss": 0.10714379623532296, "residual_mse": 0.0001212427821883466, "temporal_rel": 0.8966838121414185, "tke_rel": 0.4316741943359375}
TRAIN {"angle_aug_abs_deg": 0.0, "aoa_effective_shift_abs_deg_mean": 0.0, "aoa_meanfield_aug_fraction": 0.0, "aoa_meanfield_lambda_mean": 0.0, "delta_penalty": 4.2264868352503984e-05, "energy_loss": 0.0522669980302453, "grad_rel": 0.48503541946411133, "iteration": 10940, "loss": 0.15805021673440933, "lr": 3.825869045078856e-06, "mse": 0.00012149781214247924, "p_zero": 0.0, "pareto_conflict": 0.95, "pareto_grad_cosine_before": -0.2753150588250719, "pareto_grad_dot_after": 2.6920710661215706e-05, "pareto_grad_dot_before": -0.05130769405514002, "pareto_primary_grad_norm": 0.4713072910904884, "pareto_projected_tke_grad_norm": 0.38346736431121825, "pareto_tke_grad_norm": 0.40420252084732056, "point_rel": 0.07174042835831643, "primary_loss": 0.10578321814537048, "residual_mse": 0.00012149781141488348, "temporal_rel": 0.8909987896680832, "tke_rel": 0.43555832505226133}
TRAIN {"angle_aug_abs_deg": 0.0, "aoa_effective_shift_abs_deg_mean": 0.0, "aoa_meanfield_aug_fraction": 0.0, "aoa_meanfield_lambda_mean": 0.0, "delta_penalty": 4.5570789552584756e-05, "energy_loss": 0.05191516075283289, "grad_rel": 0.5032637566328049, "iteration": 10960, "loss": 0.16341808661818505, "lr": 3.6837433202341894e-06, "mse": 0.00013458125213219318, "p_zero": 0.0, "pareto_conflict": 1.0, "pareto_grad_cosine_before": -0.2821712024509907, "pareto_grad_dot_after": 1.1969859770033508e-09, "pareto_grad_dot_before": -0.05566439423710108, "pareto_primary_grad_norm": 0.46965431571006777, "pareto_projected_tke_grad_norm": 0.41531149446964266, "pareto_tke_grad_norm": 0.4387758061289787, "point_rel": 0.07701563090085983, "primary_loss": 0.11150292642414569, "residual_mse": 0.00013458125431498047, "temporal_rel": 0.8965684920549393, "tke_rel": 0.4326263517141342}
TRAIN {"angle_aug_abs_deg": 0.0, "aoa_effective_shift_abs_deg_mean": 0.0, "aoa_meanfield_aug_fraction": 0.0, "aoa_meanfield_lambda_mean": 0.0, "delta_penalty": 4.9915046474779956e-05, "energy_loss": 0.053201707825064656, "grad_rel": 0.5049988970160484, "iteration": 10980, "loss": 0.1660023272037506, "lr": 3.5442581542201927e-06, "mse": 0.0001554442575070425, "p_zero": 0.0, "pareto_conflict": 0.95, "pareto_grad_cosine_before": -0.23774630166590213, "pareto_grad_dot_after": 0.0009133242155257903, "pareto_grad_dot_before": -0.04280822421424091, "pareto_primary_grad_norm": 0.4668373063206673, "pareto_projected_tke_grad_norm": 0.4020846799015999, "pareto_tke_grad_norm": 0.41962883770465853, "point_rel": 0.0783582903444767, "primary_loss": 0.11280062086880208, "residual_mse": 0.0001554442575070425, "temporal_rel": 0.89399054646492, "tke_rel": 0.4433475747704506}
TRAIN {"angle_aug_abs_deg": 0.0, "aoa_effective_shift_abs_deg_mean": 0.0, "aoa_meanfield_aug_fraction": 0.0, "aoa_meanfield_lambda_mean": 0.0, "delta_penalty": 4.824682700927951e-05, "energy_loss": 0.05287477262318134, "grad_rel": 0.4990760535001755, "iteration": 11000, "loss": 0.16397372558712958, "lr": 3.4074173710931687e-06, "mse": 0.0001447137483410188, "p_zero": 0.0, "pareto_conflict": 1.0, "pareto_grad_cosine_before": -0.277835413441062, "pareto_grad_dot_after": -1.0064468369819223e-09, "pareto_grad_dot_before": -0.05012773543130607, "pareto_primary_grad_norm": 0.43076173663139344, "pareto_projected_tke_grad_norm": 0.4092555701732635, "pareto_tke_grad_norm": 0.43376222252845764, "point_rel": 0.07679772842675447, "primary_loss": 0.11109895259141922, "residual_mse": 0.00014471374979621032, "temporal_rel": 0.8923568814992905, "tke_rel": 0.4406231164932251}
TRAIN {"angle_aug_abs_deg": 0.0, "aoa_effective_shift_abs_deg_mean": 0.0, "aoa_meanfield_aug_fraction": 0.0, "aoa_meanfield_lambda_mean": 0.0, "delta_penalty": 4.510811295403983e-05, "energy_loss": 0.05182246286422014, "grad_rel": 0.49057171046733855, "iteration": 11020, "loss": 0.15926855355501174, "lr": 3.2732247224123043e-06, "mse": 0.00013555419427575545, "p_zero": 0.0, "pareto_conflict": 1.0, "pareto_grad_cosine_before": -0.3236847847700119, "pareto_grad_dot_after": 7.952621672302484e-10, "pareto_grad_dot_before": -0.05869326619431377, "pareto_primary_grad_norm": 0.45412964224815366, "pareto_projected_tke_grad_norm": 0.39903910607099535, "pareto_tke_grad_norm": 0.42430528700351716, "point_rel": 0.0731468578800559, "primary_loss": 0.10744609013199806, "residual_mse": 0.0001355541946395533, "temporal_rel": 0.8966362684965133, "tke_rel": 0.43185386508703233}
TRAIN {"angle_aug_abs_deg": 0.0, "aoa_effective_shift_abs_deg_mean": 0.0, "aoa_meanfield_aug_fraction": 0.0, "aoa_meanfield_lambda_mean": 0.0, "delta_penalty": 3.951051667172578e-05, "energy_loss": 0.05190290622413159, "grad_rel": 0.48836116045713424, "iteration": 11040, "loss": 0.15712742879986763, "lr": 3.1416838871368827e-06, "mse": 0.00010553854699537623, "p_zero": 0.0, "pareto_conflict": 1.0, "pareto_grad_cosine_before": -0.2815250692889094, "pareto_grad_dot_after": 3.128661774098873e-10, "pareto_grad_dot_before": -0.0526284190826118, "pareto_primary_grad_norm": 0.43590261340141295, "pareto_projected_tke_grad_norm": 0.4087302029132843, "pareto_tke_grad_norm": 0.4342064201831818, "point_rel": 0.07113716397434473, "primary_loss": 0.10522452257573604, "residual_mse": 0.00010553854699537623, "temporal_rel": 0.8909829944372177, "tke_rel": 0.4325242266058922}
TRAIN {"angle_aug_abs_deg": 0.0, "aoa_effective_shift_abs_deg_mean": 0.0, "aoa_meanfield_aug_fraction": 0.0, "aoa_meanfield_lambda_mean": 0.0, "delta_penalty": 4.382218439786811e-05, "energy_loss": 0.0526194378733635, "grad_rel": 0.4895225465297699, "iteration": 11060, "loss": 0.16091665476560593, "lr": 3.012798471525314e-06, "mse": 0.00012877488570666172, "p_zero": 0.0, "pareto_conflict": 1.0, "pareto_grad_cosine_before": -0.31764654628932476, "pareto_grad_dot_after": -8.765709935687482e-10, "pareto_grad_dot_before": -0.05819652359932661, "pareto_primary_grad_norm": 0.45551845282316206, "pareto_projected_tke_grad_norm": 0.4116207599639893, "pareto_tke_grad_norm": 0.44504732340574266, "point_rel": 0.07414172738790512, "primary_loss": 0.10829721763730049, "residual_mse": 0.00012877488497906598, "temporal_rel": 0.8924381017684937, "tke_rel": 0.4384953245520592}
TRAIN {"angle_aug_abs_deg": 0.0, "aoa_effective_shift_abs_deg_mean": 0.0, "aoa_meanfield_aug_fraction": 0.0, "aoa_meanfield_lambda_mean": 0.0, "delta_penalty": 4.4668111422652144e-05, "energy_loss": 0.051188618689775464, "grad_rel": 0.4987438887357712, "iteration": 11080, "loss": 0.16041115149855614, "lr": 2.886572009036394e-06, "mse": 0.0001292321694563725, "p_zero": 0.0, "pareto_conflict": 1.0, "pareto_grad_cosine_before": -0.29002325162291526, "pareto_grad_dot_after": -4.064895620103925e-09, "pareto_grad_dot_before": -0.0572640098631382, "pareto_primary_grad_norm": 0.5035465300083161, "pareto_projected_tke_grad_norm": 0.40276168286800385, "pareto_tke_grad_norm": 0.42376033365726473, "point_rel": 0.07491779513657093, "primary_loss": 0.10922253467142581, "residual_mse": 0.00012923216872877673, "temporal_rel": 0.8927972823381424, "tke_rel": 0.4265718311071396}
TRAIN {"angle_aug_abs_deg": 0.0, "aoa_effective_shift_abs_deg_mean": 0.0, "aoa_meanfield_aug_fraction": 0.0, "aoa_meanfield_lambda_mean": 0.0, "delta_penalty": 4.8040317051345485e-05, "energy_loss": 0.05029990803450346, "grad_rel": 0.49873179495334624, "iteration": 11100, "loss": 0.16078940331935881, "lr": 2.763007960232336e-06, "mse": 0.00014020731578057166, "p_zero": 0.0, "pareto_conflict": 0.95, "pareto_grad_cosine_before": -0.22114984225481749, "pareto_grad_dot_after": 0.00019109832746835309, "pareto_grad_dot_before": -0.03529916221741587, "pareto_primary_grad_norm": 0.4401589870452881, "pareto_projected_tke_grad_norm": 0.39278631955385207, "pareto_tke_grad_norm": 0.4104651615023613, "point_rel": 0.07622635699808597, "primary_loss": 0.11048949472606182, "residual_mse": 0.00014020731323398649, "temporal_rel": 0.8913046211004257, "tke_rel": 0.41916591227054595}
TRAIN {"angle_aug_abs_deg": 0.0, "aoa_effective_shift_abs_deg_mean": 0.0, "aoa_meanfield_aug_fraction": 0.0, "aoa_meanfield_lambda_mean": 0.0, "delta_penalty": 4.5203943227534185e-05, "energy_loss": 0.05082885138690472, "grad_rel": 0.49970889240503313, "iteration": 11120, "loss": 0.1612224780023098, "lr": 2.6421097126839636e-06, "mse": 0.00013512161494873, "p_zero": 0.0, "pareto_conflict": 0.9, "pareto_grad_cosine_before": -0.23846387950579812, "pareto_grad_dot_after": 0.00011698321886797203, "pareto_grad_dot_before": -0.04048489786946448, "pareto_primary_grad_norm": 0.47839179188013076, "pareto_projected_tke_grad_norm": 0.3793939560651779, "pareto_tke_grad_norm": 0.3962061896920204, "point_rel": 0.07616869136691093, "primary_loss": 0.11039362624287605, "residual_mse": 0.00013512161203834693, "temporal_rel": 0.889595341682434, "tke_rel": 0.4235737696290016}
TRAIN {"angle_aug_abs_deg": 0.0, "aoa_effective_shift_abs_deg_mean": 0.0, "aoa_meanfield_aug_fraction": 0.0, "aoa_meanfield_lambda_mean": 0.0, "delta_penalty": 4.0556779185862976e-05, "energy_loss": 0.052635057084262374, "grad_rel": 0.4879728019237518, "iteration": 11140, "loss": 0.1582006998360157, "lr": 2.523880580877828e-06, "mse": 0.00010090373925777384, "p_zero": 0.0, "pareto_conflict": 0.85, "pareto_grad_cosine_before": -0.22757108816877009, "pareto_grad_dot_after": 0.0011544955706995097, "pareto_grad_dot_before": -0.04630301964934915, "pareto_primary_grad_norm": 0.4836857169866562, "pareto_projected_tke_grad_norm": 0.4249072313308716, "pareto_tke_grad_norm": 0.44675987362861636, "point_rel": 0.07127417344599962, "primary_loss": 0.10556564331054688, "residual_mse": 0.00010090373980347067, "temporal_rel": 0.8980265587568284, "tke_rel": 0.43862548768520354}
TRAIN {"angle_aug_abs_deg": 0.0, "aoa_effective_shift_abs_deg_mean": 0.0, "aoa_meanfield_aug_fraction": 0.0, "aoa_meanfield_lambda_mean": 0.0, "delta_penalty": 4.886247934337007e-05, "energy_loss": 0.051811408624053, "grad_rel": 0.50362648665905, "iteration": 11160, "loss": 0.16392627358436584, "lr": 2.408323806125262e-06, "mse": 0.00014917976222932338, "p_zero": 0.0, "pareto_conflict": 1.0, "pareto_grad_cosine_before": -0.2971324140205979, "pareto_grad_dot_after": -3.6775418266188355e-10, "pareto_grad_dot_before": -0.05279892925173044, "pareto_primary_grad_norm": 0.4417345404624939, "pareto_projected_tke_grad_norm": 0.415434230864048, "pareto_tke_grad_norm": 0.4395322412252426, "point_rel": 0.07791105024516583, "primary_loss": 0.11211486458778382, "residual_mse": 0.00014917976150172763, "temporal_rel": 0.8867895811796188, "tke_rel": 0.43176174610853196}
TRAIN {"angle_aug_abs_deg": 0.0, "aoa_effective_shift_abs_deg_mean": 0.0, "aoa_meanfield_aug_fraction": 0.0, "aoa_meanfield_lambda_mean": 0.0, "delta_penalty": 4.193796730760369e-05, "energy_loss": 0.05235903710126877, "grad_rel": 0.49245051592588424, "iteration": 11180, "loss": 0.15960755497217177, "lr": 2.295442556473631e-06, "mse": 0.00011251226296735695, "p_zero": 0.0, "pareto_conflict": 1.0, "pareto_grad_cosine_before": -0.30271140662953255, "pareto_grad_dot_after": 5.893525667488575e-11, "pareto_grad_dot_before": -0.05794934439472854, "pareto_primary_grad_norm": 0.42885312139987947, "pareto_projected_tke_grad_norm": 0.42517561465501785, "pareto_tke_grad_norm": 0.4536840856075287, "point_rel": 0.07292322218418121, "primary_loss": 0.10724851973354817, "residual_mse": 0.00011251226442254847, "temporal_rel": 0.8967982828617096, "tke_rel": 0.43632532060146334}
TRAIN {"angle_aug_abs_deg": 0.0, "aoa_effective_shift_abs_deg_mean": 0.0, "aoa_meanfield_aug_fraction": 0.0, "aoa_meanfield_lambda_mean": 0.0, "delta_penalty": 4.490233504839125e-05, "energy_loss": 0.05087887942790985, "grad_rel": 0.4888284087181091, "iteration": 11200, "loss": 0.159139184653759, "lr": 2.185239926619436e-06, "mse": 0.0001326046207395848, "p_zero": 0.0, "pareto_conflict": 0.9, "pareto_grad_cosine_before": -0.22417604327201843, "pareto_grad_dot_after": 0.001779126406472642, "pareto_grad_dot_before": -0.045251932926476, "pareto_primary_grad_norm": 0.4716770499944687, "pareto_projected_tke_grad_norm": 0.40836478769779205, "pareto_tke_grad_norm": 0.42487721890211105, "point_rel": 0.07433274239301682, "primary_loss": 0.10826030448079109, "residual_mse": 0.0001326046189205954, "temporal_rel": 0.8851485103368759, "tke_rel": 0.42399067133665086}
TRAIN {"angle_aug_abs_deg": 0.0, "aoa_effective_shift_abs_deg_mean": 0.0, "aoa_meanfield_aug_fraction": 0.0, "aoa_meanfield_lambda_mean": 0.0, "delta_penalty": 4.512863479249063e-05, "energy_loss": 0.05358627792447805, "grad_rel": 0.49153023958206177, "iteration": 11220, "loss": 0.1605200357735157, "lr": 2.077718937823419e-06, "mse": 0.00012580379861901748, "p_zero": 0.0, "pareto_conflict": 1.0, "pareto_grad_cosine_before": -0.3327468778938055, "pareto_grad_dot_after": -1.255102688446641e-10, "pareto_grad_dot_before": -0.06175722707994282, "pareto_primary_grad_norm": 0.44477042406797407, "pareto_projected_tke_grad_norm": 0.40182636976242064, "pareto_tke_grad_norm": 0.4322628825902939, "point_rel": 0.07242720890790225, "primary_loss": 0.10693375654518604, "residual_mse": 0.00012580379934661322, "temporal_rel": 0.9031649917364121, "tke_rel": 0.44655232727527616}
TRAIN {"angle_aug_abs_deg": 0.0, "aoa_effective_shift_abs_deg_mean": 0.0, "aoa_meanfield_aug_fraction": 0.0, "aoa_meanfield_lambda_mean": 0.0, "delta_penalty": 4.709936156359618e-05, "energy_loss": 0.053087557293474676, "grad_rel": 0.498353536427021, "iteration": 11240, "loss": 0.16266216337680817, "lr": 1.9728825378278077e-06, "mse": 0.0001362182778393617, "p_zero": 0.0, "pareto_conflict": 1.0, "pareto_grad_cosine_before": -0.31548898965120314, "pareto_grad_dot_after": 1.0006260708905757e-09, "pareto_grad_dot_before": -0.06589861111715437, "pareto_primary_grad_norm": 0.46204673647880556, "pareto_projected_tke_grad_norm": 0.42065752744674684, "pareto_tke_grad_norm": 0.4515644907951355, "point_rel": 0.0751784522086382, "primary_loss": 0.10957460328936577, "residual_mse": 0.00013621827856695744, "temporal_rel": 0.8959680527448655, "tke_rel": 0.44239632189273836}
TRAIN {"angle_aug_abs_deg": 0.0, "aoa_effective_shift_abs_deg_mean": 0.0, "aoa_meanfield_aug_fraction": 0.0, "aoa_meanfield_lambda_mean": 0.0, "delta_penalty": 4.519537342275726e-05, "energy_loss": 0.0526888508349657, "grad_rel": 0.5026408955454826, "iteration": 11260, "loss": 0.16431586369872092, "lr": 1.8707336007754814e-06, "mse": 0.00012487272570069763, "p_zero": 0.0, "pareto_conflict": 0.9, "pareto_grad_cosine_before": -0.2312213908880949, "pareto_grad_dot_after": 0.0034365809253358746, "pareto_grad_dot_before": -0.04092509732581675, "pareto_primary_grad_norm": 0.41915480196475985, "pareto_projected_tke_grad_norm": 0.3877898186445236, "pareto_tke_grad_norm": 0.4075686946511269, "point_rel": 0.07712740022689105, "primary_loss": 0.1116270124912262, "residual_mse": 0.00012487272715588915, "temporal_rel": 0.897387757897377, "tke_rel": 0.4390737697482109}
TRAIN {"angle_aug_abs_deg": 0.0, "aoa_effective_shift_abs_deg_mean": 0.0, "aoa_meanfield_aug_fraction": 0.0, "aoa_meanfield_lambda_mean": 0.0, "delta_penalty": 4.3962693780486006e-05, "energy_loss": 0.052197886258363725, "grad_rel": 0.4931697964668274, "iteration": 11280, "loss": 0.16078105568885803, "lr": 1.7712749271311214e-06, "mse": 0.00012613810768016264, "p_zero": 0.0, "pareto_conflict": 1.0, "pareto_grad_cosine_before": -0.23780811047181488, "pareto_grad_dot_after": 2.7107489586342127e-10, "pareto_grad_dot_before": -0.04881330204661936, "pareto_primary_grad_norm": 0.5137404859066009, "pareto_projected_tke_grad_norm": 0.41934164315462114, "pareto_tke_grad_norm": 0.4365054652094841, "point_rel": 0.07438822090625763, "primary_loss": 0.10858317092061043, "residual_mse": 0.00012613810622497112, "temporal_rel": 0.8919561266899109, "tke_rel": 0.4349823921918869}
TRAIN {"angle_aug_abs_deg": 0.0, "aoa_effective_shift_abs_deg_mean": 0.0, "aoa_meanfield_aug_fraction": 0.0, "aoa_meanfield_lambda_mean": 0.0, "delta_penalty": 4.669988929890678e-05, "energy_loss": 0.05206265449523926, "grad_rel": 0.4867641970515251, "iteration": 11300, "loss": 0.1584824688732624, "lr": 1.674509243604532e-06, "mse": 0.00012922882788188872, "p_zero": 0.0, "pareto_conflict": 1.0, "pareto_grad_cosine_before": -0.3422282522544265, "pareto_grad_dot_after": 1.521584636066109e-09, "pareto_grad_dot_before": -0.05825673305662349, "pareto_primary_grad_norm": 0.40385129153728483, "pareto_projected_tke_grad_norm": 0.39940637797117234, "pareto_tke_grad_norm": 0.4318178027868271, "point_rel": 0.07253069449216128, "primary_loss": 0.10641981512308121, "residual_mse": 0.0001292288288823329, "temporal_rel": 0.8849318444728851, "tke_rel": 0.4338554620742798}
TRAIN {"angle_aug_abs_deg": 0.0, "aoa_effective_shift_abs_deg_mean": 0.0, "aoa_meanfield_aug_fraction": 0.0, "aoa_meanfield_lambda_mean": 0.0, "delta_penalty": 4.499415390455397e-05, "energy_loss": 0.05132299717515707, "grad_rel": 0.49273991137742995, "iteration": 11320, "loss": 0.16049037352204323, "lr": 1.5804392030758064e-06, "mse": 0.0001356089094770141, "p_zero": 0.0, "pareto_conflict": 0.9, "pareto_grad_cosine_before": -0.21653425646654795, "pareto_grad_dot_after": 0.00017762124498403863, "pareto_grad_dot_before": -0.037276313993061194, "pareto_primary_grad_norm": 0.45938677787780763, "pareto_projected_tke_grad_norm": 0.3876147449016571, "pareto_tke_grad_norm": 0.40227268636226654, "point_rel": 0.07505540363490582, "primary_loss": 0.10916737504303456, "residual_mse": 0.00013560890893131726, "temporal_rel": 0.8893096655607223, "tke_rel": 0.42769165337085724}
TRAIN {"angle_aug_abs_deg": 0.0, "aoa_effective_shift_abs_deg_mean": 0.0, "aoa_meanfield_aug_fraction": 0.0, "aoa_meanfield_lambda_mean": 0.0, "delta_penalty": 4.608896269928664e-05, "energy_loss": 0.05237398650497198, "grad_rel": 0.5015071630477905, "iteration": 11340, "loss": 0.16329891607165337, "lr": 1.489067384522608e-06, "mse": 0.00012984299173695034, "p_zero": 0.0, "pareto_conflict": 0.95, "pareto_grad_cosine_before": -0.25604649996384976, "pareto_grad_dot_after": 0.0003794269194258959, "pareto_grad_dot_before": -0.046880005835555495, "pareto_primary_grad_norm": 0.47232871502637863, "pareto_projected_tke_grad_norm": 0.4126597911119461, "pareto_tke_grad_norm": 0.43212983906269076, "point_rel": 0.07654770873486996, "primary_loss": 0.11092492938041687, "residual_mse": 0.0001298429906455567, "temporal_rel": 0.8938245862722397, "tke_rel": 0.43644989728927613}
TRAIN {"angle_aug_abs_deg": 0.0, "aoa_effective_shift_abs_deg_mean": 0.0, "aoa_meanfield_aug_fraction": 0.0, "aoa_meanfield_lambda_mean": 0.0, "delta_penalty": 4.682239423345891e-05, "energy_loss": 0.05238873306661844, "grad_rel": 0.5052621945738792, "iteration": 11360, "loss": 0.16402617394924163, "lr": 1.4003962929495081e-06, "mse": 0.00013358068445086247, "p_zero": 0.0, "pareto_conflict": 0.95, "pareto_grad_cosine_before": -0.24555221907794475, "pareto_grad_dot_after": 0.0036790241390008303, "pareto_grad_dot_before": -0.04770549219101668, "pareto_primary_grad_norm": 0.4976768851280212, "pareto_projected_tke_grad_norm": 0.4220435664057732, "pareto_tke_grad_norm": 0.44159558564424517, "point_rel": 0.07716841865330934, "primary_loss": 0.11163744181394578, "residual_mse": 0.00013358068481466033, "temporal_rel": 0.8949692636728287, "tke_rel": 0.4365727871656418}
TRAIN {"angle_aug_abs_deg": 0.0, "aoa_effective_shift_abs_deg_mean": 0.0, "aoa_meanfield_aug_fraction": 0.0, "aoa_meanfield_lambda_mean": 0.0, "delta_penalty": 4.490317214731476e-05, "energy_loss": 0.05245311539620161, "grad_rel": 0.5033601224422455, "iteration": 11380, "loss": 0.16429779380559922, "lr": 1.3144283593192708e-06, "mse": 0.00012538657210825477, "p_zero": 0.0, "pareto_conflict": 0.9, "pareto_grad_cosine_before": -0.24693624805659056, "pareto_grad_dot_after": 0.0013991854206324207, "pareto_grad_dot_before": -0.044210961041972044, "pareto_primary_grad_norm": 0.44936296045780183, "pareto_projected_tke_grad_norm": 0.4009390264749527, "pareto_tke_grad_norm": 0.4233496695756912, "point_rel": 0.0775301780551672, "primary_loss": 0.11184467822313308, "residual_mse": 0.00012538657429104206, "temporal_rel": 0.8908529043197632, "tke_rel": 0.43710930496454237}
TRAIN {"angle_aug_abs_deg": 0.0, "aoa_effective_shift_abs_deg_mean": 0.0, "aoa_meanfield_aug_fraction": 0.0, "aoa_meanfield_lambda_mean": 0.0, "delta_penalty": 4.387142325867899e-05, "energy_loss": 0.05296741463243961, "grad_rel": 0.49403050541877747, "iteration": 11400, "loss": 0.16162181198596953, "lr": 1.2311659404862302e-06, "mse": 0.00011908096648767241, "p_zero": 0.0, "pareto_conflict": 0.95, "pareto_grad_cosine_before": -0.23320014923810958, "pareto_grad_dot_after": 0.0028249763748135594, "pareto_grad_dot_before": -0.048864997923374176, "pareto_primary_grad_norm": 0.5382765382528305, "pareto_projected_tke_grad_norm": 0.4171942055225372, "pareto_tke_grad_norm": 0.4346663042902946, "point_rel": 0.07450616247951984, "primary_loss": 0.10865439623594284, "residual_mse": 0.00011908096648767241, "temporal_rel": 0.890039148926735, "tke_rel": 0.44139513075351716}
TRAIN {"angle_aug_abs_deg": 0.0, "aoa_effective_shift_abs_deg_mean": 0.0, "aoa_meanfield_aug_fraction": 0.0, "aoa_meanfield_lambda_mean": 0.0, "delta_penalty": 5.094045900477795e-05, "energy_loss": 0.054256988875567916, "grad_rel": 0.5008492931723595, "iteration": 11420, "loss": 0.16538876220583915, "lr": 1.1506113191316521e-06, "mse": 0.0001495847869591671, "p_zero": 0.0, "pareto_conflict": 1.0, "pareto_grad_cosine_before": -0.34680945985019207, "pareto_grad_dot_after": -7.26504367776215e-10, "pareto_grad_dot_before": -0.07394463787786662, "pareto_primary_grad_norm": 0.4862994745373726, "pareto_projected_tke_grad_norm": 0.40274679511785505, "pareto_tke_grad_norm": 0.4366194322705269, "point_rel": 0.07648570090532303, "primary_loss": 0.11113177202641963, "residual_mse": 0.00014958478550397558, "temporal_rel": 0.90291468501091, "tke_rel": 0.4521415814757347}
TRAIN {"angle_aug_abs_deg": 0.0, "aoa_effective_shift_abs_deg_mean": 0.0, "aoa_meanfield_aug_fraction": 0.0, "aoa_meanfield_lambda_mean": 0.0, "delta_penalty": 4.235096766933566e-05, "energy_loss": 0.05211793817579746, "grad_rel": 0.48586285263299944, "iteration": 11440, "loss": 0.15957400649785997, "lr": 1.0727667037011632e-06, "mse": 0.00011236616564929136, "p_zero": 0.0, "pareto_conflict": 0.9, "pareto_grad_cosine_before": -0.2046988120302558, "pareto_grad_dot_after": 0.0028276890003326115, "pareto_grad_dot_before": -0.036283766059204935, "pareto_primary_grad_norm": 0.5385170936584472, "pareto_projected_tke_grad_norm": 0.398271507024765, "pareto_tke_grad_norm": 0.41388405710458753, "point_rel": 0.0733309205621481, "primary_loss": 0.10745606757700443, "residual_mse": 0.0001123661649216956, "temporal_rel": 0.8934215635061264, "tke_rel": 0.43431616127490996}
TRAIN {"angle_aug_abs_deg": 0.0, "aoa_effective_shift_abs_deg_mean": 0.0, "aoa_meanfield_aug_fraction": 0.0, "aoa_meanfield_lambda_mean": 0.0, "delta_penalty": 4.434528200363275e-05, "energy_loss": 0.05260338839143515, "grad_rel": 0.49207370579242704, "iteration": 11460, "loss": 0.1608267493546009, "lr": 9.97634228344232e-07, "mse": 0.00013049155759290443, "p_zero": 0.0, "pareto_conflict": 1.0, "pareto_grad_cosine_before": -0.2894772008061409, "pareto_grad_dot_after": -1.2509190128184856e-09, "pareto_grad_dot_before": -0.060134233254939315, "pareto_primary_grad_norm": 0.47121763080358503, "pareto_projected_tke_grad_norm": 0.4257748708128929, "pareto_tke_grad_norm": 0.45028177499771116, "point_rel": 0.07401275485754014, "primary_loss": 0.1082233615219593, "residual_mse": 0.00013049155759290443, "temporal_rel": 0.8929822236299515, "tke_rel": 0.43836158215999604}
TRAIN {"angle_aug_abs_deg": 0.0, "aoa_effective_shift_abs_deg_mean": 0.0, "aoa_meanfield_aug_fraction": 0.0, "aoa_meanfield_lambda_mean": 0.0, "delta_penalty": 4.500379345699912e-05, "energy_loss": 0.053963291272521016, "grad_rel": 0.4988222301006317, "iteration": 11480, "loss": 0.16398862153291702, "lr": 9.252159528556375e-07, "mse": 0.0001311581025220221, "p_zero": 0.0, "pareto_conflict": 0.9, "pareto_grad_cosine_before": -0.2207821690943092, "pareto_grad_dot_after": 0.0016691693380380458, "pareto_grad_dot_before": -0.04192304841708392, "pareto_primary_grad_norm": 0.45026604235172274, "pareto_projected_tke_grad_norm": 0.40232383608818056, "pareto_tke_grad_norm": 0.41897269487380984, "point_rel": 0.07551773134618997, "primary_loss": 0.11002532951533794, "residual_mse": 0.00013115810324961785, "temporal_rel": 0.8995005875825882, "tke_rel": 0.4496941030025482}
TRAIN {"angle_aug_abs_deg": 0.0, "aoa_effective_shift_abs_deg_mean": 0.0, "aoa_meanfield_aug_fraction": 0.0, "aoa_meanfield_lambda_mean": 0.0, "delta_penalty": 4.583653353620321e-05, "energy_loss": 0.05194019358605147, "grad_rel": 0.5015948548913002, "iteration": 11500, "loss": 0.16290902942419053, "lr": 8.555138626189592e-07, "mse": 0.0001266431559997727, "p_zero": 0.0, "pareto_conflict": 0.95, "pareto_grad_cosine_before": -0.27774640957359226, "pareto_grad_dot_after": 0.0011227124638935493, "pareto_grad_dot_before": -0.056917128578061235, "pareto_primary_grad_norm": 0.45249917954206464, "pareto_projected_tke_grad_norm": 0.4163697838783264, "pareto_tke_grad_norm": 0.44523205161094664, "point_rel": 0.07654331829398871, "primary_loss": 0.11096883453428745, "residual_mse": 0.0001266431569092674, "temporal_rel": 0.8954227715730667, "tke_rel": 0.4328349530696869}
TRAIN {"angle_aug_abs_deg": 0.0, "aoa_effective_shift_abs_deg_mean": 0.0, "aoa_meanfield_aug_fraction": 0.0, "aoa_meanfield_lambda_mean": 0.0, "delta_penalty": 4.60113264125539e-05, "energy_loss": 0.0530370170250535, "grad_rel": 0.4990080952644348, "iteration": 11520, "loss": 0.1621430516242981, "lr": 7.8852986855221e-07, "mse": 0.00014235920025384985, "p_zero": 0.0, "pareto_conflict": 1.0, "pareto_grad_cosine_before": -0.3316339373937808, "pareto_grad_dot_after": -1.2132659321650863e-10, "pareto_grad_dot_before": -0.05440777516341768, "pareto_primary_grad_norm": 0.3881081148982048, "pareto_projected_tke_grad_norm": 0.40250363945961, "pareto_tke_grad_norm": 0.43455701172351835, "point_rel": 0.07449260354042053, "primary_loss": 0.10910603404045105, "residual_mse": 0.00014235920025384985, "temporal_rel": 0.9028227239847183, "tke_rel": 0.44197515249252317}
TRAIN {"angle_aug_abs_deg": 0.0, "aoa_effective_shift_abs_deg_mean": 0.0, "aoa_meanfield_aug_fraction": 0.0, "aoa_meanfield_lambda_mean": 0.0, "delta_penalty": 4.482981075852877e-05, "energy_loss": 0.05211601462215185, "grad_rel": 0.49646769315004347, "iteration": 11540, "loss": 0.16026232913136482, "lr": 7.242658070554443e-07, "mse": 0.00011838095433631679, "p_zero": 0.0, "pareto_conflict": 1.0, "pareto_grad_cosine_before": -0.3560182474553585, "pareto_grad_dot_after": -1.4097167877480388e-09, "pareto_grad_dot_before": -0.07057440327480435, "pareto_primary_grad_norm": 0.42553220242261885, "pareto_projected_tke_grad_norm": 0.43477256000041964, "pareto_tke_grad_norm": 0.4738110855221748, "point_rel": 0.0738700706511736, "primary_loss": 0.10814631655812264, "residual_mse": 0.00011838095470011467, "temporal_rel": 0.8930940061807633, "tke_rel": 0.43430013209581375}
TRAIN {"angle_aug_abs_deg": 0.0, "aoa_effective_shift_abs_deg_mean": 0.0, "aoa_meanfield_aug_fraction": 0.0, "aoa_meanfield_lambda_mean": 0.0, "delta_penalty": 4.766966803799732e-05, "energy_loss": 0.05162632055580616, "grad_rel": 0.4949429124593735, "iteration": 11560, "loss": 0.16084222495555878, "lr": 6.627234399603535e-07, "mse": 0.00013575067732745082, "p_zero": 0.0, "pareto_conflict": 0.95, "pareto_grad_cosine_before": -0.2622354941442609, "pareto_grad_dot_after": 0.0007192554797256889, "pareto_grad_dot_before": -0.0507879011449404, "pareto_primary_grad_norm": 0.4414251908659935, "pareto_projected_tke_grad_norm": 0.40660440027713773, "pareto_tke_grad_norm": 0.42853240966796874, "point_rel": 0.07500609271228313, "primary_loss": 0.10921590365469455, "residual_mse": 0.0001357506776912487, "temporal_rel": 0.8914663434028626, "tke_rel": 0.43021934777498244}
TRAIN {"angle_aug_abs_deg": 0.0, "aoa_effective_shift_abs_deg_mean": 0.0, "aoa_meanfield_aug_fraction": 0.0, "aoa_meanfield_lambda_mean": 0.0, "delta_penalty": 4.61882747913478e-05, "energy_loss": 0.052088779583573344, "grad_rel": 0.49740773141384126, "iteration": 11580, "loss": 0.16198455095291137, "lr": 6.03904454482039e-07, "mse": 0.0001345400156424148, "p_zero": 0.0, "pareto_conflict": 1.0, "pareto_grad_cosine_before": -0.24804589673876762, "pareto_grad_dot_after": 1.291482476517558e-11, "pareto_grad_dot_before": -0.044951373152434825, "pareto_primary_grad_norm": 0.4435477629303932, "pareto_projected_tke_grad_norm": 0.39595815539360046, "pareto_tke_grad_norm": 0.4131830483675003, "point_rel": 0.07568615078926086, "primary_loss": 0.10989577025175094, "residual_mse": 0.00013454001600621268, "temporal_rel": 0.890240615606308, "tke_rel": 0.43407317250967026}
TRAIN {"angle_aug_abs_deg": 0.0, "aoa_effective_shift_abs_deg_mean": 0.0, "aoa_meanfield_aug_fraction": 0.0, "aoa_meanfield_lambda_mean": 0.0, "delta_penalty": 4.534989075182239e-05, "energy_loss": 0.05125818699598313, "grad_rel": 0.5000305190682411, "iteration": 11600, "loss": 0.16090098842978479, "lr": 5.478104631726699e-07, "mse": 0.0001323269312706543, "p_zero": 0.0, "pareto_conflict": 0.95, "pareto_grad_cosine_before": -0.253265843167901, "pareto_grad_dot_after": 0.00017010689202834328, "pareto_grad_dot_before": -0.046214142709504816, "pareto_primary_grad_norm": 0.45093288719654084, "pareto_projected_tke_grad_norm": 0.4080712229013443, "pareto_tke_grad_norm": 0.42624204605817795, "point_rel": 0.07549622356891632, "primary_loss": 0.10964280143380165, "residual_mse": 0.00013232693199825008, "temporal_rel": 0.8868505626916885, "tke_rel": 0.4271515652537346}
TRAIN {"angle_aug_abs_deg": 0.0, "aoa_effective_shift_abs_deg_mean": 0.0, "aoa_meanfield_aug_fraction": 0.0, "aoa_meanfield_lambda_mean": 0.0, "delta_penalty": 4.5087691341905155e-05, "energy_loss": 0.049951673671603206, "grad_rel": 0.48861779272556305, "iteration": 11620, "loss": 0.15683067813515664, "lr": 4.944430038773752e-07, "mse": 0.0001259942206161213, "p_zero": 0.0, "pareto_conflict": 1.0, "pareto_grad_cosine_before": -0.2456738380715251, "pareto_grad_dot_after": 1.1259544407948851e-10, "pareto_grad_dot_before": -0.045816559065133336, "pareto_primary_grad_norm": 0.48306346833705904, "pareto_projected_tke_grad_norm": 0.39686706364154817, "pareto_tke_grad_norm": 0.4135077089071274, "point_rel": 0.07292685378342867, "primary_loss": 0.10687900371849537, "residual_mse": 0.00012599421952472767, "temporal_rel": 0.8861394852399826, "tke_rel": 0.4162639558315277}
TRAIN {"angle_aug_abs_deg": 0.0, "aoa_effective_shift_abs_deg_mean": 0.0, "aoa_meanfield_aug_fraction": 0.0, "aoa_meanfield_lambda_mean": 0.0, "delta_penalty": 4.1521433649904794e-05, "energy_loss": 0.05041116699576378, "grad_rel": 0.49133388698101044, "iteration": 11640, "loss": 0.1581769920885563, "lr": 4.438035396919995e-07, "mse": 0.00010947752962238155, "p_zero": 0.0, "pareto_conflict": 1.0, "pareto_grad_cosine_before": -0.23141832631081344, "pareto_grad_dot_after": -2.0263541955500842e-10, "pareto_grad_dot_before": -0.04052884550765157, "pareto_primary_grad_norm": 0.4628716126084328, "pareto_projected_tke_grad_norm": 0.4035230830311775, "pareto_tke_grad_norm": 0.41941396743059156, "point_rel": 0.07365963347256184, "primary_loss": 0.10776582472026348, "residual_mse": 0.00010947752889478579, "temporal_rel": 0.8900836527347564, "tke_rel": 0.4200930669903755}
TRAIN {"angle_aug_abs_deg": 0.0, "aoa_effective_shift_abs_deg_mean": 0.0, "aoa_meanfield_aug_fraction": 0.0, "aoa_meanfield_lambda_mean": 0.0, "delta_penalty": 4.644181590265362e-05, "energy_loss": 0.05216377917677164, "grad_rel": 0.4935241863131523, "iteration": 11660, "loss": 0.16081620343029498, "lr": 3.9589345892304603e-07, "mse": 0.0001331076644419227, "p_zero": 0.0, "pareto_conflict": 1.0, "pareto_grad_cosine_before": -0.28833409678190947, "pareto_grad_dot_after": 1.420357875758782e-09, "pareto_grad_dot_before": -0.04832606122363359, "pareto_primary_grad_norm": 0.41567800343036654, "pareto_projected_tke_grad_norm": 0.3912585750222206, "pareto_tke_grad_norm": 0.41921566277742384, "point_rel": 0.07432085741311312, "primary_loss": 0.10865242406725883, "residual_mse": 0.00013310766298673115, "temporal_rel": 0.8962613821029664, "tke_rel": 0.4346981689333916}
TRAIN {"angle_aug_abs_deg": 0.0, "aoa_effective_shift_abs_deg_mean": 0.0, "aoa_meanfield_aug_fraction": 0.0, "aoa_meanfield_lambda_mean": 0.0, "delta_penalty": 4.4209987026988526e-05, "energy_loss": 0.052283665351569655, "grad_rel": 0.4961315244436264, "iteration": 11680, "loss": 0.16274185106158257, "lr": 3.5071407504956245e-07, "mse": 0.00012319373345235363, "p_zero": 0.0, "pareto_conflict": 0.95, "pareto_grad_cosine_before": -0.285439177788794, "pareto_grad_dot_after": 0.000453214817935077, "pareto_grad_dot_before": -0.057863097707740965, "pareto_primary_grad_norm": 0.49133421927690507, "pareto_projected_tke_grad_norm": 0.4298352837562561, "pareto_tke_grad_norm": 0.45986485928297044, "point_rel": 0.07610856965184212, "primary_loss": 0.11045818515121937, "residual_mse": 0.00012319373345235363, "temporal_rel": 0.8956600576639175, "tke_rel": 0.4356972247362137}
TRAIN {"angle_aug_abs_deg": 0.0, "aoa_effective_shift_abs_deg_mean": 0.0, "aoa_meanfield_aug_fraction": 0.0, "aoa_meanfield_lambda_mean": 0.0, "delta_penalty": 4.2241922255925604e-05, "energy_loss": 0.052306626364588736, "grad_rel": 0.4927020162343979, "iteration": 11700, "loss": 0.16016568914055823, "lr": 3.082666266872032e-07, "mse": 0.00011641241762845311, "p_zero": 0.0, "pareto_conflict": 1.0, "pareto_grad_cosine_before": -0.2611069343984127, "pareto_grad_dot_after": -2.546585164964199e-11, "pareto_grad_dot_before": -0.04795976046007126, "pareto_primary_grad_norm": 0.4263410925865173, "pareto_projected_tke_grad_norm": 0.411899334192276, "pareto_tke_grad_norm": 0.4311030372977257, "point_rel": 0.07367603406310082, "primary_loss": 0.1078590627759695, "residual_mse": 0.00011641241671895841, "temporal_rel": 0.891891023516655, "tke_rel": 0.4358885630965233}
TRAIN {"angle_aug_abs_deg": 0.0, "aoa_effective_shift_abs_deg_mean": 0.0, "aoa_meanfield_aug_fraction": 0.0, "aoa_meanfield_lambda_mean": 0.0, "delta_penalty": 4.2864718307100705e-05, "energy_loss": 0.05156066007912159, "grad_rel": 0.4968696266412735, "iteration": 11720, "loss": 0.15925927087664604, "lr": 2.685522775541901e-07, "mse": 0.00011600839097809512, "p_zero": 0.0, "pareto_conflict": 0.9, "pareto_grad_cosine_before": -0.27111104532377794, "pareto_grad_dot_after": 0.0013022905195612111, "pareto_grad_dot_before": -0.06212392092857044, "pareto_primary_grad_norm": 0.5316324517130852, "pareto_projected_tke_grad_norm": 0.4321216955780983, "pareto_tke_grad_norm": 0.4631268337368965, "point_rel": 0.07332344129681587, "primary_loss": 0.10769861079752445, "residual_mse": 0.00011600839097809512, "temporal_rel": 0.8962155044078827, "tke_rel": 0.42967217713594436}
TRAIN {"angle_aug_abs_deg": 0.0, "aoa_effective_shift_abs_deg_mean": 0.0, "aoa_meanfield_aug_fraction": 0.0, "aoa_meanfield_lambda_mean": 0.0, "delta_penalty": 4.357647794677178e-05, "energy_loss": 0.051757007651031015, "grad_rel": 0.49541188180446627, "iteration": 11740, "loss": 0.16015339717268945, "lr": 2.3157211643947103e-07, "mse": 0.00012271941486687865, "p_zero": 0.0, "pareto_conflict": 0.95, "pareto_grad_cosine_before": -0.2699819544330239, "pareto_grad_dot_after": 0.0005268798462566337, "pareto_grad_dot_before": -0.05401088127400726, "pareto_primary_grad_norm": 0.4642700895667076, "pareto_projected_tke_grad_norm": 0.4246720686554909, "pareto_tke_grad_norm": 0.4467739000916481, "point_rel": 0.07428515180945397, "primary_loss": 0.1083963893353939, "residual_mse": 0.00012271941341168713, "temporal_rel": 0.8880791187286377, "tke_rel": 0.4313084051012993}
TRAIN {"angle_aug_abs_deg": 0.0, "aoa_effective_shift_abs_deg_mean": 0.0, "aoa_meanfield_aug_fraction": 0.0, "aoa_meanfield_lambda_mean": 0.0, "delta_penalty": 4.443407842700253e-05, "energy_loss": 0.05214526150375605, "grad_rel": 0.4837282285094261, "iteration": 11760, "loss": 0.15842784941196442, "lr": 1.973271571728439e-07, "mse": 0.0001283813397094491, "p_zero": 0.0, "pareto_conflict": 0.95, "pareto_grad_cosine_before": -0.2725560639053583, "pareto_grad_dot_after": 0.0010827636530848395, "pareto_grad_dot_before": -0.049062316911295055, "pareto_primary_grad_norm": 0.42928717136383054, "pareto_projected_tke_grad_norm": 0.3982460007071495, "pareto_tke_grad_norm": 0.4195032939314842, "point_rel": 0.07246017605066299, "primary_loss": 0.10628258921205998, "residual_mse": 0.00012838134080084274, "temporal_rel": 0.8842362254858017, "tke_rel": 0.4345438539981842}
TRAIN {"angle_aug_abs_deg": 0.0, "aoa_effective_shift_abs_deg_mean": 0.0, "aoa_meanfield_aug_fraction": 0.0, "aoa_meanfield_lambda_mean": 0.0, "delta_penalty": 4.685073108703364e-05, "energy_loss": 0.05105373375117779, "grad_rel": 0.5010015234351158, "iteration": 11780, "loss": 0.16241016015410423, "lr": 1.6581833859716767e-07, "mse": 0.00014672154011350358, "p_zero": 0.0, "pareto_conflict": 0.95, "pareto_grad_cosine_before": -0.276118322648108, "pareto_grad_dot_after": 0.00041245424827138775, "pareto_grad_dot_before": -0.044367195735685525, "pareto_primary_grad_norm": 0.41750778555870055, "pareto_projected_tke_grad_norm": 0.37276161909103395, "pareto_tke_grad_norm": 0.39324419796466825, "point_rel": 0.07711700592190027, "primary_loss": 0.11135642863810062, "residual_mse": 0.0001467215393859078, "temporal_rel": 0.8893148571252822, "tke_rel": 0.4254477858543396}
TRAIN {"angle_aug_abs_deg": 0.0, "aoa_effective_shift_abs_deg_mean": 0.0, "aoa_meanfield_aug_fraction": 0.0, "aoa_meanfield_lambda_mean": 0.0, "delta_penalty": 4.605483227351215e-05, "energy_loss": 0.05252967998385429, "grad_rel": 0.504982016980648, "iteration": 11800, "loss": 0.16355160176753997, "lr": 1.3704652454261652e-07, "mse": 0.00013059507555226446, "p_zero": 0.0, "pareto_conflict": 1.0, "pareto_grad_cosine_before": -0.3118551306426525, "pareto_grad_dot_after": 2.3794200387783347e-09, "pareto_grad_dot_before": -0.06010603690519929, "pareto_primary_grad_norm": 0.46413030922412873, "pareto_projected_tke_grad_norm": 0.3953762114048004, "pareto_tke_grad_norm": 0.4218140631914139, "point_rel": 0.0766132352873683, "primary_loss": 0.11102192029356957, "residual_mse": 0.0001305950772803044, "temporal_rel": 0.8931285083293915, "tke_rel": 0.43774734288454054}
TRAIN {"angle_aug_abs_deg": 0.0, "aoa_effective_shift_abs_deg_mean": 0.0, "aoa_meanfield_aug_fraction": 0.0, "aoa_meanfield_lambda_mean": 0.0, "delta_penalty": 4.108046732653747e-05, "energy_loss": 0.05112728010863066, "grad_rel": 0.489881432056427, "iteration": 11820, "loss": 0.15801851600408554, "lr": 1.110125038030095e-07, "mse": 0.00011148515241075075, "p_zero": 0.0, "pareto_conflict": 0.95, "pareto_grad_cosine_before": -0.22643954623490573, "pareto_grad_dot_after": 0.00023726502131466988, "pareto_grad_dot_before": -0.052049429179169236, "pareto_primary_grad_norm": 0.5426026925444603, "pareto_projected_tke_grad_norm": 0.41531000584363936, "pareto_tke_grad_norm": 0.4297709748148918, "point_rel": 0.07274285443127156, "primary_loss": 0.10689123533666134, "residual_mse": 0.00011148515422974015, "temporal_rel": 0.8921963810920716, "tke_rel": 0.4260606810450554}
TRAIN {"angle_aug_abs_deg": 0.0, "aoa_effective_shift_abs_deg_mean": 0.0, "aoa_meanfield_aug_fraction": 0.0, "aoa_meanfield_lambda_mean": 0.0, "delta_penalty": 4.671064552894677e-05, "energy_loss": 0.053614794835448266, "grad_rel": 0.5033750399947167, "iteration": 11840, "loss": 0.1645481288433075, "lr": 8.771699011416159e-08, "mse": 0.0001319201910519041, "p_zero": 0.0, "pareto_conflict": 1.0, "pareto_grad_cosine_before": -0.23529307758435608, "pareto_grad_dot_after": 7.930793799459934e-11, "pareto_grad_dot_before": -0.04366468908265233, "pareto_primary_grad_norm": 0.469265353679657, "pareto_projected_tke_grad_norm": 0.3975766494870186, "pareto_tke_grad_norm": 0.412196846306324, "point_rel": 0.0763480857014656, "primary_loss": 0.1109333336353302, "residual_mse": 0.00013192018996051048, "temporal_rel": 0.8998038172721863, "tke_rel": 0.44678996652364733}
TRAIN {"angle_aug_abs_deg": 0.0, "aoa_effective_shift_abs_deg_mean": 0.0, "aoa_meanfield_aug_fraction": 0.0, "aoa_meanfield_lambda_mean": 0.0, "delta_penalty": 4.3217492202529686e-05, "energy_loss": 0.050634762085974214, "grad_rel": 0.48019289821386335, "iteration": 11860, "loss": 0.1547162152826786, "lr": 6.716062213437673e-08, "mse": 0.0001151100321294507, "p_zero": 0.0, "pareto_conflict": 0.95, "pareto_grad_cosine_before": -0.2708797574043274, "pareto_grad_dot_after": 0.0005861356687091757, "pareto_grad_dot_before": -0.06102710854029283, "pareto_primary_grad_norm": 0.5368934512138367, "pareto_projected_tke_grad_norm": 0.4097381174564362, "pareto_tke_grad_norm": 0.43267885893583297, "point_rel": 0.0702947599813342, "primary_loss": 0.1040814533829689, "residual_mse": 0.0001151100321294507, "temporal_rel": 0.8849467813968659, "tke_rel": 0.4219563603401184}
TRAIN {"angle_aug_abs_deg": 0.0, "aoa_effective_shift_abs_deg_mean": 0.0, "aoa_meanfield_aug_fraction": 0.0, "aoa_meanfield_lambda_mean": 0.0, "delta_penalty": 5.089524765935494e-05, "energy_loss": 0.053335878625512124, "grad_rel": 0.5019652366638183, "iteration": 11880, "loss": 0.16548069715499877, "lr": 4.934396342683995e-08, "mse": 0.0001661399579461431, "p_zero": 0.0, "pareto_conflict": 0.95, "pareto_grad_cosine_before": -0.3206408377736807, "pareto_grad_dot_after": 0.0012218806927194238, "pareto_grad_dot_before": -0.05640545664355159, "pareto_primary_grad_norm": 0.4241629086434841, "pareto_projected_tke_grad_norm": 0.4130231112241745, "pareto_tke_grad_norm": 0.44489193260669707, "point_rel": 0.07790434919297695, "primary_loss": 0.11214482113718986, "residual_mse": 0.00016613995685474948, "temporal_rel": 0.8886711180210114, "tke_rel": 0.44446566253900527}
TRAIN {"angle_aug_abs_deg": 0.0, "aoa_effective_shift_abs_deg_mean": 0.0, "aoa_meanfield_aug_fraction": 0.0, "aoa_meanfield_lambda_mean": 0.0, "delta_penalty": 4.4412862371245866e-05, "energy_loss": 0.05312241706997156, "grad_rel": 0.4918679267168045, "iteration": 11900, "loss": 0.16193438172340394, "lr": 3.426750244427398e-08, "mse": 0.00012815737227356294, "p_zero": 0.0, "pareto_conflict": 1.0, "pareto_grad_cosine_before": -0.2610777803231031, "pareto_grad_dot_after": -1.3581484381575137e-09, "pareto_grad_dot_before": -0.04947044989094138, "pareto_primary_grad_norm": 0.5010807260870933, "pareto_projected_tke_grad_norm": 0.3898636743426323, "pareto_tke_grad_norm": 0.4101843014359474, "point_rel": 0.07440318427979946, "primary_loss": 0.10881196446716786, "residual_mse": 0.00012815737190976506, "temporal_rel": 0.8997141748666764, "tke_rel": 0.4426868215203285}
TRAIN {"angle_aug_abs_deg": 0.0, "aoa_effective_shift_abs_deg_mean": 0.0, "aoa_meanfield_aug_fraction": 0.0, "aoa_meanfield_lambda_mean": 0.0, "delta_penalty": 4.3732904123316986e-05, "energy_loss": 0.05111179184168577, "grad_rel": 0.49730035215616225, "iteration": 11920, "loss": 0.15949490368366243, "lr": 2.1931652515450017e-08, "mse": 0.00012162456214355188, "p_zero": 0.0, "pareto_conflict": 1.0, "pareto_grad_cosine_before": -0.30178607143461705, "pareto_grad_dot_after": 4.0217855712398886e-10, "pareto_grad_dot_before": -0.065324760787189, "pareto_primary_grad_norm": 0.4908449947834015, "pareto_projected_tke_grad_norm": 0.42204265892505644, "pareto_tke_grad_norm": 0.4529858395457268, "point_rel": 0.0739593330770731, "primary_loss": 0.10838311165571213, "residual_mse": 0.00012162456250734977, "temporal_rel": 0.8975637048482895, "tke_rel": 0.4259316071867943}
TRAIN {"angle_aug_abs_deg": 0.0, "aoa_effective_shift_abs_deg_mean": 0.0, "aoa_meanfield_aug_fraction": 0.0, "aoa_meanfield_lambda_mean": 0.0, "delta_penalty": 4.966033893651911e-05, "energy_loss": 0.05274368189275265, "grad_rel": 0.4973345935344696, "iteration": 11940, "loss": 0.16305159479379655, "lr": 1.2336751833941214e-08, "mse": 0.00015355224204540718, "p_zero": 0.0, "pareto_conflict": 0.8, "pareto_grad_cosine_before": -0.1960028515662998, "pareto_grad_dot_after": 0.002539506013454229, "pareto_grad_dot_before": -0.036668465635739264, "pareto_primary_grad_norm": 0.4986244559288025, "pareto_projected_tke_grad_norm": 0.3841117903590202, "pareto_tke_grad_norm": 0.4008329674601555, "point_rel": 0.07608064077794552, "primary_loss": 0.11030791141092777, "residual_mse": 0.00015355224131781143, "temporal_rel": 0.8906730830669403, "tke_rel": 0.43953069150447843}
TRAIN {"angle_aug_abs_deg": 0.0, "aoa_effective_shift_abs_deg_mean": 0.0, "aoa_meanfield_aug_fraction": 0.0, "aoa_meanfield_lambda_mean": 0.0, "delta_penalty": 4.6136320088407955e-05, "energy_loss": 0.051845178566873075, "grad_rel": 0.49479702264070513, "iteration": 11960, "loss": 0.1621008485555649, "lr": 5.4830634487856796e-09, "mse": 0.00012648394531424855, "p_zero": 0.0, "pareto_conflict": 1.0, "pareto_grad_cosine_before": -0.2823466520756483, "pareto_grad_dot_after": 1.347689249087125e-09, "pareto_grad_dot_before": -0.059290502406656745, "pareto_primary_grad_norm": 0.4928894847631454, "pareto_projected_tke_grad_norm": 0.41241277754306793, "pareto_tke_grad_norm": 0.43423758149147035, "point_rel": 0.07589335516095161, "primary_loss": 0.11025566905736923, "residual_mse": 0.00012648394676944007, "temporal_rel": 0.8967164129018783, "tke_rel": 0.4320431649684906}
TRAIN {"angle_aug_abs_deg": 0.0, "aoa_effective_shift_abs_deg_mean": 0.0, "aoa_meanfield_aug_fraction": 0.0, "aoa_meanfield_lambda_mean": 0.0, "delta_penalty": 4.690246223617578e-05, "energy_loss": 0.05247538760304451, "grad_rel": 0.48889701515436174, "iteration": 11980, "loss": 0.1599121607840061, "lr": 1.3707752573255395e-09, "mse": 0.0001364281875794404, "p_zero": 0.0, "pareto_conflict": 1.0, "pareto_grad_cosine_before": -0.2946251016110182, "pareto_grad_dot_after": -7.057678885757923e-11, "pareto_grad_dot_before": -0.05231183308642358, "pareto_primary_grad_norm": 0.43947618156671525, "pareto_projected_tke_grad_norm": 0.40799129456281663, "pareto_tke_grad_norm": 0.436235836148262, "point_rel": 0.07312418799847364, "primary_loss": 0.10743677131831646, "residual_mse": 0.0001364281861242489, "temporal_rel": 0.897908729314804, "tke_rel": 0.4372949078679085}
TRAIN {"angle_aug_abs_deg": 0.0, "aoa_effective_shift_abs_deg_mean": 0.0, "aoa_meanfield_aug_fraction": 0.0, "aoa_meanfield_lambda_mean": 0.0, "delta_penalty": 4.304935446270974e-05, "energy_loss": 0.05066375788301229, "grad_rel": 0.49563601762056353, "iteration": 12000, "loss": 0.15908791199326516, "lr": 0.0, "mse": 0.00012008156954834703, "p_zero": 0.0, "pareto_conflict": 0.95, "pareto_grad_cosine_before": -0.2513308633118868, "pareto_grad_dot_after": 0.0012219103392453689, "pareto_grad_dot_before": -0.04873439585790038, "pareto_primary_grad_norm": 0.447391876578331, "pareto_projected_tke_grad_norm": 0.4170806214213371, "pareto_tke_grad_norm": 0.4364803537726402, "point_rel": 0.07435508351773024, "primary_loss": 0.10842415615916252, "residual_mse": 0.00012008156991214492, "temporal_rel": 0.8865883260965347, "tke_rel": 0.4221979916095734}
EVAL_TOP {"alpha": 1.0, "best_bound_abs": 0.0075, "best_bound_rel": 0.0075, "best_bounds": [{"abs": 0.0075, "coverage": 0.8282881736755371, "final_est": 81.99803772919897, "rel": 0.0075, "sps_raw": 0.4835297359228134, "sps_score_linear": 48.35297359228134, "sps_score_used": 48.35297359228134}], "best_final_est": 81.99803772919897, "iteration": 12000, "mean_t_neural_s": 0.01762683533, "mvpe": 0.07097003357484936, "mvpe_score": 96.57310185930875, "n": 640, "rel_l2": 0.08118368610739708, "rel_l2_score": 96.09915805849693, "time_score": 86.54248999999716, "tke": 0.4265229105949402, "tke_score": 82.4224651359107}
BEST iteration=12000 final_est=81.998038 alpha=1.0 abs=0.0075 rel=0.0075
DONE out_dir=/hy-tmp/realpde_runs/colleague80_v2_formal_ac_20260922_v1/A_pareto_tke best_iter=12000 best_score=81.998038 alpha=1.0 abs=0.0075 rel=0.0075 primary={"alpha": 1.0, "base_mvpe_raw": 0.08762361109256744, "base_rel_l2_raw": 0.0979706197977066, "base_tke_raw": 0.7003257870674133, "experiment": "A_pareto_tke", "mvpe_improvement_vs_base": 0.19005805253982544, "mvpe_raw": 0.07097003608942032, "rel_l2_improvement_vs_base": 0.17134660482406616, "rel_l2_raw": 0.08118368685245514, "tke_improvement_vs_base": 0.39096498489379883, "tke_raw": 0.4265229105949402, "trajectories": 16, "windows": 640}
