trajectory_id,horizon,variant,windows,frame_rel_l2,frame_rmse,tke_contrib_rel_l2,tke_contrib_ratio,mvpe_probe_rel_l2,frame_rel_l2_improvement_vs_base,frame_rmse_improvement_vs_base,tke_contrib_rel_l2_improvement_vs_base,mvpe_probe_rel_l2_improvement_vs_base,tke_contrib_ratio_delta_vs_base
10125_0.h5,1,base,29,0.053843453775030345,0.004907978841427742,0.8106592063838685,1.1504802975013857,0.05491774463131558,0.0,0.0,0.0,0.0,0.0
10125_0.h5,1,corrected,29,0.027453408409843217,0.002501842204846042,0.8249289616608853,1.487787278559811,0.026843413169317404,0.49012541943261057,0.4902500019502427,-0.017602656165061514,0.511206926840718,0.33730698105842527
10125_0.h5,1,spatial_tke_map,29,0.0344170676135097,0.0031367750734231153,0.8403980001248536,1.7687811338759742,0.035640920748673595,0.360793834709941,0.3608825191042143,-0.03668470487572928,0.3510126647052767,0.6183008363745885
10125_0.h5,1,window_energy,29,0.030310623689622777,0.002762626945042207,1.0085545793115074,1.7371305356402116,0.029611027972442295,0.4370601890386313,0.4371151477420484,-0.24411660457221807,0.4608112883871548,0.5866502381388259
10125_0.h5,2,base,29,0.0498310285965522,0.004542596513794675,0.7485720952281502,0.9453322718631367,0.04895017801887317,0.0,0.0,0.0,0.0,0.0
10125_0.h5,2,corrected,29,0.03254896178599125,0.002966453213080213,0.812692437922655,1.33550674576039,0.029413370088089787,0.346813367038478,0.3469696892356888,-0.08565687006401457,0.39911617733546945,0.39017447389725324
10125_0.h5,2,spatial_tke_map,29,0.03708745769384016,0.003380277683560279,0.8021883573785215,1.5303992630114174,0.03751187599063713,0.2557356583161875,0.25587102589999755,-0.07162471389483205,0.23367232748011468,0.5850669911482806
10125_0.h5,2,window_energy,29,0.03456969049903756,0.0031509149742571067,0.9624995128101141,1.5563984260863812,0.03182736228994489,0.3062617515097926,0.3063625693612444,-0.2857806468417221,0.3498008877991501,0.6110661542232445
10125_0.h5,3,base,29,0.05155504793349246,0.004700218864449766,0.8468185513665676,1.1329039167557458,0.045046983396453834,0.0,0.0,0.0,0.0,0.0
10125_0.h5,3,corrected,29,0.03654568113700382,0.0033312977198447454,0.7921229405112223,1.1405996520940724,0.031404752962061876,0.29113282594269263,0.29124625556458517,0.06458952837898901,0.30284448382099427,0.007695735338326681
10125_0.h5,3,spatial_tke_map,29,0.039821197119954285,0.003630029726700773,0.7830324530112317,1.2982378738489975,0.03754949002459217,0.2275984851895626,0.2276892137605332,0.0753243988956076,0.16643719082978314,0.16533395709325172
10125_0.h5,3,window_energy,29,0.03795201145780069,0.0034596755993669052,0.8998237442937786,1.3255163842182667,0.03328710888512218,0.2638545985494978,0.26393308500285884,-0.06259332987175714,0.2610579804608495,0.19261246746252092
10125_0.h5,4,base,29,0.04810466169929496,0.004385837478200326,0.7316601748939843,0.8519575820685937,0.036477520445686175,0.0,0.0,0.0,0.0,0.0
10125_0.h5,4,corrected,29,0.039883197688011046,0.0036364397971660562,0.7734829703824438,0.9758272675160803,0.032181711878071693,0.17090784387336022,0.17086763582990216,-0.05716150328192948,0.11776591487381383,0.12386968544748655
10125_0.h5,4,spatial_tke_map,29,0.04228825465250212,0.0038558241492693455,0.7700448705004231,1.1188350890850054,0.03735828488043449,0.12091150506683823,0.12084655018919321,-0.05246246402846877,-0.02414540308625801,0.26687750701641166
10125_0.h5,4,window_energy,29,0.04092698868456959,0.0037317231039764556,0.8534697509823297,1.1313193167745907,0.03372703805062554,0.14920951028807605,0.14914241065135814,-0.16648381348075336,0.0754021205787826,0.279361734705997
10125_0.h5,5,base,29,0.04853216773332522,0.004426094642771668,0.716388196859689,0.7867401149825303,0.03162832694071648,0.0,0.0,0.0,0.0,0.0
10125_0.h5,5,corrected,29,0.04094420261718414,0.003734346919544364,0.753873011336179,0.9098739445750975,0.03075196414472201,0.156349190043096,0.1562885069249499,-0.052324723719354704,0.027708161662711728,0.12313382959256725
10125_0.h5,5,spatial_tke_map,29,0.04292042720386662,0.003914632093139061,0.7543986403229996,1.0399335594713863,0.034998015871124936,0.11562929890735596,0.11555617105203231,-0.053058444611358224,-0.1065402206295809,0.25319344448885606
10125_0.h5,5,window_energy,29,0.041860390296542954,0.003817969303031127,0.8177059684656762,1.053282387759369,0.03178159620187409,0.13747124326781324,0.13739546684427106,-0.14142858864804997,-0.004845949058414956,0.26654227277683884
10125_0.h5,6,base,29,0.04787422533352897,0.004366954318458319,0.6979622300745562,0.824616002903625,0.029075597389760836,0.0,0.0,0.0,0.0,0.0
10125_0.h5,6,corrected,29,0.041573997895461706,0.0037925980351655735,0.7149170589246329,0.8760761213768444,0.02862647142456528,0.13159956937527428,0.1315233092466862,-0.024291900219680418,0.015446835336691,0.05146011847321941
10125_0.h5,6,spatial_tke_map,29,0.04337586721414426,0.003957026129058279,0.7212783989246305,0.99492390756471,0.03119376821918059,0.09396200331275661,0.09387050092723637,-0.03340606102365129,-0.07285046635587555,0.17030790466108503
10125_0.h5,6,window_energy,29,0.04241656262600062,0.0038694946014966943,0.7733926079062127,1.0139801425483366,0.029229469892452637,0.11400002129551012,0.1139145685263876,-0.10807229185395761,-0.0052921527502642896,0.18936413964471155
10125_0.h5,7,base,29,0.048555572934004296,0.004429493747923866,0.6926580675532484,0.8706314409558733,0.03189169283602697,0.0,0.0,0.0,0.0,0.0
10125_0.h5,7,corrected,29,0.04223945048240575,0.0038538089858828808,0.683885607352688,0.8419486170041324,0.026239074419434835,0.13008027853328563,0.129966265853928,0.012664921714617972,0.17724422612670354,-0.028682823951740932
10125_0.h5,7,spatial_tke_map,29,0.04385815345262076,0.004001503436020643,0.6933693212085055,0.9438309235496425,0.027431147895073213,0.09674315835523495,0.09662285043382768,-0.0010268467062968245,0.139865417740222,0.07319948259376918
10125_0.h5,7,window_energy,29,0.04302860916502294,0.003925839259883929,0.7319420108109594,0.9737364183734545,0.02653041824089152,0.11382758836958806,0.1137047519879677,-0.05671477038660355,0.1681088119937929,0.10310497741758118
10125_0.h5,8,base,29,0.04943529047846328,0.004510284997850237,0.6731565110400809,0.8633897794643491,0.03453859540979148,0.0,0.0,0.0,0.0,0.0
10125_0.h5,8,corrected,29,0.04305158713841398,0.00392831118473043,0.6606843546430045,0.8228672669554886,0.02531921258935283,0.12913251400495762,0.12903260290584662,0.01852787010528345,0.2669298710921234,-0.04052251250886052
10125_0.h5,8,spatial_tke_map,29,0.044597909291648814,0.004069402369879792,0.6695019961482633,0.9139791011565207,0.026040766735242735,0.09785279180106965,0.09775050316788969,0.005428923039266231,0.2460386293572222,0.05058932169217156
10125_0.h5,8,window_energy,29,0.043828255511418696,0.003999227455022227,0.7029312791902498,0.9516432466106187,0.025602499158215036,0.113421705683864,0.11330936804915848,-0.04423156823390806,0.2587278418694211,0.08825346714626958
10125_0.h5,9,base,29,0.05067871934180441,0.004624477789051133,0.655360021597978,0.8683749946855018,0.033175147656035534,0.0,0.0,0.0,0.0,0.0
10125_0.h5,9,corrected,29,0.04393177425397134,0.004009091387583955,0.6462623444549187,0.7910379974114612,0.024319946647800336,0.13313172028535414,0.13307154440749192,0.013881953190974738,0.26692273083595985,-0.07733699727404064
10125_0.h5,9,spatial_tke_map,29,0.045411542215733965,0.004144110559599402,0.6504332750587531,0.8710294309438248,0.025490801750832293,0.10393271958089123,0.10387491331216758,0.007517618372893553,0.23162959167131947,0.0026544362583229564
10125_0.h5,9,window_energy,29,0.04467988339947522,0.004077424983554855,0.6768545532329074,0.9140535834484431,0.024663691489552237,0.11836991976592437,0.11829504442457783,-0.03279805134057279,0.2565612142779661,0.045678588762941286
10125_0.h5,10,base,29,0.05118274769051254,0.004671004385108039,0.6496330428350499,0.8577607775137126,0.03276293675508925,0.0,0.0,0.0,0.0,0.0
10125_0.h5,10,corrected,29,0.044573840078508724,0.004067955771207438,0.6368700423447169,0.7582754968530064,0.026094890093248977,0.12912373622389306,0.12910469872886932,0.019646476778081068,0.20352408307245184,-0.09948528066070617
10125_0.h5,10,spatial_tke_map,29,0.04601385021216825,0.004199333879140047,0.6350174635932573,0.8311043163842362,0.027680288442097647,0.10098905806306324,0.10097839074434578,0.022498207877495013,0.1551340879783032,-0.026656461129476394
10125_0.h5,10,window_energy,29,0.04529196310222535,0.0041335598311147935,0.6582875354714537,0.8762043903085386,0.02657113811184519,0.11509316818837234,0.11505974083576331,-0.01332212505483854,0.18898790085666695,0.01844361279482598
10125_0.h5,11,base,29,0.051266875203704494,0.0046791004707335115,0.651234341899979,0.8123129620490899,0.033534461936195754,0.0,0.0,0.0,0.0,0.0
10125_0.h5,11,corrected,29,0.045408377390464556,0.004144479214004822,0.6463096680027194,0.7264782493581967,0.029236026632671542,0.11427452502150182,0.11425727232672145,0.0075620611205665655,0.1281796413403805,-0.08583471269089316
10125_0.h5,11,spatial_tke_map,29,0.046841481324816116,0.004275224026003514,0.6377123316104919,0.7973383519477644,0.03128439972280479,0.08632072583523875,0.08631497597799709,0.02076366281611708,0.06709701255001599,-0.014974610101325503
10125_0.h5,11,window_energy,29,0.046096461765292224,0.004207355338238362,0.659466963395332,0.8389803802479203,0.029833318796711177,0.10085290780583134,0.10081962023380042,-0.012641565356234619,0.11036834724011813,0.02666741819883045
10125_0.h5,12,base,29,0.050969575012068204,0.0046513522409227645,0.6594171003584528,0.7458554710669844,0.03450209341373901,0.0,0.0,0.0,0.0,0.0
10125_0.h5,12,corrected,29,0.04611221264577237,0.004208392318402267,0.6592633153908433,0.6929834929554342,0.03238045354460386,0.09529925186046262,0.09523250435073904,0.000233213496474316,0.06149307648359392,-0.0528719781115502
10125_0.h5,12,spatial_tke_map,29,0.04755628636994471,0.004340107792946867,0.6481799140264031,0.7664224044937464,0.034677835540033515,0.06696717877901315,0.06691483075342208,0.017041090268877346,-0.005093665598404629,0.02056693342676208
10125_0.h5,12,window_energy,29,0.04676384629411789,0.004267939216865741,0.6649049908840227,0.7996836765330244,0.03300774701078031,0.08251449451863224,0.08243044263208921,-0.008322335775925005,0.04331176039201268,0.05382820546604006
10125_0.h5,13,base,29,0.05142399320619429,0.004692768015376377,0.6867638796168136,0.6964224008180862,0.03572152532043548,0.0,0.0,0.0,0.0,0.0
10125_0.h5,13,corrected,29,0.04666342613798013,0.0042586033364479066,0.6752423105798693,0.6541470854922304,0.03231735957494929,0.0925748229843949,0.0925178226381278,0.016776608931985293,0.09529732325116425,-0.04227531532585571
10125_0.h5,13,spatial_tke_map,29,0.04814765365900999,0.004393957954099253,0.6671911664600675,0.7336489442037804,0.03492556039316116,0.06371227403611368,0.06367458615001631,0.0284999164016414,0.022282501100785,0.0372265433856942
10125_0.h5,13,window_energy,29,0.04726810605916255,0.004313865319323242,0.674708625864611,0.7538239144258789,0.03302792382454722,0.08081611107810949,0.08074183399043333,0.017553709666456196,0.07540555650201497,0.057401513607792776
10125_0.h5,14,base,29,0.0519055363384828,0.004736894148191043,0.7080959260075402,0.6376304797225664,0.035808941731044104,0.0,0.0,0.0,0.0,0.0
10125_0.h5,14,corrected,29,0.0473286980938918,0.004319750532714224,0.6864138759852639,0.6210088720664286,0.032278681490766355,0.08817630194098836,0.08806268462556222,0.030620215744674995,0.09858599750847241,-0.016621607656137738
10125_0.h5,14,spatial_tke_map,29,0.04888456753542431,0.004461676692872338,0.6826689691222628,0.711093371388337,0.03487846741651435,0.05820128287199178,0.05810082444502307,0.03590891565870502,0.02598441253914785,0.07346289166577058
10125_0.h5,14,window_energy,29,0.04791777030007074,0.004373624142449801,0.682195133428035,0.7155825797502421,0.0330769572100896,0.07682737371996928,0.07668949197017005,0.03657808444901223,0.07629336106813911,0.07795210002767572
10125_0.h5,15,base,29,0.053108008495498356,0.004844412354333117,0.7273792705920022,0.616867476127937,0.03505764832321745,0.0,0.0,0.0,0.0,0.0
10125_0.h5,15,corrected,29,0.04833729808221497,0.0044109077445681055,0.7116775984347752,0.5720238215540433,0.032575000564165915,0.08983033912272886,0.08948548927245226,0.021586636837268802,0.07081615218917481,-0.04484365457389372
10125_0.h5,15,spatial_tke_map,29,0.050017484277112445,0.00456427370168325,0.7103866879532063,0.673675144864127,0.03510281056579566,0.05819318603611123,0.05782716915072161,0.023361378754945816,-0.0012882279541921449,0.05680766873619003
10125_0.h5,15,window_energy,29,0.04891892372578786,0.0044641492551525585,0.7035296032149433,0.6599175502384715,0.03343904536130859,0.07887858890558053,0.07849519639681979,0.032788489226051376,0.04616975294480652,0.04305007411053452
10125_0.h5,16,base,29,0.05866629546899054,0.00534929689039407,0.7573906914681545,0.7901002668944541,0.03835830643704092,0.0,0.0,0.0,0.0,0.0
10125_0.h5,16,corrected,29,0.049477598613878765,0.004514339918008073,0.7523406109554727,0.5128834182852129,0.03311192867104931,0.15662650558818192,0.15608723716295503,0.006667735119496365,0.13677292491008963,-0.27721684860924123
10125_0.h5,16,spatial_tke_map,29,0.05105015948667686,0.004657865271936229,0.748948214406244,0.6119270991212676,0.0362822366317678,0.1298213211082907,0.1292565420512497,0.011146792741201117,0.0541230830584416,-0.17817316777318648
10125_0.h5,16,window_energy,29,0.05004575363613635,0.0045663808703739215,0.74155113472165,0.5924032564129903,0.0341106725817898,0.14694198370529088,0.14635867779671374,0.020913323763988356,0.11073569846528386,-0.19769701048146382
10125_0.h5,17,base,29,0.06271317859922236,0.005718067035709521,0.8003678750623446,0.9923689580984585,0.04149642213434515,0.0,0.0,0.0,0.0,0.0
10125_0.h5,17,corrected,29,0.05154968728771894,0.004703672967502676,0.7882834952888421,0.4987657852137923,0.03462043334638249,0.17800869866356672,0.17740156977382737,0.015098531750242006,0.1657007624826441,-0.4936031728846662
10125_0.h5,17,spatial_tke_map,29,0.05329691220414868,0.004863150212604425,0.7837990360627846,0.6103360526934898,0.03841586548318085,0.15014812843803838,0.1495115076066985,0.02070152927898239,0.0742366809647097,-0.3820329054049687
10125_0.h5,17,window_energy,29,0.05223873203665094,0.004766827762903124,0.7796705333699275,0.5792944962720653,0.035709480782498644,0.16702145859181983,0.1663567892551584,0.02585978565269742,0.13945639296590961,-0.4130744618263932
10125_0.h5,18,base,29,0.06401907951764456,0.005839471275524735,0.8267879304127683,0.8101964250922377,0.03838504420166202,0.0,0.0,0.0,0.0,0.0
10125_0.h5,18,corrected,29,0.05472727095220503,0.004993272769258248,0.7995920754222908,0.5635645789435888,0.03746955735290867,0.14514123969680903,0.14491012393762437,0.03289338655064811,0.023850092341790585,-0.24663184614864886
10125_0.h5,18,spatial_tke_map,29,0.05706600642949445,0.0052067527569721475,0.8072559616601598,0.7135727900434278,0.04204151215462622,0.10860938864692271,0.1083520217326065,0.02362391616294801,-0.09525761996662951,-0.09662363504880989
10125_0.h5,18,window_energy,29,0.05573381628067225,0.005085527946534529,0.8028672960896457,0.6594955589641401,0.03886465396723261,0.1294186561162407,0.12911157421909858,0.028932007160748507,-0.012494704006354329,-0.15070086612809752
10125_0.h5,19,base,29,0.0732913292259509,0.00668753672782332,1.1065142923508957,1.2535257563504407,0.047590178547803105,0.0,0.0,0.0,0.0,0.0
10125_0.h5,19,corrected,29,0.05898844314268873,0.005382417668900332,0.8406809321133415,0.6645178239448255,0.040553549025457256,0.19515113498852765,0.19515691831539017,0.24024394630526258,0.14785885947617816,-0.5890079324056152
10125_0.h5,19,spatial_tke_map,29,0.06223502738440041,0.0056787527445467095,0.8824989770873265,0.871846496435923,0.045630654867542385,0.15085415912522004,0.1508453746623314,0.20245135269570458,0.041174959625176255,-0.3816792599145177
10125_0.h5,19,window_energy,29,0.060417691207450476,0.005513406984176269,0.8723235559937312,0.7814135185967058,0.04225340314756943,0.1756502188521114,0.1755698385568657,0.2116472764753936,0.11214026849832093,-0.4721122377537349
10125_0.h5,20,base,29,0.08579645367751638,0.007826574319662792,1.595978450796618,2.1548002495259717,0.053188341833953955,0.0,0.0,0.0,0.0,0.0
10125_0.h5,20,corrected,29,0.06278082173215241,0.005728154331711214,0.8976846790765252,0.7017062428577446,0.04468387327612102,0.2682585463482321,0.2681147462791854,0.4375333334679713,0.15989347034699097,-1.453094006668227
10125_0.h5,20,spatial_tke_map,29,0.06706608573864872,0.006119297005257227,0.961810632032538,0.9643430547475083,0.05039647919935772,0.2183116799823639,0.21813851688807873,0.39735362244242134,0.05249012355587268,-1.1904571947784635
10125_0.h5,20,window_energy,29,0.06452160179418673,0.005887688018923107,0.9461696944207877,0.8270952967457109,0.046602301937878225,0.24796889581585224,0.2477311556179309,0.40715384098794327,0.12382487720027746,-1.3277049527802607
11400_10.h5,1,base,42,0.07364063188383595,0.007522559544796768,0.6796405544525527,0.9907508461811603,0.06759699810813301,0.0,0.0,0.0,0.0,0.0
11400_10.h5,1,corrected,42,0.03957332162595887,0.00404174131812335,0.5701610654658618,1.2518623206406225,0.041115235190152255,0.46261566999610204,0.4627172714214064,0.16108439714118605,0.3917594517380584,0.26111147445946226
11400_10.h5,1,spatial_tke_map,42,0.049236385235892854,0.005029346424503779,0.6551061611199843,1.4081095160291053,0.05268305832132225,0.3313964862012516,0.33143149023227125,0.03609907203423235,0.22063020850353954,0.417358669847945
11400_10.h5,1,window_energy,42,0.04292543211699321,0.004384638027173216,0.6597225484659263,1.3974527261068406,0.044328168853894706,0.4170958203521974,0.41713481946367603,0.02930667667804232,0.3442287365633576,0.4067018799256803
11400_10.h5,2,base,42,0.06731736530304519,0.006875388135648096,0.6175361741780039,0.7954366132615756,0.06481898712743601,0.0,0.0,0.0,0.0,0.0
11400_10.h5,2,corrected,42,0.04599782447603684,0.004697206584144974,0.5793779000498767,1.1642640900304784,0.044248960673764194,0.31670194950490627,0.31680852171959584,0.06179115608720298,0.31734569398979573,0.3688274767689028
11400_10.h5,2,spatial_tke_map,42,0.05262933474395211,0.005375014796424086,0.6179799025781113,1.278372288839471,0.053469560959164365,0.2181908114343365,0.21822380200540914,-0.0007185464085535109,0.17509416100498987,0.4829356755778955
11400_10.h5,2,window_energy,42,0.04847790320396346,0.004950880604658291,0.6456131868926853,1.2970757686920813,0.04675154964955919,0.27986036016518756,0.27991256537379394,-0.04546618301681593,0.2787368065834741,0.5016391554305057
11400_10.h5,3,base,42,0.07286659161210407,0.007442954640037532,0.6854205357224263,1.0745713384204854,0.0846117865202916,0.0,0.0,0.0,0.0,0.0
11400_10.h5,3,corrected,42,0.05127587620239912,0.005236984077140937,0.5943019432447934,1.0409540153249561,0.044718908850968936,0.2963047252798696,0.29638371716389655,0.13293822949380252,0.47148133031980777,-0.03361732309552923
11400_10.h5,3,spatial_tke_map,42,0.05613528138976814,0.005733761063164723,0.6056216901154378,1.1321173747155764,0.052036440535149144,0.22961565584682364,0.22963912310826473,0.11642319050578398,0.3849977328788612,0.05754603629509103
11400_10.h5,3,window_energy,42,0.05304922734926282,0.005418387769062651,0.6357407256442924,1.1572476596849977,0.046732457098349736,0.2719677677300517,0.2720111795501514,0.07248077273578024,0.4476838390932407,0.0826763212645123
11400_10.h5,4,base,42,0.06380347121228418,0.006514727685162672,0.6306703419083499,0.8217183226439541,0.051372234290514594,0.0,0.0,0.0,0.0,0.0
11400_10.h5,4,corrected,42,0.056117573700236095,0.005730598568945917,0.617040166196989,0.9262582148908776,0.042984315659074825,0.12046205897600604,0.12036253149960707,0.021612203405851127,0.16327727900650257,0.1045398922469235
11400_10.h5,4,spatial_tke_map,42,0.059672883034024314,0.006094171571320273,0.6138786241836455,1.0072070749347977,0.04763134411402946,0.06473923910059287,0.06455467276095328,0.02662519006981412,0.07281930070103759,0.1854887522908436
11400_10.h5,4,window_energy,42,0.05740022882637994,0.005861879476860899,0.6422414292458473,1.028572390916942,0.0443687742047244,0.10035884042420895,0.10021112774807739,-0.01834728315031331,0.13632772999875775,0.2068540682729879
11400_10.h5,5,base,42,0.06458823534842059,0.006593458705487244,0.6531327018539407,0.7581378233619158,0.049105947009880746,0.0,0.0,0.0,0.0,0.0
11400_10.h5,5,corrected,42,0.05812300597284864,0.005933130419955097,0.6409133994958884,0.8668175619990631,0.04211310731955686,0.10009917968334847,0.10014899842818537,0.018708759067441183,0.1424031123748991,0.1086797386371473
11400_10.h5,5,spatial_tke_map,42,0.06088819710722409,0.006215881555190155,0.6346030880637452,0.9425531979750703,0.04455818126423493,0.057286566527738114,0.057265415188368474,0.02837036598779774,0.09261130316315358,0.1844153746131545
11400_10.h5,5,window_energy,42,0.05916794266539901,0.0060401017060356735,0.6609159679202319,0.9626008006616538,0.04301111757520852,0.0839207427448957,0.08392514826718378,-0.011916821871264638,0.1241159127517868,0.20446297729973795
11400_10.h5,6,base,42,0.06601923798774878,0.0067384917451444315,0.6805890143089871,0.7287650270082737,0.04512535829860383,0.0,0.0,0.0,0.0,0.0
11400_10.h5,6,corrected,42,0.060347075129843046,0.006159064567086976,0.6740544472926212,0.8241967458184469,0.041865573415377055,0.08591681804867723,0.0859876660789819,0.009601340719553875,0.07223842659943236,0.0954317188101732
11400_10.h5,6,spatial_tke_map,42,0.06265778901933572,0.0063953314705509886,0.6674733204589325,0.8963908468914793,0.04290057464183524,0.0509162036834907,0.05092538324183815,0.019271092501208176,0.04930229344766057,0.16762581988320557
11400_10.h5,6,window_energy,42,0.061249366603930495,0.006251451032852541,0.6910154417700161,0.9151017054524779,0.0423805478755422,0.07224971885775833,0.07227740727631504,-0.015319711664189883,0.060826340810385515,0.1863366784442042
11400_10.h5,7,base,42,0.06996941320918239,0.007141575980221415,0.7023105323191215,0.7752447639662202,0.05099384915799156,0.0,0.0,0.0,0.0,0.0
11400_10.h5,7,corrected,42,0.06297361952650737,0.006427418500944394,0.7053552912303231,0.7950626595009347,0.0458935834571453,0.09998359800103229,0.09999998337270077,-0.0043353456499468646,0.10001727237817193,0.01981789553471447
11400_10.h5,7,spatial_tke_map,42,0.06496801067025618,0.006631298377873821,0.6981425194793347,0.8636310376378628,0.04723462280765282,0.07147984111248562,0.07145168009985581,0.005934714984301204,0.0737192114815991,0.08838627367164253
11400_10.h5,7,window_energy,42,0.06379259010355166,0.006511266878701291,0.719628059919666,0.8822818494674546,0.046523919700208985,0.0882789039142623,0.0882591046102098,-0.024657935206182646,0.08765624740218425,0.10703708550123436
11400_10.h5,8,base,42,0.07238669478187014,0.007387491493809078,0.7113387242943329,0.8173247045416965,0.057356073884551675,0.0,0.0,0.0,0.0,0.0
11400_10.h5,8,corrected,42,0.06533008085700147,0.006667442994430236,0.7170770990182309,0.794900045054252,0.05256035272658788,0.0974849583356866,0.09746860622205289,-0.008067007359385148,0.08361313516013658,-0.02242465948744443
11400_10.h5,8,spatial_tke_map,42,0.06733702424072885,0.006872554798337964,0.7103026526401259,0.8671745366259875,0.05474823171740583,0.0697596506700292,0.06970386306402454,0.0014565095626345448,0.04546758504417514,0.04984983208429106
11400_10.h5,8,window_energy,42,0.06614518440508611,0.006750878609719841,0.7315456601808228,0.8818281857341145,0.05336147596509361,0.0862245526694122,0.08617443209548692,-0.02840691107676685,0.06964559546907856,0.064503481192418
11400_10.h5,9,base,42,0.07416674678662927,0.007570161884763509,0.719573644076051,0.822842073378406,0.05912446630515842,0.0,0.0,0.0,0.0,0.0
11400_10.h5,9,corrected,42,0.0677831288141347,0.0069187830676772566,0.7247065920685648,0.792088091114182,0.0560034542541913,0.08607116058170428,0.08604555979143391,-0.007133318507106523,0.05278714965237363,-0.03075398226422399
11400_10.h5,9,spatial_tke_map,42,0.06990284011354658,0.007135364129627877,0.7177312059534726,0.8712616787317439,0.05866247127477035,0.057490814385448785,0.057435727498873046,0.002560458040322011,0.007813939968668415,0.04841960535333789
11400_10.h5,9,window_energy,42,0.06859633944252748,0.007002012134334183,0.7386754654508989,0.8786595351528929,0.05686362561505655,0.07510653474025664,0.07505120221706785,-0.02654602698709896,0.0382386655032626,0.055817461774486876
11400_10.h5,10,base,42,0.07617016528637868,0.007774127688251207,0.7281690707156662,0.8288112685086272,0.061365582147855875,0.0,0.0,0.0,0.0,0.0
11400_10.h5,10,corrected,42,0.07005573132744078,0.007150203959037786,0.730355996938964,0.7868489135100222,0.05879832425296233,0.08027334502884864,0.08025642930413113,-0.003003322046003065,0.04183546876012556,-0.04196235499860501
11400_10.h5,10,spatial_tke_map,42,0.07235814144984462,0.007385387227966154,0.7232347184083784,0.8733022062198375,0.06210102700784107,0.050046154189135716,0.05000438324064893,0.006776382718972296,-0.011984647325812059,0.044490937711210266
11400_10.h5,10,window_energy,42,0.07087180217668308,0.007233706681524414,0.7440951945363363,0.873265818581145,0.05969746211517613,0.0695595590448731,0.06951532421361106,-0.021871464280977415,0.02718331635248783,0.04445455007251786
11400_10.h5,11,base,42,0.07794031438441154,0.007955852477091487,0.7378524943262699,0.8273194088047456,0.06437946945751258,0.0,0.0,0.0,0.0,0.0
11400_10.h5,11,corrected,42,0.07229879449987539,0.007379807855134623,0.7355967846304843,0.7856351655005638,0.06345060019792503,0.07238256516020014,0.07240514119832642,0.0030571282378671905,0.014428035325773414,-0.041684243304181856
11400_10.h5,11,spatial_tke_map,42,0.07482834399475588,0.007638268118682476,0.72938662993653,0.8791994029121477,0.06743473169861507,0.03992760889194036,0.03991833173421455,0.011473654226065833,-0.04745708945487381,0.05187999410740207
11400_10.h5,11,window_energy,42,0.07312968930795073,0.007464827242072816,0.75091667996251,0.872942828664482,0.06464345997830537,0.06172191008537886,0.061718745594209534,-0.017705687433053896,-0.004100538929837194,0.04562341985973639
11400_10.h5,12,base,42,0.07992318343895115,0.008158614315689774,0.744309065075325,0.8229267503193041,0.06593222422226099,0.0,0.0,0.0,0.0,0.0
11400_10.h5,12,corrected,42,0.07425166850168377,0.007579534250372875,0.7313765773213796,0.7898655633737389,0.06606057788397693,0.07096207499792007,0.07097774731222117,0.017375158198075447,-0.0019467515805815516,-0.033061186945565146
11400_10.h5,12,spatial_tke_map,42,0.07703044982467716,0.007863369361055791,0.7261019416433039,0.8887653428611421,0.07104281868072408,0.03619392383792597,0.036188124993995596,0.024461778428264247,-0.07751284775764611,0.06583859254183799
11400_10.h5,12,window_energy,42,0.07511037253962935,0.007667417263035191,0.7476592134568363,0.8775145106827387,0.06749438664518492,0.06021795794705842,0.060205941064031654,-0.004501017841522792,-0.023693458568268655,0.0545877603634346
11400_10.h5,13,base,42,0.08178225278841234,0.008348417460242279,0.7565239751214753,0.8081928128043223,0.06603911245267635,0.0,0.0,0.0,0.0,0.0
11400_10.h5,13,corrected,42,0.0759018448355096,0.007747968361904374,0.736849363200145,0.7874874553797621,0.0663350637185571,0.07190322780807434,0.07192370304880269,0.0260065940648756,-0.004481454321374034,-0.020705357424560256
11400_10.h5,13,spatial_tke_map,42,0.0787655894978291,0.008040409475909468,0.7335067120580531,0.8866128484277741,0.07202475062119724,0.03688652718320162,0.03689417614771173,0.03042502791762325,-0.09063777428580977,0.07842003562345179
11400_10.h5,13,window_energy,42,0.07676389345566646,0.00783621363485156,0.7541458049313234,0.8748427944272624,0.06789722498704383,0.06136244920679079,0.06135340354384411,0.0031435490061897386,-0.02813654613694272,0.06664998162294011
11400_10.h5,14,base,42,0.08388584106440374,0.00856475767623627,0.7517394992532429,0.8161148076202461,0.06870534429251196,0.0,0.0,0.0,0.0,0.0
11400_10.h5,14,corrected,42,0.077226228280681,0.007884891088112321,0.7283442322784048,0.787874578084496,0.06637413708214744,0.07938899698948942,0.07937954742260867,0.031121508179466795,0.03393050765366146,-0.028240229535750117
11400_10.h5,14,spatial_tke_map,42,0.08000969853989684,0.008169216383166996,0.7255533510188186,0.8837998854372748,0.07201608692371547,0.04620735126838593,0.0461824266396631,0.03483407252171389,-0.04818755608163583,0.0676850778170287
11400_10.h5,14,window_energy,42,0.07807736514490482,0.007972082914101833,0.7442230472682481,0.8750658034256948,0.06783911558003335,0.06924262599977304,0.06919924468836625,0.009998745566065725,0.012607879654756626,0.058950995805448714
11400_10.h5,15,base,42,0.08974083759259929,0.009160578043281601,0.7949720666197823,0.9760788823926977,0.08205420191995468,0.0,0.0,0.0,0.0,0.0
11400_10.h5,15,corrected,42,0.07738797948073305,0.007900864383260245,0.7145538934279309,0.7482830766264762,0.06496229734239502,0.13765035454588803,0.1375146474457728,0.10115848917030401,0.20830017448994398,-0.2277958057662215
11400_10.h5,15,spatial_tke_map,42,0.07975865530598554,0.008142993848459198,0.707526141566075,0.8264100550407543,0.06929020151040603,0.11123344237024324,0.1110829676920555,0.10999873923309911,0.15555571940118496,-0.14966882735194342
11400_10.h5,15,window_energy,42,0.07812381531556689,0.007976259464760955,0.7230744690013625,0.83012164559785,0.06602111648588631,0.1294507895031105,0.12928426273156746,0.09044040745246307,0.1953962753755003,-0.14595723679484773
11400_10.h5,16,base,42,0.0950833613184052,0.009706224052526248,0.8240098214825218,1.106730859525959,0.08557197639911428,0.0,0.0,0.0,0.0,0.0
11400_10.h5,16,corrected,42,0.07768666927386761,0.007931898000037515,0.7027102820651662,0.7139546957788515,0.06328154893710294,0.1829625268114089,0.18280291521056824,0.14720642431071862,0.26048746797721567,-0.39277616374710755
11400_10.h5,16,spatial_tke_map,42,0.07964114010258305,0.00813152818493747,0.6918190132778965,0.7765634411456537,0.06612657548079819,0.16240718672229992,0.16223568084428575,0.1604238259767261,0.22724029216786168,-0.3301674183803054
11400_10.h5,16,window_energy,42,0.07832549685940889,0.007997390567939019,0.7084213249865889,0.7915231002725884,0.06393325434115917,0.17624392140365475,0.17605543364131082,0.14027562958894246,0.2528715938151346,-0.31520775925337063
11400_10.h5,17,base,42,0.09451498038499632,0.009651120033971379,0.7676137218911796,0.974417160284426,0.07935677507114855,0.0,0.0,0.0,0.0,0.0
11400_10.h5,17,corrected,42,0.0795041077758976,0.008120401872112465,0.7076595158161133,0.7067664014249276,0.06374183879502608,0.15882003623080276,0.15860523508886792,0.0781046565026956,0.19676878580464807,-0.2676507588594984
11400_10.h5,17,spatial_tke_map,42,0.08159619166523147,0.008334151006972042,0.6961018242085403,0.7692963188030963,0.06550926065579155,0.13668509126428008,0.13645763624985308,0.09316130710437864,0.17449693996437987,-0.2051208414813297
11400_10.h5,17,window_energy,42,0.08016502618823373,0.00818821273207811,0.7125979567265345,0.7825139935142176,0.0641538916599406,0.15182729910443438,0.15157901847080135,0.07167115906826427,0.19157637640362224,-0.19190316677020847
11400_10.h5,18,base,42,0.0929683114026846,0.009497831235351365,0.7596824431251328,0.7495156212073733,0.07194225194300534,0.0,0.0,0.0,0.0,0.0
11400_10.h5,18,corrected,42,0.08230204272919134,0.008407939507256823,0.7118050264765747,0.727631372381962,0.06401224618606413,0.11473015388322161,0.11475164183144415,0.06302293422973293,0.11022737741409017,-0.02188424882541129
11400_10.h5,18,spatial_tke_map,42,0.08516553999287843,0.008700673954857015,0.7096451087342304,0.8089381964598291,0.06603109743112794,0.08392936573849463,0.0839304532520323,0.06586611924985664,0.08216526939635393,0.05942257525245587
11400_10.h5,18,window_energy,42,0.08313470087616509,0.00849340210352115,0.7180028202114507,0.8060684116775049,0.06462013700701356,0.10577378870447629,0.10575352487751977,0.054864533583563135,0.10177767220565404,0.05655279047013162
11400_10.h5,19,base,42,0.103961763149112,0.010624776153663643,0.8138967599910619,0.9106726242174351,0.09132021665085788,0.0,0.0,0.0,0.0,0.0
11400_10.h5,19,corrected,42,0.086828355337188,0.008871906002190885,0.7169732304345333,0.7661941459773935,0.07112376359954123,0.16480489838701196,0.16497949002608703,0.11908577883710092,0.22116080964342433,-0.14447847824004156
11400_10.h5,19,spatial_tke_map,42,0.0911616393716901,0.009314930580115791,0.7368349353613661,0.8840137814546836,0.07635319162292345,0.12312338103637899,0.12328218068821994,0.094682554861801,0.1638960744602419,-0.026658842762751545
11400_10.h5,19,window_energy,42,0.08799470505937998,0.008991601193340585,0.7258754124470899,0.8499396984114173,0.07252860947717601,0.15358587240224586,0.15371382292698055,0.10814805006096684,0.20577707612682639,-0.06073292580601786
11400_10.h5,20,base,42,0.14935083270405486,0.01526340695121391,1.4256713614474066,2.066190722178625,0.17526097995428452,0.0,0.0,0.0,0.0,0.0
11400_10.h5,20,corrected,42,0.09244308839194865,0.009447416658688054,0.7326408816186545,0.7829206051416467,0.08371744915112725,0.38103399413159866,0.3810414222142787,0.4861081582821134,0.5223269368175146,-1.2832701170369782
11400_10.h5,20,spatial_tke_map,42,0.09847581570203204,0.010064325626739163,0.7846619798198866,0.9407757308256718,0.09216320450417965,0.34064099999250674,0.34062390795793207,0.44961931547585976,0.47413734347360315,-1.1254149913529532
11400_10.h5,20,window_energy,42,0.09395431192478135,0.009602493780309515,0.7445523355442245,0.8701185837401086,0.08581065752552684,0.3709153794210449,0.3708813627912986,0.47775317953478347,0.5103835574358315,-1.1960721384385165
11400_15.h5,1,base,42,0.08572640057822604,0.008438048041611875,0.592925857535281,0.9247980000480506,0.10601795536129087,0.0,0.0,0.0,0.0,0.0
11400_15.h5,1,corrected,42,0.04393499588872646,0.004324609820306725,0.4807964978321262,1.1374989619507672,0.05607464162185502,0.4874974851109558,0.4874869402283448,0.18911194085760175,0.47108354022898924,0.2127009619027166
11400_15.h5,1,spatial_tke_map,42,0.055802159702774766,0.00549259766974653,0.5316795354861068,1.2610642336628235,0.07709257268304201,0.3490668064168303,0.34906774141839225,0.10329507689842976,0.27283475312909167,0.3362662336147729
11400_15.h5,1,window_energy,42,0.04782265356515776,0.004707274260137586,0.5466220806662615,1.2592038056309474,0.06014590964591578,0.442147888601491,0.44213706334405034,0.07809370477027022,0.43268185619172794,0.3344058055828968
11400_15.h5,2,base,42,0.07898372903841533,0.007775401463747207,0.5981480575117546,0.7521891707386146,0.09952737145423624,0.0,0.0,0.0,0.0,0.0
11400_15.h5,2,corrected,42,0.05272112458227286,0.0051908957238665085,0.4985655198154076,1.0671990943276997,0.061041208659781514,0.33250651464391,0.332395150518073,0.1664847631715164,0.3866892316366566,0.3150099235890851
11400_15.h5,2,spatial_tke_map,42,0.060753999555208237,0.005981554284823443,0.5220193693939372,1.1561146462025493,0.07757357298593723,0.23080360607360906,0.2307079817405664,0.1272739870367653,0.22058051114505317,0.40392547546393476
11400_15.h5,2,window_energy,42,0.05552246273960347,0.005466803405504338,0.5470315884058101,1.180907561727357,0.06432102198079011,0.2970392330729409,0.2969104642386252,0.08545788699638124,0.35373534897015124,0.4287183909887424
11400_15.h5,3,base,42,0.07914759477540635,0.007789859471728016,0.5882098804263391,0.9466143806666304,0.09734407054877355,0.0,0.0,0.0,0.0,0.0
11400_15.h5,3,corrected,42,0.06039141360452193,0.00594429264821529,0.5379344668916561,0.9819393556535904,0.0655706993167123,0.23697727295577342,0.23691914215024035,0.08547189567479385,0.3264027387897388,0.03532497498695997
11400_15.h5,3,spatial_tke_map,42,0.06591009477287896,0.0064873693970192116,0.5445769655958398,1.0529139204527784,0.0782770052817907,0.1672508184246264,0.16720328260554285,0.07417915999451397,0.19587289867264623,0.10629953978614803
11400_15.h5,3,window_energy,42,0.062399984645095614,0.0061421306373963275,0.5705609586965071,1.0854585877401912,0.06810008545152187,0.21159973563106615,0.21152227974225246,0.030004463231797396,0.30041876133173606,0.13884420707356082
11400_15.h5,4,base,42,0.07533400815259673,0.007413728653215747,0.6082412501764503,0.7722591481757213,0.06489695547366424,0.0,0.0,0.0,0.0,0.0
11400_15.h5,4,corrected,42,0.06777805197098817,0.0066702897990708835,0.5783328878722485,0.8854543512866351,0.06861933131805754,0.1002994048359036,0.10027867068244967,0.04917187431060521,-0.05735825074111345,0.1131952031109138
11400_15.h5,4,spatial_tke_map,42,0.07163310291546078,0.00704961655419613,0.5789287851172512,0.9496279496359196,0.07958035256226015,0.049126620604593274,0.04911322170682375,0.04819216889794231,-0.22625710222345585,0.1773688014601983
11400_15.h5,4,window_energy,42,0.06922466089023864,0.006812799598766582,0.5991856858655842,0.9778258593225923,0.07053970762025752,0.08109680358415272,0.08105625152446183,0.014888112748418614,-0.08694941242479648,0.20556671114687097
11400_15.h5,5,base,42,0.0780379420053703,0.00768106996583771,0.6464415739419896,0.7470465789003116,0.06569303096968983,0.0,0.0,0.0,0.0,0.0
11400_15.h5,5,corrected,42,0.07210136810023914,0.0070969331882240316,0.6200507998413991,0.8200549324400038,0.06910930908527711,0.07607291725764154,0.07604888123811948,0.04082468573247855,-0.052003661045317395,0.07300835353969226
11400_15.h5,5,spatial_tke_map,42,0.07510965929098803,0.007392946672956788,0.6187640940420033,0.8819327204113792,0.07759440725708276,0.037523833139791796,0.037510827809455916,0.042815129805481966,-0.18116649683714736,0.1348861415110676
11400_15.h5,5,window_energy,42,0.07326061717532491,0.007211179491905157,0.6340687821443425,0.9047371531293891,0.0704715366838677,0.0612179756062331,0.06117513263418184,0.019139845418972845,-0.07273991843035277,0.1576905742290775
11400_15.h5,6,base,42,0.08058042622250187,0.007931929470392746,0.6755182581149264,0.7149459307226321,0.06656288715436125,0.0,0.0,0.0,0.0,0.0
11400_15.h5,6,corrected,42,0.07496751543297062,0.007379871625823595,0.656039826227405,0.7701712180931752,0.06801389126407946,0.06965600770133262,0.06959943940875923,0.028834797066591644,-0.021798995983351777,0.05522528737054311
11400_15.h5,6,spatial_tke_map,42,0.07746982216276649,0.007626151108906409,0.6522332959599659,0.8323056640328043,0.07487625016053634,0.03860247712200304,0.038550312711138734,0.034469774688160926,-0.12489486802001482,0.11735973331017213
11400_15.h5,6,window_energy,42,0.07593814556497826,0.007475533122134269,0.6658037037945136,0.8489536495575261,0.06913687646834869,0.05761052497668806,0.05753913344313677,0.014380890825248516,-0.03867003707363681,0.13400771883489393
11400_15.h5,7,base,42,0.08492156534513541,0.008359968115104551,0.7030075109544198,0.7439570512389453,0.07581731614149521,0.0,0.0,0.0,0.0,0.0
11400_15.h5,7,corrected,42,0.07795611613099374,0.007674892708142346,0.6899333374431996,0.7447071018426116,0.06687593881828742,0.08202214815321562,0.08194713155956068,0.01859748766193181,0.11793318173543377,0.0007500506036662857
11400_15.h5,7,spatial_tke_map,42,0.08026748832084858,0.007902413411874929,0.682439640316141,0.8088949661457251,0.07146586687641301,0.054804418705329816,0.05473163257679492,0.029256971394737152,0.057393871038131206,0.0649379149067798
11400_15.h5,7,window_energy,42,0.07884706159367198,0.0077626767290533295,0.698793669173308,0.8203344220979396,0.06779181466979756,0.07153075578359436,0.0714466105405418,0.005994020996149874,0.10585314648595501,0.07637737085899432
11400_15.h5,8,base,42,0.08724168650872884,0.008588314431349836,0.7150765838568688,0.7649715081651113,0.0787018435184431,0.0,0.0,0.0,0.0,0.0
11400_15.h5,8,corrected,42,0.08063607110982886,0.007938274437188822,0.70651584749326,0.7410104001141883,0.07036820538878129,0.07571627352984589,0.07568889091766129,0.011971775550858044,0.1058887283588077,-0.023961108050922997
11400_15.h5,8,spatial_tke_map,42,0.08308935033559883,0.008179780023722013,0.6983922113360735,0.8125533635193547,0.07410196461410032,0.047595780633087004,0.04756863653437671,0.023332287614293956,0.05844690160612109,0.04758185535424342
11400_15.h5,8,window_energy,42,0.08151823989585057,0.00802516996456405,0.7156969848307058,0.8161513795446825,0.07112257584426877,0.06560449301155613,0.06557101178435487,-0.0008676007407357744,0.09630355955255598,0.05117987137957125
11400_15.h5,9,base,42,0.08833939577947929,0.008696297566440156,0.7269782640286868,0.761974138419592,0.07751398465778518,0.0,0.0,0.0,0.0,0.0
11400_15.h5,9,corrected,42,0.08276359656497789,0.00814755670347963,0.719062167965681,0.7358491971310597,0.07261324476338692,0.06311792338290612,0.0631005159112964,0.010889040917313353,0.06322394489245309,-0.026124941288532377
11400_15.h5,9,spatial_tke_map,42,0.08542479205611599,0.008409551478281005,0.7106870189962498,0.8151668741534557,0.07664365884779994,0.032993249474322806,0.032973352851417115,0.022409535248215096,0.011227984393108126,0.05319273573386363
11400_15.h5,9,window_energy,42,0.0836123335334199,0.008231160311392923,0.7279524771866678,0.8103825084407512,0.07324272020735835,0.05351023973335178,0.05348681453153603,-0.0013400856754397505,0.05510314647458703,0.048408370021159164
11400_15.h5,10,base,42,0.09077829184748507,0.008935922108683299,0.7398990324536158,0.757215701877481,0.07831135400035681,0.0,0.0,0.0,0.0,0.0
11400_15.h5,10,corrected,42,0.08547895177930845,0.008414453654928518,0.7292042748032774,0.7175175451021106,0.07539223605117124,0.05837673259020937,0.05835642336766278,0.014454347392336642,0.03727579463346109,-0.03969815677537036
11400_15.h5,10,spatial_tke_map,42,0.08832295046234931,0.008694400256304352,0.7208400683969293,0.8013687716160912,0.08123497090615858,0.027047671146543828,0.027028195796856003,0.025758871441531883,-0.037333244241805064,0.04415306973861022
11400_15.h5,10,window_energy,42,0.08627008934549907,0.008492371426749072,0.7344537717097985,0.7897017355607132,0.07616231701899087,0.049661680234743155,0.04963681157238553,0.00735946460932646,0.0274422145906984,0.03248603368323222
11400_15.h5,11,base,42,0.09324882999956408,0.009180112090415303,0.7452073307724826,0.7699837018813535,0.08022471332943637,0.0,0.0,0.0,0.0,0.0
11400_15.h5,11,corrected,42,0.08766567346482693,0.008630775317749674,0.7329311063934315,0.7133258638897273,0.0779040398351768,0.05987374356078512,0.059839876382247636,0.016473568994987642,0.02892716468465162,-0.05665783799162616
11400_15.h5,11,spatial_tke_map,42,0.09059685035922371,0.008919298978586383,0.7249310651267599,0.8016869208045468,0.08481001249948361,0.028439816782181215,0.028410667458105165,0.027208891819011427,-0.0571556940467719,0.03170321892319339
11400_15.h5,11,window_energy,42,0.08841306882985718,0.00870440078477908,0.7375808322461053,0.7851150969898154,0.07890080946269307,0.05185867929634613,0.051819770929910525,0.010234062671487298,0.01650244434413617,0.015131395108461954
11400_15.h5,12,base,42,0.09679541139567308,0.009527945973717273,0.74361198391484,0.7940893830708976,0.0850619674429047,0.0,0.0,0.0,0.0,0.0
11400_15.h5,12,corrected,42,0.09034841569563869,0.00889382720416862,0.7272865115728092,0.7198034343353905,0.08139574724475385,0.06660435249023156,0.06655356477648622,0.021954288923751952,0.04310058076909273,-0.07428594873550709
11400_15.h5,12,spatial_tke_map,42,0.09343399067682179,0.009197419036628325,0.7226193420485745,0.8105373628542758,0.0888207638804856,0.03472706681425963,0.034690261468809935,0.028230639527549117,-0.04418891956741855,0.016447979783378197
11400_15.h5,12,window_energy,42,0.0910805871791337,0.008965936776673275,0.7321534980609081,0.7922174984867122,0.08250554935508744,0.059040238934248035,0.05898534674674827,0.0154092269917534,0.030053596979557007,-0.0018718845841854126
11400_15.h5,13,base,42,0.099303998470962,0.009773252082505287,0.7382001011967695,0.8145548568774278,0.09134223394085933,0.0,0.0,0.0,0.0,0.0
11400_15.h5,13,corrected,42,0.0920928433518921,0.009064407484350476,0.7206611226270868,0.7292685366110927,0.08620118413175024,0.07261696638709414,0.07252904070935462,0.02375911157591082,0.056283381600210625,-0.08528632026633509
11400_15.h5,13,spatial_tke_map,42,0.09521440071892166,0.009371428364165374,0.7196147041365263,0.8172339661095281,0.09438263241401608,0.04118260910950322,0.041114637681268995,0.02517663846172946,-0.03328579061384995,0.002679109232100352
11400_15.h5,13,window_energy,42,0.09282807555926376,0.009136818655653193,0.7268500331248053,0.8030512005095704,0.08737527912828677,0.06521311338326319,0.06511992338674544,0.0153753271688305,0.0434295795211338,-0.01150365636785744
11400_15.h5,14,base,42,0.1024192177193197,0.010081277647167501,0.7398923610926973,0.8297097406829023,0.101596162801297,0.0,0.0,0.0,0.0,0.0
11400_15.h5,14,corrected,42,0.09414251128005945,0.009268046176888386,0.7137659002823482,0.7316736962122194,0.0918468671507777,0.08081204507871365,0.08066750056304672,0.03531116441284066,0.09596125859189286,-0.09803604447068281
11400_15.h5,14,spatial_tke_map,42,0.09710685642701941,0.009559619961635197,0.7126524097197154,0.8117194340148246,0.10035945008022795,0.05186879387088106,0.051745195776734976,0.03681610029430904,0.012172829041662059,-0.01799030666807766
11400_15.h5,14,window_energy,42,0.09485738430298063,0.00933848715039349,0.7202573621568594,0.8058733821385259,0.09317636975819651,0.07383217314803459,0.0736801943930896,0.026537642457668098,0.08287510877323212,-0.02383635854437638
11400_15.h5,15,base,42,0.11016542466023785,0.010841249826564283,0.7734164280722178,0.9656760397334249,0.12284977869729391,0.0,0.0,0.0,0.0,0.0
11400_15.h5,15,corrected,42,0.09533502616501896,0.009384213734966732,0.7000540150349236,0.7154176358915734,0.09324317575774277,0.13461935576391093,0.1343974278710356,0.09485499709406742,0.24099842306189934,-0.2502584038418515
11400_15.h5,15,spatial_tke_map,42,0.09772808592611688,0.009619529377557839,0.6944483832471084,0.7780112112084261,0.1005918473391793,0.1128969345189661,0.11269184536388654,0.10210288010294977,0.18118006881362747,-0.18766482852499877
11400_15.h5,15,window_energy,42,0.09594521456650427,0.009444347318022598,0.7051688992557165,0.7880433971466723,0.09424798752568843,0.12908051811709753,0.12885068888633655,0.08824163327718804,0.23281923235760382,-0.1776326425867526
11400_15.h5,16,base,42,0.11489034949147683,0.011309333526258323,0.7825816947660361,1.010642391619307,0.12305476149245255,0.0,0.0,0.0,0.0,0.0
11400_15.h5,16,corrected,42,0.09659836099320929,0.009510750236178414,0.685061859270303,0.7116753688267539,0.09285796921047791,0.1592125759842391,0.15903530353083217,0.12461297797783011,0.24539312348207454,-0.29896702279255316
11400_15.h5,16,spatial_tke_map,42,0.09864225551210833,0.009711855552702249,0.677045076268608,0.764187305220968,0.09878500164159489,0.14142261775062215,0.14125306056692077,0.13485699857697253,0.19722731210483246,-0.24645508639833902
11400_15.h5,16,window_energy,42,0.09716740299504763,0.009566873102336303,0.6887281082544561,0.784027818749384,0.09373111325795097,0.1542596621463319,0.15407277713371237,0.1199281648667222,0.23829755044708378,-0.22661457286992304
11400_15.h5,17,base,42,0.11425907134438704,0.011248561627948996,0.7436588237593957,0.8779405821758678,0.11053567458163889,0.0,0.0,0.0,0.0,0.0
11400_15.h5,17,corrected,42,0.09929149914291276,0.009776414322377107,0.6774481524048392,0.7313689344082991,0.09074926745778952,0.1309967954873419,0.13087427124140782,0.08903366602959639,0.1790047167915515,-0.1465716477675687
11400_15.h5,17,spatial_tke_map,42,0.10169102128943616,0.010012823030387174,0.6702659496546491,0.7895687278023719,0.0959586555588823,0.10999608089820412,0.10985747675430924,0.098691593187486,0.131876148383121,-0.08837185437349593
11400_15.h5,17,window_energy,42,0.09996130949134892,0.00984254211284071,0.6810402507778454,0.8058779829990832,0.09184959660862632,0.1251345883071585,0.12499549378960484,0.0842033617849064,0.16905020070431198,-0.07206259917678459
11400_15.h5,18,base,42,0.11427365416853379,0.011249960250002336,0.7505849554405711,0.7404227215283588,0.10889590780565445,0.0,0.0,0.0,0.0,0.0
11400_15.h5,18,corrected,42,0.10297054887673596,0.01013602802650945,0.6804028207241947,0.7583378178231858,0.09758696399461785,0.09891260915773037,0.09901654750225952,0.09350325264004478,0.10385095306996817,0.017915096294827015
11400_15.h5,18,spatial_tke_map,42,0.10643806376541583,0.010477735022402625,0.6791335080615067,0.8353269984286238,0.104959634683322,0.06856865180456928,0.06864248499007375,0.09519435056771752,0.03614711701891926,0.09490427690026504
11400_15.h5,18,window_energy,42,0.10386745447986516,0.010224559023396326,0.6865939489704843,0.835649219391564,0.09910163276063534,0.09106385688271845,0.09114709775137186,0.08525484824369545,0.08994162629599323,0.09522649786320525
11400_15.h5,19,base,42,0.13095141684869058,0.012893728704734557,0.8150469965288734,0.923134780907175,0.14546615876608648,0.0,0.0,0.0,0.0,0.0
11400_15.h5,19,corrected,42,0.10873770202525923,0.010705423955452691,0.6977364806870663,0.7937678741022406,0.10951899315793714,0.1696332529880028,0.16971853521924374,0.14393098354010225,0.24711703335724533,-0.12936690680493446
11400_15.h5,19,spatial_tke_map,42,0.114398848291834,0.011263301391260203,0.7112538549665084,0.9061131171226772,0.12303287434020105,0.12640236322133458,0.12645118807840772,0.1273462045801037,0.15421651754727894,-0.017021663784497876
11400_15.h5,19,window_energy,42,0.11004650491107341,0.010834624497580367,0.7077441844924158,0.8750086139848472,0.11193365411743086,0.15963868464112918,0.1596981179228698,0.1316523004114356,0.2305175645874914,-0.04812616692232785
11400_15.h5,20,base,42,0.1834283820688356,0.01805550477502094,1.383396999637996,1.9080828151453224,0.24655271193973174,0.0,0.0,0.0,0.0,0.0
11400_15.h5,20,corrected,42,0.11609337001920791,0.0114303846800163,0.7216080928236398,0.8134285751976446,0.11998679763104167,0.3670915661479188,0.3669307603169436,0.4783796025201237,0.5133422111358821,-1.094654239947678
11400_15.h5,20,spatial_tke_map,42,0.1245947074777625,0.01226798350871893,0.7784972462886447,0.9715766193033573,0.1384017356493689,0.3207446629987417,0.32054054087199,0.4372568058971069,0.43865255198166175,-0.9365061958419651
11400_15.h5,20,window_energy,42,0.11786832741423081,0.011605675681208141,0.7361415252591499,0.8979512192817787,0.12342823762372349,0.35741499715132374,0.35722230833091284,0.4678739902921709,0.49938397897689835,-1.0101315958635437
13950_5.h5,1,base,42,0.04883315107581578,0.0059510564529099775,0.7209583284154285,0.824712127513561,0.04391108845250132,0.0,0.0,0.0,0.0,0.0
13950_5.h5,1,corrected,42,0.030087017080453603,0.0036666672975182468,0.7320486801011952,1.3013625785711112,0.02278062696032452,0.3838813097737215,0.38386279368509413,-0.015382791554876318,0.48121015071247086,0.4766504510575501
13950_5.h5,1,spatial_tke_map,42,0.035250473736215746,0.004295722671332494,0.733912567548642,1.4967250283028135,0.028622487157741267,0.278144601369514,0.2781579698791212,-0.017968083067554153,0.34817176785079595,0.6720129007892525
13950_5.h5,1,window_energy,42,0.033467246020571564,0.004078245812354434,0.8693128500879806,1.5416830041932927,0.025312298469939452,0.3146613461701032,0.31470221386318176,-0.20577405908967838,0.42355565844559295,0.7169708766797317
13950_5.h5,2,base,42,0.04682543076118956,0.005707016576177079,0.7413421490714024,0.6880490468735863,0.04165753750121225,0.0,0.0,0.0,0.0,0.0
13950_5.h5,2,corrected,42,0.03573871660486248,0.004355666007522659,0.7641507097169067,1.179789456875524,0.02594946077697058,0.23676694428865996,0.2367875667814584,-0.030766577448852805,0.3770764588229575,0.4917404100019378
13950_5.h5,2,spatial_tke_map,42,0.038960988840777595,0.004748368776460774,0.7343709127218734,1.315336293089411,0.031455219978018985,0.1679523667496139,0.1679770484140537,0.009403534330620578,0.24490928017279878,0.6272872462158248
13950_5.h5,2,window_energy,42,0.038251806738089957,0.004661658451385013,0.8776924879018855,1.3961562857376812,0.02814936474889142,0.18309760067825576,0.18317068311238605,-0.18392362959704123,0.32426719298824935,0.708107238864095
13950_5.h5,3,base,42,0.04989074168313573,0.00608107247445817,0.7481672941323306,0.914699172914811,0.04216389686679748,0.0,0.0,0.0,0.0,0.0
13950_5.h5,3,corrected,42,0.03987109994672169,0.004858854323383381,0.7957730704661821,1.0350404977990495,0.029403345853033874,0.20083168536660423,0.20098726930296773,-0.06362985485627393,0.3026416427797515,0.12034132488423854
13950_5.h5,3,spatial_tke_map,42,0.04228029479545099,0.005152446155338079,0.7657806461027101,1.1612044061980547,0.034318194060551976,0.15254226798270376,0.1527076552730663,-0.023541996701160528,0.1860763209584574,0.2465052332832437
13950_5.h5,3,window_energy,42,0.0417528352399552,0.0050878641147304345,0.8791946511069584,1.220851692534112,0.031208538517530686,0.163114561312111,0.16332782809272983,-0.1751310943451272,0.2598279372486971,0.306152519619301
13950_5.h5,4,base,42,0.0475346733623215,0.005793237024202613,0.8030566412614994,0.6738915436059253,0.0330942533051903,0.0,0.0,0.0,0.0,0.0
13950_5.h5,4,corrected,42,0.04400554371446821,0.00536261375286794,0.7974532699445072,0.8453572757275865,0.03191753855974214,0.07424327124230679,0.0743320650502719,0.006977554295784283,0.03555646760169129,0.17146573212166116
13950_5.h5,4,spatial_tke_map,42,0.04601968338913519,0.005608033740837822,0.7881961982608333,0.9808036641954511,0.03647396363826866,0.03187126082972458,0.031968877259994866,0.01850485038928551,-0.10212378269759315,0.30691212058952577
13950_5.h5,4,window_energy,42,0.04537078708200827,0.005528709303697646,0.8424425480032264,0.9949508333591603,0.03344431924504278,0.04552227094987127,0.04566147033167123,-0.04904499224345704,-0.010577846752553022,0.32105928975323506
13950_5.h5,5,base,42,0.0497092324450524,0.00605839307629864,0.8121252058346168,0.6003550135375113,0.03137464414626276,0.0,0.0,0.0,0.0,0.0
13950_5.h5,5,corrected,42,0.04598795628378142,0.005604653834406249,0.8098935641151629,0.7721655640772479,0.03236032276393533,0.07486086544153348,0.07489432200553114,0.0027479035294323273,-0.03141640788266864,0.1718105505397366
13950_5.h5,5,spatial_tke_map,42,0.04785111029121667,0.0058316750450214195,0.8084509039940867,0.9057387803822323,0.03569605238618061,0.03737981985317629,0.037422139570998714,0.004524304644323962,-0.13773568936024416,0.305383766844721
13950_5.h5,5,window_energy,42,0.04720201707832347,0.005752381368234568,0.8424387150955869,0.9084405916142295,0.03367086268211174,0.05043761980232453,0.0505103753107794,-0.0373261524740105,-0.07318707823886172,0.3080855780767182
13950_5.h5,6,base,42,0.04986392514021703,0.006076673523499544,0.8033295443845586,0.5907191608589926,0.031144118860179818,0.0,0.0,0.0,0.0,0.0
13950_5.h5,6,corrected,42,0.046805578756918875,0.005703887123154899,0.807201447569499,0.7460488466231289,0.030600796129729085,0.061333847560096855,0.06134711679062832,-0.0048198192286164065,0.017445435938963527,0.1553296857641363
13950_5.h5,6,spatial_tke_map,42,0.04850917642563656,0.005911469587354593,0.8055813669871644,0.8767685239113066,0.03298071129914163,0.027168914416001555,0.027186574283788567,-0.0028031118964146895,-0.058970762576623814,0.286049363052314
13950_5.h5,6,window_energy,42,0.047927173692848615,0.0058404019345562564,0.8355738060489062,0.8780625917579066,0.031687291520539715,0.03884073389574294,0.03888173159699715,-0.04013827437287931,-0.01744061736979763,0.287343430898914
13950_5.h5,7,base,42,0.05113954120492599,0.0062314804102568105,0.8091348624559541,0.6235385316578248,0.03062414095357175,0.0,0.0,0.0,0.0,0.0
13950_5.h5,7,corrected,42,0.047857158150710045,0.005831312052375223,0.8132949852328379,0.7058350505277013,0.028508935286339403,0.06418483578221401,0.0642172215165635,-0.005141445474561079,0.06906987759882444,0.08229651886987654
13950_5.h5,7,spatial_tke_map,42,0.049399070498164006,0.006019144383360577,0.8119030170381694,0.8293498414181261,0.030283223632423164,0.0340337567712542,0.03407473231348601,-0.003421128801462281,0.011132306426666516,0.20581130976030126
13950_5.h5,7,window_energy,42,0.04887689703741962,0.005955455111691692,0.8369355762346622,0.8306382265790213,0.029508001919082167,0.04424451440499866,0.044295300697855144,-0.0343585662522623,0.036446378567213555,0.2070996949211965
13950_5.h5,8,base,42,0.052618414303445125,0.006411586656295855,0.8128634975868716,0.6234143888459854,0.032820763657673904,0.0,0.0,0.0,0.0,0.0
13950_5.h5,8,corrected,42,0.04912185228257172,0.005985540408493715,0.8045791415253069,0.6678121517207375,0.029809246470004696,0.06645129974288255,0.06644942517992547,0.0101915710155005,0.09175646304515761,0.044397762874752056
13950_5.h5,8,spatial_tke_map,42,0.050579413868782834,0.006163023032455167,0.8037268479417821,0.7875504161443506,0.03146500757224403,0.03875070090298771,0.038767880271353805,0.011240078650613938,0.04130787752444265,0.16413602729836518
13950_5.h5,8,window_energy,42,0.050046287689031375,0.006098088404902449,0.8203034126991151,0.7863039038471593,0.030639215480718737,0.048882632600453446,0.04889558048561449,-0.009152723839033428,0.06646853801785613,0.16288951500117388
13950_5.h5,9,base,42,0.05363832187443559,0.006536403631676679,0.8177404606776748,0.6073928945865154,0.034000555998299535,0.0,0.0,0.0,0.0,0.0
13950_5.h5,9,corrected,42,0.050171712989336585,0.006114279303563394,0.8057602125953219,0.6356932736547797,0.030951974027821787,0.06462933149202821,0.06458051734559178,0.01465042841640074,0.08966270935775922,0.028300379068264325
13950_5.h5,9,spatial_tke_map,42,0.0515545610675613,0.00628265845189192,0.8048666243104754,0.7515403387515215,0.032870191937448966,0.03884835942019693,0.03882030457162422,0.015743181346965063,0.03324545813036417,0.14414744416500613
13950_5.h5,9,window_energy,42,0.05101971584228289,0.0062175473710822235,0.8180611485768181,0.7489283995385849,0.031829777001173974,0.04881968601259967,0.04878160507855067,-0.00039216342417192074,0.06384539703509928,0.14153550495206957
13950_5.h5,10,base,42,0.05463218484835557,0.006656720650909519,0.8137395199310785,0.5879183553782724,0.035621336852276315,0.0,0.0,0.0,0.0,0.0
13950_5.h5,10,corrected,42,0.051096745014867044,0.006226291672763095,0.8010513482761598,0.6039315725309615,0.03327432363946971,0.06471349888901501,0.0646608143437134,0.015592424042515929,0.06588784757124089,0.016013217152689108
13950_5.h5,10,spatial_tke_map,42,0.05240337551296913,0.00638536169209135,0.7971841783539789,0.7147879055312428,0.03550775049813672,0.040796635565153117,0.04076466071639828,0.02034476779314076,0.0031887167685662465,0.1268695501529704
13950_5.h5,10,window_energy,42,0.05188265720354795,0.006322022023630992,0.8089144625737384,0.7116669013989275,0.034255125000198304,0.050327982533365234,0.050279806654166315,0.005929486327207911,0.038353750106116746,0.1237485460206551
13950_5.h5,11,base,42,0.056164284327841256,0.00684348936750402,0.8190455653863918,0.5676891190366012,0.03825264765914713,0.0,0.0,0.0,0.0,0.0
13950_5.h5,11,corrected,42,0.05280742339888976,0.006434826236098595,0.8142381115963604,0.570449131763578,0.03633176559349335,0.059768605068603375,0.059715608435945255,0.0058695803911269495,0.05021566305082825,0.0027600127269767905
13950_5.h5,11,spatial_tke_map,42,0.054021336732039515,0.006582572145116309,0.806592565878722,0.6743608737601902,0.03876564687764961,0.03815498802215589,0.038126342918959444,0.015204281707813294,-0.013410815979944424,0.10667175472358892
13950_5.h5,11,window_energy,42,0.05357208588205098,0.006527949128146107,0.8207228624407443,0.6716495588911149,0.037396039448927665,0.046153858752283505,0.04610809229225077,-0.0020478678174165044,0.022393435817889884,0.10396043985451364
13950_5.h5,12,base,42,0.057557431271374554,0.0070122037421201005,0.8280911718068223,0.5462481925372693,0.0410814906089954,0.0,0.0,0.0,0.0,0.0
13950_5.h5,12,corrected,42,0.054156006409390965,0.006597999571548145,0.8317133533279327,0.5433839295843824,0.03775965156710573,0.059096189438100244,0.05906904388472933,-0.0043741337239560085,0.08085974955257114,-0.002864262952886887
13950_5.h5,12,spatial_tke_map,42,0.05532642554375219,0.0067404317590153435,0.8243557370140395,0.6430834443319188,0.04039367694801748,0.03876138455699163,0.03875700038096552,0.004510897978337813,0.016742665633152853,0.09683525179464947
13950_5.h5,12,window_energy,42,0.05492717553923613,0.006691889276244813,0.8386185894335612,0.640137648813903,0.03889626448082549,0.04569793463744354,0.045679572022595316,-0.012712872670492148,0.053192474172089166,0.0938894562766337
13950_5.h5,13,base,42,0.05885037358676598,0.0071677604465614315,0.8365690548184388,0.5052998827826035,0.04058415787348976,0.0,0.0,0.0,0.0,0.0
13950_5.h5,13,corrected,42,0.055419302494350564,0.006749987238379841,0.8338013461016707,0.516618672614324,0.03699381525953271,0.05830160257788031,0.058285040536198096,0.0033084043700000176,0.08846660377058913,0.011318789831720522
13950_5.h5,13,spatial_tke_map,42,0.0566235370216205,0.00689648568326175,0.8290223017987024,0.6179872118028051,0.03988554091716486,0.037838953764029126,0.03784651640106351,0.009021075996379357,0.0172140311128951,0.11268732902020162
13950_5.h5,13,window_energy,42,0.05618464086856538,0.0068431292354763865,0.8354267684121862,0.6107049624035922,0.03814265485508985,0.0452967849774204,0.04529046603960929,0.0013654418600272944,0.06015901638296017,0.10540507962098866
13950_5.h5,14,base,42,0.05971574084356918,0.007272259827048943,0.8511856625215731,0.46799667417188107,0.039814602764323734,0.0,0.0,0.0,0.0,0.0
13950_5.h5,14,corrected,42,0.05620089607639873,0.006844637861166503,0.8471844502736839,0.4910790290132191,0.03584447377505081,0.05885960246860056,0.058801799722819736,0.004700751462419994,0.09971539871372015,0.023082354841338026
13950_5.h5,14,spatial_tke_map,42,0.05741065592377962,0.006991800518694438,0.843665019131558,0.5934324804536969,0.038116577215346316,0.03860095993496826,0.03856563365782739,0.00883549115211335,0.04264831069717345,0.12543580628181583
13950_5.h5,14,window_energy,42,0.056906730870762215,0.006930517506251722,0.8443627139107301,0.5802839109106138,0.03673414206071866,0.04703969059289448,0.04699258950101337,0.008015817125761382,0.07737012276222821,0.11228723673873275
13950_5.h5,15,base,42,0.06354532405500792,0.00773701908178787,0.8460571474422113,0.6370680289850978,0.04466229615730742,0.0,0.0,0.0,0.0,0.0
13950_5.h5,15,corrected,42,0.0559204226674283,0.006810222738503309,0.8475774105060477,0.436497533384815,0.033413784069965535,0.11999154148587132,0.11978726347801605,-0.0017968798779521844,0.251857003673141,-0.20057049560028284
13950_5.h5,15,spatial_tke_map,42,0.05703423452372627,0.006945776031870259,0.8402448515473773,0.5323368179395536,0.035072049115357024,0.10246370804003346,0.10226717054118617,0.006869862056488318,0.21472803386937578,-0.10473121104554428
13950_5.h5,15,window_energy,42,0.05644185453826868,0.0068736905742265405,0.8361713068847924,0.5153834192831711,0.03391462177221273,0.11178587287697406,0.11158412541511165,0.011684601433018638,0.2406431220472799,-0.12168460970192674
13950_5.h5,16,base,42,0.06831379530608243,0.008315673971404678,0.8840402621213198,0.8946621057521646,0.045686031884179724,0.0,0.0,0.0,0.0,0.0
13950_5.h5,16,corrected,42,0.05542188900990616,0.006748487867777859,0.847860998250207,0.41191698601076104,0.031025934982368247,0.18871600148130574,0.18846170605244295,0.04092490514436298,0.32088794533473175,-0.4827451197414036
13950_5.h5,16,spatial_tke_map,42,0.056348889611192735,0.006861379382572212,0.8346691568660344,0.49567958646264804,0.03229961793412567,0.1751462591308316,0.17488595558620823,0.055847122999597154,0.29300890005046676,-0.3989825192895166
13950_5.h5,16,window_energy,42,0.055832560330873,0.00679851358254493,0.833113635606916,0.48534443594750903,0.031385247448719275,0.1827044584375207,0.18244587198546347,0.057606682293181555,0.3130231242607122,-0.4093176698046556
13950_5.h5,17,base,42,0.0681901107225929,0.008300794627248387,0.8363688485111398,0.8423339294109059,0.042774091509001876,0.0,0.0,0.0,0.0,0.0
13950_5.h5,17,corrected,42,0.05674315345711881,0.006909597056504758,0.8555842655775507,0.4605261532835995,0.031694754437297405,0.16786828975893509,0.1675981196037365,-0.022974812011013146,0.25901981037686816,-0.3818077761273064
13950_5.h5,17,spatial_tke_map,42,0.05787872929842998,0.007047974241146574,0.844369221261096,0.54983688269544,0.03341230738683833,0.1512152028336058,0.15092776563695176,-0.009565603458567384,0.21886576177061168,-0.29249704671546595
13950_5.h5,17,window_energy,42,0.057318655086348945,0.006979721742132117,0.8476841196921996,0.5424142506124863,0.032249827561396036,0.15942862566201998,0.15915017109081153,-0.013529044274189106,0.24604295676019194,-0.29991967879841963
13950_5.h5,18,base,42,0.06787717675626448,0.008265844278447707,0.9127298222769318,0.8590455753290301,0.04192949522284941,0.0,0.0,0.0,0.0,0.0
13950_5.h5,18,corrected,42,0.05972057187133267,0.007272656035799579,0.8664625437624496,0.6028631948046412,0.034553892211270726,0.12016712059520096,0.1201556924121785,0.05069109980329345,0.17590488443465357,-0.2561823805243889
13950_5.h5,18,spatial_tke_map,42,0.061612764431667036,0.007503322380211218,0.8723555090371388,0.732005561713016,0.03722898117235739,0.09229040782134901,0.0922497294347393,0.04423468178028156,0.11210519052303036,-0.12704001361601414
13950_5.h5,18,window_energy,42,0.0608101505578975,0.007405410988857739,0.8823612309436063,0.7131266874756159,0.03564553900296541,0.10411491072681889,0.10409502775577983,0.03327226808209993,0.14986958909201387,-0.14591888785341423
13950_5.h5,19,base,42,0.07881404226227272,0.009600152223632294,1.320031359463113,1.5105174686203078,0.05243055136526591,0.0,0.0,0.0,0.0,0.0
13950_5.h5,19,corrected,42,0.06411907145350354,0.0078086893479287845,0.9228646355332488,0.7741955167780267,0.039953134434110964,0.18645117528508592,0.18660775724925904,0.3008767337856284,0.23797989161374633,-0.7363219518422811
13950_5.h5,19,spatial_tke_map,42,0.06714101545958416,0.008176995968120276,0.9664719538587759,0.9650416191909409,0.044541483450217675,0.14810846478148842,0.14824309264687419,0.26784167138888104,0.15046700272304525,-0.5454758494293669
13950_5.h5,19,window_energy,42,0.06589028960664262,0.008024436350221573,0.9785948315453155,0.9179293266774982,0.04190673183037686,0.16397779234090293,0.16413446752769678,0.258657891322118,0.20071922306468148,-0.5925881419428096
13950_5.h5,20,base,42,0.10143504620413096,0.012353888730165923,1.7133979477055363,2.8190348359927615,0.0752371356315909,0.0,0.0,0.0,0.0,0.0
13950_5.h5,20,corrected,42,0.06767046731089706,0.008242228285703826,0.961343680002859,0.8524823904998717,0.04430600055780727,0.33286896547850975,0.33282317287043217,0.4389256265363083,0.41111526660507436,-1.9665524454928898
13950_5.h5,20,spatial_tke_map,42,0.07170713380289048,0.008734170654867526,1.034735793968085,1.0926205868484342,0.050776091215242423,0.2930733855182076,0.2930023213224927,0.3960913777480991,0.32511929396309536,-1.7264142491443273
13950_5.h5,20,window_energy,42,0.06987442034327966,0.00851066144425953,1.0384354439128323,1.0121264619602488,0.04692252834051727,0.31114123808193217,0.3110945362913897,0.3939321304175525,0.37633818796239193,-1.8069083740325127
16500_10.h5,1,base,42,0.06926838841131679,0.009965182141209668,0.6228027159603003,0.9684183733841846,0.08569993326448605,0.0,0.0,0.0,0.0,0.0
16500_10.h5,1,corrected,42,0.039786618927060806,0.00572487424827587,0.5963910430572023,1.2538022534019315,0.04753878566072814,0.4256165064674634,0.4255123321227192,0.042407767702769106,0.4452879500615883,0.28538388001774695
16500_10.h5,1,spatial_tke_map,42,0.04620902870627129,0.006648813579616091,0.6122854006732142,1.3360076948998798,0.05924164066204501,0.3328987469452682,0.3327955791072982,0.016887073574927247,0.30873177603051094,0.36758932151569523
16500_10.h5,1,window_energy,42,0.04142723000167362,0.005961027412887625,0.630974526338645,1.3253926382559056,0.04893076969351656,0.40193166100995337,0.4018145049013606,-0.013121025597559566,0.42904541661068696,0.356974264871721
16500_10.h5,2,base,42,0.06499874224163651,0.009351954170580589,0.6436685344021287,0.774552267311868,0.08140535462402508,0.0,0.0,0.0,0.0,0.0
16500_10.h5,2,corrected,42,0.046281711715342774,0.006659550520990737,0.6150016696763377,1.1784424482439193,0.05138396160292883,0.2879598878500159,0.2878974383834798,0.04453668805236555,0.36878892254387485,0.4038901809320513
16500_10.h5,2,spatial_tke_map,42,0.050516120194701024,0.007268817044048937,0.6102396984661477,1.2276799582747424,0.06055535436365046,0.2228138814301286,0.2227488596003595,0.05193486111144363,0.2561256609798145,0.4531276909628744
16500_10.h5,2,window_energy,42,0.04749052160495772,0.006833626076572129,0.6415770139454897,1.2448099492393054,0.05254314764618151,0.2693624527624088,0.2692836222327335,0.0032493750196779247,0.3545492444710203,0.47025768192743744
16500_10.h5,3,base,42,0.06798686414247802,0.0097843069335466,0.6528960598063062,1.0243768157396689,0.08915635055396447,0.0,0.0,0.0,0.0,0.0
16500_10.h5,3,corrected,42,0.052259548703028416,0.007520443949676858,0.6507916518764413,1.1034779503104586,0.05464451597885098,0.231328737364476,0.2313769385246729,0.0032231898144540194,0.387093396720228,0.07910113457078971
16500_10.h5,3,spatial_tke_map,42,0.05514139365294274,0.007935254448653728,0.6347989832557295,1.136975501385838,0.06119046911707585,0.1889404762457556,0.18898144727586041,0.027718158623817546,0.31367234373239017,0.11259868564616915
16500_10.h5,3,window_energy,42,0.05313559844423142,0.007646654153408044,0.6744761390034543,1.1646953753799862,0.05559335605902477,0.2184431637723907,0.21847769031134667,-0.03305285561617599,0.3764509682866025,0.14031855964031736
16500_10.h5,4,base,42,0.06433986911499992,0.00925999067348153,0.6637086851329591,0.7915796948968731,0.06501495679050044,0.0,0.0,0.0,0.0,0.0
16500_10.h5,4,corrected,42,0.058602814946960985,0.008434536909425786,0.6644586060809546,0.9772023492406126,0.05742749929917489,0.08916794900195757,0.08914196495031612,-0.0011298947336289,0.11670326130916042,0.18562265434373948
16500_10.h5,4,spatial_tke_map,42,0.06069359950068435,0.0087355041610115,0.6518186453262521,1.0093787680880737,0.06101351659035955,0.05667200857680166,0.056640069192730125,0.017914546054682234,0.06154645634903433,0.21779907319120062
16500_10.h5,4,window_energy,42,0.059237467921966006,0.008526000244401954,0.6810157296174418,1.030615583567879,0.05811400738938525,0.07930387896677216,0.0792647050046772,-0.026076266398435965,0.10614402810959822,0.2390358886710059
16500_10.h5,5,base,42,0.06609742731053171,0.009512359771364675,0.6753685417423627,0.7393243468218144,0.06219181666446339,0.0,0.0,0.0,0.0,0.0
16500_10.h5,5,corrected,42,0.06181937702220082,0.008896959934292079,0.6841138566383318,0.9382558586230649,0.05739622340231693,0.06472340093105622,0.06469476048678813,-0.012948952098667865,0.07710971506138165,0.19893151180125057
16500_10.h5,5,spatial_tke_map,42,0.06355065049961316,0.009146232067707176,0.6716895158575524,0.9691578159273575,0.059283168402600644,0.038530649596293154,0.03848968210387327,0.00544743448564966,0.04676898694816156,0.22983346910554314
16500_10.h5,5,window_energy,42,0.06239103169350576,0.008979367439383748,0.6986995511475437,0.9887106987631521,0.05787399050265539,0.05607473343270941,0.056031557341366334,-0.034545596904750786,0.0694275612674814,0.24938635194133774
16500_10.h5,6,base,42,0.06846183644144922,0.009854782968078271,0.7011431362106022,0.7429740764465981,0.06242236181374873,0.0,0.0,0.0,0.0,0.0
16500_10.h5,6,corrected,42,0.06535288142694659,0.00940769315334352,0.7109316096200669,0.9121410171936278,0.0583670452597322,0.04541150480474643,0.045367799187761904,-0.013960734839917999,0.06496576605217996,0.16916694074702976
16500_10.h5,6,spatial_tke_map,42,0.06677288702224174,0.00961221892428312,0.6986824216704244,0.9392498420122848,0.05926997016273499,0.024669940319990258,0.024613839247487057,0.003509575168170409,0.05050099931206731,0.1962757655656867
16500_10.h5,6,window_energy,42,0.06588352655323367,0.009484217973936532,0.722699586024657,0.9600905994957623,0.058591877710822846,0.037660542314265966,0.0376025525211543,-0.03074472058666755,0.061363972647414444,0.21711652304916418
16500_10.h5,7,base,42,0.07198698437163663,0.01036124549368705,0.7173618013640066,0.7722315715452094,0.0702555880627604,0.0,0.0,0.0,0.0,0.0
16500_10.h5,7,corrected,42,0.06780620517578509,0.009760025827407396,0.7187874538532509,0.8705283715792996,0.061388460177111324,0.05807687642905057,0.05802581037636523,-0.0019873548975335442,0.1262124213909922,0.09829680003409025
16500_10.h5,7,spatial_tke_map,42,0.06904641555504229,0.0099386251106129,0.7090300786315902,0.8953789463065197,0.06254276337864767,0.04084861787533001,0.04078856961082966,0.011614394182369758,0.10978236602649671,0.12314737476131032
16500_10.h5,7,window_energy,42,0.06828948571621576,0.009829730130713598,0.7277481461429902,0.9160546110318939,0.061670430832829325,0.051363433094131716,0.051298404549655285,-0.014478530581409244,0.12219892348295236,0.1438230394866845
16500_10.h5,8,base,42,0.07408743369567024,0.01066170329905398,0.7246858018353708,0.771918212693631,0.07158681628274581,0.0,0.0,0.0,0.0,0.0
16500_10.h5,8,corrected,42,0.07001201372947213,0.010075578903885114,0.7216279135645456,0.8419455167976679,0.06298653531769056,0.05500824853697528,0.054974742658696174,0.004219605604360743,0.12013777692091787,0.0700273041040369
16500_10.h5,8,spatial_tke_map,42,0.07121676503087562,0.010249051022095028,0.7128822196631857,0.8681232286428707,0.06510083105281177,0.03874703875675456,0.03870416061902293,0.016287861777187995,0.09060306864767398,0.09620501594923969
16500_10.h5,8,window_energy,42,0.07047852586624917,0.01014285855505695,0.7290855837476805,0.88649398013115,0.06338277641002332,0.048711470345233154,0.04866433903136913,-0.006071295865279325,0.11460266427157573,0.11457576743751896
16500_10.h5,9,base,42,0.07535233559438392,0.010842934181209338,0.7282095810021835,0.7502661102058936,0.07030791150635436,0.0,0.0,0.0,0.0,0.0
16500_10.h5,9,corrected,42,0.07204620906005796,0.010367403936070099,0.7221189692537836,0.8180834142726641,0.06544565707507793,0.043875568132653475,0.04385623274955652,0.00836381710333689,0.06915657608229453,0.06781730406677045
16500_10.h5,9,spatial_tke_map,42,0.07331822675801562,0.010550550398158205,0.7147312040564472,0.8467234879935729,0.06878621110312676,0.026994635538807432,0.026965374700681166,0.01850892558593764,0.021643373706102365,0.09645737778767927
16500_10.h5,9,window_energy,42,0.07250322637666244,0.010433302868264792,0.7264517689958024,0.8611209156803167,0.06603750033825424,0.037810496453063225,0.037778640550491516,0.002413882009025259,0.060738700334089235,0.11085480547442306
16500_10.h5,10,base,42,0.07678090312653565,0.011046481838306314,0.7232023896610942,0.7477395889379046,0.06918078194405819,0.0,0.0,0.0,0.0,0.0
16500_10.h5,10,corrected,42,0.07345709683207254,0.010568516021266721,0.7160753032395365,0.8012710589715129,0.0656924007240789,0.04328949203665211,0.043268601174188515,0.009854898882313612,0.05042413690553682,0.05353147003360825
16500_10.h5,10,spatial_tke_map,42,0.07481475475865661,0.010764024983293177,0.7077364823681405,0.8337009736163038,0.07036922230254243,0.025607257635909986,0.025569847409122604,0.021385309996280966,-0.017178764464461427,0.0859613846783992
16500_10.h5,10,window_energy,42,0.07390351263785286,0.010632905853802575,0.7199650387269062,0.8442316732956774,0.06639841180262682,0.037475340501541554,0.03743961114112959,0.004476410726055646,0.04021883047926933,0.09649208435777279
16500_10.h5,11,base,42,0.0792287905129532,0.011399549313130149,0.7283515207923926,0.7339964600316895,0.07090973699756489,0.0,0.0,0.0,0.0,0.0
16500_10.h5,11,corrected,42,0.07578881419621118,0.010904899850311175,0.7206079567285731,0.7707451514998266,0.06839163779637365,0.04341826114560732,0.04339201921335878,0.010631630253747582,0.03551133183976851,0.036748691468137085
16500_10.h5,11,spatial_tke_map,42,0.07726656335232135,0.011117703046333959,0.7118653429917793,0.8056818209101227,0.07394219962497195,0.02476659239561463,0.024724334186752017,0.02263491917017979,-0.04276510893717167,0.07168536087843325
16500_10.h5,11,window_energy,42,0.07622547484079953,0.010967887402186802,0.723385724977153,0.8119076393708925,0.06920006258773068,0.03790687264956616,0.03786657692213791,0.006817856039947778,0.024110573275612723,0.077911179339203
16500_10.h5,12,base,42,0.08135490948680466,0.011706394110955273,0.7370457402557622,0.7028436575921833,0.07691805758228656,0.0,0.0,0.0,0.0,0.0
16500_10.h5,12,corrected,42,0.07776361068023349,0.011189862237968414,0.724686152269322,0.7364316875804855,0.07466077907872776,0.044143602755205014,0.044123909385851756,0.016769092216924464,0.029346535449676137,0.03358802998830224
16500_10.h5,12,spatial_tke_map,42,0.07931458146692734,0.011413191794695705,0.7161554563294539,0.7741705377920474,0.0807841556469372,0.025079347180740785,0.02504633907593956,0.02834326661878428,-0.05026255454403139,0.0713268801998641
16500_10.h5,12,window_energy,42,0.07817104210741246,0.011248656210930241,0.7260528464067791,0.775688124900319,0.0754670917623942,0.039135528506839545,0.0391015282491356,0.014914805484349425,0.018863786547653305,0.07284446730813576
16500_10.h5,13,base,42,0.08338159664778207,0.011998282807944596,0.7506857256386075,0.6703202255987206,0.08249043190857465,0.0,0.0,0.0,0.0,0.0
16500_10.h5,13,corrected,42,0.07945787427433644,0.011433928344279145,0.7330438526865493,0.7097351413954496,0.07803506264468064,0.04705741471970237,0.047036269497812366,0.02350101027570528,0.05401073992232164,0.039414915796728955
16500_10.h5,13,spatial_tke_map,42,0.08102395294346328,0.011659472887020636,0.7263351113848936,0.7473943038416836,0.08467755068482173,0.02827534850739155,0.02823820094485674,0.03243782773809756,-0.026513605586052647,0.07707407824296297
16500_10.h5,13,window_energy,42,0.07983088786082503,0.011487754007328965,0.732805802775364,0.7469176055660787,0.07885437153841675,0.04258384259485737,0.042550155617067764,0.02381812022339047,0.044078571126743515,0.07659737996735805
16500_10.h5,14,base,42,0.08626692062845687,0.012410940918928961,0.7573418163594853,0.6750325561464826,0.08878894528299754,0.0,0.0,0.0,0.0,0.0
16500_10.h5,14,corrected,42,0.08056519077523763,0.011591577037561229,0.736104023819791,0.6767342273172924,0.07837057405684415,0.06609404638164873,0.06601948125609491,0.028042545757982262,0.1173386077844133,0.001701671170809771
16500_10.h5,14,spatial_tke_map,42,0.08203702537359195,0.011803552197514909,0.7290108456052176,0.710579955576218,0.08439512455309661,0.049032644541500026,0.0489397802617586,0.03740843320979381,0.0494861237048877,0.03554739942973539
16500_10.h5,14,window_energy,42,0.08088697811693321,0.011638021330660149,0.7337670178317792,0.7111486597705342,0.07907508212176605,0.06236391043438927,0.06227727561654639,0.031128346564869847,0.10940397062123486,0.0361161036240516
16500_10.h5,15,base,42,0.09261153406879152,0.013321671671537175,0.7926341088890319,0.8165840355196459,0.10002283310059369,0.0,0.0,0.0,0.0,0.0
16500_10.h5,15,corrected,42,0.08133285146712065,0.01170171522829789,0.7600448985933876,0.6228996916268454,0.0765515666158232,0.12178485881999446,0.12160309030138106,0.04111507432013206,0.23465908490279686,-0.19368434389280043
16500_10.h5,15,spatial_tke_map,42,0.08253852884525467,0.011875368590705463,0.7519210510431458,0.6484526054474115,0.08046330778956592,0.1087662063351057,0.10856768703599384,0.05136425166329284,0.1955506028444186,-0.1681314300722344
16500_10.h5,15,window_energy,42,0.08156149186608248,0.011734760906159667,0.7560362426681329,0.6535203363340047,0.07691407964970644,0.11931604755084946,0.11912249487187643,0.04617245941156267,0.2310347821046682,-0.16306369918564112
16500_10.h5,16,base,42,0.09552971998695747,0.013741956542644233,0.7855219362070093,0.8233359583558334,0.09784883775188014,0.0,0.0,0.0,0.0,0.0
16500_10.h5,16,corrected,42,0.08286114856456966,0.011922433250080144,0.7660733463340085,0.5789024877687154,0.07397702188485476,0.1326139281484069,0.13240642167057648,0.024758811914165957,0.24396626894596596,-0.24443347058711795
16500_10.h5,16,spatial_tke_map,42,0.08398522369766592,0.012084382784699135,0.7595464611128835,0.5991893952747234,0.07682347779262443,0.12084716976944665,0.12062137969955677,0.03306779084942124,0.21487592946755996,-0.22414656308111003
16500_10.h5,16,window_energy,42,0.08304519002182151,0.011949081721740846,0.7616964329279986,0.6072037485953414,0.07404652578180637,0.1306873920162276,0.13046721661065597,0.030330793044501148,0.24325594986044086,-0.21613220976049197
16500_10.h5,17,base,42,0.0950740811731247,0.013679835456355231,0.7787966961432753,0.7192155784430883,0.08894158519416721,0.0,0.0,0.0,0.0,0.0
16500_10.h5,17,corrected,42,0.08623335974893605,0.012410312115070326,0.7700108395187991,0.5826379934763571,0.07443406451037496,0.09298771352930757,0.0928025300695502,0.011281322414418482,0.16311290890668384,-0.1365775849667311
16500_10.h5,17,spatial_tke_map,42,0.08775799353429478,0.012629965741968256,0.7648783603358932,0.6103382973451259,0.07717290090717624,0.07695144195511838,0.0767457852644885,0.017871590719770514,0.1323192549503015,-0.10887728109796235
16500_10.h5,17,window_energy,42,0.08648693861881789,0.012447041843462634,0.7663090574776034,0.6119553349443485,0.07457642769080854,0.09032054213250928,0.09011757610870086,0.0160345295858505,0.16151227203785823,-0.10726024349873975
16500_10.h5,18,base,42,0.09932922898245021,0.014295729632706353,0.8075292356629201,0.667802456594628,0.0799729976292869,0.0,0.0,0.0,0.0,0.0
16500_10.h5,18,corrected,42,0.09193986488838586,0.013231461038591947,0.7801375352335124,0.6357427886868671,0.08099685845633456,0.0743926452441297,0.07444660898451294,0.033920382346183775,-0.012802581588772455,-0.032059667907760936
16500_10.h5,18,spatial_tke_map,42,0.0943279686224489,0.0135754097827663,0.7819460729399775,0.6867544277482547,0.08493205871073488,0.05035033908181197,0.05038706442041796,0.03168078825275067,-0.062009193458467005,0.01895197115362668
16500_10.h5,18,window_energy,42,0.09237576840078202,0.013294490101430205,0.7792531630047572,0.6697953902944436,0.0815148709433979,0.07000417352375454,0.07003766558269753,0.035015540502320475,-0.01927992397206757,0.001992933699815569
16500_10.h5,19,base,42,0.1161393002930767,0.01671834044137904,0.9190597866159992,1.0099413649681581,0.1093064238074709,0.0,0.0,0.0,0.0,0.0
16500_10.h5,19,corrected,42,0.09960187438014138,0.014334732564201364,0.7955000532606763,0.7200416790735487,0.09472381180376913,0.1423930217523547,0.142574431088751,0.13444145327070922,0.13341038427336305,-0.28989968589460946
16500_10.h5,19,spatial_tke_map,42,0.10334604356368374,0.014873842138993766,0.818047791392811,0.8096871670340655,0.10210468095877735,0.11015441540554549,0.11032783480231168,0.10990796974712258,0.06588581528729254,-0.2002541979340926
16500_10.h5,19,window_energy,42,0.10033628101436881,0.014440782136488459,0.8014027310098519,0.7616759498240873,0.09601493845730737,0.13606952374285952,0.13623112370971147,0.12801893556823263,0.12159839181615495,-0.24826541514407086
16500_10.h5,20,base,42,0.15977343478705855,0.02299394212716917,1.5908068455733244,2.314072862501653,0.1969570535349332,0.0,0.0,0.0,0.0,0.0
16500_10.h5,20,corrected,42,0.1116479755397534,0.016068343280457014,0.8737764460631195,0.8953860048048939,0.11313186855225174,0.3012106443818109,0.3011923231088336,0.45073379053243146,0.4256013353074143,-1.418686857696759
16500_10.h5,20,spatial_tke_map,42,0.11693490873227785,0.016829390911025952,0.9532599441691606,1.0383543497566896,0.12214564457801905,0.2681204551424625,0.2680945782175954,0.40076952345172545,0.37983615013638117,-1.2757185127449635
16500_10.h5,20,window_energy,42,0.11286090686755394,0.01624334675243278,0.9003888344060327,0.9511298279076209,0.11519925135819749,0.2936190736715918,0.2935814719112485,0.4340049284352093,0.415104718055882,-1.362943034594032
20325_20.h5,1,base,42,0.10222268045390605,0.017204792639185482,0.6705312068196891,1.1325131214711113,0.15418853683046982,0.0,0.0,0.0,0.0,0.0
20325_20.h5,1,corrected,42,0.05377906679060513,0.009050278928069519,0.5548893633887945,1.157150336982976,0.07968745637480665,0.4739027919067821,0.4739675671849317,0.17246302969160932,0.48318170719511433,0.02463721551186482
20325_20.h5,1,spatial_tke_map,42,0.06643632237271783,0.011181270430410947,0.6292700688591684,1.3367755729753004,0.10370272768562826,0.350082368436082,0.35010722506793923,0.06153500022201985,0.3274290695186418,0.2042624515041891
20325_20.h5,1,window_energy,42,0.05856055433025011,0.009855303684749076,0.6381499661946952,1.304651954597101,0.08496581174263815,0.42712758000259965,0.42717684011472923,0.04829192183101705,0.44894858275970284,0.17213883312598965
20325_20.h5,2,base,42,0.09413065304706156,0.01583902268176215,0.6656851703740448,0.880873002272735,0.12149814534293224,0.0,0.0,0.0,0.0,0.0
20325_20.h5,2,corrected,42,0.06256213765561,0.010526043450033454,0.5603807443997295,1.0870944462249985,0.08348285524875812,0.3353691318349673,0.3354360517360916,0.15818953262117186,0.31288782217106936,0.2062214439522635
20325_20.h5,2,spatial_tke_map,42,0.07096101295429576,0.011940050097681117,0.6014244970585905,1.2310238388788821,0.0955485533715745,0.24614341176600474,0.24616244716730584,0.09653313033749367,0.21358014888304855,0.3501508366061471
20325_20.h5,2,window_energy,42,0.06600840412580938,0.011106338355951848,0.6292559837979156,1.225525407398933,0.08695734933891401,0.29875760988497735,0.29879901183926927,0.05472434748044619,0.28429072646768205,0.344652405126198
20325_20.h5,3,base,42,0.09810511932067237,0.016507527647861293,0.716213470854029,1.1411010580884284,0.17073250328232586,0.0,0.0,0.0,0.0,0.0
20325_20.h5,3,corrected,42,0.07371302149511615,0.012399642678468723,0.6034652685727784,1.051720039668298,0.10307660649552641,0.24863226296913954,0.24884919516853188,0.15742262170356436,0.3962684051725208,-0.08938101842013046
20325_20.h5,3,spatial_tke_map,42,0.07944970606796391,0.013365469132055283,0.6234345454180621,1.1708323237449125,0.11140676219342141,0.19015738813517202,0.19034095128188955,0.1295408830070387,0.3474777206938886,0.029731265656484096
20325_20.h5,3,window_energy,42,0.07649874246306777,0.012868737102172704,0.664327992671878,1.1824440261712925,0.10536742672629572,0.22023699687863052,0.2204321945303559,0.07244415288682238,0.3828508063748205,0.041342968082864084
20325_20.h5,4,base,42,0.09123145114841658,0.015344962621897643,0.6381822888121503,0.858846275838681,0.11008556638255021,0.0,0.0,0.0,0.0,0.0
20325_20.h5,4,corrected,42,0.08402310795419977,0.014131878602189412,0.6400572567976802,0.9587839610447006,0.10753593215823376,0.07901160294480214,0.07905421796056578,-0.0029379818562809135,0.023160476964404264,0.09993768520601964
20325_20.h5,4,spatial_tke_map,42,0.08821012419205508,0.014836799907799323,0.6530217720830851,1.0594401474811026,0.11303969649038208,0.033117164292896795,0.033115930394848836,-0.023252734416298937,-0.026834854058580104,0.2005938716424216
20325_20.h5,4,window_energy,42,0.08613853050834146,0.014488164034542228,0.6867167398378978,1.0755019421669978,0.10915498942744938,0.05582417659661998,0.055835821074776804,-0.07605107800168631,0.008453214946154253,0.2166556663283168
20325_20.h5,5,base,42,0.09725446102916317,0.016358239390644378,0.6692301382479787,0.8289901079736058,0.11277951750323181,0.0,0.0,0.0,0.0,0.0
20325_20.h5,5,corrected,42,0.09195023283401087,0.015466426037080224,0.6775433456263613,0.9231551570595884,0.11042023099129894,0.05453969040619899,0.054517685691419904,-0.012422045725774211,0.020919459172763943,0.09416504908598256
20325_20.h5,5,spatial_tke_map,42,0.09545921200559596,0.016057347312077645,0.682915552152736,1.012705501912726,0.11637660736349789,0.01845929744064778,0.018393915835393626,-0.020449488333841748,-0.03189488605644186,0.18371539393912018
20325_20.h5,5,window_energy,42,0.09386949103070748,0.01578987864991687,0.7200038224978831,1.0338667083363502,0.11226991589442582,0.03480529286405343,0.03474461567377263,-0.07586879512454137,0.004518565250923201,0.20487660036274435
20325_20.h5,6,base,42,0.10199004360676887,0.01715437068836677,0.7040711239061498,0.8341693950438466,0.11099292404666866,0.0,0.0,0.0,0.0,0.0
20325_20.h5,6,corrected,42,0.09771975338022895,0.01643673391846338,0.7118943035478522,0.9112194320890914,0.11356395211766915,0.04186967742659653,0.04183404818167147,-0.011111348521581021,-0.023163891690243688,0.07705003704524482
20325_20.h5,6,spatial_tke_map,42,0.10093251202551529,0.016978082805643262,0.7157579112414472,0.9960747527430478,0.11953135291284343,0.010368968811612533,0.010276557847910817,-0.016598873236640665,-0.07692768651256232,0.16190535769920122
20325_20.h5,6,window_energy,42,0.09958517387071478,0.016751193251453904,0.7537257222525293,1.0208693949274614,0.11558125593872022,0.023579455905777147,0.023502898721098453,-0.0705249749072201,-0.04133895859994041,0.18669999988361485
20325_20.h5,7,base,42,0.10696051922193392,0.01798974883313411,0.7368929305059548,0.8518599195641682,0.12179581067730638,0.0,0.0,0.0,0.0,0.0
20325_20.h5,7,corrected,42,0.1020176922594361,0.01715952563437103,0.7309594986985596,0.8843322842240179,0.11482051961848755,0.04621169566540595,0.04614979377777351,0.00805195919483348,0.05727036931754259,0.032472364659849706
20325_20.h5,7,spatial_tke_map,42,0.10486428647166997,0.01763934497566339,0.7324956557569616,0.9637419167602224,0.120168108442822,0.019598191608573345,0.019477973857274344,0.005967318408081401,0.013364189009726468,0.11188199719605418
20325_20.h5,7,window_energy,42,0.10377514680380424,0.017455790538241783,0.7693930101563228,0.9910615936370487,0.11661413077378328,0.02978082418915995,0.02968125346524375,-0.04410420877298038,0.04254399124820285,0.13920167407288053
20325_20.h5,8,base,42,0.10916913309955245,0.018358682553507075,0.7509840804844582,0.8305196948868693,0.12325639600371308,0.0,0.0,0.0,0.0,0.0
20325_20.h5,8,corrected,42,0.10556350736588303,0.017752918560952808,0.7475622034338835,0.8604676461369727,0.12334627916223564,0.033027886466602374,0.032996049187557164,0.004556524085526981,-0.0007292372764158284,0.02994795125010341
20325_20.h5,8,spatial_tke_map,42,0.10822736356961855,0.01820174247453258,0.746680476094812,0.9367160915892854,0.12968812623795667,0.008626701551940452,0.008548547997226263,0.00573061999779001,-0.05218171586040721,0.1061963967024161
20325_20.h5,8,window_energy,42,0.10729024162970259,0.018043998084900356,0.783753843575899,0.9648648282850585,0.12494054170637346,0.01721083072205476,0.017140906908192255,-0.04363576265198721,-0.01366375910106643,0.1343451333981892
20325_20.h5,9,base,42,0.11009214751818916,0.018507151793459763,0.7515499016439253,0.7973107728765134,0.11789618689791455,0.0,0.0,0.0,0.0,0.0
20325_20.h5,9,corrected,42,0.1080724017381047,0.018167817527294655,0.7524481568642722,0.8373827374472779,0.12800469524989527,0.01834595677907691,0.01833530464071864,-0.0011952036962310508,-0.08574075733877295,0.04007196457076445
20325_20.h5,9,spatial_tke_map,42,0.11062105372538018,0.018596847884565455,0.7493763564069097,0.9126621228914958,0.13465620848799964,-0.004804213734713736,-0.004846563755822819,0.0028920837222667917,-0.14215914891800074,0.11535135001498242
20325_20.h5,9,window_energy,42,0.1097572298854367,0.018451786012406525,0.7864324777377559,0.9394277303427526,0.12952068521531943,0.0030421573227747967,0.0029915884232820655,-0.04641418489647742,-0.0985994426390604,0.1421169574662392
20325_20.h5,10,base,42,0.11192433602858769,0.018815472846992518,0.7598754716198273,0.7772543865555198,0.1192008357687054,0.0,0.0,0.0,0.0,0.0
20325_20.h5,10,corrected,42,0.11019835690821346,0.01852630593468666,0.7541698053224755,0.8027751656274353,0.13279821084262133,0.015420945806936759,0.015368570041123242,0.007508685976123197,-0.11407113873177854,0.025520779071915523
20325_20.h5,10,spatial_tke_map,42,0.11262901423056892,0.018935045615242792,0.7510965658122295,0.8793041598206722,0.14026306805728547,-0.006296023072240864,-0.006355023295063544,0.01155308486123885,-0.1766953407059053,0.10204977326515241
20325_20.h5,10,window_energy,42,0.11177159332565509,0.01879139310540492,0.7818038818371692,0.900814697719506,0.1346706694429425,0.0013646960826605437,0.0012797840258075288,-0.028857899795866615,-0.1297795738970693,0.12356031116398614
20325_20.h5,11,base,42,0.11426613305774712,0.01921482713568558,0.7651874321384291,0.7655631777381062,0.12137386320905981,0.0,0.0,0.0,0.0,0.0
20325_20.h5,11,corrected,42,0.11260641087813764,0.018937261728261212,0.7470574502210735,0.7783657569729107,0.13677369077415585,0.014525057733166702,0.014445376243269803,0.023693517634873706,-0.12687927332897608,0.012802579234804434
20325_20.h5,11,spatial_tke_map,42,0.11507086175568937,0.019351643783655344,0.7450264910634751,0.8591425619134541,0.14717306068874678,-0.007042582753155502,-0.007120368401111854,0.02634771590355489,-0.21255974554628176,0.09357938417534784
20325_20.h5,11,window_energy,42,0.11412660062027358,0.01919336536073047,0.7676397360051668,0.872643895356728,0.139318469902528,0.001221118049063774,0.0011169382271075667,-0.0032048407537017543,-0.14784572410420505,0.10708071761862181
20325_20.h5,12,base,42,0.11734732829389938,0.019730230932425468,0.7678810194543418,0.7659225550770108,0.11831322698649915,0.0,0.0,0.0,0.0,0.0
20325_20.h5,12,corrected,42,0.11535072152892675,0.019395648295775995,0.7413752226136067,0.7719609023653572,0.1371588019139929,0.017014505519649115,0.016957867234062896,0.03451810393694876,-0.15928544430323277,0.006038347288346402
20325_20.h5,12,spatial_tke_map,42,0.1179616951462265,0.019834625084335762,0.742107091108256,0.859599779647355,0.14945516661148125,-0.005235456667478822,-0.005291076027839514,0.03356500251093697,-0.2632160445470373,0.09367722457034422
20325_20.h5,12,window_energy,42,0.11684016050023038,0.01964639697677567,0.758172241486154,0.8645855409476456,0.14031204790131296,0.004321937286878685,0.004249010360645178,0.012643596758110887,-0.18593712195276457,0.09866298587063482
20325_20.h5,13,base,42,0.12094478638809167,0.02034567292043387,0.7492676453153473,0.7646506593818989,0.12632355518942787,0.0,0.0,0.0,0.0,0.0
20325_20.h5,13,corrected,42,0.11808668810171852,0.019866757211002277,0.7255100691759326,0.7566305979135797,0.1350765094103433,0.023631430272670007,0.02353894664995826,0.03170772992528681,-0.06928996106695995,-0.00802006146831924
20325_20.h5,13,spatial_tke_map,42,0.12068338690227594,0.020303409757518966,0.7265421414812026,0.8452092393334483,0.14764512578131728,0.002161312559409878,0.0020772555953387783,0.030330288484003765,-0.1687853904991572,0.08055857995154936
20325_20.h5,13,window_energy,42,0.11951828585764042,0.020107800079208975,0.7364698181253418,0.8461452570496488,0.13819252399478965,0.011794642605542749,0.011691569119151146,0.01708044818166299,-0.09395689337244928,0.08149459766774991
20325_20.h5,14,base,42,0.12617977597204696,0.021231665502732925,0.7344880305814152,0.8083336371389346,0.14570932656156843,0.0,0.0,0.0,0.0,0.0
20325_20.h5,14,corrected,42,0.1197709302288266,0.020156884614373982,0.7164150630085052,0.7351264801603336,0.131763071557723,0.05079138628871982,0.05062160046844166,0.02460621115718331,0.09571285059747048,-0.07320715697860103
20325_20.h5,14,spatial_tke_map,42,0.12220304181907173,0.02056602486603056,0.7156823711325125,0.818701848080911,0.1437051206804669,0.03151641475299671,0.031351315167276295,0.025603765706047277,0.013754822209370854,0.010368210941976375
20325_20.h5,14,window_energy,42,0.12108434406175261,0.020378061734930997,0.7226482239846236,0.820571219967124,0.13451404105465659,0.04038231856920682,0.04020427731833154,0.01611980876995278,0.07683300562219919,0.01223758282818943
20325_20.h5,15,base,42,0.1353211754763552,0.022762135884466718,0.7633019177847509,0.9375827103505007,0.17437852468065,0.0,0.0,0.0,0.0,0.0
20325_20.h5,15,corrected,42,0.12080489447814988,0.020327105617155734,0.7194648976726651,0.6922747123395,0.1225425786431433,0.10727279708519644,0.10697723094486444,0.05743077423322773,0.2972610654462011,-0.24530799801100067
20325_20.h5,15,spatial_tke_map,42,0.12280085324993581,0.020662836178486025,0.717638501017012,0.7625974031100019,0.1296269254369945,0.09252300818660175,0.09222771169788557,0.05982353208316693,0.25663480824609464,-0.17498530724049877
20325_20.h5,15,window_energy,42,0.12189349822862194,0.020510436655672266,0.7227425233423621,0.7705297071603214,0.12403876991069958,0.09922820431071022,0.09892302023954835,0.05313676475502638,0.28868093053396726,-0.16705300319017924
20325_20.h5,16,base,42,0.13627768746674876,0.02293453543873582,0.764207412724158,0.8789769170662841,0.16087968995105828,0.0,0.0,0.0,0.0,0.0
20325_20.h5,16,corrected,42,0.12309537381317008,0.020723478877220664,0.7334585133290232,0.6722865644528445,0.12014637634939526,0.09673126906262708,0.09640729664751535,0.04023632705357394,0.253191149324409,-0.2066903526134396
20325_20.h5,16,spatial_tke_map,42,0.12492633663272634,0.021031739481861447,0.7275993579420392,0.7338712614177237,0.12511172683948524,0.08329574008065044,0.0829664050513359,0.04790329715806163,0.22232739957700143,-0.14510565564856037
20325_20.h5,16,window_energy,42,0.12408522355602969,0.020890371986797246,0.7365865747510316,0.747492301631637,0.12091267496173104,0.08946779283801676,0.08913036226083904,0.03614311705596629,0.24842797124662364,-0.13148461543464707
20325_20.h5,17,base,42,0.13630137748422422,0.022941965879694888,0.791253525840167,0.8071592777495431,0.15466897658092896,0.0,0.0,0.0,0.0,0.0
20325_20.h5,17,corrected,42,0.12654877488922922,0.021303894629205972,0.7475379970542231,0.6751174823091917,0.12415926653625713,0.07155175373135003,0.0714006488841793,0.05524844737914558,0.19725811031475948,-0.13204179544035144
20325_20.h5,17,spatial_tke_map,42,0.12896244006361468,0.021710372013128268,0.7413635961727332,0.7417096317724866,0.1280991086773859,0.05384345746218855,0.05368301361029659,0.0630517628524433,0.17178537345296685,-0.06544964597705649
20325_20.h5,17,window_energy,42,0.12765909523156074,0.021491133627280914,0.7512952632840459,0.751172504226477,0.1249112161981935,0.06340568534359636,0.0632392298036697,0.05049994881690112,0.19239643941889673,-0.055986773523066136
20325_20.h5,18,base,42,0.14103992547799088,0.023750589680824958,0.7905133682141775,0.734119190094364,0.13197080051289492,0.0,0.0,0.0,0.0,0.0
20325_20.h5,18,corrected,42,0.13246210521521767,0.022300234907122737,0.7558107597142114,0.6923848754843683,0.13716653860225853,0.060818383402448495,0.06106605323038217,0.04389882561804315,-0.03937036124029514,-0.04173431460999566
20325_20.h5,18,spatial_tke_map,42,0.1362218169745438,0.022933443804816676,0.7553061125915586,0.7778729581344909,0.14944309031127836,0.034161309197507594,0.03440528791030417,0.04453720460433763,-0.13239511869654996,0.04375376804012687
20325_20.h5,18,window_energy,42,0.13392160758249722,0.022546297531344933,0.7595349052909419,0.7724915983274682,0.13948467286661814,0.05047023295970521,0.05070577891597827,0.039187778687687524,-0.05693587009036172,0.03837240823310417
20325_20.h5,19,base,42,0.16107964493026924,0.02713551151489319,0.8554534506020006,0.9558984184012377,0.16192160004619088,0.0,0.0,0.0,0.0,0.0
20325_20.h5,19,corrected,42,0.14491938997182569,0.024400578458395928,0.7726488750267636,0.7979539476821222,0.1805855202976216,0.10032462491110694,0.1007879676414506,0.09679612083739408,-0.11526516688389021,-0.15794447071911544
20325_20.h5,19,spatial_tke_map,42,0.15146316815592523,0.025502834182961044,0.7925115261020892,0.9324654581372931,0.20550089428366317,0.05970013640461491,0.06016755317238298,0.07357726414642185,-0.2691382386601946,-0.02343296026394459
20325_20.h5,19,window_energy,42,0.14744777879468918,0.02482673529712496,0.7852344489250004,0.8956963373172823,0.1867790273127381,0.08462811140092374,0.08508320237490541,0.08208395398672552,-0.15351520278613973,-0.06020208108395542
20325_20.h5,20,base,42,0.23867767815880034,0.040180531334339194,1.862974352005359,2.6749028070522933,0.45265890911471535,0.0,0.0,0.0,0.0,0.0
20325_20.h5,20,corrected,42,0.1763613554389636,0.029688972257176722,1.0231169777618643,1.2854287459345168,0.2612716332451526,0.2610898647940406,0.2611105112041201,0.4508153176341092,0.42280682433461236,-1.3894740611177765
20325_20.h5,20,spatial_tke_map,42,0.18837912362878495,0.03171343792545063,1.1697100341058095,1.5498968740816659,0.30326369015598587,0.21073841055446352,0.21072626786426774,0.3721276769877695,0.3300392767059599,-1.1250059329706275
20325_20.h5,20,window_energy,42,0.18194117315845906,0.03062905413148733,1.1274029866627766,1.4574238413265326,0.27316807211486893,0.23771181887647053,0.23771405916399502,0.3948370864852714,0.3965255811509033,-1.2174789657257608
20325_5.h5,1,base,42,0.0515705462745567,0.00916450105036774,0.8712783096921116,1.1710244608773759,0.04595818152287016,0.0,0.0,0.0,0.0,0.0
20325_5.h5,1,corrected,42,0.031930306926356,0.005673932154512859,0.8103873056316421,1.3108979956391114,0.025097548014824667,0.3808421815746905,0.3808793164702422,0.06988697340805705,0.4539046763124128,0.13987353476173547
20325_5.h5,1,spatial_tke_map,42,0.037463306789581576,0.006656977417458722,0.876941582209147,1.6674386830649388,0.032797288018114,0.2735522600414104,0.2736126734153628,-0.006499958112163418,0.2863667157545585,0.4964142221875629
20325_5.h5,1,window_energy,42,0.03634628424819181,0.006458416409142767,1.013709650757233,1.7077097138980253,0.029087175326717913,0.29521234747664615,0.29527899296998683,-0.16347398928759405,0.3670947291018626,0.5366852530206494
20325_5.h5,2,base,42,0.04727022706297591,0.008401402641213281,0.8487290618198111,0.8132515787979623,0.03841027275554291,0.0,0.0,0.0,0.0,0.0
20325_5.h5,2,corrected,42,0.03715514437099586,0.006603619405366264,0.8460375645933766,1.162882397589367,0.026684113201662276,0.21398422052223687,0.21398608216060833,0.0031712089847182323,0.30528706808489026,0.3496308187914047
20325_5.h5,2,spatial_tke_map,42,0.04080826604011066,0.0072526860067167786,0.86976905994966,1.4431631771108937,0.03387108446203789,0.13670255939867348,0.13672914911391643,-0.024790005522770553,0.11817641396076728,0.6299115983129314
20325_5.h5,2,window_energy,42,0.04049473767513397,0.007197001887904899,1.0080304404029992,1.5128838154893938,0.030150486864706734,0.14333524099250183,0.14335710413403657,-0.18769403069764135,0.215041063191727,0.6996322366914315
20325_5.h5,3,base,42,0.05050659131232903,0.008975372745988731,0.8324867332043573,0.9797637206137155,0.04571446063794326,0.0,0.0,0.0,0.0,0.0
20325_5.h5,3,corrected,42,0.041389462901034034,0.007354733549901059,0.83524869575232,0.9155825652675182,0.028929511439190432,0.18051363543651844,0.18056511322184,-0.003317725601862165,0.3671693587656861,-0.06418115534619728
20325_5.h5,3,spatial_tke_map,42,0.0440226843193299,0.007822534970298656,0.8433990718088147,1.1509819587069399,0.03471687565363499,0.1283774419244238,0.12844455693556578,-0.013108123131829741,0.2405712509966751,0.17121823809322434
20325_5.h5,3,window_energy,42,0.043783199319843036,0.007780037717547803,0.9203203213601977,1.1876604557193329,0.03171571560494909,0.13311910025582663,0.1331794302331507,-0.10550749297560169,0.30622137585443,0.20789673510561735
20325_5.h5,4,base,42,0.04880788722888717,0.008670977623017368,0.8860689900115443,0.5360251081151575,0.0344796012194157,0.0,0.0,0.0,0.0,0.0
20325_5.h5,4,corrected,42,0.04550598044514509,0.008084727440190474,0.8503540733376175,0.6652498429621811,0.030829989927981857,0.06765109024813165,0.06761062112196847,0.040307151109600925,0.10584841942367718,0.12922473484702368
20325_5.h5,4,spatial_tke_map,42,0.04775407440933573,0.008484079144416354,0.8593175920067108,0.8806471308933755,0.03590047136468962,0.021591035371179346,0.021554487478423034,0.03019110058742147,-0.04120900750075451,0.3446220227782181
20325_5.h5,4,window_energy,42,0.047223080160400735,0.00838974783354914,0.8765365188955488,0.8615507622347646,0.032998597771889696,0.032470306716092745,0.03243345810531151,0.01075815904117261,0.042953032957122494,0.3255256541196071
20325_5.h5,5,base,42,0.04930041771633572,0.008760039634498706,0.878011040630304,0.4735805146499709,0.030535604187492366,0.0,0.0,0.0,0.0,0.0
20325_5.h5,5,corrected,42,0.0465113646359914,0.008264386602377976,0.8498686429737271,0.6224322237453234,0.028307255584261747,0.05657260545725895,0.056581140360227766,0.0320524416599296,0.0729754220531641,0.14885170909535245
20325_5.h5,5,spatial_tke_map,42,0.04871376006284559,0.008655753676936107,0.8584778753989417,0.8292805354231718,0.03177342790955243,0.011899648738589508,0.01190473581328344,0.022247061058981554,-0.040537063372307225,0.3557000207732009
20325_5.h5,5,window_energy,42,0.04810630900844199,0.008547758350346654,0.8675344337989335,0.8071930871419355,0.02987885395636004,0.024221066741551334,0.024232913663546518,0.011932203977582767,0.021507687455594393,0.3336125724919646
20325_5.h5,6,base,42,0.05057479778468653,0.00898688830386813,0.8687046592082424,0.46070029226910836,0.030280223088322806,0.0,0.0,0.0,0.0,0.0
20325_5.h5,6,corrected,42,0.04848862074460845,0.008615971676525617,0.8513853361979216,0.5999322051783569,0.029125353653576967,0.04124934021406512,0.04127308750269698,0.01993695190504219,0.038139396508977574,0.13923191290924852
20325_5.h5,6,spatial_tke_map,42,0.050606403509575786,0.008992332714300744,0.856510064197764,0.7957386988754023,0.03172277887358479,-0.0006249303264407313,-0.000605817080231219,0.014037676535075594,-0.047640196740105445,0.3350384066062939
20325_5.h5,6,window_energy,42,0.050067764078254286,0.00889650773030216,0.8635566031812294,0.7774728298417185,0.030626599738364044,0.010025422317867738,0.010056937452651793,0.005926129176865524,-0.011439038907702592,0.31677253757261015
20325_5.h5,7,base,42,0.05200556087737458,0.00924268680922121,0.8685948749154183,0.4914429449346526,0.03685074569290968,0.0,0.0,0.0,0.0,0.0
20325_5.h5,7,corrected,42,0.04923057062821226,0.00874953494230873,0.851664639089491,0.5736208516590598,0.03179602394172566,0.053359490838019275,0.05335589932793938,0.019491521668920653,0.13716742106948943,0.08217790672440722
20325_5.h5,7,spatial_tke_map,42,0.05119002290648785,0.009097771942429033,0.8540073906705152,0.7583375567550205,0.03397074579726514,0.015681745511979206,0.015678868037332983,0.01679434759078402,0.0781530968096168,0.26689461182036783
20325_5.h5,7,window_energy,42,0.05074425504086474,0.009018465789681487,0.8575537837940197,0.743863496313662,0.033268982154668836,0.024253287825967584,0.024259289984382426,0.012711439406632219,0.09719650093620757,0.2524205513790094
20325_5.h5,8,base,42,0.05249129258600832,0.009330412708475533,0.8765742029991562,0.47618183143162396,0.03901540617205975,0.0,0.0,0.0,0.0,0.0
20325_5.h5,8,corrected,42,0.04973076823221591,0.008839828801687955,0.8657234979824632,0.5514975956096877,0.03219697565092096,0.05259013862669171,0.05257901468194892,0.012378535644293254,0.17476251537839171,0.07531576417806374
20325_5.h5,8,spatial_tke_map,42,0.05153963843234076,0.009161344241234609,0.8668665770473789,0.7255686489180556,0.03433661854352336,0.018129752703426982,0.01812014886408475,0.011074505636331944,0.11992154093956431,0.24938681748643166
20325_5.h5,8,window_energy,42,0.05122081526283878,0.009104634412893128,0.8764325447665404,0.7164819413041117,0.03389224304686848,0.02420358235773734,0.02419810383921317,0.00016160438230006235,0.13131128515227775,0.24030010987248773
20325_5.h5,9,base,42,0.05225259538604478,0.009287449068327925,0.8837798201589765,0.4368778396485101,0.03701083447514587,0.0,0.0,0.0,0.0,0.0
20325_5.h5,9,corrected,42,0.04991871694068933,0.008872604640414053,0.8640576730462202,0.5255259319966873,0.03204622305656149,0.044665311418746634,0.04466720892484621,0.022315679384044662,0.1341394077974195,0.08864809234817717
20325_5.h5,9,spatial_tke_map,42,0.05165369205935747,0.009180986950388562,0.8616029688016499,0.6892719022782535,0.034399939734377764,0.011461695294991192,0.0114630096118018,0.025093185940065266,0.0705440657524602,0.2523940626297434
20325_5.h5,9,window_energy,42,0.05141458089343446,0.009138428866045836,0.8674887158285094,0.6833003844355654,0.03383878053444384,0.01603775824758613,0.01604533184362511,0.0184334423109328,0.08570609081597935,0.24642254478705528
20325_5.h5,10,base,42,0.0526413397395337,0.009355578264854123,0.8837540038918086,0.418756282196074,0.03656368140801481,0.0,0.0,0.0,0.0,0.0
20325_5.h5,10,corrected,42,0.050538837511134256,0.008981770421963832,0.8673419934262745,0.5049497239454184,0.032727110062933266,0.03994013523976603,0.03995561068571951,0.01857079050647592,0.10492847539800965,0.08619344174934435
20325_5.h5,10,spatial_tke_map,42,0.05229140916913043,0.009293164743726838,0.8631444864173535,0.6633459767954486,0.0356263987280471,0.006647448034846959,0.006671262786796639,0.023320423312026217,0.025634253550909092,0.24458969459937457
20325_5.h5,10,window_energy,42,0.052092158833122015,0.009257658516806872,0.8660822764727023,0.6569158712181025,0.03471834110158914,0.01043250246154448,0.010466455976869349,0.019996206343942835,0.05046921522571768,0.23815958902202844
20325_5.h5,11,base,42,0.053215577755919,0.009456948266062434,0.8747397263036307,0.4204591724702427,0.03590778064962922,0.0,0.0,0.0,0.0,0.0
20325_5.h5,11,corrected,42,0.05076501354729023,0.009021441115390725,0.860230670950857,0.48768112563896177,0.03181581202746215,0.04604975294769209,0.04605155261709393,0.016586711357084782,0.11395771468291294,0.06722195316871904
20325_5.h5,11,spatial_tke_map,42,0.05249140638509829,0.009328166695936103,0.8555141114328789,0.6415317080446593,0.03518061537521801,0.013608259110560184,0.013617666767669845,0.02197866896018663,0.020250911118861348,0.22107253557441658
20325_5.h5,11,window_energy,42,0.0523187667622018,0.00929740828425614,0.8566044443877162,0.6337262926078674,0.03387124256059907,0.016852414866762477,0.016870133717324598,0.020732203386427228,0.056715788394211986,0.21326712013762467
20325_5.h5,12,base,42,0.05400153706433364,0.009596524211124105,0.8773860478524922,0.4268920222777775,0.035448669733657553,0.0,0.0,0.0,0.0,0.0
20325_5.h5,12,corrected,42,0.051066027104387846,0.009074639641114877,0.8665828309953464,0.4651814755638033,0.031080444904333343,0.05435974825028833,0.05438266590358509,0.012312957202348929,0.12322676315203729,0.03828945328602579
20325_5.h5,12,spatial_tke_map,42,0.05277520679862914,0.009378303450530203,0.8607981889091266,0.6134408190194692,0.03437969918613045,0.02270917333785394,0.02273956234497332,0.018905998088260434,0.030155448866171275,0.18654879674169172
20325_5.h5,12,window_energy,42,0.05257779431772872,0.009343115139827923,0.8597562127704399,0.6047232491113833,0.0330709164368861,0.026364855965280598,0.026406338974525267,0.020093589503962894,0.06707595276879563,0.1778312268336058
20325_5.h5,13,base,42,0.054991829672255854,0.00977403098306187,0.8828047197031837,0.40869625817447897,0.03787409592075301,0.0,0.0,0.0,0.0,0.0
20325_5.h5,13,corrected,42,0.05189212066312738,0.00922302540144905,0.8760466823109736,0.44507686203722135,0.03329402596679505,0.05636671897629775,0.05637444597502261,0.007655189467589585,0.1209288259590725,0.03638060386274239
20325_5.h5,13,spatial_tke_map,42,0.053618655703765006,0.009529877776235828,0.8722937289655912,0.5903693728933638,0.03609978139431031,0.02497050883148977,0.024979786461609588,0.011906359926492582,0.04684770641536207,0.1816731147188848
20325_5.h5,13,window_energy,42,0.05337283214765676,0.009486073138753362,0.8710661882248819,0.5789175360321659,0.035146140993007266,0.029440692085499043,0.0294615235830058,0.013296860807731736,0.07202693190231291,0.17022127785768693
20325_5.h5,14,base,42,0.05559101107261271,0.00988053060987563,0.8786713797883691,0.42770218588001574,0.038486151733761596,0.0,0.0,0.0,0.0,0.0
20325_5.h5,14,corrected,42,0.0518445289044381,0.009214800039874422,0.8818631354094912,0.42086493921713036,0.03297438002258522,0.06739366843464978,0.06737801807281552,-0.003632479325650584,0.14321441513055266,-0.006837246662885377
20325_5.h5,14,spatial_tke_map,42,0.05369756877736967,0.009544158498128216,0.8814645622194252,0.5689878911824202,0.035656014073278945,0.03406022410295495,0.034043931953533724,-0.0031788703892106085,0.07353651983863951,0.14128570530240447
20325_5.h5,14,window_energy,42,0.05326705745860352,0.009467546223823729,0.8766944861413626,0.547781243568729,0.034739267456925946,0.041804485458515006,0.04179779430460151,0.0022498668927655174,0.09735668826428112,0.1200790576887133
20325_5.h5,15,base,42,0.05911182585260696,0.010506774722405719,0.8673683580695672,0.7353447561780715,0.04315569077116527,0.0,0.0,0.0,0.0,0.0
20325_5.h5,15,corrected,42,0.050984049757556424,0.009062943439876767,0.894001165423395,0.35027471653651443,0.032385032526631226,0.1374983089731795,0.13741907680289156,-0.030705301970090693,0.2495767777567477,-0.38507003964155706
20325_5.h5,15,spatial_tke_map,42,0.05275397596845108,0.009377591384383321,0.8895548177117848,0.48883970467049376,0.03463649491612054,0.10755631030597723,0.10747192814693285,-0.025579051202186065,0.19740608255393477,-0.24650505150757773
20325_5.h5,15,window_energy,42,0.05215239151613724,0.009270590256921556,0.8791972643352398,0.4550369191506267,0.033756257313416305,0.11773336783442945,0.1176559408709884,-0.01363769632085643,0.2178028734979548,-0.2803078370274448
20325_5.h5,16,base,42,0.059799134900043134,0.010629266803280147,0.8815539498786197,0.7916503888374068,0.039314818119831965,0.0,0.0,0.0,0.0,0.0
20325_5.h5,16,corrected,42,0.05101548315834573,0.009069330330874526,0.8958355971540568,0.33159099844130824,0.03155066397204409,0.14688593332294286,0.14675861480156194,-0.016200536878546723,0.1974867116038196,-0.46005939039609856
20325_5.h5,16,spatial_tke_map,42,0.052610998856931254,0.009353032869315391,0.8876162507849599,0.4556167103266892,0.033456457914717505,0.12020468281233776,0.12006791790859139,-0.006876834829195433,0.149011504701818,-0.3360336785107176
20325_5.h5,16,window_energy,42,0.05215655696435253,0.009272253001386857,0.8787506153663018,0.43040081510987577,0.03286442496491061,0.12780415550267588,0.12766767708517035,0.003179992004691101,0.16407027841920796,-0.361249573727531
20325_5.h5,17,base,42,0.05975806543736776,0.01062161778435375,0.8544981107876737,0.7011498913285662,0.043617136810456696,0.0,0.0,0.0,0.0,0.0
20325_5.h5,17,corrected,42,0.05438094526725021,0.009667827522533139,0.8744277514251889,0.46132780748151714,0.03831941832300888,0.08998149673625722,0.08979707999148667,-0.02332321205385024,0.12145956554804749,-0.23982208384704906
20325_5.h5,17,spatial_tke_map,42,0.05630966993176597,0.01001077514480542,0.8740064171522609,0.6036854565877449,0.04099483022026325,0.05770594279388186,0.057509378698237024,-0.022830133991290635,0.06012101623242683,-0.09746443474082134
20325_5.h5,17,window_energy,42,0.0561317051214251,0.009979271071936743,0.8760090122054106,0.5996184438419053,0.040441041628781274,0.060684031342069344,0.06047541207547691,-0.02517372612785329,0.07281759908903485,-0.10153144748666088
20325_5.h5,18,base,42,0.06456734998627944,0.011478616079979034,0.9463951853421373,1.062311203698352,0.05567860155615478,0.0,0.0,0.0,0.0,0.0
20325_5.h5,18,corrected,42,0.061190688822888646,0.010879063797854647,0.9081878993472847,0.8462290507031257,0.04636264524086501,0.0522967283636131,0.05223210515509136,0.04037138669618234,0.1673166361029047,-0.21608215299522626
20325_5.h5,18,spatial_tke_map,42,0.06425745277796091,0.011424352677610435,0.9506755605378264,1.0844622356487623,0.050457866928431336,0.004799596210536494,0.004727347093979817,-0.004522820130516303,0.09376554873523657,0.02215103195041035
20325_5.h5,18,window_energy,42,0.06436225103016897,0.011443160990781943,1.0037978562181977,1.1023042859967553,0.05064639938972187,0.0031765119081711424,0.003088794759756097,-0.06065401828445327,0.09037946402726504,0.03999308229840337
20325_5.h5,19,base,42,0.08101945611811062,0.014402287709305713,1.6963163510800219,2.4468063628528856,0.06685122106542785,0.0,0.0,0.0,0.0,0.0
20325_5.h5,19,corrected,42,0.06891500094201117,0.012250446934761414,1.0748481133737522,1.3540421310547575,0.055551528323644433,0.1494018320544328,0.1494096506039062,0.36636340698513525,0.16902746968113436,-1.092764231798128
20325_5.h5,19,spatial_tke_map,42,0.07366726113623615,0.013095251354670894,1.1938295070080795,1.7457981348775216,0.06078865520126488,0.09074604217481297,0.09075199586453941,0.2962223666310919,0.0906874364827156,-0.701008227975364
20325_5.h5,19,window_energy,42,0.07373912379636373,0.013108209762950357,1.3157422440797404,1.7646518946743999,0.06138423469393878,0.08985906189167181,0.08985224934224978,0.22435326214828677,0.08177840710102335,-0.6821544681784857
20325_5.h5,20,base,42,0.10419975420733744,0.01852099915224622,2.5808593553172194,4.539484866376573,0.09090417546247405,0.0,0.0,0.0,0.0,0.0
20325_5.h5,20,corrected,42,0.07449390997160502,0.013242128235702814,1.2169253052027438,1.6789241044461174,0.06344164854282955,0.2850855499776278,0.28502084974736286,0.5284805804331911,0.30210413086009724,-2.8605607619304556
20325_5.h5,20,spatial_tke_map,42,0.0808147469086339,0.014365662236046826,1.408407388054916,2.194161272489111,0.07062734570272729,0.22442478369163799,0.22435813975486496,0.45428743137310346,0.22305718803991792,-2.345323593887462
20325_5.h5,20,window_energy,42,0.08053444745317691,0.014316020462523171,1.5467467523978902,2.1888794230998565,0.07070319612030958,0.22711480400492245,0.22703843648808064,0.4006853766706804,0.22222278833059317,-2.3506054432767165
22875_15.h5,1,base,42,0.10914246876031267,0.019619472234335848,0.7493192050139651,1.0966362494638848,0.12351295017207621,0.0,0.0,0.0,0.0,0.0
22875_15.h5,1,corrected,42,0.06364129927927833,0.011439126246299362,0.671778027723534,1.1747694004416411,0.06836052394360619,0.4168970154134892,0.4169503588236253,0.10348216991046688,0.44653152686930864,0.0781331509777563
22875_15.h5,1,spatial_tke_map,42,0.07552637977457428,0.013575976318194875,0.7407048847580302,1.403711886337781,0.09720255537024232,0.308001911332632,0.3080356007520074,0.011496195744474913,0.2130172970945855,0.3070756368738963
22875_15.h5,1,window_energy,42,0.06974973142562046,0.012536786979130224,0.7877793361479057,1.3823861767585819,0.07521463992599617,0.3609295060129383,0.36100284302297825,-0.051326765518072914,0.3910384310211329,0.28574992729469706
22875_15.h5,2,base,42,0.1012518471593454,0.01821794697773479,0.7659167917967399,0.8275475501845461,0.11032055323002271,0.0,0.0,0.0,0.0,0.0
22875_15.h5,2,corrected,42,0.07520538424237999,0.01353105231735118,0.7008332429493462,1.0744330828036348,0.073531247209932,0.2572443234144135,0.257267993265747,0.08497469900707655,0.33347644607422844,0.24688553261908874
22875_15.h5,2,spatial_tke_map,42,0.08316023414253076,0.014962846407580404,0.7405060618216333,1.2535013536299804,0.09447514734666997,0.17867933795166135,0.17867548819483525,0.033176880631506256,0.1436305875870152,0.4259538034454343
22875_15.h5,2,window_energy,42,0.07970494385221222,0.014340384960559555,0.7937236048585916,1.2649704995923972,0.07842908735484372,0.21280503923275274,0.2128429741240453,-0.03630526626348085,0.2890800031494043,0.4374229494078511
22875_15.h5,3,base,42,0.10483108823772518,0.018884953798112537,0.7955168414885165,1.0563028725774408,0.1422728351248971,0.0,0.0,0.0,0.0,0.0
22875_15.h5,3,corrected,42,0.08634088366306243,0.015552594030509357,0.7540685054306587,1.036130010960902,0.08030795454055135,0.17638092750437306,0.17645580726473553,0.05210239921546167,0.43553557170593116,-0.020172861616538862
22875_15.h5,3,spatial_tke_map,42,0.09221128123010708,0.01661046409716546,0.7830742930943154,1.1885029469391029,0.09480272229406904,0.12038229517373888,0.12043925154714441,0.01564083592613763,0.3336554922038031,0.13220007436166203
22875_15.h5,3,window_energy,42,0.09030589755776969,0.016266529456042258,0.8528417186076379,1.2185255812967701,0.0841018851863194,0.13855804536738903,0.13865135017338404,-0.07205991643352139,0.40886898674305006,0.1622227087193293
22875_15.h5,4,base,42,0.10131006831989628,0.01826058349375745,0.7540021216156043,0.7316982794321194,0.08958767282093341,0.0,0.0,0.0,0.0,0.0
22875_15.h5,4,corrected,42,0.09574004848366588,0.017258956224521754,0.7453240952847101,0.837320884449022,0.083306451802681,0.054979923798319064,0.05485187642432732,0.011509286356250259,0.07011255924469917,0.10562260501690257
22875_15.h5,4,spatial_tke_map,42,0.09999484505540285,0.018026470949310116,0.7604472718504883,0.9551383307597537,0.09296477906660787,0.012982157512128834,0.012820649708557563,-0.00854792055634257,-0.037696104155139354,0.22344005132763434
22875_15.h5,4,window_energy,42,0.09857782392432471,0.017770396554875084,0.8036037135245332,0.9838171853696636,0.08528528155055697,0.026969129928372415,0.02684399099568424,-0.06578441954864434,0.04802436691235412,0.25211890593754416
22875_15.h5,5,base,42,0.1050608666756029,0.018945928589806933,0.7731955736779484,0.6990243143653487,0.09353440267558133,0.0,0.0,0.0,0.0,0.0
22875_15.h5,5,corrected,42,0.1000760961806573,0.01805040090028905,0.76455136138082,0.785070604079077,0.08598720665431336,0.04744650080164581,0.04726755330428545,0.01117985227981777,0.08068898507263667,0.0860462897137283
22875_15.h5,5,spatial_tke_map,42,0.10378992471684749,0.018720594721186836,0.776296278752818,0.8911794478847771,0.09192725639281919,0.012097196596328352,0.011893524645782083,-0.004010246799681205,0.017182408149185813,0.19215513351942837
22875_15.h5,5,window_energy,42,0.10261648286341754,0.018508762960110586,0.815024327553172,0.9216652112504801,0.08729543490988526,0.023266358726440894,0.023074383903861295,-0.054098542851521936,0.06670238529598116,0.22264089688513133
22875_15.h5,6,base,42,0.10787915893933911,0.019454999251596328,0.789794097153966,0.7353149041851585,0.10097151129742146,0.0,0.0,0.0,0.0,0.0
22875_15.h5,6,corrected,42,0.10282954190545884,0.01854719623956237,0.7801329611253558,0.7895242738697079,0.0890644929050923,0.046808086784581704,0.046661683215406535,0.012232474341634436,0.11792453375542611,0.05420936968454937
22875_15.h5,6,spatial_tke_map,42,0.10644293751224126,0.019199090365631662,0.7902202562665676,0.8954168858359721,0.09271746228509857,0.013313242717302165,0.013153888245134082,-0.0005395825496001816,0.08174631543356603,0.16010198165081357
22875_15.h5,6,window_energy,42,0.10537452545578513,0.019006793801596318,0.8327059657555493,0.9270824505425623,0.0901666967186035,0.023217028276632634,0.02303806051101409,-0.05433298217372973,0.10700854567771423,0.19176754635740378
22875_15.h5,7,base,42,0.11194432430296304,0.020178446592962824,0.8093562386949955,0.7922790343412265,0.11118157617361628,0.0,0.0,0.0,0.0,0.0
22875_15.h5,7,corrected,42,0.10505137843150723,0.01893863878438599,0.7834007954247786,0.7863757949726494,0.09016234223041386,0.06157476865732758,0.06144218301765669,0.03206924470251493,0.1890532106720605,-0.005903239368577062
22875_15.h5,7,spatial_tke_map,42,0.10845799123322049,0.019552598549667635,0.7892975021673747,0.8913523755969731,0.09637614166743085,0.031143455386869245,0.031015670131587347,0.02478356942051063,0.1331644595779602,0.09907334125574663
22875_15.h5,7,window_energy,42,0.10753887852601807,0.01938784935071752,0.8341408199675109,0.9235448559208308,0.09192797771754029,0.03935390029263297,0.039180282714181947,-0.030622586306961574,0.1731725625656756,0.1312658215796043
22875_15.h5,8,base,42,0.1147711530459047,0.020703097932937897,0.7993075821732415,0.7629883327639336,0.11786291424966533,0.0,0.0,0.0,0.0,0.0
22875_15.h5,8,corrected,42,0.1087445986116651,0.019617592140227024,0.7786582795631782,0.7598154800337681,0.09947923773336684,0.0525093133100194,0.052432046461214465,0.0258339881549976,0.1559750718309656,-0.003172852730165543
22875_15.h5,8,spatial_tke_map,42,0.11187839534642852,0.02018225960157377,0.7768919347133437,0.8590451282554991,0.1075688500291878,0.025204571207184556,0.02515750700939745,0.02804383188628301,0.08733929825179731,0.09605679549156543
22875_15.h5,8,window_energy,42,0.11107651478028557,0.020038750774765524,0.8203351199339185,0.8917269860540568,0.10154185876144012,0.03219134919853417,0.032089263178117,-0.02630719166144413,0.1384749018987671,0.12873865329012313
22875_15.h5,9,base,42,0.11602898224201764,0.020927192736090477,0.7814259821604337,0.6995935509452034,0.11562651147654615,0.0,0.0,0.0,0.0,0.0
22875_15.h5,9,corrected,42,0.1114324721963025,0.020098340323118486,0.7646695979617154,0.7233373634267375,0.10542606928256912,0.039615188868308504,0.039606478681805,0.021443341508035507,0.08821888737900829,0.02374381248153412
22875_15.h5,9,spatial_tke_map,42,0.11437920437125294,0.020629169315079573,0.7591915919787053,0.8171931150344046,0.1168031537118834,0.014218670532880617,0.014240965081615653,0.02845361005306757,-0.010176232252548045,0.11759956408920125
22875_15.h5,9,window_energy,42,0.11358672940809961,0.02048730690744711,0.7941340074135488,0.8483462504987116,0.10819603020492555,0.0210486448017263,0.021019820201911288,-0.016262609054770394,0.0642627817507736,0.14875269955350823
22875_15.h5,10,base,42,0.11740841524953856,0.021165004985429562,0.7782885099810631,0.6511571430598947,0.12120436404923994,0.0,0.0,0.0,0.0,0.0
22875_15.h5,10,corrected,42,0.11315867770419168,0.020399561810636783,0.7636368802068589,0.6812853560148782,0.11652071790605294,0.03619619203882907,0.03616550883497194,0.018825447872230172,0.03864255367310243,0.03012821295498347
22875_15.h5,10,spatial_tke_map,42,0.11607601997067185,0.020924726942614665,0.7555049599415087,0.7704925028713618,0.13112612979808272,0.011348379722482815,0.01135260979056274,0.029273912883679643,-0.08185980617671484,0.11933535981146715
22875_15.h5,10,window_energy,42,0.11518702746564931,0.02076549977701672,0.7833660774710212,0.798487472564601,0.1198972413477258,0.018920175177971177,0.018875743647963628,-0.006524017025616224,0.010784452455714577,0.14733032950470626
22875_15.h5,11,base,42,0.11917027229589945,0.021480386386619962,0.7936656005223771,0.6200973751211911,0.12727064095424515,0.0,0.0,0.0,0.0,0.0
22875_15.h5,11,corrected,42,0.11494849193156963,0.02072080586639622,0.7770322425863292,0.6497207827213937,0.1246568274039087,0.03542645563355895,0.035361585520495176,0.020957639999894306,0.02053744312701422,0.029623407600202545
22875_15.h5,11,spatial_tke_map,42,0.11794598260980746,0.02126057641995807,0.7676860290210004,0.7391154321526789,0.14056721865697389,0.010273448759536952,0.010233054597137525,0.03273364939122658,-0.1044748231252246,0.11901805703148782
22875_15.h5,11,window_energy,42,0.11691065243637062,0.021074702956838238,0.7905080241087747,0.7615835988543922,0.12821946376164264,0.018961271263341573,0.018886225903013698,0.003978472056145654,-0.007455158552541752,0.14148622373320108
22875_15.h5,12,base,42,0.12102918042365776,0.021806155702599885,0.7912827949005474,0.5887514071482686,0.1286053974351505,0.0,0.0,0.0,0.0,0.0
22875_15.h5,12,corrected,42,0.11673802254572395,0.021034332226604897,0.7744602245396598,0.6193188740554887,0.12348062559789261,0.03545556421114959,0.03539475212969179,0.02125987127396345,0.03984880836624349,0.03056746690722012
22875_15.h5,12,spatial_tke_map,42,0.11994446126281814,0.021611785499612728,0.7642829131569913,0.7111345394431309,0.13944137935167178,0.008962459772449916,0.008913547423858081,0.03412165905483844,-0.0842575983016991,0.1223831322948623
22875_15.h5,12,window_energy,42,0.11861431937374983,0.021372533601826033,0.7803991234026548,0.725390168179708,0.12736791335158215,0.019952717530225428,0.01988530700632174,0.013754464987780435,0.009622333963023255,0.13663876103143946
22875_15.h5,13,base,42,0.12278448176584444,0.022121737460574664,0.7982384383158615,0.5658665147237578,0.1337791674298681,0.0,0.0,0.0,0.0,0.0
22875_15.h5,13,corrected,42,0.1172620836279989,0.021128817135132077,0.7885933252862707,0.5851437824581435,0.11834595561045178,0.04497635253595811,0.044884373445447934,0.012082997468701562,0.11536334181110053,0.01927726773438565
22875_15.h5,13,spatial_tke_map,42,0.1204066837693808,0.02169519691426689,0.7789842554472376,0.6770443464981029,0.1334772332236549,0.019365623100468188,0.01928151200003858,0.024120841523551206,0.002256959824267657,0.11117783177434504
22875_15.h5,13,window_energy,42,0.11898381188487421,0.02143910411205252,0.7906028339321394,0.6850746778252258,0.12214384052596496,0.03095399211944616,0.030858034986570693,0.00956556840313516,0.08697413152913214,0.11920816310146798
22875_15.h5,14,base,42,0.12770324469915031,0.022998503194166516,0.7976288248263023,0.6153070932211222,0.1414485416536851,0.0,0.0,0.0,0.0,0.0
22875_15.h5,14,corrected,42,0.11773025278361926,0.02120791232932491,0.7952934040191044,0.5400999380001917,0.1079829161352042,0.07809505497707536,0.07785684353996492,0.0029279543749016756,0.23659222730211182,-0.07520715522093047
22875_15.h5,14,spatial_tke_map,42,0.12066938298839291,0.021737289345936477,0.7889446634804584,0.6268046989372209,0.12017231779011585,0.05507974153145534,0.05483895354328716,0.010887471810882676,0.1504167071277468,0.011497605716098702
22875_15.h5,14,window_energy,42,0.11923443473134483,0.021478985484616225,0.7945074779749943,0.6315932568445722,0.11112048029553553,0.06631632569522194,0.06607028712789065,0.0039132824117629195,0.21441056234007083,0.016286163623450034
22875_15.h5,15,base,42,0.13769710696885143,0.024780849768336118,0.8143050642811528,0.7631478060354155,0.1591150481669731,0.0,0.0,0.0,0.0,0.0
22875_15.h5,15,corrected,42,0.11908293102893468,0.02144009220970796,0.822707005514364,0.4633408014728004,0.09622427902218547,0.13518204085527719,0.1348120661663843,-0.010317928257793874,0.3952534337216863,-0.29980700456261516
22875_15.h5,15,spatial_tke_map,42,0.12144315810840708,0.021865287538345865,0.814862850331153,0.5370998810527938,0.10418700654492802,0.1180413243113464,0.11765384388535494,-0.0006849841348985919,0.3452095967969313,-0.22604792498262172
22875_15.h5,15,window_energy,42,0.12025201250378174,0.021650967449259817,0.8177331544702268,0.5411723268537075,0.09828910488093878,0.12669180093243315,0.1263024613092779,-0.004209835280958529,0.38227649733169444,-0.221975479181708
22875_15.h5,16,base,42,0.1376450462183941,0.024764716003548397,0.8252376098234263,0.6583307601675354,0.14035524615965306,0.0,0.0,0.0,0.0,0.0
22875_15.h5,16,corrected,42,0.12205960110745909,0.021968252784728512,0.8451138804529739,0.42303873927695806,0.09345198064298585,0.11322924826663516,0.11292127147426989,-0.024085512333593684,0.3341753642989239,-0.23529202089057738
22875_15.h5,16,spatial_tke_map,42,0.12438769273925747,0.022387927044224272,0.8355289301957153,0.4922510040373834,0.10002134215173215,0.09631551474872468,0.095974811864734,-0.012470736003526328,0.28737012054427513,-0.16607975613015202
22875_15.h5,16,window_energy,42,0.12316029624049267,0.02216697378720119,0.838236035622743,0.49401680314699753,0.09502871281630974,0.10523262824089763,0.1048969112335062,-0.015751131122220485,0.3229414972617747,-0.16431395702053792
22875_15.h5,17,base,42,0.13794345275627057,0.024797471562947853,0.8631781027936402,0.5619898658401997,0.12957402815179453,0.0,0.0,0.0,0.0,0.0
22875_15.h5,17,corrected,42,0.12715092846430456,0.022864027278851836,0.8596154713282722,0.43562031715981914,0.09937635075118384,0.07823875708718919,0.07796941229221732,0.0041273422644036994,0.23305347399738507,-0.12636954868038058
22875_15.h5,17,spatial_tke_map,42,0.1304979506124718,0.023467078121033845,0.851397964629727,0.5227405357612758,0.10725566854943024,0.05397503103647894,0.053650366672942096,0.013647401533689485,0.17224408255810786,-0.03924933007892395
22875_15.h5,17,window_energy,42,0.12863681334166674,0.023132021644811856,0.8544212611803095,0.5095070296808059,0.1012517091809199,0.06746706152881021,0.06716208601785423,0.010144883871578192,0.2185802153012898,-0.052482836159393864
22875_15.h5,18,base,42,0.14146048606097933,0.025430693609288395,0.8788792848841075,0.5476812614228003,0.12325160118367813,0.0,0.0,0.0,0.0,0.0
22875_15.h5,18,corrected,42,0.13493954646153133,0.024257131049161485,0.8629405947883435,0.4790742972392017,0.12069436548305916,0.04609725147301569,0.0461474853245164,0.018135243792741895,0.02074809313680237,-0.06860696418359857
22875_15.h5,18,spatial_tke_map,42,0.1400181854889071,0.025172133173190538,0.864600251737331,0.6022447039320998,0.13405927483756852,0.010195784082422166,0.010167258513288036,0.01624686506140527,-0.08768789654735643,0.054563442509299565
22875_15.h5,18,window_energy,42,0.13707616943850004,0.024642415479492703,0.860504368489301,0.5618786867777781,0.12465574650104194,0.030993224642175687,0.030997114821428973,0.020907212982303358,-0.011392511771682878,0.01419742535497781
22875_15.h5,19,base,42,0.16365341306900807,0.029423859146388114,0.9016437690146015,0.9962021181941981,0.16596326767568786,0.0,0.0,0.0,0.0,0.0
22875_15.h5,19,corrected,42,0.15023941718127007,0.027003828207022428,0.842518503481226,0.6667187551493423,0.1596330281785514,0.08196587920889675,0.08224723097421272,0.06557497269458534,0.038142412991689856,-0.3294833630448558
22875_15.h5,19,spatial_tke_map,42,0.1584638242897648,0.02848419597182263,0.8716552796398845,0.8650121076690929,0.1849436782493868,0.031710849666514274,0.0319354157417121,0.033259797721988504,-0.11436512934168608,-0.13119001052510526
22875_15.h5,19,window_energy,42,0.15416916758742463,0.02771145036773866,0.8535275472059428,0.7845967143718757,0.1679207953864553,0.05795323973832556,0.058197966831269876,0.05336500230156804,-0.011794945581528715,-0.2116054038223224
22875_15.h5,20,base,42,0.24760392093493455,0.044511738907701034,2.0956572745194344,3.2254946529293806,0.3893020120076867,0.0,0.0,0.0,0.0,0.0
22875_15.h5,20,corrected,42,0.1850301800112607,0.03326124669863834,1.0761036184281283,1.314242023940959,0.22965559364431587,0.2527170841535946,0.25275337439392265,0.48650782190761843,0.4100837227633405,-1.9112526289884217
22875_15.h5,20,spatial_tke_map,42,0.19920634309905033,0.03581140495774903,1.280024414890033,1.6892722779956582,0.26993336369932347,0.1954636972352395,0.19546156055580988,0.3892014546206932,0.306622222918299,-1.5362223749337225
22875_15.h5,20,window_energy,42,0.19331426179839184,0.034751377827402036,1.2149953045055493,1.5475696451643006,0.244995844871293,0.21926009463642127,0.2192761127696664,0.4202318674535339,0.3706792225197757,-1.67792500776508
24150_10.h5,1,base,42,0.0884273386599,0.01767595997637652,0.6510133820527623,1.045434054078281,0.09071263063315323,0.0,0.0,0.0,0.0,0.0
24150_10.h5,1,corrected,42,0.05211588336246107,0.010415935630846265,0.6660900814105283,1.2438511858871135,0.055179543522454425,0.4106360753103321,0.41072871602069116,-0.02315881635217165,0.39171046923329256,0.19841713180883258
24150_10.h5,1,spatial_tke_map,42,0.060983576484671904,0.012189686149048381,0.7053193001133472,1.3805573327591139,0.07053519486464034,0.31035381807406226,0.3103805300906093,-0.08341751422889132,0.22243248407282468,0.3351232786808329
24150_10.h5,1,window_energy,42,0.05515489076278034,0.011024252771414634,0.7255782737691684,1.3567804057078339,0.05827497768753237,0.37626879199755947,0.376313773840387,-0.11453664974027045,0.3575869503421246,0.31134635162955293
24150_10.h5,2,base,42,0.08344906193391036,0.016678627052466317,0.6856787167733884,0.819788235406518,0.09213794378564491,0.0,0.0,0.0,0.0,0.0
24150_10.h5,2,corrected,42,0.06107636606410425,0.012204009174217692,0.6787243202948376,1.1468716921862674,0.06314214858544201,0.2681000283445336,0.2682845454948254,0.010142354295720635,0.3146998295041228,0.32708345677974937
24150_10.h5,2,spatial_tke_map,42,0.0668380370181547,0.013356727214286334,0.6923175289448857,1.2471273342901366,0.07503100204731028,0.19905586151359234,0.199171060527357,-0.009682103307417256,0.18566663239341674,0.42733909888361854
24150_10.h5,2,window_energy,42,0.06326196266199828,0.012641626588414456,0.7244031570064825,1.2511366932524695,0.06550595031348168,0.24190924144719295,0.24204632979396823,-0.056476071497917335,0.2890447993295949,0.43134845784595144
24150_10.h5,3,base,42,0.08827289213834441,0.017639852894754806,0.7511138712951035,1.0936252375179651,0.1092176615393423,0.0,0.0,0.0,0.0,0.0
24150_10.h5,3,corrected,42,0.0700025753603591,0.01398295055142596,0.7344540282197702,1.125092641260339,0.06857715648529697,0.20697539567811396,0.20730911789044582,0.02218018294164592,0.3721056144331184,0.03146740374237389
24150_10.h5,3,spatial_tke_map,42,0.07421821849293474,0.014826470885832041,0.7422134860937468,1.2095321203659768,0.07779282373611196,0.15921845659460998,0.15949010605180958,0.011849581723221703,0.2877267042740199,0.11590688284801165
24150_10.h5,3,window_energy,42,0.07187621911844787,0.014357756861882792,0.7814992516112528,1.2267793689065118,0.07035437422176066,0.18574981087284526,0.1860614174309777,-0.04045376004540757,0.3558333585413961,0.1331541313885467
24150_10.h5,4,base,42,0.08519305975306686,0.01701544607018996,0.7251047198460764,0.8166443429765231,0.08510550828069248,0.0,0.0,0.0,0.0,0.0
24150_10.h5,4,corrected,42,0.07890947636731223,0.01576316133187386,0.7290554428312975,0.9661029537618369,0.07195084102338097,0.07375698682460374,0.07359693851987992,-0.005448486097373362,0.15456892888677876,0.14945861078531375
24150_10.h5,4,spatial_tke_map,42,0.0821503121737902,0.016411752617636305,0.7323621763134942,1.0370005277231167,0.07762027294256249,0.03571590911391265,0.03547914348312564,-0.010008839094246103,0.08795241917176977,0.22035618474659358
24150_10.h5,4,window_energy,42,0.0802440449035602,0.016030265873305038,0.7592684937848757,1.0518119829106922,0.07289343888118097,0.05809176080600276,0.0578991695440122,-0.04711564137391289,0.1434932902255166,0.23516763993416911
24150_10.h5,5,base,42,0.09097010457689525,0.018153632827498562,0.73536755968159,0.7783916207249886,0.08854765399492819,0.0,0.0,0.0,0.0,0.0
24150_10.h5,5,corrected,42,0.08461327840361374,0.016891513682163486,0.7371891721402127,0.9132190527102354,0.07994639925023708,0.0698781891352912,0.06952432922534701,-0.00247714552354128,0.09713701443952161,0.13482743198524683
24150_10.h5,5,spatial_tke_map,42,0.08743349259604806,0.017455551754505423,0.7383774607016863,0.9765980820442244,0.0834969522354837,0.03887663971912625,0.03845407030243042,-0.004093056568064579,0.05703936277898203,0.1982064613192358
24150_10.h5,5,window_energy,42,0.08580138057200738,0.017129387310614603,0.7629804007388931,0.9939646872212968,0.08093862586254133,0.05681783074701041,0.05642096690049081,-0.037549713328745904,0.08593144808582598,0.21557306649630825
24150_10.h5,6,base,42,0.09524385751179335,0.0190023185555817,0.7463441359480959,0.7755895148388112,0.09280500244420109,0.0,0.0,0.0,0.0,0.0
24150_10.h5,6,corrected,42,0.08990434279418386,0.017942621712727785,0.7511725015143014,0.8916280464173161,0.08679488455497457,0.056061512596214835,0.05576671287528967,-0.006469355534055143,0.06476071042442022,0.11603853157850486
24150_10.h5,6,spatial_tke_map,42,0.09254972780490671,0.01847125873879375,0.7503741097345499,0.953300317338573,0.08900080587912963,0.028286650470378594,0.02794710630887498,-0.005399618744688972,0.040991287806481425,0.1777108024997618
24150_10.h5,6,window_energy,42,0.09109216995303673,0.01818052012494613,0.7760943733462342,0.9708231388722007,0.08797079207616199,0.043590081998122976,0.043247271549090915,-0.03986128645647624,0.05208997619439393,0.1952336240333895
24150_10.h5,7,base,42,0.09982826833455234,0.019910681596686384,0.7650601763101387,0.8170981742035596,0.10618400469526809,0.0,0.0,0.0,0.0,0.0
24150_10.h5,7,corrected,42,0.09410329100631586,0.018773600801481473,0.7600046868395653,0.8715700495358198,0.09651522163014838,0.057348258401623164,0.05710908437178508,0.006607963173505871,0.09105686956211201,0.05447187533226028
24150_10.h5,7,spatial_tke_map,42,0.09654122089624062,0.019260641115942397,0.7591426835925955,0.9298515014398647,0.09944672553314884,0.03292702050381069,0.032647826624487286,0.007734676174210309,0.06344909651368125,0.11275332723630516
24150_10.h5,7,window_energy,42,0.09527011019619717,0.019007367303312706,0.7820571697243581,0.9484309330004786,0.0978736346050152,0.04565999405178012,0.04536832599060858,-0.022216544450392783,0.07826386011812592,0.13133275879691908
24150_10.h5,8,base,42,0.10296500096203255,0.020526322485035838,0.7734436420375052,0.8107731087421493,0.11095611905499164,0.0,0.0,0.0,0.0,0.0
24150_10.h5,8,corrected,42,0.0981547462788271,0.01957045672068358,0.7625915268168997,0.8434635069004264,0.10346511997567663,0.04671737617891336,0.046567804098815446,0.014030906236448537,0.06751316775600591,0.03269039815827712
24150_10.h5,8,spatial_tke_map,42,0.10033583428048679,0.02000601404657462,0.7609822110939874,0.8983013089667725,0.10737308434877908,0.025534566668097725,0.025348351553987958,0.016111621152758104,0.03229235788642493,0.08752820022462326
24150_10.h5,8,window_energy,42,0.09929125914280246,0.01979808764260404,0.7827949586817717,0.9184249679099962,0.10495813138250085,0.03567952007871833,0.035478096135471815,-0.012090495203544771,0.05405729511427937,0.10765185916784692
24150_10.h5,9,base,42,0.10504256060141341,0.02093388300485937,0.7715574429652486,0.7699752755217527,0.10724748019011689,0.0,0.0,0.0,0.0,0.0
24150_10.h5,9,corrected,42,0.10166256168418984,0.02026232381077692,0.7533518045076656,0.8121205542265983,0.10564328305125834,0.03217742311184757,0.032080010857353236,0.023595959864783578,0.014957900512112765,0.042145278704845635
24150_10.h5,9,spatial_tke_map,42,0.10367201460480503,0.0206635472630964,0.751304760945956,0.8627275457113232,0.11000651109558855,0.013047530341619873,0.01291378869845683,0.02624909163141187,-0.025725834309400453,0.09275227018957044
24150_10.h5,9,window_energy,42,0.1027843189166892,0.020487019515665755,0.7685458860167361,0.8844224031353214,0.10722525930804105,0.021498349543221495,0.02134642144937393,0.0039032180636331404,0.00020719257959667114,0.11444712761356868
24150_10.h5,10,base,42,0.10842715541872394,0.02161549043554864,0.7839931989081264,0.7279054209642035,0.10797019219320687,0.0,0.0,0.0,0.0,0.0
24150_10.h5,10,corrected,42,0.1055750278179264,0.02104965261491205,0.7633343320717229,0.7772944702819897,0.1087393154439984,0.026304550643085678,0.026177422266858152,0.026350824044360732,-0.007123477648490306,0.049389049317786204
24150_10.h5,10,spatial_tke_map,42,0.10746272524698283,0.021426747001903907,0.7614358996866607,0.8249363089929941,0.11387849466302201,0.008894729074249708,0.008731859876485948,0.02877231492936594,-0.05472160741589249,0.09703088802879056
24150_10.h5,10,window_energy,42,0.10666800103484493,0.021268595119428867,0.775321100920596,0.8457476822728115,0.11032012961164359,0.01622429710606632,0.01604845918967779,0.011061445430404326,-0.021764686814964795,0.11784226130860798
24150_10.h5,11,base,42,0.1134278485355053,0.022617623625405963,0.8103368925529191,0.6905388423870578,0.11505046864953997,0.0,0.0,0.0,0.0,0.0
24150_10.h5,11,corrected,42,0.1100073717706428,0.02193886042828253,0.7862572198288083,0.738172024024185,0.1137097957748565,0.030155528902514828,0.030010367506557722,0.029715631788957864,0.01165291102609367,0.047633181637127264
24150_10.h5,11,spatial_tke_map,42,0.1119080794374032,0.022318800270773625,0.7854831421545627,0.7847553446750319,0.12047358968941295,0.013398553509779254,0.013211969550005032,0.030670885932462033,-0.04713688786781556,0.09421650228797418
24150_10.h5,11,window_energy,42,0.11108223956374885,0.022154185005508392,0.7961868491879569,0.8029145589000505,0.11528715628328207,0.020679304086617,0.02049015526887621,0.017461926632000302,-0.0020572504964155858,0.11237571651299272
24150_10.h5,12,base,42,0.11690766319029719,0.023316770941648374,0.8201590087062984,0.6744423888321476,0.12093928947964831,0.0,0.0,0.0,0.0,0.0
24150_10.h5,12,corrected,42,0.11300794666583922,0.022541643726248017,0.7971192131578578,0.7138865140999361,0.11710660377584721,0.03335723611300134,0.033243334479725384,0.0280918642651784,0.03169098909288759,0.03944412526778851
24150_10.h5,12,spatial_tke_map,42,0.11495357858399634,0.02293076394539912,0.7940092272874418,0.7629282078335962,0.12483537750093283,0.016714769186003453,0.0165549079336611,0.03188379465599567,-0.032215238224466036,0.08848581900144858
24150_10.h5,12,window_energy,42,0.1140843136796685,0.022757349808857515,0.8074707784631825,0.7767608535329302,0.11879230499937347,0.02415025186187303,0.023992221486879295,0.015470451593441736,0.017752580567592435,0.10231846470078265
24150_10.h5,13,base,42,0.11979534610015594,0.023904713369286002,0.8276109172467224,0.6715436068908677,0.12803571464178798,0.0,0.0,0.0,0.0,0.0
24150_10.h5,13,corrected,42,0.11500543353063271,0.022950866828520516,0.8083653901726142,0.6845072441226163,0.11948825725620474,0.03998412897875503,0.039902027940273754,0.02325431754589924,0.06675838385794852,0.012963637231748648
24150_10.h5,13,spatial_tke_map,42,0.116813118738417,0.023312711690075157,0.8000687541529924,0.7338644550545916,0.12766384518786544,0.024894350730834014,0.024765060767115488,0.03327912007898193,0.0029044197157248597,0.06232084816372396
24150_10.h5,13,window_energy,42,0.11603597647985084,0.023157504922019838,0.8175355031179381,0.7443437557312902,0.1211743956370032,0.031381599892553735,0.03125778735444773,0.012174095240675364,0.05358910225932689,0.07280014884042252
24150_10.h5,14,base,42,0.12483481941576072,0.024909008738939205,0.8237581241893627,0.7126081737186168,0.14184774846525625,0.0,0.0,0.0,0.0,0.0
24150_10.h5,14,corrected,42,0.11671866275399445,0.02329169439021297,0.8143000425703083,0.6216532813143102,0.11980646067042959,0.06501516724060385,0.06492889242107636,0.011481624692153192,0.1553869415151512,-0.09095489240430665
24150_10.h5,14,spatial_tke_map,42,0.11834563964099253,0.023617319429881507,0.8036041953330362,0.6676665831098393,0.12735579077876086,0.051982129706585,0.05185631120834022,0.024465833191216646,0.10216558135954479,-0.04494159060877756
24150_10.h5,14,window_energy,42,0.11763016553826525,0.023474627557138562,0.8204917720036171,0.6756175013647197,0.12133740710382834,0.057713496212146276,0.05758483594565267,0.003965183577351539,0.1445940565383852,-0.03699067235389719
24150_10.h5,15,base,42,0.132595722763092,0.026454837310051688,0.815927993899703,0.8280308423369114,0.1578737654317,0.0,0.0,0.0,0.0,0.0
24150_10.h5,15,corrected,42,0.11761059322307857,0.023469112911374008,0.8155590893816476,0.5319023749702014,0.11456564006346688,0.11301367214376346,0.11286118919140864,0.00045212876726086204,0.2743212290516328,-0.29612846736670995
24150_10.h5,15,spatial_tke_map,42,0.11901996666582504,0.02375108112238214,0.8069676731036498,0.5701950490459313,0.11919930379972647,0.10238457028906345,0.10220271461061825,0.010981754349703943,0.2449707937618365,-0.25783579329098005
24150_10.h5,15,window_energy,42,0.11834115062043594,0.023615878569406206,0.8178536438853831,0.5776649973891141,0.11548790642097938,0.10750401178569402,0.10731340765292863,-0.0023600734379469746,0.2684794328862561,-0.25036584494779723
24150_10.h5,16,base,42,0.13197968545820665,0.02635134152227115,0.8015526593015283,0.7061568623617281,0.14112011924123863,0.0,0.0,0.0,0.0,0.0
24150_10.h5,16,corrected,42,0.12001810369027224,0.023967929758183102,0.8274514420014547,0.49127128997699027,0.10587463637258707,0.09063199178272197,0.09044745452802394,-0.03231076885515494,0.24975519478126973,-0.21488557238473788
24150_10.h5,16,spatial_tke_map,42,0.12144955606064413,0.024254401203574978,0.8192894543578892,0.5263476482515448,0.10835348092035788,0.0797859864645385,0.07957622639150719,-0.02212804717261707,0.2321897012067261,-0.17980921411018336
24150_10.h5,16,window_energy,42,0.12069490252782311,0.024104108078372915,0.8276887789861708,0.5332818366885442,0.10624822296937135,0.0855039386645382,0.08527965993681796,-0.03260686541470337,0.24710789970532343,-0.1728750256731839
24150_10.h5,17,base,42,0.13171343619918838,0.026313784922370628,0.8435690711656089,0.5834138928666387,0.12289677023272591,0.0,0.0,0.0,0.0,0.0
24150_10.h5,17,corrected,42,0.12432045740883124,0.024841281626618777,0.8345374960448556,0.4901938244158198,0.1071776642706903,0.05612926823332465,0.05595938783021681,0.01070638484679598,0.12790495577930017,-0.09322006845081887
24150_10.h5,17,spatial_tke_map,42,0.12638832107873613,0.025255267966826228,0.83058010106715,0.5363348316579355,0.10898431024635206,0.04042955126004877,0.040226708497738906,0.015397636711017904,0.11320443946597003,-0.0470790612087032
24150_10.h5,17,window_energy,42,0.12510171976322576,0.024998528749889098,0.8335099422941177,0.5325844121195952,0.10752000735199019,0.05019773704759933,0.04998354194813559,0.011924487531995376,0.12511934082252296,-0.05082948074704352
24150_10.h5,18,base,42,0.13515582969760429,0.02701242608804713,0.8810830704462796,0.5327262747867315,0.11508519872152241,0.0,0.0,0.0,0.0,0.0
24150_10.h5,18,corrected,42,0.1326376698564801,0.026507683061854033,0.8336297208878924,0.5382720505412096,0.12853160145439121,0.018631529596305874,0.018685586572190327,0.053857974520327034,-0.11683868023207533,0.005545775754478122
24150_10.h5,18,spatial_tke_map,42,0.13586272210665193,0.02715360197740237,0.8364833166359944,0.6090826031597997,0.13328911643254346,-0.005230202874927592,-0.005226331351914748,0.05061923819248382,-0.1581777492957197,0.07635632837306816
24150_10.h5,18,window_energy,42,0.13378867841586667,0.026739135178956763,0.8327544221922364,0.5863398096025405,0.13026587580803803,0.010115370419436998,0.01011722931511505,0.05485140944719802,-0.1319081624323306,0.053613534815808994
24150_10.h5,19,base,42,0.15491151328135006,0.030981977543111563,0.9033519322697321,0.8877083533282689,0.1533997816470397,0.0,0.0,0.0,0.0,0.0
24150_10.h5,19,corrected,42,0.14831686423450363,0.029656050613552483,0.8359561867264711,0.7261231370585227,0.15916522967356733,0.042570425574948945,0.042796717146736274,0.07460630030859039,-0.03758446045114616,-0.1615852162697462
24150_10.h5,19,spatial_tke_map,42,0.15337583086170684,0.030669468295437364,0.8559733206238834,0.8463192510061814,0.16972550871314032,0.009913287831964546,0.010086807636450645,0.05244756772347492,-0.10642601241548544,-0.04138910232208748
24150_10.h5,19,window_energy,42,0.15034723613660908,0.030063758990595456,0.8449162549531821,0.7942573757137746,0.16299951091236856,0.029463769658303884,0.02963718346378641,0.06468760981085897,-0.06257981049423544,-0.09345097761449428
24150_10.h5,20,base,42,0.23132354649840584,0.04625831558238789,2.000410251363785,2.9729126611480656,0.32440357728067387,0.0,0.0,0.0,0.0,0.0
24150_10.h5,20,corrected,42,0.18205176402398277,0.03640100076132158,1.1807579749438044,1.388598723497452,0.21807358232016535,0.21299942535146388,0.21309281794988932,0.40974208958446423,0.3277707226653418,-1.5843139376506137
24150_10.h5,20,spatial_tke_map,42,0.18998539849112855,0.03798954655197578,1.2819628431613943,1.6112914521759008,0.23474070093830876,0.17870272453030267,0.17875205628024016,0.35915003320573224,0.27639299508953574,-1.3616212089721649
24150_10.h5,20,window_energy,42,0.18613034496215589,0.03721888162116605,1.270862247380179,1.5237016011391353,0.22500097840500788,0.19536792609463727,0.19541208639822283,0.3646991928211899,0.3064164695991095,-1.4492110600089303
25425_15.h5,1,base,42,0.13086547308930283,0.02487298679945657,0.7645348093325917,1.0539774418654742,0.13990584753721558,0.0,0.0,0.0,0.0,0.0
25425_15.h5,1,corrected,42,0.07731546536516196,0.014696094366942337,0.7029907163800201,1.0826705179349532,0.07286125562550441,0.409198900672588,0.40915441778534534,0.08049874538256419,0.479212220875021,0.028693076069479018
25425_15.h5,1,spatial_tke_map,42,0.09096086196302712,0.017289891697709794,0.7753228800306018,1.331963945283702,0.10226587500670059,0.3049284901835393,0.3048727184590655,-0.014110633768824377,0.2690378793531313,0.27798650341822784
25425_15.h5,1,window_energy,42,0.08478196920888728,0.016118044232843264,0.8210772019656254,1.3195257197679877,0.08072629807466265,0.35214409723616,0.3519859772853893,-0.07395659679955324,0.4229955395310472,0.26554827790251356
25425_15.h5,2,base,42,0.12335590699367643,0.023433281586477027,0.7995719659465789,0.8161410359062942,0.13507720983070123,0.0,0.0,0.0,0.0,0.0
25425_15.h5,2,corrected,42,0.09070938446146204,0.017233515315418776,0.7370987973296342,0.9850445904278624,0.08101006453853835,0.26465309467416054,0.26457097987658873,0.07813326539404786,0.4002684491331131,0.16890355452156824
25425_15.h5,2,spatial_tke_map,42,0.09987129028468565,0.018973577726866708,0.7755065820308863,1.1864738989302988,0.104511316914193,0.1903809657870269,0.19031495196916604,0.03009783351671491,0.22628460385595717,0.3703328630240046
25425_15.h5,2,window_energy,42,0.09619759736029966,0.018277925625018628,0.8307738540210159,1.1998655913261405,0.0872644192745669,0.220162214321597,0.22000145145840233,-0.03902323918710482,0.35396637683040977,0.3837245554198463
25425_15.h5,3,base,42,0.12942398628450802,0.024561225507116976,0.8091911802605252,1.012340139837448,0.1853153971719434,0.0,0.0,0.0,0.0,0.0
25425_15.h5,3,corrected,42,0.10432812037507043,0.019793908583000376,0.7599615235900121,0.9409285157782631,0.09168446903887435,0.19390428799086956,0.19409931001753966,0.06083810336966744,0.5052517468162365,-0.071411624059185
25425_15.h5,3,spatial_tke_map,42,0.11110805722072375,0.021080579651524295,0.7854720465454893,1.1172663978253872,0.10900967253196482,0.14151881416726741,0.14171303685901637,0.02931215056916381,0.4117613852084775,0.10492625798793909
25425_15.h5,3,window_energy,42,0.1091180455501699,0.020703573769609566,0.8515693604161549,1.1446909320228849,0.09632799397707673,0.156894724983206,0.15706267329330115,-0.05237103565808243,0.48019433113968624,0.13235079218543677
25425_15.h5,4,base,42,0.12433792297942871,0.02357733949580005,0.8081723828495971,0.6898374680084994,0.11352072680502917,0.0,0.0,0.0,0.0,0.0
25425_15.h5,4,corrected,42,0.11563472754350317,0.021927890490284558,0.7850354232652675,0.7677541682323437,0.10131326037821511,0.06999630705883242,0.06995908108331372,0.028628743168319093,0.10753513274963677,0.07791670022384423
25425_15.h5,4,spatial_tke_map,42,0.12028115590288037,0.02281008466085746,0.7953166857301616,0.9042866572922243,0.11456508624446379,0.03262694903806229,0.03254204466450783,0.015907122530105178,-0.009199724744788584,0.21444918928372492
25425_15.h5,4,window_energy,42,0.11893539847492296,0.022554601086863073,0.8402762792506554,0.9335233530087388,0.1045622136240706,0.04345033578693103,0.043378024442459306,-0.03972407011467127,0.07891522044555555,0.24368588500023936
25425_15.h5,5,base,42,0.13097307175481251,0.024809392459059058,0.8295937977145297,0.6633021428426225,0.12027349748400949,0.0,0.0,0.0,0.0,0.0
25425_15.h5,5,corrected,42,0.12231020965981733,0.023170247304394397,0.7998270644629261,0.7116093208999993,0.10578978100081245,0.06614231443859275,0.06606954029082379,0.03588109425794739,0.12042317539757807,0.04830717805737683
25425_15.h5,5,spatial_tke_map,42,0.12628788974632427,0.02392529966772278,0.8082024644459707,0.8320243193156249,0.11636638992007488,0.03577210143821874,0.03563540674344301,0.02578531002460549,0.03248519121557991,0.16872217647300247
25425_15.h5,5,window_energy,42,0.1252164754210898,0.023721222888944345,0.8479212619276045,0.8652912961517174,0.10851595298594477,0.043952518304673505,0.04386119377612452,-0.022092094062860168,0.09775673564018461,0.20198915330909495
25425_15.h5,6,base,42,0.13724416597604244,0.025981912566168087,0.8445624012644279,0.6962326149565167,0.12736950796955493,0.0,0.0,0.0,0.0,0.0
25425_15.h5,6,corrected,42,0.12880035271058018,0.02438425302228186,0.8191348143504525,0.7089512631501474,0.11116147740954974,0.06152402330118878,0.06149122162648624,0.030107410507390298,0.12725204657208378,0.012718648193630777
25425_15.h5,6,spatial_tke_map,42,0.13287152983969464,0.025155850971897913,0.8281325234878325,0.8270646249173791,0.11913735181814185,0.031860269653364415,0.031793717732151006,0.019453716802923737,0.06463207939360816,0.13083200996086242
25425_15.h5,6,window_energy,42,0.1317646554123849,0.024945446945559203,0.8731249908597754,0.8620838392563059,0.11313266806147448,0.03992527131983181,0.03989181389050245,-0.033819395171493793,0.11177588839774333,0.16585122429978927
25425_15.h5,7,base,42,0.1450841583940917,0.02746785714301821,0.8515324308231058,0.7268973416250166,0.14536338768129387,0.0,0.0,0.0,0.0,0.0
25425_15.h5,7,corrected,42,0.13546181251008074,0.025648982880975873,0.8194112225781603,0.6795860245337444,0.12097904922254707,0.06632251233021458,0.06621828024559462,0.037721649912847766,0.16774745586012996,-0.04731131709127223
25425_15.h5,7,spatial_tke_map,42,0.13988840443358933,0.026487499180616474,0.8264297356454313,0.7933016856042898,0.12955343691422946,0.03581200055204614,0.03569109731775799,0.02947943527342789,0.10876157345567217,0.0664043439792732
25425_15.h5,7,window_energy,42,0.1384653354552198,0.02621763745155036,0.8627754233025966,0.8254890307191429,0.12339871966789535,0.04562057644428141,0.04551573444401835,-0.01320324637386161,0.1511017895479677,0.0985916890941263
25425_15.h5,8,base,42,0.1482560394746027,0.028066253693401412,0.8312452018656143,0.6781024727577184,0.14918641354152842,0.0,0.0,0.0,0.0,0.0
25425_15.h5,8,corrected,42,0.14046067743793253,0.02659469696723546,0.8006807093848981,0.6379768714174435,0.12683432170879824,0.05258040120521068,0.05243153369314579,0.03676952650327303,0.1498265914577276,-0.040125601340274875
25425_15.h5,8,spatial_tke_map,42,0.14492280524541373,0.02743958073812946,0.8031396973392698,0.7448148478356748,0.13564933395045706,0.022482957463327957,0.02232834357295388,0.033811328430246146,0.09073935936735356,0.06671237507795635
25425_15.h5,8,window_energy,42,0.14335541639511457,0.027142796848042803,0.8252852707971199,0.7745691845931062,0.12934309147841938,0.03305513284217765,0.03290274703017171,0.007169883272851618,0.1330102493387264,0.0964667118353878
25425_15.h5,9,base,42,0.14811067420077573,0.02803479948912015,0.8075741920805745,0.6092269590648955,0.14309078914870715,0.0,0.0,0.0,0.0,0.0
25425_15.h5,9,corrected,42,0.14249226857258468,0.02697453686268616,0.7821029993616163,0.6048863005521321,0.13171938479687384,0.037933833320985766,0.037819518803602015,0.03154037482715499,0.07946985560346287,-0.00434065851276344
25425_15.h5,9,spatial_tke_map,42,0.14682973031959506,0.027795439211411133,0.778930398756322,0.7053424531970052,0.14296872391112858,0.008648558843532439,0.008537970025500163,0.03546893103462945,0.0008530614605228859,0.09611549413210962
25425_15.h5,9,window_energy,42,0.14525371258382952,0.027497244211029424,0.7930657452661588,0.7341215157661964,0.13484198672279038,0.01928937014406784,0.01917457188517946,0.017965466153688214,0.05764733338177486,0.1248945567013009
25425_15.h5,10,base,42,0.14911881338218164,0.028253787849370684,0.8066075110824711,0.573415281295667,0.14081079269996116,0.0,0.0,0.0,0.0,0.0
25425_15.h5,10,corrected,42,0.14397781512104263,0.027282156264104088,0.781076340005364,0.5816666721018444,0.1337101421036778,0.03447585280847809,0.03438942737330131,0.031652533265955074,0.05042689171854453,0.008251390806177428
25425_15.h5,10,spatial_tke_map,42,0.1481828814634127,0.028079188214510144,0.7744352403655074,0.6777726593485446,0.14509312727234644,0.006276417425413627,0.00617968945584868,0.03988590519543811,-0.030411976882411595,0.10435737805287759
25425_15.h5,10,window_energy,42,0.14669149061118955,0.02779646210753853,0.7846284103471866,0.7050313187496156,0.13679294062995812,0.016277776867570815,0.016186351517548436,0.027248817340900344,0.02853369399435357,0.13161603745394856
25425_15.h5,11,base,42,0.15008999304326054,0.028444039561357506,0.8087575051579893,0.5563384195486017,0.13730440494798635,0.0,0.0,0.0,0.0,0.0
25425_15.h5,11,corrected,42,0.1451411973293935,0.02750850457082334,0.7836657786178298,0.5692124446880422,0.13074907026939817,0.03297218964118831,0.03289037017812102,0.031025030840681755,0.04774307627691532,0.01287402513944047
25425_15.h5,11,spatial_tke_map,42,0.14951046309191862,0.02833680882997149,0.7764778396536975,0.6673190611954173,0.14492357211798085,0.0038612164581477426,0.003769884061464168,0.03991266269360427,-0.055491061433031286,0.11098064164681554
25425_15.h5,11,window_energy,42,0.14790678553941156,0.02803284279691186,0.7836467412401457,0.690275216441321,0.13458440164918542,0.014545989773080414,0.014456342024086966,0.031048569883673882,0.01981002211714411,0.1339367968927192
25425_15.h5,12,base,42,0.1503621002214242,0.028539024215252493,0.814216105390821,0.5564133203645456,0.14566548545311767,0.0,0.0,0.0,0.0,0.0
25425_15.h5,12,corrected,42,0.1455571465248747,0.02762922293974026,0.7897749916992232,0.5681378358817017,0.13718175883378322,0.031955883094700765,0.03187920051681359,0.03001796885344854,0.05824115845249367,0.011724515517156142
25425_15.h5,12,spatial_tke_map,42,0.15025608510597518,0.028521357819524664,0.7838264527831019,0.6739649500687331,0.15288017366204587,0.0007050654073925688,0.0006190259202480952,0.037323816621303685,-0.049529153639145784,0.11755162970418753
25425_15.h5,12,window_energy,42,0.14845098076646343,0.02817862216133859,0.7905843298190444,0.6891735895466583,0.1414958024692082,0.01271011413212808,0.01262839441165231,0.029023959874182825,0.028625058097592193,0.1327602691821127
25425_15.h5,13,base,42,0.15339251367053053,0.029151242450611806,0.8299450976441852,0.5575771297577672,0.15571741134159542,0.0,0.0,0.0,0.0,0.0
25425_15.h5,13,corrected,42,0.14715092521763623,0.0279692587713974,0.8162247040166604,0.5439789807321718,0.1376622859577185,0.04069030687051989,0.04054659698353946,0.016531688260428834,0.11594801909639763,-0.013598149025595418
25425_15.h5,13,spatial_tke_map,42,0.15162873510200597,0.028820394456838774,0.8101084293680569,0.652311177023113,0.1527649896994872,0.011498465774626654,0.011349361672441827,0.023901181334084698,0.01896012537500713,0.09473404726534584
25425_15.h5,13,window_energy,42,0.14996623308882231,0.02850456296507096,0.8194874546068304,0.6602323046923764,0.14214067435860464,0.022336687102393227,0.02218359943444781,0.01260040340865809,0.08718830390268728,0.10265517493460918
25425_15.h5,14,base,42,0.1604091286081873,0.030484234236128265,0.8368290176103919,0.6238581332898061,0.185150408716866,0.0,0.0,0.0,0.0,0.0
25425_15.h5,14,corrected,42,0.14879195886877147,0.02828578350093785,0.8358474143538663,0.497215056530817,0.14432723466897135,0.07242212360489608,0.07211763031872165,0.0011730033685118935,0.2204865456728312,-0.12664307675898911
25425_15.h5,14,spatial_tke_map,42,0.15285391778589297,0.029057754790839725,0.8285110065131346,0.6014780065033912,0.15730347841413567,0.04709963134796746,0.04679400618165941,0.00993991714222553,0.1504016680044934,-0.022380126786414878
25425_15.h5,14,window_energy,42,0.15133599083295338,0.028769550883841307,0.837387800327073,0.603626107944809,0.14851200045180019,0.056562477796359145,0.056248201578729784,-0.0006677382176312197,0.1978845659535846,-0.02023202534499713
25425_15.h5,15,base,42,0.17105515991090586,0.03251009775133484,0.8604179885916539,0.7775387640589495,0.21027082940021785,0.0,0.0,0.0,0.0,0.0
25425_15.h5,15,corrected,42,0.15012259320380714,0.028546884930665484,0.8602864479705934,0.4326490745711815,0.14205090535967674,0.12237319656420453,0.12190713331542147,0.00015287990581858146,0.32443836472768695,-0.344889689487768
25425_15.h5,15,spatial_tke_map,42,0.1536307812337558,0.02921421764571395,0.8536778213569415,0.5283469264284394,0.1511798497804587,0.10186409276531361,0.10138019672627918,0.007833596373019613,0.2810231917965599,-0.24919183763051012
25425_15.h5,15,window_energy,42,0.15226735940631783,0.028955076326740332,0.8576123760412282,0.5250883752316621,0.14505771733386275,0.10983474871131427,0.10935129914977093,0.00326075533941117,0.310138654288713,-0.25245038882728743
25425_15.h5,16,base,42,0.16895148067136406,0.03211956665299652,0.8605335353296288,0.6630070586895703,0.19845766612019156,0.0,0.0,0.0,0.0,0.0
25425_15.h5,16,corrected,42,0.15136034881261062,0.02879028118954023,0.8773352589996884,0.3895370573719429,0.14074218840970673,0.10411942996208967,0.10365287612451923,-0.01952477501486749,0.2908200969950473,-0.27347000131762744
25425_15.h5,16,spatial_tke_map,42,0.15446189897630477,0.02938134551908194,0.8677883450488892,0.4775692671711709,0.14812054328791463,0.08576179171370324,0.08525087413217403,-0.008430594998812602,0.253641614437768,-0.18543779151839945
25425_15.h5,16,window_energy,42,0.15326128041294024,0.029152782297975383,0.8720222566207285,0.47287831765368954,0.14290068147990775,0.0928680837603526,0.09236688611252974,-0.013350695608508545,0.2799437569049962,-0.1901287410358808
25425_15.h5,17,base,42,0.16634760736212584,0.03161253020113253,0.88338804057331,0.5385305909417286,0.17133116803162002,0.0,0.0,0.0,0.0,0.0
25425_15.h5,17,corrected,42,0.15426515129293641,0.02932180386845968,0.886250658217473,0.3908947442910883,0.1322251943221846,0.07263378332149284,0.07246260638102231,-0.003240498526904556,0.22824786732451519,-0.14763584665064033
25425_15.h5,17,spatial_tke_map,42,0.15801977239421364,0.030037696984031477,0.8781202171588097,0.4936725819037413,0.13851857655450628,0.05006284791210225,0.04981674061143737,0.005963204359299978,0.19151560019165925,-0.04485800903798731
25425_15.h5,17,window_energy,42,0.15637710410877317,0.029724878963118657,0.8816123745180784,0.47564247010588623,0.1338104130574659,0.05993776172354348,0.0597121213013897,0.00201006349834576,0.21899550096588072,-0.06288812083584239
25425_15.h5,18,base,42,0.16810462966389728,0.031954261663885056,0.8998401349446867,0.5226182210627309,0.15473117369667508,0.0,0.0,0.0,0.0,0.0
25425_15.h5,18,corrected,42,0.16062679747970673,0.030526140417493325,0.893309888236301,0.41737240807139253,0.13776779406308537,0.0444832019150303,0.04469266920993531,0.007257118742305502,0.10963129942285332,-0.1052458129913384
25425_15.h5,18,spatial_tke_map,42,0.16581926447513837,0.031515768323672755,0.8954934387822626,0.5478671594360743,0.1503733282314212,0.013594897376283943,0.013722530810589495,0.004830520437601127,0.028163978603282125,0.02524893837334341
25425_15.h5,18,window_energy,42,0.16342072507911382,0.031059266202621682,0.8925043358418856,0.50896834124144,0.1422167276252455,0.02786303145932567,0.028008641560161696,0.008152335973825031,0.08087863468264045,-0.013649879821290956
25425_15.h5,19,base,42,0.1945294226507909,0.03701355736882144,0.9265894121046069,0.9135492221577363,0.1942372265047172,0.0,0.0,0.0,0.0,0.0
25425_15.h5,19,corrected,42,0.17857037024393363,0.03396014497765841,0.8859463255350521,0.5885048178118321,0.1728877259054274,0.08203927297674729,0.08249443199250794,0.0438631027277121,0.10991456675670419,-0.3250444043459042
25425_15.h5,19,spatial_tke_map,42,0.1880078906929573,0.03575929445424603,0.9192834668203274,0.8013048547790285,0.19680888389058934,0.033524655905347034,0.033886581126945425,0.007884770955546738,-0.01323977608282867,-0.1122443673787078
25425_15.h5,19,window_energy,42,0.18383664340127673,0.034965087818861804,0.8990910487325656,0.7190942442067586,0.1823993638255613,0.0549674136889271,0.05534376308517641,0.029676966963806395,0.06094538566152974,-0.19445497795097766
25425_15.h5,20,base,42,0.2789466221497016,0.0530204278682182,1.751567851597272,2.7781289499180453,0.4188851868201903,0.0,0.0,0.0,0.0,0.0
25425_15.h5,20,corrected,42,0.21692488200030277,0.04122785467489003,1.0200543084424107,1.1589133378058247,0.247493200771797,0.22234268216416608,0.2224156550120363,0.417633574678701,0.40916220348934096,-1.6192156121122205
25425_15.h5,20,spatial_tke_map,42,0.23374756978683026,0.044430789373889376,1.1936674010720505,1.5524236096687911,0.2898046118585267,0.16203477215298379,0.16200620854434244,0.31851489510752695,0.3081526371021386,-1.2257053402492541
25425_15.h5,20,window_energy,42,0.2279600259745174,0.04333011414945749,1.1487813611739888,1.4185656759190384,0.26626935233569554,0.18278262623241726,0.1827656642614408,0.3441411018554583,0.36433810334287686,-1.359563273999007
26700_0.h5,1,base,42,0.0726382463990916,0.016761241710822015,1.2225856468969856,1.5483894168958112,0.047442689524530596,0.0,0.0,0.0,0.0,0.0
26700_0.h5,1,corrected,42,0.04691421179918968,0.01082562411459529,1.0845017116673057,1.383635056301517,0.029053575939150398,0.3541389815300334,0.3541275580074924,0.11294418152229035,0.38760689517553526,-0.16475436059429427
26700_0.h5,1,spatial_tke_map,42,0.053413939232319664,0.012325577722879535,1.2156086173900924,1.749217975053312,0.03404303281164511,0.26465819481859554,0.26463814939668595,0.005706781790381199,0.2824388087432752,0.20082855815750067
26700_0.h5,1,window_energy,42,0.0517012407148537,0.011930629755713015,1.3239080015712004,1.7737687172021774,0.032071397144084725,0.28823666211881094,0.2882013181630858,-0.08287546556053438,0.3239970696117055,0.22537930030636621
26700_0.h5,2,base,42,0.06685598404056825,0.01542093203519111,1.0842475403258987,1.208055615373765,0.04347275464488468,0.0,0.0,0.0,0.0,0.0
26700_0.h5,2,corrected,42,0.05129820855115514,0.011831999990187372,1.0592104524132324,1.2065634791955735,0.033039694399814766,0.23270580356685266,0.2327312017726081,0.02309167139557511,0.2399907788290463,-0.0014921361781914388
26700_0.h5,2,spatial_tke_map,42,0.055818756144156205,0.012875310907825288,1.1622588541818413,1.5001998767311604,0.03747909290656592,0.1650896034933036,0.16507569850879478,-0.07194972638120478,0.13787168048767806,0.29214426135739546
26700_0.h5,2,window_energy,42,0.054719086146515404,0.012621628689886135,1.262389709324706,1.5465181673576667,0.03584976307474894,0.18153794410816193,0.18152620988905643,-0.1643002749586706,0.17535101312087464,0.33846255198390174
26700_0.h5,3,base,42,0.07069414457186361,0.01630632935378871,1.1799618058844334,1.377728913888325,0.056393809153931426,0.0,0.0,0.0,0.0,0.0
26700_0.h5,3,corrected,42,0.05569978533414942,0.01284582094039859,1.0079938140565456,0.9814511433856369,0.033038237979383905,0.2121018555146641,0.21221872429469146,0.1457403036015985,0.41415133194490583,-0.3962777705026882
26700_0.h5,3,spatial_tke_map,42,0.0590952708322252,0.013629370290596616,1.09643176183432,1.244665050950663,0.036276813756563574,0.1640712085828787,0.16416687073538805,0.07079046426210722,0.3567234719409873,-0.13306386293766215
26700_0.h5,3,window_energy,42,0.0580612029815232,0.013390750480638475,1.1560921275903935,1.2585879623253011,0.03507659233875077,0.17869855653318623,0.1788004406076107,0.020229195703625802,0.37800632968405457,-0.11914095156302396
26700_0.h5,4,base,42,0.06484685682063283,0.014950421375347819,0.9087624574999719,0.577006950186423,0.038493421380242865,0.0,0.0,0.0,0.0,0.0
26700_0.h5,4,corrected,42,0.060869111805708816,0.014033259219765538,0.9011204825754543,0.6043164944238214,0.03274046636996968,0.061340598603360386,0.06134691006733872,0.008409210637442932,0.14945294037245394,0.027309544237398398
26700_0.h5,4,spatial_tke_map,42,0.06331117799523325,0.014596623314824971,0.9199638210022881,0.8058934889002448,0.03626913370691858,0.02368162314554867,0.023664755102236534,-0.012325953179372684,0.05778357946809898,0.2288865387138218
26700_0.h5,4,window_energy,42,0.062276799705025365,0.014357949597016039,0.9247671689877832,0.7752605675081218,0.03419033003189103,0.03963271685960468,0.03962910231471628,-0.017611545630791925,0.11178770797860127,0.19825361732169877
26700_0.h5,5,base,42,0.0672918798177132,0.01551633230274261,0.9071515356717624,0.4651311414141744,0.03352060333218787,0.0,0.0,0.0,0.0,0.0
26700_0.h5,5,corrected,42,0.06586827242368358,0.015187710884284616,0.8970706517847276,0.512591499758306,0.03380829908895174,0.021155708502809345,0.021179065519234097,0.01111267907359026,-0.008582654492009567,0.04746035834413159
26700_0.h5,5,spatial_tke_map,42,0.06818282918132723,0.01572169937726347,0.89504689041905,0.6865018883921701,0.038454673536618744,-0.013240072443027495,-0.01323554242806213,0.013343575771768701,-0.14719514907098863,0.2213707469779957
26700_0.h5,5,window_energy,42,0.0675139693341158,0.015567278119717773,0.8964975080736449,0.657688027828908,0.03544946121209717,-0.0033003910279250093,-0.0032833672275862646,0.011744484994150373,-0.05754245712090533,0.19255688641473362
26700_0.h5,6,base,42,0.06957534238464408,0.016047762823758638,0.8937246167413648,0.4708625827208046,0.035446370881584595,0.0,0.0,0.0,0.0,0.0
26700_0.h5,6,corrected,42,0.06959200690450532,0.016051470764728275,0.8796244779104561,0.5541698538224451,0.036728066291424964,-0.00023951761198826027,-0.00023105656597488533,0.015776827186790188,-0.036158720285417,0.08330727110164049
26700_0.h5,6,spatial_tke_map,42,0.07210948846540799,0.016632240663519808,0.8837710682712454,0.7360114507151307,0.04114322645582343,-0.03642304865355883,-0.03642114145006259,0.01113715375370472,-0.1607175976708668,0.26514886799432613
26700_0.h5,6,window_energy,42,0.07173481277862377,0.016545698235586173,0.8860596812419427,0.7115508982708969,0.038451163390192,-0.031037869451524314,-0.031028338173738623,0.008576395184648145,-0.08477010294355636,0.2406883155500923
26700_0.h5,7,base,42,0.07333474042963369,0.016918010689868156,0.8849718862998127,0.5907375900641582,0.04072285151927137,0.0,0.0,0.0,0.0,0.0
26700_0.h5,7,corrected,42,0.0726940336061544,0.016770498709496477,0.8841848998378165,0.621874921736717,0.03892929677378113,0.008736743591450491,0.008719227282438125,0.0008892784891583183,0.04404295570121053,0.031137331672558832
26700_0.h5,7,spatial_tke_map,42,0.07525327959785712,0.017360859510846833,0.8987435725167459,0.8043387863197515,0.04228149074077144,-0.026161395772094087,-0.026176175739378804,-0.015561721711312648,-0.03827431438003481,0.21360119625559337
26700_0.h5,7,window_energy,42,0.07519728364486004,0.01734787512359415,0.9132874136170065,0.7981917802911608,0.040770030881720834,-0.025397829245928927,-0.025408686730729713,-0.03199596253343695,-0.0011585476136692918,0.20745419022700262
26700_0.h5,8,base,42,0.07422488399886021,0.017128855563627858,0.9112360473845316,0.6264470105164248,0.04096602342863685,0.0,0.0,0.0,0.0,0.0
26700_0.h5,8,corrected,42,0.07352394547472232,0.016966670016904273,0.9172060510364366,0.6735083974348732,0.03774912961702797,0.009443443847600319,0.009468557086089069,-0.006551544650851282,0.07852589883938177,0.04706138691844841
26700_0.h5,8,spatial_tke_map,42,0.07609644893692989,0.017560220727307112,0.9497704330629576,0.8580868305086996,0.039569255095971985,-0.02521479101400037,-0.02518353675625784,-0.04228803918482926,0.03409577537097419,0.2316398199922748
26700_0.h5,8,window_energy,42,0.07620915601534917,0.017586130841373997,0.9763384514955084,0.863956783100272,0.03942919106502146,-0.026733245100382108,-0.026696195554193114,-0.07144406139093862,0.03751480458660006,0.2375097725838472
26700_0.h5,9,base,42,0.07369370383153886,0.017005087337472517,0.8968942421573752,0.5714752323177155,0.04030268530985345,0.0,0.0,0.0,0.0,0.0
26700_0.h5,9,corrected,42,0.07334566183710894,0.01692408626183611,0.9005525391768658,0.6689471739995798,0.039286465704572185,0.004722818590113587,0.004763343699971112,-0.004078849932954265,0.02521468724648024,0.09747194168186435
26700_0.h5,9,spatial_tke_map,42,0.07603567502113366,0.017544879645782215,0.9301540517495025,0.8515421922051157,0.040898025607214734,-0.03177980027911831,-0.031742989471168936,-0.037083312645786126,-0.014771727808809976,0.28006695988740027
26700_0.h5,9,window_energy,42,0.07605389422301741,0.017549005699880642,0.9463445146019971,0.8566645326679596,0.04114582245057411,-0.03202702902372567,-0.031985625925574857,-0.055135009369304155,-0.02092012316892755,0.28518930035024415
26700_0.h5,10,base,42,0.07448205631237419,0.01718757909454944,0.9106207288441055,0.5951492929482922,0.03820555004789224,0.0,0.0,0.0,0.0,0.0
26700_0.h5,10,corrected,42,0.07427841268965985,0.017139609615975774,0.9114022909923465,0.6839440815619062,0.03793496743442423,0.002734129974342636,0.002790938637127649,-0.0008582740579967663,0.007082285509011577,0.088794788613614
26700_0.h5,10,spatial_tke_map,42,0.0771259856895978,0.01779687640557479,0.9433697507328629,0.8675055081386143,0.039575933132441926,-0.03549753468318739,-0.03544986223327817,-0.03596340479787585,-0.03586869140299931,0.27235621519032205
26700_0.h5,10,window_energy,42,0.0770929490329814,0.017789096559126832,0.9615797986637483,0.8760693089948003,0.039672260116331536,-0.035053982796302785,-0.03499721870476491,-0.05596080586077545,-0.03838997388077692,0.28092001604650807
26700_0.h5,11,base,42,0.07596399285094388,0.017527923698905268,0.915695857466431,0.5784321642562692,0.03712246941625335,0.0,0.0,0.0,0.0,0.0
26700_0.h5,11,corrected,42,0.07576091636380436,0.01748045798890305,0.9041851361694755,0.6401547184469859,0.03816941476086429,0.0026733256049085163,0.002708005284458248,0.012570463438377533,-0.02820247039256918,0.061722554190716705
26700_0.h5,11,spatial_tke_map,42,0.07864923180637337,0.01814718221079621,0.9265553610743209,0.8116311493225691,0.03983782813159868,-0.035348839030860946,-0.035329826996543856,-0.01185929096363525,-0.07314596140946561,0.23319898506629988
26700_0.h5,11,window_energy,42,0.07863030662046852,0.0181425720985573,0.942623796345808,0.8207737116705213,0.039973602076786255,-0.035099705392743985,-0.03506681168919168,-0.029407077317005426,-0.07680342136088059,0.24234154741425207
26700_0.h5,12,base,42,0.07755053472337152,0.017884523351664953,0.9059002065047077,0.5888824399099775,0.040480799429130444,0.0,0.0,0.0,0.0,0.0
26700_0.h5,12,corrected,42,0.0774800876898585,0.01786750449790662,0.8941544654995104,0.6300200799969493,0.04211987025293035,0.0009084016475747747,0.000951596719895087,0.012965822196372656,-0.040490080406376805,0.04113764008697185
26700_0.h5,12,spatial_tke_map,42,0.08045427734417998,0.018553745489891194,0.9137138890118176,0.801845403919493,0.044210199774587344,-0.037443231451160575,-0.037419064800736646,-0.008625323684667174,-0.09212763576929706,0.21296296400951553
26700_0.h5,12,window_energy,42,0.08045097066866436,0.01855280519073478,0.9320331315018622,0.8077428159192651,0.04421571585811755,-0.037400592473525895,-0.037366488663373554,-0.028847465548092588,-0.09226389996387807,0.21886037600928765
26700_0.h5,13,base,42,0.0784890731605356,0.01809958333262932,0.9229685782756043,0.6139231937469254,0.039692123391096165,0.0,0.0,0.0,0.0,0.0
26700_0.h5,13,corrected,42,0.07783068469239643,0.017947487251395017,0.9145002024275855,0.6307297789766709,0.04210353509547068,0.00838828185411944,0.008403291857006834,0.0091751507552299,-0.06075290254981547,0.01680658522974554
26700_0.h5,13,spatial_tke_map,42,0.08078933412973831,0.0186300031017797,0.9394365264912488,0.804749098083358,0.04468378296444505,-0.029306766873115286,-0.029305634245963885,-0.017842371455821127,-0.12575944915228754,0.19082590433643265
26700_0.h5,13,window_energy,42,0.0808000185000055,0.018632432268866326,0.9629437609743781,0.8079873535038485,0.04430050998723986,-0.029442892448777735,-0.029439845461878944,-0.0433115315512258,-0.11610330217751619,0.19406415975692315
26700_0.h5,14,base,42,0.08082282686146201,0.018628265083721864,0.9590716478600948,0.6836886635723592,0.043569242655745674,0.0,0.0,0.0,0.0,0.0
26700_0.h5,14,corrected,42,0.07761046910114933,0.017889162569595246,0.9162958603404123,0.5642751110905424,0.04109272456582007,0.03974567439739485,0.03967640093185465,0.04460124289475653,0.05684097172616376,-0.11941355248181684
26700_0.h5,14,spatial_tke_map,42,0.08040804126997643,0.01853412934008189,0.9350732424632288,0.727432472135556,0.04358643655804184,0.0051320351884817095,0.005053382224103897,0.025022536585678323,-0.0003946339492753026,0.04374380856319671
26700_0.h5,14,window_energy,42,0.08032844864433124,0.018515836922188545,0.9587556211510304,0.7237268755849436,0.04311978471333827,0.006116814225988199,0.006035353320775094,0.0003295131388457717,0.010315945722506825,0.040038212012584395
26700_0.h5,15,base,42,0.08371193276659963,0.019295264230622583,0.9691805007801961,0.8984074350554423,0.051152348724587134,0.0,0.0,0.0,0.0,0.0
26700_0.h5,15,corrected,42,0.07423364775434957,0.017113737161000783,0.9179346955787544,0.42725145885617444,0.03765137257243725,0.11322501701969812,0.11306023299538981,0.05287539850439471,0.2639365833393382,-0.47115597619926786
26700_0.h5,15,spatial_tke_map,42,0.07665064992117139,0.01767093933827192,0.926098086099134,0.5663333771609967,0.03895128568213113,0.08435216595841921,0.08418256795741486,0.04445241587751769,0.23852400420845932,-0.33207405789444555
26700_0.h5,15,window_energy,42,0.07636020544115725,0.017604049209192476,0.93917422423695,0.5484642141901034,0.038912979180049656,0.08782173678799188,0.08764922839180722,0.030960462492890528,0.23927287504306605,-0.3499432208653389
26700_0.h5,16,base,42,0.08134919635504173,0.018755618393136587,0.9449884282109696,0.8116952886975458,0.04195627104226573,0.0,0.0,0.0,0.0,0.0
26700_0.h5,16,corrected,42,0.07101565767483364,0.016376604930843024,0.9085797567282102,0.35154227851886855,0.03233391135270002,0.1270269301138296,0.12684270987109325,0.03852816647891388,0.22934258575726085,-0.46015301017867727
26700_0.h5,16,spatial_tke_map,42,0.07307651632129968,0.016851786252066975,0.9073533081750712,0.4724889664257807,0.03327728587669086,0.10169344510346034,0.1015072977687741,0.03982601152815002,0.20685787726063332,-0.3392063222717651
26700_0.h5,16,window_energy,42,0.0726623479091661,0.016756323839937914,0.910715785072896,0.452103280610236,0.03328688514051449,0.10678468669761165,0.10659710126808153,0.0362677913452949,0.20662908514958134,-0.3595920080873098
26700_0.h5,17,base,42,0.07986752769345337,0.01841845951851866,0.9338603691987023,0.807069736200092,0.041008717790203895,0.0,0.0,0.0,0.0,0.0
26700_0.h5,17,corrected,42,0.0703392458395809,0.01622301142765178,0.9099967170327151,0.41546665731073706,0.03534757689267016,0.11930107427944703,0.11919824720734584,0.025553769014165728,0.13804725440321042,-0.39160307888935497
26700_0.h5,17,spatial_tke_map,42,0.0725844624512088,0.016740901171339178,0.9084866523094431,0.5605690050091826,0.03749091855411218,0.09118931626628479,0.09108027441126643,0.027170782406186755,0.08578174167962027,-0.24650073119090943
26700_0.h5,17,window_energy,42,0.07202141479859565,0.016611071527402137,0.9111091256063844,0.5350553116557317,0.03691351586275768,0.09823908566410844,0.09812916163261654,0.024362575330013847,0.09986174033523365,-0.2720144245443603
26700_0.h5,18,base,42,0.07888247907306571,0.01820208209755218,1.0542525378691199,1.0221164555306157,0.04862106723260965,0.0,0.0,0.0,0.0,0.0
26700_0.h5,18,corrected,42,0.07450188960336476,0.017191197089363626,0.9679737701123937,0.8608431521532781,0.04507314829666553,0.05553311104286396,0.055536778856991154,0.08183880489499684,0.07297081569539399,-0.16127330337733758
26700_0.h5,18,spatial_tke_map,42,0.07803691009595565,0.01800689997111561,1.0329602948759364,1.1152917091948769,0.050486031827512316,0.010719350951519213,0.010723065932265907,0.020196529985329503,-0.038357129965503,0.09317525366426116
26700_0.h5,18,window_energy,42,0.07764667831500814,0.017916849098572305,1.0755206679233535,1.1093726219299325,0.049066842038529,0.01566635294148011,0.015670350097928276,-0.020173657914280607,-0.009168346794748539,0.08725616639931677
26700_0.h5,19,base,42,0.09438209029930865,0.021779198807349073,1.646314886547724,2.1305924830938783,0.06133694907006436,0.0,0.0,0.0,0.0,0.0
26700_0.h5,19,corrected,42,0.08364037724657675,0.01930040074622788,1.330819158593709,1.494174205570309,0.05876173441896054,0.11381092555449146,0.11381493337049464,0.19163753576668474,0.041984720305572765,-0.6364182775235692
26700_0.h5,19,spatial_tke_map,42,0.08924327061831934,0.02059294949211125,1.5229629265304763,1.905895326494427,0.06661020871341622,0.054446978920395406,0.054467077771361394,0.07492610376372977,-0.08597199116193877,-0.22469715659945133
26700_0.h5,19,window_energy,42,0.0890913658695286,0.020557925637283488,1.6503246915363023,1.9230443474333765,0.06496993496539068,0.05605644474499216,0.05607521107036706,-0.002435624570574557,-0.059229973945662096,-0.2075481356605018
26700_0.h5,20,base,42,0.11721208969105874,0.027045782868205852,2.291266543919289,3.7788591879322464,0.10959518029702921,0.0,0.0,0.0,0.0,0.0
26700_0.h5,20,corrected,42,0.09056627058688106,0.02089882147596075,1.492563749487422,1.8478783010257533,0.0676526287847475,0.2273299552495761,0.22727984699867088,0.3485857184758866,0.3827043433717372,-1.930980886906493
26700_0.h5,20,spatial_tke_map,42,0.09783321997406177,0.022575294587177837,1.748881070553065,2.374708247712268,0.07675782839906528,0.16533166303983438,0.16529335840684345,0.23671862830871493,0.2996240510665418,-1.4041509402199783
26700_0.h5,20,window_energy,42,0.0975676803518953,0.022514084564308073,1.9029038528019437,2.3786941058929916,0.07529389738612693,0.16759712578234132,0.167556558668712,0.16949695012481514,0.31298167326279835,-1.4001650820392548
3750_0.h5,1,base,42,0.07822687399841713,0.0028349479362792585,0.5881295526930388,1.2315440575436267,0.09883824280061916,0.0,0.0,0.0,0.0,0.0
3750_0.h5,1,corrected,42,0.034587972105720705,0.0012534889360125959,0.4535650602319335,1.2543038069929355,0.04232480811781468,0.5578505143076461,0.5578441071275039,0.22880076650618209,0.5717770073756356,0.022759749449308808
3750_0.h5,1,spatial_tke_map,42,0.053096194899497365,0.0019243247272372167,0.529113141676784,1.6723697780561817,0.06889472392686607,0.3212537816534541,0.3212133801078526,0.10034593695558958,0.30295478779561535,0.440825720512555
3750_0.h5,1,window_energy,42,0.04297684605322231,0.0015575632043277592,0.7914505141102821,1.6626364450628,0.05074956137733445,0.45061276443064924,0.4505848998511095,-0.34570777898549543,0.48653921863312877,0.4310923875191732
3750_0.h5,2,base,42,0.0804957012272687,0.002917113767689495,0.6078211993931921,1.2535916093477917,0.11062003329734742,0.0,0.0,0.0,0.0,0.0
3750_0.h5,2,corrected,42,0.040063129564622456,0.0014518976940811623,0.42550664196778826,1.116016816609903,0.04517377343204841,0.5022947939603677,0.5022828008414837,0.2999476780464625,0.5916311712669531,-0.13757479273788875
3750_0.h5,2,spatial_tke_map,42,0.05262817467174028,0.0019072759184922713,0.48878552690468624,1.4410016312053138,0.069510486420473,0.346198941442205,0.34617705362827433,0.19583994866803445,0.37162840808745434,0.1874100218575221
3750_0.h5,2,window_energy,42,0.045536027188906626,0.0016502750554057471,0.6941691701643053,1.4777305673764816,0.05262932301453961,0.434304857344595,0.4342781300871751,-0.14206146619650184,0.5242333468380757,0.22413895802868988
3750_0.h5,3,base,42,0.07551423390371298,0.0027364592247569814,0.6445879872376481,1.3400577782985548,0.08291735311102687,0.0,0.0,0.0,0.0,0.0
3750_0.h5,3,corrected,42,0.04453020899989101,0.0016138805776420454,0.41646605243388446,0.9531479996982559,0.04650175054139277,0.4103070812229813,0.4102303578868892,0.35390348458302734,0.4391795107216383,-0.38690977860029885
3750_0.h5,3,spatial_tke_map,42,0.05351225273170764,0.0019394244363515859,0.4761739924111407,1.222811392766044,0.06743079639468265,0.2913620391098679,0.2912649971885396,0.26127386510604667,0.18677099708679334,-0.11724638553251077
3750_0.h5,3,window_energy,42,0.0478489086550621,0.001734203787930827,0.5986718791077271,1.2601299736680647,0.052730602339447874,0.36635907985144245,0.3662599565740514,0.07123326689144849,0.3640583018992266,-0.0799278046304901
3750_0.h5,4,base,42,0.0669530725791719,0.002427016801284025,0.5200166071876015,1.1234739360806654,0.055179601434355775,0.0,0.0,0.0,0.0,0.0
3750_0.h5,4,corrected,42,0.04949423439896957,0.00179417310849619,0.46598525042490085,0.8040422048618299,0.04701053049825762,0.2607623146728222,0.26074961345674497,0.10390313696887032,0.1480451239905468,-0.3194317312188355
3750_0.h5,4,spatial_tke_map,42,0.05615443035511388,0.0020355908586633656,0.49659449270235206,1.0327543905550975,0.06420246850060451,0.16128673125925086,0.16127862914404778,0.04504108938351581,-0.16351816308392086,-0.09071954552556782
3750_0.h5,4,window_energy,42,0.051605857856514836,0.0018707497796871082,0.578192673032464,1.0603141757348546,0.05192272582708807,0.2292234565412813,0.2291978453971234,-0.11187347680970294,0.059023181077924924,-0.06315976034581072
3750_0.h5,5,base,42,0.06484629878208578,0.002350600689516637,0.6014869009509262,1.00951076807825,0.04619815173532037,0.0,0.0,0.0,0.0,0.0
3750_0.h5,5,corrected,42,0.05100396370703709,0.0018488946454269996,0.5139854876198536,0.7097237754553476,0.04384095882819883,0.21346376485673424,0.21343737638093052,0.14547517692028933,0.05102353272976001,-0.2997869926229024
3750_0.h5,5,spatial_tke_map,42,0.05647082234149011,0.002047050062691484,0.5248013232222396,0.9251993816214056,0.05531952913888404,0.12915889723700702,0.1291374703406445,0.1274933462515141,-0.19744031007608487,-0.08431138645684444
3750_0.h5,5,window_energy,42,0.05257270449602448,0.0019057827279338197,0.5855735744255885,0.9355227380836507,0.04721413782573297,0.18927208671240248,0.18923586790672087,0.026456646853288524,-0.021991920720842106,-0.0739880299945993
3750_0.h5,6,base,42,0.06456780856783587,0.0023404767498737557,0.6660580933809092,0.8456092770212708,0.04780358468715619,0.0,0.0,0.0,0.0,0.0
3750_0.h5,6,corrected,42,0.05241222755833991,0.0019000093925045324,0.5754707853846575,0.6217571775341216,0.04224938855746768,0.1882607026491403,0.1881955705789352,0.13600511561451156,0.11618785842185597,-0.22385209948714913
3750_0.h5,6,spatial_tke_map,42,0.05744154750227345,0.002082304252958514,0.5743553713456867,0.8395702917419308,0.048951733160296884,0.11036863761723403,0.11030765288703137,0.13767976539364557,-0.02401804133841834,-0.006038985279339992
3750_0.h5,6,window_energy,42,0.053624320301571084,0.0019439674370578493,0.6102324098682699,0.8183502776994862,0.04426658169513183,0.16948830243738866,0.16941390801566136,0.08381503665734058,0.07399032970376118,-0.02725899932178455
3750_0.h5,7,base,42,0.0733016108133691,0.002656794955804274,0.7266168670643504,0.9398285063274159,0.07333238057591375,0.0,0.0,0.0,0.0,0.0
3750_0.h5,7,corrected,42,0.052839802968278095,0.001915536343252056,0.6549490204323416,0.5704343572786132,0.03990554673830936,0.2791454051015081,0.27900482531886683,0.09863223643783336,0.45582638358509175,-0.36939414904880263
3750_0.h5,7,spatial_tke_map,42,0.05694548750623254,0.0020643674677717225,0.6498030048605908,0.768444525713341,0.04351988517497417,0.2231345686083266,0.22298577718174328,0.1057143945943616,0.4065393100129575,-0.1713839806140749
3750_0.h5,7,window_energy,42,0.05385497130149583,0.0019523474817608184,0.683038813987007,0.7487355785769383,0.04087887477122664,0.2652962096751972,0.2651493569364305,0.05997390791849588,0.4425535561482449,-0.1910929277504776
3750_0.h5,8,base,42,0.07099147765901001,0.0025730768822737797,0.7636310852523416,0.7832254439115399,0.07214816246482579,0.0,0.0,0.0,0.0,0.0
3750_0.h5,8,corrected,42,0.053481845039354055,0.0019388491586801474,0.7304504841082621,0.5139245331974835,0.039505757615271704,0.24664414936901502,0.24648611472237747,0.043451087553769474,0.4524357063905564,-0.2693009107140564
3750_0.h5,8,spatial_tke_map,42,0.05708899403763976,0.002069609759064895,0.7244054088879689,0.7007874632071213,0.04205494205330418,0.19583313490314125,0.19566734545606745,0.051367312203392745,0.41710307488694365,-0.08243798070441866
3750_0.h5,8,window_energy,42,0.05436435194782641,0.001970845011929043,0.7481751628144179,0.6729489161090237,0.040074116361861534,0.23421298245189204,0.2340512537707602,0.0202400383331911,0.444558045655026,-0.11027652780251618
3750_0.h5,9,base,42,0.06968749554121667,0.0025260969519635655,0.793302657851923,0.7004074015235394,0.06461189581552443,0.0,0.0,0.0,0.0,0.0
3750_0.h5,9,corrected,42,0.05408953436783258,0.0019610177897515253,0.7746362525683763,0.46823520409393715,0.04035475099763747,0.22382725985838703,0.22369654568198483,0.023529992114347476,0.3754284642435557,-0.23217219742960227
3750_0.h5,9,spatial_tke_map,42,0.05753359946490282,0.002085860729091862,0.7679138412659311,0.6522054703214281,0.04308478086979846,0.17440569476521695,0.17427526783146718,0.032003947465320315,0.3331757205699203,-0.04820193120211136
3750_0.h5,9,window_energy,42,0.05491295880396675,0.00199086891811314,0.7810856696937629,0.6121109930374242,0.04095669974745059,0.21201130306815974,0.21187945040446143,0.015400160376672356,0.36611208771233983,-0.0882964084861152
3750_0.h5,10,base,42,0.0699650000830254,0.002536394743812473,0.8060263428217207,0.7342296770597557,0.05857811648128272,0.0,0.0,0.0,0.0,0.0
3750_0.h5,10,corrected,42,0.05505505983037119,0.001996131391093786,0.7851091728646528,0.46063523588279315,0.04138598210682672,0.2131056990632606,0.2130044442162079,0.025950975601915838,0.2934907335224639,-0.2735944411769626
3750_0.h5,10,spatial_tke_map,42,0.05878682076094459,0.002131390555472115,0.7777023116071281,0.6626185729188211,0.04532350028603292,0.15976815992018867,0.15967711229821957,0.035140329428237305,0.22627248862610672,-0.07161110414093463
3750_0.h5,10,window_energy,42,0.05595033435044884,0.0020285855596263425,0.7856270335631022,0.6027396527741183,0.04235125717640024,0.20030966506032688,0.2002090508289096,0.02530848953050968,0.27701230902614293,-0.13149002428563739
3750_0.h5,11,base,42,0.06931265867838451,0.002512922022327154,0.8012552837143428,0.8602943403594805,0.0550639273833068,0.0,0.0,0.0,0.0,0.0
3750_0.h5,11,corrected,42,0.05535373218533063,0.002006993890383647,0.7490523458638118,0.4989705899031717,0.04308739364272073,0.20139072370350508,0.20133061330529456,0.06515144288164476,0.21750235244238825,-0.36132375045630877
3750_0.h5,11,spatial_tke_map,42,0.059578993412805925,0.0021601352295455905,0.744590112009166,0.7307301243833408,0.04842839671773064,0.14043127837215796,0.14038907281924184,0.07072049677163639,0.12050594610488674,-0.12956421597613965
3750_0.h5,11,window_energy,42,0.056400356962136806,0.002044934936920894,0.7473178359994426,0.6540897568787507,0.044445908881942164,0.1862906713211172,0.18623223532136057,0.06731618350753943,0.19283075156356533,-0.2062045834807298
3750_0.h5,12,base,42,0.07005206998887843,0.0025395735475088202,0.8557770488011629,1.0433179402572734,0.05567852504198614,0.0,0.0,0.0,0.0,0.0
3750_0.h5,12,corrected,42,0.056007218185533905,0.002030426776450266,0.7032771417441237,0.5451195759324283,0.04401979606333794,0.20049160296868185,0.2004851450583105,0.17820051060106434,0.2093936391069371,-0.4981983643248451
3750_0.h5,12,spatial_tke_map,42,0.06040049850560787,0.002189679267660691,0.7038287535787456,0.7852992012230968,0.05015731371711642,0.13777710615550487,0.13777678547303984,0.1775559363683309,0.09916231295111144,-0.2580187390341766
3750_0.h5,12,window_energy,42,0.05716601712002418,0.0020724430635986582,0.7013998984602685,0.7156318829621318,0.04559286812531874,0.1839496373326307,0.18394052197007282,0.18039412316228576,0.18114087808651524,-0.32768605729514166
3750_0.h5,13,base,42,0.07081682459725913,0.0025672551495239723,0.8158086482750962,1.1043421834562313,0.05695671512632206,0.0,0.0,0.0,0.0,0.0
3750_0.h5,13,corrected,42,0.05638817511919781,0.002044230610898756,0.6427968563413438,0.5929291367175699,0.04420294297407474,0.20374606684383534,0.20372908346184337,0.21207398609901928,0.22392043017160013,-0.5114130467386614
3750_0.h5,13,spatial_tke_map,42,0.060802798116929,0.002204292894389854,0.6492064198481682,0.8276499930238475,0.050945589630810605,0.14140744854461762,0.14138144983424017,0.2042172864668489,0.10553848623783202,-0.2766921904323838
3750_0.h5,13,window_energy,42,0.05763167941262937,0.0020893306291959223,0.6420626780419518,0.7796735758157709,0.04596585584316321,0.18618661962908845,0.1861616755999761,0.21297392544257032,0.19296862992858088,-0.32466860764046035
3750_0.h5,14,base,42,0.07286638862872932,0.002641047198501118,0.6819232698520076,1.0414760656820756,0.06213557454608646,0.0,0.0,0.0,0.0,0.0
3750_0.h5,14,corrected,42,0.05716684700294762,0.0020721995159107215,0.5983337466209887,0.6284957216412855,0.0455757800351339,0.21545656263787694,0.21538717025323761,0.12257907440108273,0.26651068461063354,-0.4129803440407901
3750_0.h5,14,spatial_tke_map,42,0.06173250215269968,0.002237725655782754,0.6059445936324079,0.8507854685858562,0.05344741966445931,0.1527986591013767,0.15271273567063193,0.1114182189971149,0.139825775251874,-0.19069059709621938
3750_0.h5,14,window_energy,42,0.058515126939650663,0.002121097128286653,0.5993165857783528,0.8270513987844746,0.047572561684277495,0.19695310772435248,0.1968726914496468,0.12113779911276856,0.23437480007539735,-0.21442466689760098
3750_0.h5,15,base,42,0.0775214009760555,0.0028095729389175173,0.6169493198970959,1.0409822172677352,0.07139566016020804,0.0,0.0,0.0,0.0,0.0
3750_0.h5,15,corrected,42,0.057971716663803394,0.002101472395595722,0.5569439561766847,0.6476082422673711,0.0478562895402154,0.2521843525285429,0.25203137940053444,0.0972614148118679,0.3297031019416523,-0.3933739750003641
3750_0.h5,15,spatial_tke_map,42,0.06260886049071591,0.002269622352416692,0.5642747353876579,0.8580287032528127,0.05679623261671025,0.1923667567610874,0.1921824413317632,0.08537911107224139,0.20448620421377794,-0.18295351401492255
3750_0.h5,15,window_energy,42,0.05936044844241585,0.002151843567685402,0.5545308341539419,0.8528220987529855,0.050089573183200634,0.23427017965334673,0.2341029706406298,0.10117279285365788,0.2984227182604333,-0.18816011851474967
3750_0.h5,16,base,42,0.07897084631089289,0.002861726037412916,0.592524506642759,0.9473814951754566,0.07270473823460388,0.0,0.0,0.0,0.0,0.0
3750_0.h5,16,corrected,42,0.0584637289278464,0.002119140297776931,0.5131537693564177,0.6697604912180908,0.048754000502043204,0.2596795949522175,0.25948875955551076,0.13395350976460974,0.3294247158318122,-0.2776210039573658
3750_0.h5,16,spatial_tke_map,42,0.0631323366332364,0.0022884313051733563,0.5166294829660097,0.8611178050102344,0.05922019326468492,0.20056147828659898,0.2003318014179425,0.12808756908093155,0.18546996106920832,-0.08626369016522217
3750_0.h5,16,window_energy,42,0.05993703034718294,0.002172570980045015,0.5016084804966358,0.8825998951672192,0.05136067491537456,0.24102332509870183,0.24081797081837963,0.153438423435434,0.293571833658987,-0.0647816000082374
3750_0.h5,17,base,42,0.08142899866634744,0.0029501914344824097,0.5888760671397387,0.9370795932586543,0.0690098968868883,0.0,0.0,0.0,0.0,0.0
3750_0.h5,17,corrected,42,0.05961708351240991,0.0021605919627861983,0.479315668880085,0.7217518212545099,0.0469868733859984,0.2678642192729289,0.26764346966343255,0.18605001013507882,0.31912848003507477,-0.21532777200414444
3750_0.h5,17,spatial_tke_map,42,0.06462903040319123,0.002342312045482262,0.48167376234110987,0.9095242643354142,0.0572254541892376,0.20631431723719829,0.2060474387848651,0.1820456132974242,0.1707645313101419,-0.027555328923240086
3750_0.h5,17,window_energy,42,0.06145987270459757,0.002227412846174321,0.4839320762880431,0.9520624207897127,0.0496824960959136,0.24523359354537422,0.24499379255871756,0.17821065705968442,0.2800670869375962,0.014982827531058396
3750_0.h5,18,base,42,0.07850266168138688,0.002844908643299172,0.6798590569380313,0.6955729675444532,0.0524065042409701,0.0,0.0,0.0,0.0,0.0
3750_0.h5,18,corrected,42,0.06140771252575166,0.0022253545578229355,0.47664342916476216,0.7617194855415713,0.0457922026796936,0.21776266930944665,0.21777644316822575,0.29890846595251297,0.12621146281506035,0.06614651799711813
3750_0.h5,18,spatial_tke_map,42,0.06738584799053529,0.0024421049086636912,0.48008990010603697,0.9640806824377697,0.055900632537726015,0.14161065947000118,0.14158758158517137,0.29383907560446476,-0.06667356175274697,0.2685077148933165
3750_0.h5,18,window_energy,42,0.06371740150941407,0.002309083668884117,0.4962447746840971,1.0056913468714048,0.04857139558303996,0.18834087730656424,0.18834523058486397,0.2700769819569683,0.07318001292923382,0.31011837932695163
3750_0.h5,19,base,42,0.08717391845448744,0.003158691631758751,0.7026716282225882,0.9147923690138887,0.046014316595552676,0.0,0.0,0.0,0.0,0.0
3750_0.h5,19,corrected,42,0.06374789560641887,0.002309492496185996,0.47849816033061315,0.7970413444792376,0.045356419312034685,0.2687274274621375,0.2688452164923497,0.31903019687734235,0.014297664991977266,-0.11775102453465114
3750_0.h5,19,spatial_tke_map,42,0.07156953923108687,0.002593009043171513,0.4902414087988755,1.033572862593717,0.0552479325154813,0.17900284282330892,0.1790876269464352,0.3023179119399714,-0.20066832679681834,0.11878049357982834
3750_0.h5,19,window_energy,42,0.06664047390634431,0.002414319081906849,0.5055157381695757,1.0529918762830492,0.0480318157586872,0.23554573331315165,0.23565850568244207,0.28058040503459547,-0.04384503155545105,0.13819950726916053
3750_0.h5,20,base,42,0.09975799962368544,0.003614696469627663,0.782862813380672,1.2390662625398392,0.06443323888074966,0.0,0.0,0.0,0.0,0.0
3750_0.h5,20,corrected,42,0.06624724735071696,0.002399684003058359,0.4904116716463485,0.8248532020175828,0.042766588858174956,0.3359204514863994,0.33613125660159726,0.37356627078940996,0.33626510786885055,-0.41421306052225637
3750_0.h5,20,spatial_tke_map,42,0.07684379412882887,0.0027837587986072757,0.5119813526479478,1.110871425075307,0.05092044983844322,0.22969792479094653,0.2298775783810083,0.3460139581326702,0.20971767486832915,-0.1281948374645323
3750_0.h5,20,window_energy,42,0.0697663530303296,0.0025271890125095975,0.5224245742855763,1.0892135755741144,0.04512849432247311,0.3006440256068943,0.30085719956178936,0.3326741731037567,0.2996084768298698,-0.14985268696572485
3750_20.h5,1,base,42,0.1314025200394491,0.004352558373957437,0.6491189800763715,0.9275960122348071,0.16412432692661202,0.0,0.0,0.0,0.0,0.0
3750_20.h5,1,corrected,42,0.05288292214986566,0.0017520814387343682,0.6425987276546006,1.233206599749199,0.053735387528279194,0.5975501677289798,0.5974594047451364,0.010044772409834257,0.6725934019987976,0.30561058751439185
3750_20.h5,1,spatial_tke_map,42,0.0795479264829256,0.0026351369207848322,0.7104009329373515,1.5738065625548998,0.07823909708624291,0.39462404176842225,0.39457746585282194,-0.09440788937302358,0.5232937215868833,0.6462105503200927
3750_20.h5,1,window_energy,42,0.0665785768483683,0.0022052572787954463,0.8758483673577251,1.597344666183342,0.06918427385139489,0.4933234398519879,0.49334228531198765,-0.3492878720857584,0.5784642341148455,0.6697486539485348
3750_20.h5,2,base,42,0.1313577781427009,0.0043510498216857065,0.6801830904433332,0.9218672098132821,0.15524998980211852,0.0,0.0,0.0,0.0,0.0
3750_20.h5,2,corrected,42,0.06575236328709022,0.0021779934776064236,0.6373081443128191,1.1030788673971743,0.06174015685770576,0.4994406557664217,0.499432650310905,0.06303441930990794,0.6023178041016318,0.18121165758389224
3750_20.h5,2,spatial_tke_map,42,0.08231687704239483,0.0027265785110438196,0.6623848100001031,1.3698764643469308,0.0824229492255142,0.3733383876745413,0.3733515765656128,0.026166896374371085,0.46909530022790724,0.4480092545336487
3750_20.h5,2,window_energy,42,0.07362675858212793,0.0024385672152708537,0.8155594965071737,1.4281386329663537,0.0730090978125754,0.43949448884448017,0.4395450948143611,-0.1990293613085914,0.5297320282878426,0.5062714231530716
3750_20.h5,3,base,42,0.12867966258503719,0.004261706805319979,0.7661053312658103,1.1644128680669554,0.15396080592170677,0.0,0.0,0.0,0.0,0.0
3750_20.h5,3,corrected,42,0.07794121258651347,0.002581132347329548,0.6457916911203392,0.9394199223645252,0.06856057576931615,0.39430045882342524,0.3943430495717195,0.15704582024860847,0.5546881210521784,-0.22499294570243022
3750_20.h5,3,spatial_tke_map,42,0.0891752764339748,0.002953285684360464,0.659408538667884,1.1644718427007095,0.0852663740941041,0.30699789972604374,0.30701809878759956,0.13927170095740593,0.44618129540407603,5.897463375403866e-05
3750_20.h5,3,window_energy,42,0.08195586084606934,0.002714039751536285,0.7569836625023617,1.2154337635158776,0.0751304667690278,0.36310168056347436,0.36315662350392286,0.011906546516752603,0.5120156307363468,0.05102089544892219
3750_20.h5,4,base,42,0.12510809379232038,0.004142798076422629,0.7311875446679661,0.946170038098981,0.1050770226948802,0.0,0.0,0.0,0.0,0.0
3750_20.h5,4,corrected,42,0.09186452583683465,0.0030416479602253083,0.6890029317527668,0.770445144059805,0.0784239192760752,0.26571876325339994,0.26579864523548813,0.057693287068169896,0.25365301314445843,-0.17572489403917602
3750_20.h5,4,spatial_tke_map,42,0.10018681222432368,0.00331734674415102,0.6910467311296081,0.9677596866200492,0.0929396344994807,0.1991979960094833,0.19924971409284786,0.0548981090160473,0.11550944139941721,0.02158964852106815
3750_20.h5,4,window_energy,42,0.09398636627126822,0.0031119269371143302,0.7478233945185021,0.9962095823684768,0.08252195904079615,0.24875870599318917,0.24883451239759002,-0.022751823347989752,0.21465267168426372,0.05003954426949575
3750_20.h5,5,base,42,0.1234904170243397,0.004088417209059895,0.7717748281202345,0.8793547026274418,0.10373035272155869,0.0,0.0,0.0,0.0,0.0
3750_20.h5,5,corrected,42,0.09912958251586453,0.003281890640810407,0.7385836914640818,0.6462817031045648,0.0859712952958095,0.19726902779568478,0.1972711019957143,0.04300624411007847,0.17120405898377178,-0.23307299952287697
3750_20.h5,5,spatial_tke_map,42,0.10557243285056558,0.0034952660519114174,0.7300163977480654,0.8250956294392532,0.09789496545442015,0.14509615082312433,0.14508087771327738,0.05410701262941886,0.056255349702727275,-0.05425907318818857
3750_20.h5,5,window_energy,42,0.10050484822729032,0.0033274491828910622,0.7725765172225245,0.8353686466534578,0.08847668534664016,0.18613240890197147,0.18612778179353484,-0.0010387603651738075,0.14705114727473878,-0.04398605597398397
3750_20.h5,6,base,42,0.12699033804855164,0.004203703427578558,0.8132960743168001,0.7387165702080833,0.10162725805987256,0.0,0.0,0.0,0.0,0.0
3750_20.h5,6,corrected,42,0.10523819712866533,0.0034838501978934934,0.7862620794372359,0.5610525902582911,0.09021054649250093,0.17128973159808358,0.17124262976366023,0.03324004102967515,0.1123390691171221,-0.17766397994979222
3750_20.h5,6,spatial_tke_map,42,0.11084156413170543,0.0036693766749064083,0.7749761671645417,0.7363922414934014,0.10006237801202429,0.12716537466552869,0.12710857506423467,0.047116798374378766,0.0153982315150758,-0.0023243287146819114
3750_20.h5,6,window_energy,42,0.10651384709432685,0.003526085769635655,0.8079115564488035,0.7247732774589932,0.0922020859703774,0.16124447945320153,0.16119540058353454,0.006620612146099103,0.09274256011061932,-0.01394329274909012
3750_20.h5,7,base,42,0.1419261028807559,0.00469808936023475,0.847904886900436,0.889520034138682,0.12982263917055561,0.0,0.0,0.0,0.0,0.0
3750_20.h5,7,corrected,42,0.10857973556523531,0.003595017733121612,0.8319125932383794,0.5313735816865234,0.09236357457057405,0.23495584419405702,0.23479153811966247,0.018860952341620885,0.2885403103750602,-0.3581464524521586
3750_20.h5,7,spatial_tke_map,42,0.11343929367010362,0.003755891424675111,0.8213218581795525,0.7146026694153129,0.09945134543598533,0.20071578541536128,0.2005491729328367,0.03135142765606558,0.23394451020726625,-0.17491736472336905
3750_20.h5,7,window_energy,42,0.10990285404629233,0.003638812703688719,0.8541571742493639,0.6861987680554739,0.0940855289976721,0.2256332569165872,0.22546966975806992,-0.0073738074228861805,0.2752764109650674,-0.2033212660832081
3750_20.h5,8,base,42,0.14315175190463345,0.004738677681177636,0.8698591162103704,0.849285744567788,0.13089438402439438,0.0,0.0,0.0,0.0,0.0
3750_20.h5,8,corrected,42,0.1127373859275226,0.003732748095631366,0.8684237893147456,0.48720261820074723,0.09715771058440868,0.21246240840540087,0.21228065152898967,0.0016500682338973505,0.2577396554591548,-0.3620831263670408
3750_20.h5,8,spatial_tke_map,42,0.11735074949691812,0.003885436027686303,0.8599409380321444,0.6874366919597404,0.10242273801546696,0.1802353241537955,0.18005901875969954,0.011402051198170393,0.2175161770395072,-0.1618490526080476
3750_20.h5,8,window_energy,42,0.11416026251181766,0.0037798070402117433,0.8836510186792965,0.629044027151205,0.09856689933171381,0.20252277046619516,0.2023498337467845,-0.015855328997426588,0.24697380971406535,-0.22024171741658305
3750_20.h5,9,base,42,0.14136039236849493,0.004679769517518155,0.8754887498899151,0.7412445180360324,0.12469795075089538,0.0,0.0,0.0,0.0,0.0
3750_20.h5,9,corrected,42,0.11676382718367713,0.003866158488545175,0.8857396260070095,0.452419505214393,0.10058982580766743,0.17399898778365053,0.17385707264584827,-0.011708746820999538,0.1933321662309262,-0.2888250128216394
3750_20.h5,9,spatial_tke_map,42,0.1213595700863601,0.004018214494526565,0.8755948850031151,0.6760427365805954,0.10471377736379148,0.14148816331803293,0.14136487288853417,-0.00012122955687710046,0.16026063994448125,-0.06520178145543698
3750_20.h5,9,window_energy,42,0.11834549254373528,0.003918430944125343,0.8943105303480462,0.5845930935093585,0.10205368709283598,0.16281010146579789,0.16268719443186963,-0.02149859773811791,0.18159290927960015,-0.1566514245266739
3750_20.h5,10,base,42,0.14219471023565164,0.004707136678453778,0.8864143202833104,0.7508917561135646,0.12022824538496144,0.0,0.0,0.0,0.0,0.0
3750_20.h5,10,corrected,42,0.12035219965380216,0.0039845400039905075,0.8878208458302613,0.4634955899112253,0.1012481249272603,0.15360986738290805,0.15351087589422463,-0.001586758601216376,0.15786739960254992,-0.2873961662023393
3750_20.h5,10,spatial_tke_map,42,0.1252626034226337,0.004146952140365877,0.8825824107061128,0.7205439867319336,0.10515790900119969,0.11907691070193305,0.11900749358990648,0.004322932842480309,0.12534771954383694,-0.030347769381630973
3750_20.h5,10,window_energy,42,0.12220495119890597,0.0040457474432867005,0.8951821390393103,0.5994395000237087,0.1030207096588639,0.14058018757250335,0.14050776094828288,-0.009891332478922044,0.14312390296473476,-0.1514522560898559
3750_20.h5,11,base,42,0.14488636928137127,0.004797245242458919,0.923947598649605,0.8818592809185991,0.12253150981455427,0.0,0.0,0.0,0.0,0.0
3750_20.h5,11,corrected,42,0.12436444297402341,0.004117825265818055,0.8798033147933776,0.5076550910110016,0.1053324476138113,0.14164152507330763,0.14162710937258938,0.047777908531551394,0.14036440281175788,-0.3742041899075975
3750_20.h5,11,spatial_tke_map,42,0.12971408543598936,0.004294786768157195,0.8809162091547313,0.7911040779095576,0.11046784254461141,0.10471850402929994,0.10473895932078281,0.04657340909567398,0.0984535919634113,-0.0907552030090415
3750_20.h5,11,window_energy,42,0.12654754208908056,0.004189953207501322,0.8903194479150381,0.6566762330311456,0.1074401047151455,0.12657386117997382,0.12659182598851615,0.03639616660481182,0.12316346319611093,-0.22518304788745347
3750_20.h5,12,base,42,0.14775188181962098,0.004893209299934261,1.0042259496461283,1.083405842747015,0.12292433695919883,0.0,0.0,0.0,0.0,0.0
3750_20.h5,12,corrected,42,0.12720538043213245,0.00421239615899688,0.8601974966667774,0.5654073355852469,0.10566924069297819,0.13906084399366359,0.13913427756841057,0.14342235731919106,0.14037168467256378,-0.5179985071617681
3750_20.h5,12,spatial_tke_map,42,0.13276251784628348,0.004396291871827672,0.866372734802174,0.8535437982339673,0.11177864646244055,0.10144956388194681,0.10155245722133033,0.1372731056118709,0.09067114594612591,-0.2298620445130477
3750_20.h5,12,window_energy,42,0.12963838130684122,0.004292808655373188,0.8790511928759056,0.7310734874039179,0.10804728817108793,0.12259404272693564,0.12270078955525965,0.1246480005962125,0.12102606494472212,-0.35233235534309715
3750_20.h5,13,base,42,0.15093801817594285,0.004998821715413806,0.9918373698735281,1.1058703794506681,0.1270030100844846,0.0,0.0,0.0,0.0,0.0
3750_20.h5,13,corrected,42,0.13012339521386554,0.004309278659381007,0.8361343938019852,0.6043474455645954,0.10807165297060398,0.13790179050724305,0.1379411179851847,0.15698438151347038,0.1490622710539472,-0.5015229338860727
3750_20.h5,13,spatial_tke_map,42,0.13553179344613814,0.004488256222081679,0.8403425659297872,0.8630623085698451,0.11470283565895627,0.10206987554219937,0.10213716799657102,0.15274157694124635,0.09684947165697932,-0.242808070880823
3750_20.h5,13,window_energy,42,0.13276337056210383,0.004396543963353108,0.864431231938727,0.7809381412680819,0.11058912742415983,0.12041133064734899,0.12048394328679124,0.1284546658602378,0.129240107375455,-0.3249322381825862
3750_20.h5,14,base,42,0.15576668503540253,0.005158531070905384,0.9020232955732991,1.0413268953197323,0.13987259415836922,0.0,0.0,0.0,0.0,0.0
3750_20.h5,14,corrected,42,0.13295608427806088,0.00440361372503376,0.8059323170597684,0.6426088787160875,0.11284144184189901,0.1464408178947717,0.14634347171609197,0.10652826704709228,0.19325552999942563,-0.3987180166036448
3750_20.h5,14,spatial_tke_map,42,0.1381273252700778,0.004574748777388689,0.8033635461084591,0.8662231929474673,0.12154208293200584,0.11324218501097127,0.11316831971979069,0.10937605486356627,0.1310514853653808,-0.17510370237226502
3750_20.h5,14,window_energy,42,0.1358667159081839,0.004499848772707034,0.8419755984099133,0.8303055576632694,0.11607259539292533,0.12775497612147158,0.1276879578982053,0.06657000706974114,0.1701548391852703,-0.21102133765646292
3750_20.h5,15,base,42,0.16546239307930322,0.005477615669717717,0.8524478501687648,1.0688364032522388,0.16436060795255947,0.0,0.0,0.0,0.0,0.0
3750_20.h5,15,corrected,42,0.13548972187506067,0.004486711417954726,0.7761183190767911,0.6488260622610514,0.11854137936996603,0.1811449154484135,0.18090065304162817,0.08954158436420745,0.2787725669390232,-0.4200103409911874
3750_20.h5,15,spatial_tke_map,42,0.14012146421915597,0.004639952455222481,0.7633463224137989,0.8284580586061141,0.12856602978305384,0.153152196028023,0.15292478790108388,0.10452431516757998,0.21778076033788618,-0.24037834464612473
3750_20.h5,15,window_energy,42,0.1385475775246519,0.004587796177210406,0.8109673118208323,0.8379749532757435,0.12237202371880099,0.16266424686455194,0.16244649974742875,0.04866049968889041,0.2554662261037507,-0.23086144997649538
3750_20.h5,16,base,42,0.1736308164836593,0.005747068460891717,0.8405908821370448,1.0906070074626635,0.20742103229852538,0.0,0.0,0.0,0.0,0.0
3750_20.h5,16,corrected,42,0.138202362805128,0.004576185145301488,0.7401674287446577,0.6563831436244474,0.12779879202193528,0.2040447335099962,0.20373575215920692,0.11946769293652015,0.38386772736718344,-0.4342238638382161
3750_20.h5,16,spatial_tke_map,42,0.14272661676237947,0.004725844726926981,0.722985930016949,0.8098367590644261,0.13900729877148008,0.17798798823357653,0.17769472225954352,0.13990748010626441,0.3298302624807238,-0.2807702483982374
3750_20.h5,16,window_energy,42,0.14149599208351274,0.00468505114275091,0.771004422588852,0.8478620097391134,0.13203029190016544,0.1850755819210862,0.18479287751098483,0.08278279128044097,0.3634671930947473,-0.24274499772355007
3750_20.h5,17,base,42,0.17960293002002414,0.0059455215462260675,0.7978366618727396,1.0267967925728254,0.22212012905432788,0.0,0.0,0.0,0.0,0.0
3750_20.h5,17,corrected,42,0.1425195351908261,0.004719333360134386,0.7247391206050539,0.7037834225415813,0.1339170905269242,0.20647433104272606,0.20623727902727174,0.09161968202376902,0.39709610697115294,-0.3230133700312441
3750_20.h5,17,spatial_tke_map,42,0.1480738300969412,0.004903130764141371,0.7107073709256835,0.8635031263881265,0.14550889676404846,0.17554891737884082,0.17532369094623101,0.10920692807289656,0.3449090031437053,-0.16329366618469887
3750_20.h5,17,window_energy,42,0.14653085462014928,0.0048519199750314945,0.764940106657763,0.9094306058077576,0.13907831649698554,0.18413995471113764,0.18393702935762446,0.04123219298767167,0.3738599149518381,-0.11736618676506783
3750_20.h5,18,base,42,0.1714814970857564,0.005679944479571878,0.8050628112445212,0.7736359589334155,0.17426940728012294,0.0,0.0,0.0,0.0,0.0
3750_20.h5,18,corrected,42,0.14783863717819076,0.004896198273360974,0.7223018568045209,0.7458860095090578,0.1375735218293777,0.13787411650448833,0.13798483577254594,0.10280061789472394,0.21056986434664227,-0.02774994942435771
3750_20.h5,18,spatial_tke_map,42,0.15537780022990666,0.005145774500707812,0.7201891544302038,0.9292291201098983,0.14846960904950338,0.09390923877808477,0.0940449296265532,0.10542488813154072,0.14804548103585746,0.1555931611764828
3750_20.h5,18,window_energy,42,0.15277277780984516,0.005059290037340014,0.7706989273384202,0.9644735204169819,0.14275711664827576,0.10910051284748923,0.10927121637615822,0.04268472400678769,0.18082514380274395,0.19083756148356634
3750_20.h5,19,base,42,0.18707119118757262,0.006197015132164272,0.9135203376953346,0.9763703838926684,0.21100730774037055,0.0,0.0,0.0,0.0,0.0
3750_20.h5,19,corrected,42,0.15376916955718944,0.0050932939851756585,0.7275374121683547,0.7877988629968662,0.14240475722935755,0.17801790547744945,0.1781052851170214,0.20358925560013807,0.325119311011842,-0.1885715208958022
3750_20.h5,19,spatial_tke_map,42,0.16436528904662057,0.0054440880552350255,0.7484540074104025,1.0109583405665754,0.15455749812129577,0.12137572865607771,0.12149834410139493,0.18069256203027517,0.26752537731315096,0.03458795667390702
3750_20.h5,19,window_energy,42,0.15984975988460473,0.005294267348472245,0.7864859332715783,1.019344646882272,0.14874136198891708,0.14551375404283118,0.145674613412917,0.1390602914700768,0.2950890488971466,0.04297426298960361
3750_20.h5,20,base,42,0.21639670292527238,0.0071703682617941114,1.0323071747650228,1.5734673914913802,0.2921698845640931,0.0,0.0,0.0,0.0,0.0
3750_20.h5,20,corrected,42,0.1596121546531523,0.005287011983785677,0.7288313935337,0.8312834347151543,0.14222254608960286,0.2624094891673526,0.2626582358459224,0.2939781768933273,0.5132196930501796,-0.7421839567762258
3750_20.h5,20,spatial_tke_map,42,0.17413792902115824,0.005767835717364891,0.7806980098090264,1.1009607542935633,0.1584705199810246,0.19528381594014965,0.19560118716668118,0.24373478273389748,0.457608301357079,-0.4725066371978168
3750_20.h5,20,window_energy,42,0.1669604942606561,0.005529868534656018,0.7973413326516666,1.0758107189205965,0.14993129041681263,0.22845176472807882,0.22878876889478217,0.2276123307646678,0.4868352340950379,-0.4976566725707836
8850_10.h5,1,base,42,0.07717774478346086,0.00611530032869022,0.6249775468703583,0.9153471991866189,0.07121955098016872,0.0,0.0,0.0,0.0,0.0
8850_10.h5,1,corrected,42,0.03942508074945398,0.0031237827475334968,0.52269242003555,1.1764000574476254,0.04459276681093399,0.48916516205455707,0.48918571784968223,0.16366208249722247,0.3738690261702019,0.26105285826100655
8850_10.h5,1,spatial_tke_map,42,0.05047818236389573,0.003999508954599404,0.5729731318166339,1.3050718611578551,0.05719333291326523,0.34594898431505905,0.3459832322812473,0.08321005340774579,0.19694336560489023,0.38972466197123623
8850_10.h5,1,window_energy,42,0.04275918609242002,0.0033879775383273613,0.5928632773505301,1.2994521971501964,0.04832137931482643,0.4459648152146668,0.44598345850121135,0.05138467722663609,0.32151524897592154,0.38410499796357755
8850_10.h5,2,base,42,0.07037093161245003,0.00557537327939743,0.6021246878028613,0.7561460578445571,0.0611435686028578,0.0,0.0,0.0,0.0,0.0
8850_10.h5,2,corrected,42,0.04630049902257488,0.0036682134513792214,0.5364743435657742,1.0992932432111995,0.04683086775360686,0.34205078770929054,0.34206854544891196,0.10903114515474144,0.2340835050406589,0.34314718536664235
8850_10.h5,2,spatial_tke_map,42,0.053919243209660864,0.004271759177690553,0.5560876143098045,1.1904392858861523,0.05798236644026265,0.2337852864218517,0.23381647046379783,0.07645770788944906,0.05170130293061426,0.4342932280415952
8850_10.h5,2,window_energy,42,0.04872227912742091,0.0038600816926331375,0.5909313758184784,1.213967043526003,0.04995286431128652,0.3076362922726895,0.30765502161133795,0.01858969115720366,0.18302340781346282,0.4578209856814459
8850_10.h5,3,base,42,0.07437348984628522,0.005892060923682456,0.6260272189009238,1.0088796958125923,0.08029225615342586,0.0,0.0,0.0,0.0,0.0
8850_10.h5,3,corrected,42,0.05222305967430657,0.004137101106398975,0.5580435486859046,0.9858397647315684,0.04761856716275146,0.29782695712893203,0.29785160744513406,0.1085953903639747,0.4069344984931066,-0.023039931081023868
8850_10.h5,3,spatial_tke_map,42,0.057669183036881295,0.004568562632179531,0.5559837188991307,1.0585058141918011,0.055973519921597784,0.22460028222325334,0.22462399975928238,0.11188571021682425,0.3028777293959557,0.04962611837920883
8850_10.h5,3,window_energy,42,0.053905523125233244,0.004270389333835013,0.5922928038572228,1.0881363305333887,0.049787710913306575,0.27520514047888667,0.2752299426045176,0.053886498901639435,0.37991889506542076,0.07925663472079636
8850_10.h5,4,base,42,0.0667432637830762,0.005288315572132198,0.6012204911349187,0.8294718118357005,0.05106930453017331,0.0,0.0,0.0,0.0,0.0
8850_10.h5,4,corrected,42,0.05800733584056907,0.004595988924732186,0.5931802196647092,0.8815203009196192,0.04660322890926998,0.13088853387361998,0.13091628855289217,0.013373249230131723,0.08745127160023558,0.05204848908391868
8850_10.h5,4,spatial_tke_map,42,0.06199377835459664,0.004911888812266139,0.5846577288054298,0.9485663269098733,0.05163992084274668,0.07116052106645498,0.07118084288496573,0.027548565915016532,-0.01117337151588238,0.11909451507417279
8850_10.h5,4,window_energy,42,0.059224874338069985,0.004692436743791267,0.6129984639724715,0.9723177064159427,0.04812624984226558,0.11264641581571289,0.1126783793843602,-0.019590105479138975,0.05762864239063381,0.14284589458024222
8850_10.h5,5,base,42,0.06841039913281259,0.005420913321246084,0.643717015044284,0.7887980747572689,0.050278426582919734,0.0,0.0,0.0,0.0,0.0
8850_10.h5,5,corrected,42,0.06052110393932711,0.00479553174191062,0.6297404273005149,0.8064785588358114,0.045191048021246176,0.11532303996895454,0.11536461519951213,0.021712316774487594,0.10118412423434531,0.017680484078542502
8850_10.h5,5,spatial_tke_map,42,0.06364927058156071,0.005043521249356759,0.6189105318970312,0.8716880992948656,0.04848834459433691,0.06959656151119042,0.06961780230099224,0.03853631730636531,0.03560338121620821,0.08289002453759664
8850_10.h5,5,window_energy,42,0.06147978513589079,0.00487148014630334,0.6410402083456626,0.8889674043768272,0.04615040721503781,0.10130936355840647,0.10135435532410386,0.0041583593971604715,0.08210319312745296,0.10016932961955827
8850_10.h5,6,base,42,0.0695276216029353,0.005509692431838515,0.6731994118797031,0.7442759726604481,0.049137485169503614,0.0,0.0,0.0,0.0,0.0
8850_10.h5,6,corrected,42,0.06250186999884978,0.004953089314587495,0.6634349852986634,0.7519199258777403,0.04573585643359032,0.10104979060277397,0.10102253875998812,0.01450450848400997,0.06922675680652168,0.007643953217292165
8850_10.h5,6,spatial_tke_map,42,0.06513218471167158,0.005161698976622939,0.6537014310959383,0.820351490631976,0.048142584554902834,0.0632185711222164,0.06316023253941505,0.028963157780133364,0.02024728394562303,0.0760755179715279
8850_10.h5,6,window_energy,42,0.06328297324368198,0.005014980157372647,0.6704980689484946,0.8286413187463906,0.04645413249284007,0.08981535992868883,0.08978945387352388,0.00401269354004008,0.05460907629698808,0.08436534608594248
8850_10.h5,7,base,42,0.07282928235468333,0.005772773009769316,0.7053502347660805,0.7702267910030766,0.055267305960793545,0.0,0.0,0.0,0.0,0.0
8850_10.h5,7,corrected,42,0.06517224150318533,0.005166419392010242,0.7013241072981725,0.7215859068038506,0.048148383532988726,0.10513684336758555,0.1050368023708772,0.005707983451998411,0.12880892788324005,-0.048640884199225964
8850_10.h5,7,spatial_tke_map,42,0.06746346643566319,0.005348169770524537,0.692864569549704,0.7943557632844206,0.05051061820192347,0.0736766276631462,0.0735527342797333,0.017701369618906004,0.08606693733623372,0.02412897228134403
8850_10.h5,7,window_energy,42,0.06586174201756828,0.005221055923687044,0.7079618541387385,0.7947810313777013,0.04880080046754985,0.09566949051046092,0.0955722813193236,-0.0037025852462133635,0.11700417418267162,0.024554240374624725
8850_10.h5,8,base,42,0.0752425043834704,0.005964837282623524,0.7305573324884843,0.7810060320402819,0.05951655388736468,0.0,0.0,0.0,0.0,0.0
8850_10.h5,8,corrected,42,0.06758100659436062,0.005357966724567604,0.7296994166605485,0.6972564861397389,0.050372487080143635,0.10182406675438749,0.10174134335966312,0.0011743305963591855,0.15363905014605228,-0.08374954590054295
8850_10.h5,8,spatial_tke_map,42,0.06976275460238957,0.005530982014413132,0.7225752717510768,0.7783735276903876,0.05285601198480708,0.07282784944469034,0.07273547418875581,0.010925988122271413,0.11191074528882683,-0.00263250434989426
8850_10.h5,8,window_energy,42,0.0682097845098445,0.005407788840476114,0.7342651413712652,0.7677802664257766,0.0509951855485742,0.0934673816515188,0.09338870714381031,-0.00507531540358519,0.14317644053984047,-0.01322576561450528
8850_10.h5,9,base,42,0.07678609576914781,0.00608778338962193,0.7458184400746917,0.7737452393962476,0.06024889088090396,0.0,0.0,0.0,0.0,0.0
8850_10.h5,9,corrected,42,0.06964459667584909,0.005521810435843204,0.7443675343297771,0.6808414149896003,0.052229122236888345,0.09300510752323121,0.09296864187769249,0.0019453873314921877,0.13311064364435465,-0.09290382440664735
8850_10.h5,9,spatial_tke_map,42,0.07187818345453219,0.005698898427701536,0.7377280985896915,0.7718044783735136,0.05488972924564222,0.06391668003763251,0.06387956617893809,0.01084760184286937,0.08895037828755015,-0.0019407610227339944
8850_10.h5,9,window_energy,42,0.07022554182631158,0.005567840831618649,0.7475277846596876,0.7498616246511692,0.052942186428484216,0.08543934780275975,0.08540753254947375,-0.0022919044276039635,0.12127533545577063,-0.023883614745078385
8850_10.h5,10,base,42,0.07861970288916718,0.006234510966619984,0.7515029850137596,0.7736961376556635,0.06169945356497726,0.0,0.0,0.0,0.0,0.0
8850_10.h5,10,corrected,42,0.07185880589044065,0.005698493587345251,0.7448083639196921,0.6697606417654306,0.05505671314582786,0.08599494465474633,0.0859758499334764,0.0089083093847524,0.10766287277007669,-0.10393549589023288
8850_10.h5,10,spatial_tke_map,42,0.07411057527160177,0.005876998334032326,0.73792564307112,0.7670355715134531,0.058562140363132814,0.057353658839465305,0.057344134047049855,0.018066916849825976,0.050848314216275226,-0.0066605661422103335
8850_10.h5,10,window_energy,42,0.07238961211170775,0.00574056055866793,0.7466650977299242,0.7376982329921563,0.05592568206316027,0.07924337727709563,0.07922841271700376,0.006437615525568097,0.09357897304125207,-0.03599790466350716
8850_10.h5,11,base,42,0.0799644177390679,0.006341190990547522,0.749346579571512,0.7895440106790285,0.06158764481824839,0.0,0.0,0.0,0.0,0.0
8850_10.h5,11,corrected,42,0.07353897925575717,0.0058318204816396055,0.7387688900682152,0.6701403595967301,0.057261915634053064,0.08035372062956292,0.08032726181362582,0.014115884147152924,0.07023696387418299,-0.11940365108229833
8850_10.h5,11,spatial_tke_map,42,0.0758241107751653,0.006012936073666385,0.7327463546790352,0.7702174068153047,0.06147356248929685,0.051776866273357425,0.05176549915787887,0.02215293342897362,0.001852357389021897,-0.019326603863723757
8850_10.h5,11,window_energy,42,0.07403753001284621,0.005871339884973695,0.739484777833525,0.7382095559168756,0.05814209143651547,0.07411906312582339,0.07409508817416299,0.013160534800367163,0.0559455292031561,-0.051334454762152815
8850_10.h5,12,base,42,0.08187540001568301,0.006492735477329615,0.7534681957987148,0.8216943411471336,0.06086159121134516,0.0,0.0,0.0,0.0,0.0
8850_10.h5,12,corrected,42,0.07540836163515385,0.0059803032303065995,0.7282975387733247,0.6869429910214082,0.059429291272815134,0.07898634240920244,0.07892393719292157,0.03340639613687735,0.023533724801185207,-0.13475135012572537
8850_10.h5,12,spatial_tke_map,42,0.0777837232063043,0.006168588814307509,0.7244537285226151,0.7864200054866931,0.06446353557406002,0.04997443442835037,0.04992451396701969,0.038507885850898926,-0.05918255324950206,-0.03527433566044047
8850_10.h5,12,window_energy,42,0.07589767797294814,0.0060191053259064375,0.7294614559950082,0.7565681533322874,0.06040243621590705,0.07300998885611376,0.07294770487369007,0.03186164981822259,0.007544248947479404,-0.06512618781484614
8850_10.h5,13,base,42,0.08420140987326409,0.006676845247426617,0.7529321183192911,0.8271511154560598,0.06577125308379711,0.0,0.0,0.0,0.0,0.0
8850_10.h5,13,corrected,42,0.07757938267386999,0.006152398962809098,0.7192234811992178,0.7028790914589473,0.0645956174624941,0.07864508693335726,0.07854701811752351,0.04476982227205073,0.01787461187344508,-0.12427202399711246
8850_10.h5,13,spatial_tke_map,42,0.07996099781594437,0.006341125341698248,0.7171414366026982,0.7946766645167477,0.06932117164625742,0.050360345078570345,0.050281217144842794,0.04753507101873333,-0.05397371033721177,-0.032474450939312116
8850_10.h5,13,window_energy,42,0.07806871461092725,0.006191208926624518,0.7215497657238019,0.7741380287578156,0.06554637925219906,0.07283364104671741,0.07273439817843208,0.04168018846843913,0.0034190291511027038,-0.05301308669824423
8850_10.h5,14,base,42,0.08650644158939051,0.00685915390994337,0.7431576678878775,0.8153433776408282,0.07447882287144171,0.0,0.0,0.0,0.0,0.0
8850_10.h5,14,corrected,42,0.07955514263550893,0.006308992058899668,0.7089331613481319,0.7213461390408783,0.06857460784226076,0.0803558535776614,0.08020841320474814,0.046052820307990405,0.0792737425425245,-0.0939972385999499
8850_10.h5,14,spatial_tke_map,42,0.08192938721670884,0.006497105706498471,0.7080376775293826,0.8035074471126998,0.073138609806428,0.052909983217284684,0.05278321615149295,0.047257791820017325,0.017994552187365453,-0.011835930528128369
8850_10.h5,14,window_energy,42,0.08005979919361397,0.00634902029841882,0.7130279777715802,0.7946492489461934,0.06967389864777171,0.07452210814977256,0.07437267310550288,0.0405427965265146,0.06451396569416523,-0.020694128694634828
8850_10.h5,15,base,42,0.09210557823578991,0.007302622790765972,0.7615182923026604,0.936967894049152,0.08762199903123878,0.0,0.0,0.0,0.0,0.0
8850_10.h5,15,corrected,42,0.08109215913563216,0.006431144240924959,0.6959398378741996,0.721990279258745,0.06759143247076484,0.11957385547228683,0.11933774683569587,0.08611540273072937,0.22860202668205154,-0.214977614790407
8850_10.h5,15,spatial_tke_map,42,0.08323036834528434,0.006600556642524795,0.6909417316132794,0.7886996307714789,0.07133895946653127,0.0963590920387587,0.09613890356337806,0.09267874639750717,0.18583277880823434,-0.14826826327767317
8850_10.h5,15,window_energy,42,0.08157320062304606,0.006469321121691187,0.6996434127184458,0.7955133348359789,0.06856756129657765,0.1143511371893351,0.11410991543045046,0.08125199382554416,0.21746180120665692,-0.14145455921317318
8850_10.h5,16,base,42,0.10010979934193995,0.00793708804146379,0.7941719870861521,1.0830204000458779,0.09705117864970962,0.0,0.0,0.0,0.0,0.0
8850_10.h5,16,corrected,42,0.08235393217054393,0.006531246452140422,0.6842898023352981,0.7145834281226888,0.06629005898981093,0.177363927288958,0.17712309375669932,0.13836069080453972,0.3169577133207824,-0.368436971923189
8850_10.h5,16,spatial_tke_map,42,0.0842427930904443,0.006680851431427671,0.6756929865090621,0.7681227114983147,0.06912987457376421,0.15849603491162256,0.15827424408970514,0.14918557000706367,0.28769670254827917,-0.31489768854756317
8850_10.h5,16,window_energy,42,0.08281535609508507,0.00656787582099929,0.6872529908746039,0.7872392295446008,0.06718483109426346,0.17275474889109632,0.17250813060301962,0.13462952351648438,0.30773812302933345,-0.29578117050127706
8850_10.h5,17,base,42,0.10088127279333885,0.007999422327253513,0.7604641549250312,0.9748777863950453,0.08853762441549248,0.0,0.0,0.0,0.0,0.0
8850_10.h5,17,corrected,42,0.0846799569904136,0.006716764638744872,0.6820960052584019,0.7387172798138625,0.06537002009625932,0.16059785284543926,0.16034378934322668,0.10305304879801347,0.2616695949567318,-0.23616050658118282
8850_10.h5,17,spatial_tke_map,42,0.08683349568531976,0.006887344442630583,0.6690349402732806,0.7934476214263582,0.06729411150250426,0.1392505934852426,0.13901977406970412,0.1202281712551776,0.2399376881098132,-0.18143016496868714
8850_10.h5,17,window_energy,42,0.08524587609220652,0.0067617175390490185,0.6885380147994828,0.8140009395924976,0.06628976023669282,0.15498809906138222,0.15472427102488573,0.09458189404422224,0.2512814673499043,-0.16087684680254766
8850_10.h5,18,base,42,0.10104915951785953,0.008014274591926093,0.761894577897443,0.7574518854767844,0.08057542064051716,0.0,0.0,0.0,0.0,0.0
8850_10.h5,18,corrected,42,0.08779387931387929,0.006963347107158661,0.6868042146146077,0.7520649920641168,0.06750540008703544,0.13117655077217627,0.13113195370497777,0.09855741917741145,0.1622085302141072,-0.005386893412667626
8850_10.h5,18,spatial_tke_map,42,0.09064995051784097,0.007189648055700497,0.6776996812061578,0.8181410701258989,0.06956073903247577,0.10291237502258088,0.10289471951165219,0.11050727900391821,0.13670026815227931,0.060689184649114436
8850_10.h5,18,window_energy,42,0.08850283190068338,0.0070196676785357175,0.6937435062829614,0.8286766390817698,0.06847156805673225,0.12416063307244729,0.12410442167683944,0.08944947712130225,0.15021767789194163,0.07122475360498537
8850_10.h5,19,base,42,0.1121560813373983,0.008894449886720956,0.7946595320021087,0.8265630214044736,0.09202939801076417,0.0,0.0,0.0,0.0,0.0
8850_10.h5,19,corrected,42,0.09170998780858988,0.007273134724790853,0.6904236678945931,0.7725844306904318,0.0718787358587122,0.1823003557631493,0.18228391666477983,0.13117046975438407,0.21895896949901872,-0.05397859071404176
8850_10.h5,19,spatial_tke_map,42,0.09571793262332848,0.007590688359026199,0.6911740959401189,0.8609118110457232,0.07494051129845529,0.14656493449177366,0.1465814687023217,0.13022613068173094,0.185689432743112,0.034348789641249655
8850_10.h5,19,window_energy,42,0.09264104348587571,0.007347082719337652,0.6988607822054584,0.8514146889090423,0.0729552866850222,0.1739989273770688,0.1739699685860795,0.12055320038166495,0.20726106807208466,0.024851667504568686
8850_10.h5,20,base,42,0.14830452318161194,0.011756668679673383,1.0846800536400514,1.5132078992931919,0.16034628059175754,0.0,0.0,0.0,0.0,0.0
8850_10.h5,20,corrected,42,0.0951598652645088,0.007546796781332634,0.6946993106918841,0.7514379957926717,0.07597720273541794,0.3583481931432585,0.3580837406449482,0.3595352764526649,0.5261679756148738,-0.7617699035005202
8850_10.h5,20,spatial_tke_map,42,0.10054439776971069,0.007973438466800662,0.7052989048006248,0.8643404866300303,0.08103270536558332,0.32204092220042924,0.32179440587738195,0.3497631836837698,0.49463932018546153,-0.6488674126631616
8850_10.h5,20,window_energy,42,0.09621033639060095,0.007630237274257638,0.7000919806067712,0.828246842080184,0.07719129910334635,0.3512649895864408,0.3509864501455342,0.3545636077133072,0.5185962604279185,-0.6849610572130079
8850_20.h5,1,base,42,0.10828983094126185,0.008220945522192182,0.6074035535692458,0.916665416814898,0.12104656484862925,0.0,0.0,0.0,0.0,0.0
8850_20.h5,1,corrected,42,0.04819263586940962,0.003658901841499024,0.5291243891596095,1.1042292747936127,0.044111811388730035,0.5549661916496104,0.5549293166312884,0.12887505176690128,0.6355798163798155,0.18756385797871467
8850_20.h5,1,spatial_tke_map,42,0.06771445843354543,0.005141083935059349,0.5964490515100753,1.325379348239169,0.06236398812496366,0.3746923617391661,0.3746359319398048,0.018034965378123435,0.4847934081983172,0.4087139314242709
8850_20.h5,1,window_energy,42,0.05760843455004825,0.00437391838882014,0.6604864251934013,1.3332136362995428,0.0545054327510646,0.46801621122396997,0.46795433967870415,-0.08739308703781545,0.5497151627621606,0.4165482194846448
8850_20.h5,2,base,42,0.10458734119452322,0.007939934119198832,0.6273699789768467,0.7869519789555541,0.11375324733803954,0.0,0.0,0.0,0.0,0.0
8850_20.h5,2,corrected,42,0.05984415542867049,0.004543683107537492,0.5459367119639003,1.0237449541980315,0.050792170218194536,0.427806895699111,0.42774297124823435,0.12980102609588162,0.5534881736847839,0.23679297524247733
8850_20.h5,2,spatial_tke_map,42,0.07252788641751726,0.005506532997224578,0.5772788713486121,1.2018807433858194,0.061805135281573755,0.30653284050292673,0.30647623587836437,0.07984301019619422,0.45667366226558814,0.4149287644302653
8850_20.h5,2,window_energy,42,0.0660500116769808,0.0050148256016300154,0.645060619644934,1.234690526778076,0.05820379060548805,0.3684703050808643,0.36840463329486295,-0.028198098826689666,0.48833293143250367,0.44773854782252176
8850_20.h5,3,base,42,0.10805449811614544,0.008203347637644118,0.6650051281656536,1.0292794929488427,0.11289584552699441,0.0,0.0,0.0,0.0,0.0
8850_20.h5,3,corrected,42,0.07211333593181991,0.0054749765806037,0.5780555210558008,0.9113117190225459,0.060815015815354,0.3326206942879245,0.3325923973427958,0.1307502806026385,0.4613175043645642,-0.11796777392629676
8850_20.h5,3,spatial_tke_map,42,0.08067244925510511,0.006124746904300934,0.5867885013096196,1.0610499304165548,0.06637778454847573,0.2534096158737229,0.25338445049003533,0.11761808073839419,0.41204404609730116,0.03177043746771213
8850_20.h5,3,window_energy,42,0.076057098428376,0.005774356719360075,0.6396678572277082,1.0972525501889814,0.06544013050117814,0.2961227921615639,0.2960975233010622,0.03810086548931668,0.42034952485890353,0.06797305724013869
8850_20.h5,4,base,42,0.10117821499278207,0.007681611772238975,0.6529832122536283,0.7510750982209055,0.08918033550589695,0.0,0.0,0.0,0.0,0.0
8850_20.h5,4,corrected,42,0.08364084917341309,0.006350591144768537,0.6291707370137127,0.7889780112487889,0.07429618300673407,0.173331441166659,0.17327361326443125,0.036467208946662,0.16689948983404168,0.0379029130278834
8850_20.h5,4,spatial_tke_map,42,0.08969176133197615,0.006809932330904936,0.622864832492762,0.9208832354197043,0.07739998566859735,0.1135269451198101,0.11347611245913936,0.04612427884159431,0.13209582326050606,0.16980813719879884
8850_20.h5,4,window_energy,42,0.08620474069064064,0.006545211466233837,0.660077506123424,0.9479248897304456,0.07734241558160548,0.14799108981325293,0.14793774271592863,-0.01086443531268011,0.13274137013656662,0.19684979150954018
8850_20.h5,5,base,42,0.10329114842516875,0.007840947458744049,0.6985127141461638,0.6875526834117817,0.0932003660549711,0.0,0.0,0.0,0.0,0.0
8850_20.h5,5,corrected,42,0.09073382670266542,0.00688784403498758,0.6793746304793423,0.6969554997331594,0.08268239375774396,0.1215720990032435,0.12155462445977605,0.027398332599021025,0.11285333676719111,0.009402816321377738
8850_20.h5,5,spatial_tke_map,42,0.09527583289689041,0.007232533646883671,0.668522565172889,0.817956990317545,0.08636648075635706,0.07759924882706848,0.07759442529893357,0.042934292198150814,0.07332466156391826,0.13040430690576332
8850_20.h5,5,window_energy,42,0.09263901490427025,0.007032433512108567,0.6947405636025616,0.8362139454165574,0.08496154020218727,0.10312726388762772,0.10311431761143175,0.0054002603921291525,0.08839907182257678,0.1486612620047757
8850_20.h5,6,base,42,0.10639891271063914,0.008077784929339218,0.7341726664321724,0.629753209380363,0.09481234605864756,0.0,0.0,0.0,0.0,0.0
8850_20.h5,6,corrected,42,0.09669487148402871,0.007341284587718556,0.7227643639279567,0.6210957728446233,0.08655587519855715,0.09120432699346659,0.0911760275945982,0.015538991065488839,0.08708223352033984,-0.008657436535739804
8850_20.h5,6,spatial_tke_map,42,0.10042414467466099,0.007624342408557337,0.7091256900538975,0.7368949721130127,0.08997657752539977,0.0561544087600504,0.056134512709658524,0.03411592057764101,0.05100357426296109,0.10714176273264964
8850_20.h5,6,window_energy,42,0.09826767262210859,0.007460667494727959,0.7283859512135796,0.7446139387808356,0.08805199982068909,0.07642221035325947,0.07639686374538579,0.007881954045925177,0.07130238327587379,0.11486072940047254
8850_20.h5,7,base,42,0.11266768655983841,0.00855298994965393,0.7635014546570118,0.6389770678084281,0.1056712690853453,0.0,0.0,0.0,0.0,0.0
8850_20.h5,7,corrected,42,0.10184749457433978,0.0077322586120249955,0.7585378413230389,0.5791412555283204,0.09062594237335045,0.09603633762154129,0.0959584124920132,0.006501118372070014,0.1423785939378045,-0.0598358122801077
8850_20.h5,7,spatial_tke_map,42,0.10511188579280799,0.007980104620085589,0.7438340738967884,0.6948819897839602,0.09349565182083877,0.06706271334521008,0.06698070884457452,0.025759454209630328,0.11522164321385131,0.055904921975532096
8850_20.h5,7,window_energy,42,0.10331602906180298,0.007843734357288879,0.7603023109186346,0.693515303805318,0.09185169846490006,0.08300212584083477,0.08292487148236971,0.004190095145024109,0.13077888379748592,0.054538235996889894
8850_20.h5,8,base,42,0.1168153651924223,0.008866004813884052,0.7931378191020315,0.6292307421456391,0.10540765769510096,0.0,0.0,0.0,0.0,0.0
8850_20.h5,8,corrected,42,0.10650949708823403,0.008084291121708621,0.7905864093117055,0.549212052994327,0.09488492826625256,0.08822356619963556,0.08816977980333118,0.003216855543737185,0.09982888965511538,-0.08001868915131216
8850_20.h5,8,spatial_tke_map,42,0.10965512447883612,0.008323167004818013,0.7769946763189353,0.6712508191298349,0.09814485047770374,0.061295367281449575,0.06122687957669071,0.02035351535925123,0.06890208336101533,0.04202007698419574
8850_20.h5,8,window_energy,42,0.10794905241048591,0.008193559545053443,0.7904554518553585,0.657606442745363,0.09594405122304048,0.07590022740014979,0.07584535345362875,0.003381968659255108,0.08978101476682687,0.02837570059972383
8850_20.h5,9,base,42,0.1194264083792751,0.009062774470525602,0.8100061966081684,0.5925449363617423,0.10136141323979476,0.0,0.0,0.0,0.0,0.0
8850_20.h5,9,corrected,42,0.11076668943085205,0.008405503682263518,0.8084686716428554,0.5248037730589341,0.09529931549369214,0.07251092171273754,0.07252423531002472,0.0018981644483107019,0.05980676030790222,-0.06774116330280822
8850_20.h5,9,spatial_tke_map,42,0.11399719914348412,0.008650823926648584,0.7936418755362992,0.6567939489147814,0.09844799506282968,0.04546070931438262,0.04545523506259408,0.02020271096738946,0.028742872497966143,0.06424901255303905
8850_20.h5,9,window_energy,42,0.11217527387145994,0.008512423727645702,0.8061097940194001,0.6285066387309448,0.09676482947080328,0.060716340767671406,0.06072651864721745,0.004810336766661982,0.04534845778163299,0.035961702369202486
8850_20.h5,10,base,42,0.1233120006648528,0.009355321104503031,0.8175972839953944,0.5993173760729362,0.10651537914100125,0.0,0.0,0.0,0.0,0.0
8850_20.h5,10,corrected,42,0.11494984283712024,0.008720378571315444,0.8158139938649336,0.5094000865069087,0.10118818592194223,0.06781300913655519,0.06786966755015689,0.0021811350959317632,0.05001337142129558,-0.08991728956602751
8850_20.h5,10,spatial_tke_map,42,0.11829038062724585,0.008973906624096828,0.8002640027193115,0.6504111052174663,0.10402497013048435,0.04072288188118134,0.040769790384064475,0.021200267681149132,0.023380745866004693,0.05109372914453003
8850_20.h5,10,window_energy,42,0.11632757530098725,0.008824928155186875,0.811209875436345,0.6102522487253245,0.10331220770610175,0.056640272854289186,0.056694253825329444,0.007812414111548538,0.030072384483176395,0.010934872652388239
8850_20.h5,11,base,42,0.12733878729730816,0.00965770880917618,0.8125336423903051,0.6515279838171849,0.1153499149345482,0.0,0.0,0.0,0.0,0.0
8850_20.h5,11,corrected,42,0.11881205549643276,0.009010409343130282,0.8086044593172057,0.5154101937692394,0.10849746322780376,0.06696099422532864,0.06702412330250351,0.004835717400624273,0.05940578032183774,-0.13611779004794555
8850_20.h5,11,spatial_tke_map,42,0.12239585790704753,0.00928216613652444,0.7932436683320768,0.6653921706657437,0.11183950066255054,0.038817154577732604,0.038885276008210234,0.023740523532639446,0.030432742616147923,0.013864186848558835
8850_20.h5,11,window_energy,42,0.12021063551311348,0.009116517582690335,0.8035285890933097,0.6176885544538653,0.11067076414296113,0.05597785196078564,0.05603722758462526,0.011082683629571877,0.04056483955139545,-0.03383942936331963
8850_20.h5,12,base,42,0.13183235658818293,0.009998153234708821,0.8178029680224893,0.7091265190249588,0.1274590497167763,0.0,0.0,0.0,0.0,0.0
8850_20.h5,12,corrected,42,0.12275032867487866,0.009308954094837568,0.7997690305983741,0.5364378044613313,0.12115398407408483,0.0688907347812544,0.06893264422860435,0.022051689868187507,0.04946738310619614,-0.17268871456362755
8850_20.h5,12,spatial_tke_map,42,0.1266079649351904,0.009601325800222497,0.7862829749427757,0.6909476181961273,0.12473656986853625,0.03962905456747967,0.039690073273605075,0.038542282569518416,0.021359643385774563,-0.018178900828831557
8850_20.h5,12,window_energy,42,0.12420340529464965,0.009419205866860939,0.7959039213319989,0.6433353123950853,0.12319896543876274,0.05786858014959517,0.05790543055872088,0.026777900725212467,0.033423160516885875,-0.06579120662987348
8850_20.h5,13,base,42,0.13589437526218512,0.010306485108767006,0.8187752347591045,0.7515703517562036,0.1412278660853734,0.0,0.0,0.0,0.0,0.0
8850_20.h5,13,corrected,42,0.12600390862164304,0.00955631411639606,0.7869983815545735,0.5676554502059465,0.13088229987157232,0.07278054460650119,0.07278630730595337,0.0388102275881369,0.07325442563542739,-0.18391490155025703
8850_20.h5,13,spatial_tke_map,42,0.12990265522688832,0.009851793726086263,0.777346848129544,0.7165096955687658,0.13481134561237446,0.044091008356576866,0.04411701738102436,0.050597996703880876,0.04543381310541161,-0.03506065618743781
8850_20.h5,13,window_energy,42,0.127520016687911,0.009671387655313076,0.7861001461241102,0.6810911501294842,0.13276061435014827,0.06162402644051468,0.061621148893301836,0.03990727521773152,0.05995453992136801,-0.07047920162671939
8850_20.h5,14,base,42,0.1412204501820128,0.010712751492860483,0.8034900164168205,0.7996835753606524,0.16281166199174354,0.0,0.0,0.0,0.0,0.0
8850_20.h5,14,corrected,42,0.1291697625495011,0.009799119012324433,0.7692595685131878,0.5976364570844147,0.13809698439865253,0.08533245444962179,0.08528457708973647,0.04260220687779559,0.15179918496467615,-0.20204711827623767
8850_20.h5,14,spatial_tke_map,42,0.13302882136064945,0.010091698554556796,0.7598833898617103,0.735166058244851,0.142759458212581,0.05800596734258756,0.05797324232878809,0.054271522562999275,0.12316196231802756,-0.06451751711580134
8850_20.h5,14,window_energy,42,0.13075722382738392,0.009919673704489759,0.7715977643326097,0.7172795583465238,0.13985180309344494,0.07409143888964587,0.074031194404096,0.039692157254715976,0.1410209724378524,-0.08240401701412858
8850_20.h5,15,base,42,0.15058970613527045,0.01142311548238216,0.809382096919181,0.9638274863297327,0.19298375718692373,0.0,0.0,0.0,0.0,0.0
8850_20.h5,15,corrected,42,0.1314074227649326,0.009969611929314734,0.7492418868494702,0.6211769794964291,0.14066446202496197,0.12738110633609268,0.12724230577106221,0.0743038551243318,0.2711072471829087,-0.34265050683330356
8850_20.h5,15,spatial_tke_map,42,0.1349623290604675,0.01023920621555087,0.7372822070241287,0.7414363221250844,0.1460688262943521,0.10377453728985508,0.10364153883038563,0.08908016395407325,0.24310300294925802,-0.22239116420464833
8850_20.h5,15,window_energy,42,0.13301835742096685,0.01009199874079199,0.7540144178050384,0.7449156007145697,0.14252625412124584,0.11668359787168825,0.11652834497236308,0.0684073434844843,0.2614598440883542,-0.21891188561516295
8850_20.h5,16,base,42,0.15864294287382846,0.012032104425620364,0.8113457591161518,1.0388248024626223,0.21206041996522312,0.0,0.0,0.0,0.0,0.0
8850_20.h5,16,corrected,42,0.13367538665617312,0.010140363423875226,0.7330618603583104,0.6388304703134942,0.14277159794722108,0.15738207931198356,0.15722445009012642,0.0964864829553318,0.3267409450069234,-0.39999433214912816
8850_20.h5,16,spatial_tke_map,42,0.13696673033666493,0.010390011324227465,0.7177157750124122,0.7458479542767056,0.14816215215350392,0.13663521455475658,0.13647596823514385,0.11540084242966453,0.3013210471911647,-0.29297684818591674
8850_20.h5,16,window_energy,42,0.1353219140585073,0.010265491687311393,0.7386136296825947,0.7648048147358527,0.14461599981534415,0.1470032539289743,0.14682491738911962,0.08964381537260835,0.3180434149896503,-0.2740199877267696
8850_20.h5,17,base,42,0.15698803798270108,0.011908067547317875,0.7884749761896699,0.8870109434485077,0.1999417879042587,0.0,0.0,0.0,0.0,0.0
8850_20.h5,17,corrected,42,0.13669976693867442,0.010371168945135515,0.7199492801470395,0.6796870356502979,0.14387105534319367,0.12923450286232818,0.12906364496803047,0.08690915769297203,0.2804352864340409,-0.20732390779820986
8850_20.h5,17,spatial_tke_map,42,0.14021671128278354,0.010638109442412443,0.7028306881628898,0.7880093977007592,0.14817463152245003,0.10683187659027638,0.10664686775239796,0.10862017262825352,0.25891114070960075,-0.09900154574774855
8850_20.h5,17,window_energy,42,0.13862896938443597,0.010517842829460286,0.7310311263641384,0.8126199292732305,0.1460353620706765,0.11694565289291747,0.11674645884677715,0.07285437275781503,0.2696106021588397,-0.07439101417527727
8850_20.h5,18,base,42,0.15551093511129774,0.011798192512628916,0.7829500447454566,0.7167189905780481,0.1650401149298722,0.0,0.0,0.0,0.0,0.0
8850_20.h5,18,corrected,42,0.14065276134427385,0.010670331275147335,0.7215641300650906,0.7124275622032092,0.14455006704115061,0.09554423781446642,0.09559610391797768,0.078403360587741,0.12415192450288881,-0.004291428374838868
8850_20.h5,18,spatial_tke_map,42,0.14505075243555474,0.011004196723641358,0.7061349828662703,0.8342767716739083,0.1487221096594902,0.06726332568353954,0.06729808723985953,0.09810978669036219,0.09887296356595321,0.11755778109586024
8850_20.h5,18,window_energy,42,0.14303213799685469,0.010851188193306802,0.7385813325733529,0.8516392099248475,0.1468825902977139,0.08024385619900032,0.08026689836671419,0.05666863737970451,0.11001885596040506,0.13492021934679943
8850_20.h5,19,base,42,0.17594133393636507,0.013352300365909897,0.817167874091544,0.9125770624566863,0.1906285725550152,0.0,0.0,0.0,0.0,0.0
8850_20.h5,19,corrected,42,0.14552797015344737,0.011041947451638365,0.7264182016416862,0.7438472532551439,0.1446988743643344,0.17286082299408778,0.17303032818001562,0.11105389152840273,0.24093816354537057,-0.16872980920154246
8850_20.h5,19,spatial_tke_map,42,0.1521041104207166,0.011541189325175831,0.7233936572373033,0.8967836043448711,0.15171924075033458,0.13548393082133847,0.13564037589792843,0.11475514374386131,0.20411070220573269,-0.015793458111815206
8850_20.h5,19,window_energy,42,0.1485691037943685,0.011273078466681758,0.7485338120630244,0.8899608279821449,0.14731530890555358,0.1555758929956541,0.15572012628899912,0.08399016188053277,0.22721286252595452,-0.02261623447454142
8850_20.h5,20,base,42,0.22582522199358698,0.01713826511856394,1.2569814720241728,1.7710431693624837,0.3347730632569364,0.0,0.0,0.0,0.0,0.0
8850_20.h5,20,corrected,42,0.15123266520062212,0.011476920911404835,0.7332274501953135,0.7661656876570753,0.14443256972457044,0.3303110083739147,0.33033356456989404,0.4166760079489755,0.5685657372806029,-1.0048774817054085
8850_20.h5,20,spatial_tke_map,42,0.16103081244583747,0.012220838947209715,0.7567732677297678,0.9603188691499499,0.15369314980152535,0.286922820116123,0.28692671850593177,0.39794397564897876,0.5409034756073945,-0.8107243002125338
8850_20.h5,20,window_energy,42,0.15503523679305703,0.011765898519650281,0.7613726863469596,0.9175689170933469,0.14738803321358465,0.3134724481862361,0.31347202075281133,0.39428487746848995,0.559737477741854,-0.8534742522691369
8850_5.h5,1,base,42,0.05551826457949199,0.0044288266775540965,0.6837094883346498,0.9435177785478286,0.05300248445050341,0.0,0.0,0.0,0.0,0.0
8850_5.h5,1,corrected,42,0.028825529913085766,0.002299341720740428,0.5759474783972655,1.2248422506740257,0.026243801803131392,0.4807919496148355,0.4808237286878241,0.1576137405959751,0.5048571387698009,0.28132447212619716
8850_5.h5,1,spatial_tke_map,42,0.036880212501051876,0.002942020755913153,0.6212068619098302,1.4776131543568685,0.035629262403238306,0.3357102787633759,0.33571102007136133,0.09141693583492727,0.3277812771869054,0.5340953758090399
8850_5.h5,1,window_energy,42,0.032975961211923865,0.002630674668258204,0.7339233704660806,1.4830219062409737,0.029705797283280266,0.4060340058953332,0.40601092348209844,-0.07344330156034484,0.4395395311889361,0.5395041276931452
8850_5.h5,2,base,42,0.0505054352084256,0.004028565729648372,0.6912732981830386,0.7501791397824948,0.04295110523266993,0.0,0.0,0.0,0.0,0.0
8850_5.h5,2,corrected,42,0.033947382572349624,0.002707777739887162,0.5902079967301895,1.0970078345673062,0.028236526438274536,0.32784694494254485,0.3278556385566267,0.14620165673763452,0.34258906062335814,0.3468286947848114
8850_5.h5,2,spatial_tke_map,42,0.03938315197401924,0.0031414604734863647,0.6059742193148152,1.2836878914423309,0.036555345633175126,0.22021953060115163,0.22020374388664543,0.12339414684817973,0.14890791668452785,0.533508751659836
8850_5.h5,2,window_energy,42,0.03692741149943185,0.002945666061015565,0.7055793839801019,1.3272860944734308,0.031263109458305176,0.2688428216282074,0.2688052625437307,-0.02069526746464212,0.27212328323217405,0.577106954690936
8850_5.h5,3,base,42,0.051256062199377415,0.004088305276577249,0.6702691689943991,0.9646597493686713,0.037305124809562315,0.0,0.0,0.0,0.0,0.0
8850_5.h5,3,corrected,42,0.03745500927164996,0.0029874234724146216,0.6086299189337863,0.9445483374638896,0.02866224083135529,0.2692569880620891,0.2692758318391262,0.09196193546107734,0.23168087554532513,-0.020111411904781717
8850_5.h5,3,spatial_tke_map,42,0.04141698124424041,0.003303513123956624,0.6147890943851605,1.1026318696887236,0.036057699931457035,0.19195936115545986,0.19196026214501705,0.08277282795578245,0.033438431970760574,0.13797212032005235
8850_5.h5,3,window_energy,42,0.03954215008859417,0.0031540200209726503,0.679878683213568,1.141249170725384,0.031173026736073455,0.22853710582014874,0.22852629449109718,-0.014336798802167872,0.16437682770912587,0.17658942135671274
8850_5.h5,4,base,42,0.04670733002691118,0.0037255343467111684,0.6762500616127513,0.7586973492600899,0.032750288815238685,0.0,0.0,0.0,0.0,0.0
8850_5.h5,4,corrected,42,0.04113407285021758,0.0032808622768516356,0.6401376784600571,0.8106769886846743,0.029045529815793576,0.11932296651258978,0.11935793056157995,0.05340093140482938,0.11312141460325953,0.05197963942458439
8850_5.h5,4,spatial_tke_map,42,0.044167410638943784,0.0035229002714073413,0.6446680297600165,0.9585816179765116,0.03609821211763585,0.05437946006556105,0.05439060721120681,0.04670170643299687,-0.10222576421492136,0.19988426871642173
8850_5.h5,4,window_energy,42,0.04264073844380588,0.003401100597593427,0.6783366457880595,0.9777753075659539,0.03117228214219719,0.08706538311571799,0.08708381642062846,-0.003085521604733188,0.04818298494843343,0.21907795830586396
8850_5.h5,5,base,42,0.048242602589937074,0.0038479286328473574,0.7002791376296365,0.7037417674310229,0.024625612314354544,0.0,0.0,0.0,0.0,0.0
8850_5.h5,5,corrected,42,0.04244510020971113,0.0033853564296837634,0.6678053835444505,0.7488459903918417,0.026930838036051858,0.12017391411290168,0.1202133010510914,0.04637258535946942,-0.0936108995898377,0.04510422296081884
8850_5.h5,5,spatial_tke_map,42,0.044978808026488855,0.0035875386710696186,0.669532660007192,0.8894757004278783,0.032390936831433716,0.06765378292689816,0.06767016403447634,0.04390603113855096,-0.31533528660940857,0.18573393299685537
8850_5.h5,5,window_energy,42,0.043713198339344804,0.0034865327836476586,0.6932027776654371,0.901593763781098,0.028509801028431026,0.09388805759698082,0.09391958211352691,0.010105056089707243,-0.15772962980548288,0.1978519963500751
8850_5.h5,6,base,42,0.04913126391405259,0.00391932853482408,0.7097630298156734,0.6711468153901847,0.02461531245275855,0.0,0.0,0.0,0.0,0.0
8850_5.h5,6,corrected,42,0.0436093834884055,0.0034787855240926246,0.6983224913627014,0.7110302843425285,0.024876184631824585,0.11239035973726941,0.11240267479930177,0.016118814269521886,-0.010597963343617955,0.03988346895234374
8850_5.h5,6,spatial_tke_map,42,0.045905695709079535,0.003662032271439701,0.6977942813030473,0.8485400076892452,0.028279871332604917,0.06565205020199927,0.06564804687799097,0.01686302048690025,-0.1488731409312536,0.17739319229906048
8850_5.h5,6,window_energy,42,0.04475146954379795,0.0035699086116297205,0.7181072172083256,0.8558026263324873,0.02595217221054082,0.08914475267553468,0.08915300671778026,-0.011756300401866815,-0.05431008687571848,0.18465581094230255
8850_5.h5,7,base,42,0.05125230309759889,0.004088256716479397,0.716357611536156,0.7137846028265148,0.028492041205637825,0.0,0.0,0.0,0.0,0.0
8850_5.h5,7,corrected,42,0.044670922645659326,0.0035632505900776356,0.7098949640654006,0.6975520003565625,0.02424467992709699,0.12841140893525815,0.12841809182028818,0.00902153807914019,0.14907184949951546,-0.016232602469952284
8850_5.h5,7,spatial_tke_map,42,0.04672733655732189,0.003727327220326185,0.7076574673483079,0.8296819888069561,0.02633229731557606,0.08828806252199406,0.08828445011741493,0.012144973470989529,0.07580165543332185,0.1158973859804413
8850_5.h5,7,window_energy,42,0.04574983531830073,0.0036493195590960375,0.7293383973053421,0.83923405217698,0.025030594499895652,0.10736040034766647,0.10736536079401349,-0.018120538625045368,0.12148819667778821,0.1254494493504652
8850_5.h5,8,base,42,0.05236309587314354,0.0041765053303148714,0.7192459570774474,0.7427582066521109,0.032102972342859776,0.0,0.0,0.0,0.0,0.0
8850_5.h5,8,corrected,42,0.045689067159494695,0.003644220303806321,0.7096339862969698,0.6998105368182294,0.02388487415702006,0.12745672505341465,0.12744746729879575,0.01336395524492684,0.255991815900111,-0.04294766983388154
8850_5.h5,8,spatial_tke_map,42,0.04772112562052655,0.003806312155483853,0.7084004928844967,0.8324907500306589,0.025519624922340493,0.08864965249309886,0.08863706509458935,0.015078936608861504,0.20506971598172052,0.08973254337854797
8850_5.h5,8,window_energy,42,0.046750744396195386,0.003728901688399903,0.7294439502738864,0.8421827771531789,0.02454887237106961,0.1071814296569632,0.10717181148221433,-0.014178728564394172,0.23530842848794098,0.09942457050106801
8850_5.h5,9,base,42,0.05351115663992158,0.004268156240670816,0.7201927363404084,0.7646978077537767,0.033229128487488074,0.0,0.0,0.0,0.0,0.0
8850_5.h5,9,corrected,42,0.04705602306504144,0.003753266348667549,0.7092055793987685,0.696592395408065,0.024825432282464404,0.12063154639539853,0.12063520240822834,0.015255856366269471,0.25290149298342135,-0.06810541234571177
8850_5.h5,9,spatial_tke_map,42,0.04903154262278061,0.0039108323649141505,0.7085974164190321,0.8272834894529972,0.026416742435326747,0.08371364587172814,0.08371855564980579,0.016100301122581206,0.20501248038227748,0.06258568169922052
8850_5.h5,9,window_energy,42,0.04806403248754734,0.003833648208413499,0.7290856715883558,0.8381594969674188,0.025623924001073755,0.10179417703541938,0.10180227895992544,-0.012347993528976753,0.22887162055056431,0.07346168921364205
8850_5.h5,10,base,42,0.05479666787178251,0.004370213066415387,0.736088647031227,0.7524725721860295,0.031791709879485895,0.0,0.0,0.0,0.0,0.0
8850_5.h5,10,corrected,42,0.04858745909551426,0.003874916157701807,0.7178359506782683,0.6745665488821261,0.025473400925461447,0.1133136195579818,0.11333472789230414,0.02479687253237084,0.19874077166580573,-0.0779060233039034
8850_5.h5,10,spatial_tke_map,42,0.05048125502271632,0.004025970253732141,0.7151646016542392,0.7995512553750972,0.02731517508133446,0.07875319826314486,0.07877025844087893,0.028425985730629155,0.14080824262428204,0.047078683189067716
8850_5.h5,10,window_energy,42,0.04951374332180575,0.003948771091110589,0.7337646417632332,0.8115839097333473,0.026324818128729638,0.09640959487423861,0.09643510943288636,0.003157235582109452,0.1719596640595873,0.05911133754731779
8850_5.h5,11,base,42,0.05602605139424096,0.004468191266447439,0.7455909423926228,0.7346854733344889,0.031294504205714786,0.0,0.0,0.0,0.0,0.0
8850_5.h5,11,corrected,42,0.0500464996505816,0.003991242682668565,0.7262495690922062,0.6559073316873683,0.027197834020390603,0.1067280594447535,0.1067430992402627,0.02594099820787732,0.13090701672072114,-0.0787781416471206
8850_5.h5,11,spatial_tke_map,42,0.05185229301198416,0.004135285644976509,0.720023511133189,0.7755277744802515,0.029836054603417376,0.07449674353966396,0.07450567838731215,0.034291499273565784,0.04660401688137561,0.040842301145762594
8850_5.h5,11,window_energy,42,0.050904080655305016,0.00405961038089408,0.7392374787620962,0.7882955669040915,0.028277415110433395,0.09142123372025535,0.09144212080209635,0.008521379846887833,0.09640955087348635,0.05361009356960267
8850_5.h5,12,base,42,0.057361694891997494,0.004574545563715633,0.7570936579818617,0.7176604480456864,0.03306143854607698,0.0,0.0,0.0,0.0,0.0
8850_5.h5,12,corrected,42,0.05145202072291975,0.004103312479725209,0.7386672607777247,0.6387488538286201,0.028943219513704408,0.1030247481390617,0.10301199920887216,0.024338332529762696,0.12456260869088032,-0.07891159421706628
8850_5.h5,12,spatial_tke_map,42,0.05314943781267757,0.004238712038167597,0.7292897474897615,0.7543455237397483,0.03223437354883459,0.07343327436978453,0.07341352728275341,0.036724532293950785,0.02501600152968919,0.036685075694061875
8850_5.h5,12,window_energy,42,0.052234995738015225,0.004165714136783788,0.7496432079428208,0.7667608011245832,0.03011344030309484,0.08937495943303264,0.08937093777677352,0.00984085649178612,0.0891672707729757,0.04910035307889682
8850_5.h5,13,base,42,0.058575054133674975,0.004670581779558921,0.7745900232455449,0.6994148754120156,0.034274383600111105,0.0,0.0,0.0,0.0,0.0
8850_5.h5,13,corrected,42,0.05251551036967399,0.00418743037555853,0.7483276314359323,0.6331921473031342,0.029296571505828622,0.10344922174843263,0.10344565769406533,0.033904892938812714,0.14523418283345424,-0.06622272810888141
8850_5.h5,13,spatial_tke_map,42,0.05420573767912819,0.004322226896025987,0.7416602918273509,0.7495206347684548,0.032657074196615635,0.0745934684853301,0.07458490183332833,0.042512465213814465,0.047187118588771004,0.05010575935643913
8850_5.h5,13,window_energy,42,0.053252964722480096,0.004246173098127491,0.7585520449023673,0.759376307007014,0.030387360567766152,0.09085931698926408,0.09086848308467255,0.02070511865874325,0.11340898432181734,0.05996143159499834
8850_5.h5,14,base,42,0.059266726925027005,0.004725723756180278,0.7758103753861979,0.6402134000016526,0.03380543069878292,0.0,0.0,0.0,0.0,0.0
8850_5.h5,14,corrected,42,0.05331511107138375,0.004251148038981387,0.7362601398655418,0.6216594132678575,0.028946967321314025,0.10042086280843732,0.10042392270141542,0.05097925572465822,0.14371842857910433,-0.018553986733795158
8850_5.h5,14,spatial_tke_map,42,0.055033432065020434,0.00438816680114238,0.7322622495813427,0.7407509785894091,0.03221501843269052,0.0714278496492936,0.07142968409789996,0.056132435433306704,0.047046058376344124,0.10053757858775647
8850_5.h5,14,window_energy,42,0.05399677275689099,0.004305424881326497,0.742351562665308,0.7461029141126247,0.02998354212781958,0.08891927125995258,0.08893851958742116,0.04312756542374696,0.11305546156230262,0.10588951411097214
8850_5.h5,15,base,42,0.06262283509148694,0.004992952992692685,0.7804092999263625,0.7158144339839275,0.040435311196446916,0.0,0.0,0.0,0.0,0.0
8850_5.h5,15,corrected,42,0.05396461892249435,0.004302887397929984,0.7349173836885248,0.5833259556151401,0.030375243671660425,0.13825972836176503,0.138207909382009,0.05829238098793832,0.24879411650652705,-0.1324884783687874
8850_5.h5,15,spatial_tke_map,42,0.05568802709920817,0.004440306767727054,0.7315075646293435,0.7022206343315881,0.033569069546051,0.11073928515289311,0.11068524493910592,0.06266165113823385,0.16980805754251882,-0.013593799652339422
8850_5.h5,15,window_energy,42,0.054532051549582,0.004348060834324176,0.7310755216271323,0.7003825091187961,0.03139730607678368,0.12919861469198823,0.12916047062977076,0.06321526191946358,0.22351763476615483,-0.015431924865131452
8850_5.h5,16,base,42,0.07044184190244433,0.005616087259512471,0.84279323474267,1.0163384331702703,0.04774067508694842,0.0,0.0,0.0,0.0,0.0
8850_5.h5,16,corrected,42,0.05443116641708296,0.004340031333613635,0.7322431618389099,0.5463315896656336,0.030928481295643857,0.2272892793963952,0.22721440514255997,0.13117104925209122,0.35215659939213473,-0.47000684350463673
8850_5.h5,16,spatial_tke_map,42,0.05610216320370164,0.004473255942396714,0.7261801222639455,0.6567518147167258,0.03419139960837744,0.20356762843597798,0.20349244310263181,0.13836503150660673,0.28380988442023813,-0.35958661845354445
8850_5.h5,16,window_energy,42,0.054915038065248514,0.004378560519523232,0.7184126689639209,0.6562688296926593,0.03197947728374305,0.2204201851890678,0.2203539017121091,0.1475813528768135,0.3301419130437525,-0.36006960347761097
8850_5.h5,17,base,42,0.07260683096852694,0.005788424108715134,0.8351543245110026,1.0513640139995455,0.04801229489758807,0.0,0.0,0.0,0.0,0.0
8850_5.h5,17,corrected,42,0.05564671748890421,0.004436651608352942,0.7394370519895703,0.53836994597489,0.032164367309832145,0.23358840006354875,0.23353031411899206,0.11461028185117328,0.33008061000958433,-0.5129940680246555
8850_5.h5,17,spatial_tke_map,42,0.05763416534280782,0.004595114636997719,0.7328150100507683,0.6549140773786564,0.035804953586725544,0.20621566078554454,0.20615446437671192,0.12253940554059362,0.25425448495851366,-0.3964499366208891
8850_5.h5,17,window_energy,42,0.056203176780128865,0.004481001779933698,0.7239306351906231,0.6479403607493465,0.03327015701274476,0.22592439264438635,0.22586844091347114,0.1331774093195326,0.30704922387669276,-0.403423653250199
8850_5.h5,18,base,42,0.07100363282886459,0.005661464484799016,0.8208820422545053,0.8509822551730593,0.04715039694529451,0.0,0.0,0.0,0.0,0.0
8850_5.h5,18,corrected,42,0.057719945968156064,0.004602275677814551,0.7469738788530973,0.5731918505220536,0.033609847332171525,0.1870846086527055,0.18708742408053203,0.09003505935934908,0.28717784982453465,-0.2777904046510057
8850_5.h5,18,spatial_tke_map,42,0.06048954873253455,0.004823126002202735,0.747255078490968,0.7155802997125389,0.0386459157311297,0.1480781148433834,0.1480780255439582,0.08969250144798535,0.18036923897018287,-0.13540195546052036
8850_5.h5,18,window_energy,42,0.058577025275191194,0.004670628485929263,0.7388596798301513,0.6915604595887055,0.03507510247432882,0.17501368674507722,0.17501408010774222,0.09991979139790208,0.256101650320693,-0.15942179558435376
8850_5.h5,19,base,42,0.07732079370826779,0.006165972416683116,0.9454356881495938,1.0370409313152593,0.05133224658631891,0.0,0.0,0.0,0.0,0.0
8850_5.h5,19,corrected,42,0.06091757941329031,0.0048576779387849755,0.7687806558387352,0.6218544688254373,0.03864584412689111,0.2121449290454388,0.21217974870570644,0.18685039556377192,0.2471429423626471,-0.41518646248982205
8850_5.h5,19,spatial_tke_map,42,0.06487407080195759,0.00517316390295888,0.7816133898293258,0.8082026588087085,0.045701976995027975,0.16097510526433323,0.16101410233980606,0.1732770408116293,0.10968289848415702,-0.22883827250655087
8850_5.h5,19,window_energy,42,0.062224325764302944,0.004961926006048762,0.7723310116322492,0.7523891851260119,0.040738445738072546,0.1952446065275013,0.1952727533092098,0.18309513665191235,0.20637711288229155,-0.2846517461892474
8850_5.h5,20,base,42,0.09807478465298464,0.007820628529930086,1.1901708393381956,1.9027490203967792,0.05634776546873057,0.0,0.0,0.0,0.0,0.0
8850_5.h5,20,corrected,42,0.06344299055001011,0.00505914694743091,0.7901384023427748,0.6329336308723652,0.041865852498229064,0.3531161880753678,0.3531022566703935,0.33611345848286966,0.2570095344515134,-1.269815389524414
8850_5.h5,20,spatial_tke_map,42,0.06858008901131693,0.005468784210794314,0.8135853986566233,0.8573705465284633,0.0509059695161777,0.3007367871979326,0.30072318486105054,0.31641292849266567,0.09657518638556695,-1.0453784738683158
8850_5.h5,20,window_energy,42,0.06506457657683089,0.005188525859288174,0.8011569866165192,0.7669851160437636,0.04453067750004978,0.3365820092590861,0.33655896844718725,0.3268554730663631,0.20971706456112316,-1.1357639043530154
