/hy-tmp/realpde-competition-origin-main/tools/colleague_80pt/realpde_h5_feature_adapter_train.py:455: FutureWarning: You are using `torch.load` with `weights_only=False` (the current default value), which uses the default pickle module implicitly. It is possible to construct malicious pickle data which will execute arbitrary code during unpickling (See https://github.com/pytorch/pytorch/blob/main/SECURITY.md#untrusted-models for more details). In a future release, the default value for `weights_only` will be flipped to `True`. This limits the functions that could be executed during unpickling. Arbitrary objects will no longer be allowed to be loaded via this mode unless they are explicitly allowlisted by the user via `torch.serialization.add_safe_globals`. We recommend you start setting `weights_only=True` for any use case where you don't have full control of the loaded file. Please open an issue on GitHub for any issues related to this experimental feature.
  checkpoint = torch.load(checkpoint_path, map_location=device)
{
  "real_root": "/hy-tmp/realpde_data/train_real",
  "split_manifest": "/hy-tmp/realpde_runs/colleague_incremental_screen_20260921/colleague_dev16_manifest.json",
  "allow_train_dev_overlap": true,
  "checkpoint": "/hy-tmp/realpde_assets/colleague-80pt/20260921/extracted/handoff_colleague_80pt_archive_20260921/checkpoints/cno_final_all81.pt",
  "resume_checkpoint": null,
  "resume_iteration": 0,
  "optimizer_policy": "reset_identically_for_each_screen_arm",
  "realpdebench_root": "tools/colleague_80pt/submission",
  "device": "cuda:0",
  "train_trajectories": 81,
  "fit_trajectories": 81,
  "val_trajectories": 16,
  "train_windows": 3341,
  "candidate_legal_windows": 65926,
  "train_samples_per_epoch": 3336,
  "reference_fixed_stride_windows": 3341,
  "val_windows": 640,
  "train_stride": 20,
  "eval_stride": 20,
  "train_window_mode": "fixed",
  "sampling_policy": "baseline_fixed_stride_global_shuffle",
  "batch_unique_trajectory_required": false,
  "angle_augmentation": {
    "kind": "global_uv_component_rotation",
    "max_abs_degrees": 0.0,
    "training_only": true,
    "same_angle_for_past_and_future": true,
    "spatial_grid_rotated": false,
    "physical_exact_aoa_claimed": false
  },
  "aoa_meanfield_augmentation": {
    "kind": "same_re_adjacent_aoa_past20_mean_field_shift",
    "probability": 0.0,
    "lambda_min": 0.2,
    "lambda_max": 0.5,
    "max_neighbor_gap_deg": 5.1,
    "min_eligible_fraction": 0.8,
    "bridge_pair": null,
    "training_only": true,
    "aoa_re_model_inputs": false,
    "future_used_to_construct_input_shift": false,
    "audit": null
  },
  "phase_counts_equalized": false,
  "updates": 5004,
  "eval_interval": 1000,
  "batch_size": 8,
  "test_batch_size": 32,
  "lr": 0.0002,
  "weight_decay": 1e-05,
  "corrector_config": {
    "hidden": 96,
    "blocks": 2,
    "dropout": 0.0,
    "include_pressure": true,
    "max_delta": 0.04,
    "history_context": false
  },
  "train_alpha": 1.0,
  "eval_alphas": [
    0.0,
    0.025,
    0.05,
    0.075,
    0.1,
    0.15,
    0.2,
    0.3,
    0.5,
    0.75,
    1.0
  ],
  "abs_widths": [
    0.0075
  ],
  "rel_widths": [
    0.0075
  ],
  "loss_weights": {
    "point": 1.0,
    "mse": 0.05,
    "tke": 0.06,
    "temporal": 0.03,
    "grad": 0.015,
    "p_zero": 0.01
  },
  "gradient_mode": "scalar",
  "gradient_projection": "none",
  "residual_mse": 0.25,
  "delta_penalty": 0.02,
  "fixed_time_seconds": 0.01762683533,
  "benchmark_mode": false,
  "trainable_parameters": 1087849,
  "total_parameters": 9048316
}
EVAL_TOP {"alpha": 0.0, "best_bound_abs": 0.0075, "best_bound_rel": 0.0075, "best_bounds": [{"abs": 0.0075, "coverage": 0.7797014045715333, "final_est": 78.78243331868228, "rel": 0.0075, "sps_raw": 0.42171609836816787, "sps_score_linear": 42.171609836816785, "sps_score_used": 42.171609836816785}], "best_final_est": 78.78243331868228, "iteration": 0, "mean_t_neural_s": 0.01762683533, "mvpe": 0.08762361314147711, "mvpe_score": 95.80271019211072, "n": 640, "rel_l2": 0.09797063041478396, "rel_l2_score": 95.33021916539344, "time_score": 86.54248999999716, "tke": 0.7003257811069489, "tke_score": 74.06513739909326}
TRAIN {"angle_aug_abs_deg": 0.0, "aoa_effective_shift_abs_deg_mean": 0.0, "aoa_meanfield_aug_fraction": 0.0, "aoa_meanfield_lambda_mean": 0.0, "delta_penalty": 7.254124969335862e-06, "grad_rel": 0.5850530087947845, "iteration": 20, "loss": 0.18460893332958223, "lr": 0.00019999211703799986, "mse": 0.00015591854025842622, "p_zero": 0.0, "point_rel": 0.09191815741360188, "residual_mse": 0.0001559185406222241, "temporal_rel": 1.3659034848213196, "tke_rel": 0.7148492872714997}
TRAIN {"angle_aug_abs_deg": 0.0, "aoa_effective_shift_abs_deg_mean": 0.0, "aoa_meanfield_aug_fraction": 0.0, "aoa_meanfield_lambda_mean": 0.0, "delta_penalty": 1.1207813756186625e-06, "grad_rel": 0.5943148881196976, "iteration": 40, "loss": 0.1838855564594269, "lr": 0.00019996846939482126, "mse": 0.00014739617981831543, "p_zero": 0.0, "point_rel": 0.09268543943762779, "residual_mse": 0.0001473961783631239, "temporal_rel": 1.3394026696681975, "tke_rel": 0.7009845405817032}
TRAIN {"angle_aug_abs_deg": 0.0, "aoa_effective_shift_abs_deg_mean": 0.0, "aoa_meanfield_aug_fraction": 0.0, "aoa_meanfield_lambda_mean": 0.0, "delta_penalty": 9.87051068079836e-07, "grad_rel": 0.5843021363019943, "iteration": 60, "loss": 0.18032021224498748, "lr": 0.00019992906079873365, "mse": 0.0001573829424160067, "p_zero": 0.0, "point_rel": 0.08948437795042992, "residual_mse": 0.00015738294277980457, "temporal_rel": 1.329980617761612, "tke_rel": 0.7020775616168976}
TRAIN {"angle_aug_abs_deg": 0.0, "aoa_effective_shift_abs_deg_mean": 0.0, "aoa_meanfield_aug_fraction": 0.0, "aoa_meanfield_lambda_mean": 0.0, "delta_penalty": 9.989313809910527e-07, "grad_rel": 0.579637423157692, "iteration": 80, "loss": 0.1790737308561802, "lr": 0.00019987389746286635, "mse": 0.00014840688127151224, "p_zero": 0.0, "point_rel": 0.08941899798810482, "residual_mse": 0.0001484068805439165, "temporal_rel": 1.299864000082016, "tke_rel": 0.6986618399620056}
TRAIN {"angle_aug_abs_deg": 0.0, "aoa_effective_shift_abs_deg_mean": 0.0, "aoa_meanfield_aug_fraction": 0.0, "aoa_meanfield_lambda_mean": 0.0, "delta_penalty": 2.380238407795332e-06, "grad_rel": 0.5932207047939301, "iteration": 100, "loss": 0.1816173978149891, "lr": 0.00019980298808422892, "mse": 0.0001536671685244073, "p_zero": 0.0, "point_rel": 0.09211740754544735, "residual_mse": 0.00015366716779681157, "temporal_rel": 1.338728666305542, "tke_rel": 0.6732279360294342}
TRAIN {"angle_aug_abs_deg": 0.0, "aoa_effective_shift_abs_deg_mean": 0.0, "aoa_meanfield_aug_fraction": 0.0, "aoa_meanfield_lambda_mean": 0.0, "delta_penalty": 3.864647914042507e-06, "grad_rel": 0.5846594780683517, "iteration": 120, "loss": 0.18035734221339225, "lr": 0.00019971634384234003, "mse": 0.00016089852470031475, "p_zero": 0.0, "point_rel": 0.09245954677462578, "residual_mse": 0.0001608985217899317, "temporal_rel": 1.3122543275356293, "tke_rel": 0.6618655622005463}
TRAIN {"angle_aug_abs_deg": 0.0, "aoa_effective_shift_abs_deg_mean": 0.0, "aoa_meanfield_aug_fraction": 0.0, "aoa_meanfield_lambda_mean": 0.0, "delta_penalty": 4.999423299523187e-06, "grad_rel": 0.5871798425912857, "iteration": 140, "loss": 0.17692291140556335, "lr": 0.0001996139783974652, "mse": 0.0001526123176518013, "p_zero": 0.0, "point_rel": 0.09203642942011356, "residual_mse": 0.00015261231874319492, "temporal_rel": 1.2759271740913392, "tke_rel": 0.6292514860630035}
TRAIN {"angle_aug_abs_deg": 0.0, "aoa_effective_shift_abs_deg_mean": 0.0, "aoa_meanfield_aug_fraction": 0.0, "aoa_meanfield_lambda_mean": 0.0, "delta_penalty": 5.868012704013381e-06, "grad_rel": 0.57005475461483, "iteration": 160, "loss": 0.1708957388997078, "lr": 0.00019949590788846254, "mse": 0.00013845017274434214, "p_zero": 0.0, "point_rel": 0.08613013178110122, "residual_mse": 0.00013845017238054425, "temporal_rel": 1.2198092341423035, "tke_rel": 0.6596476346254349}
TRAIN {"angle_aug_abs_deg": 0.0, "aoa_effective_shift_abs_deg_mean": 0.0, "aoa_meanfield_aug_fraction": 0.0, "aoa_meanfield_lambda_mean": 0.0, "delta_penalty": 8.093046335488908e-06, "grad_rel": 0.5716827720403671, "iteration": 180, "loss": 0.17005401253700256, "lr": 0.0001993621509302388, "mse": 0.00015233621561492328, "p_zero": 0.0, "point_rel": 0.08751932978630066, "residual_mse": 0.00015233621415973176, "temporal_rel": 1.1929601371288299, "tke_rel": 0.6354129284620285}
TRAIN {"angle_aug_abs_deg": 0.0, "aoa_effective_shift_abs_deg_mean": 0.0, "aoa_meanfield_aug_fraction": 0.0, "aoa_meanfield_lambda_mean": 0.0, "delta_penalty": 9.368144924337685e-06, "grad_rel": 0.5624108761548996, "iteration": 200, "loss": 0.16760107651352882, "lr": 0.00019921272861081436, "mse": 0.000144630543582025, "p_zero": 0.0, "point_rel": 0.08726697638630868, "residual_mse": 0.000144630543582025, "temporal_rel": 1.1606184124946595, "tke_rel": 0.617263451218605}
TRAIN {"angle_aug_abs_deg": 0.0, "aoa_effective_shift_abs_deg_mean": 0.0, "aoa_meanfield_aug_fraction": 0.0, "aoa_meanfield_lambda_mean": 0.0, "delta_penalty": 1.1831049869215349e-05, "grad_rel": 0.5642715364694595, "iteration": 220, "loss": 0.16857933029532432, "lr": 0.00019904766448799858, "mse": 0.000179486237175297, "p_zero": 0.0, "point_rel": 0.08924972899258136, "residual_mse": 0.000179486237175297, "temporal_rel": 1.1026046872138977, "tke_rel": 0.6288884580135345}
TRAIN {"angle_aug_abs_deg": 0.0, "aoa_effective_shift_abs_deg_mean": 0.0, "aoa_meanfield_aug_fraction": 0.0, "aoa_meanfield_lambda_mean": 0.0, "delta_penalty": 1.0957225663332793e-05, "grad_rel": 0.5655645906925202, "iteration": 240, "loss": 0.165283440053463, "lr": 0.00019886698458567557, "mse": 0.0001302590162595152, "p_zero": 0.0, "point_rel": 0.08734881691634655, "residual_mse": 0.0001302590140767279, "temporal_rel": 1.1060399472713471, "tke_rel": 0.603844377398491}
TRAIN {"angle_aug_abs_deg": 0.0, "aoa_effective_shift_abs_deg_mean": 0.0, "aoa_meanfield_aug_fraction": 0.0, "aoa_meanfield_lambda_mean": 0.0, "delta_penalty": 1.3331699392438168e-05, "grad_rel": 0.5543827980756759, "iteration": 260, "loss": 0.1611052818596363, "lr": 0.00019867071738970135, "mse": 0.00014477158947556745, "p_zero": 0.0, "point_rel": 0.08559228591620922, "residual_mse": 0.0001447715923859505, "temporal_rel": 1.0573017448186874, "tke_rel": 0.5905751049518585}
TRAIN {"angle_aug_abs_deg": 0.0, "aoa_effective_shift_abs_deg_mean": 0.0, "aoa_meanfield_aug_fraction": 0.0, "aoa_meanfield_lambda_mean": 0.0, "delta_penalty": 1.3620087338495069e-05, "grad_rel": 0.5555402398109436, "iteration": 280, "loss": 0.16386212930083274, "lr": 0.00019845889384341304, "mse": 0.00016812410212878602, "p_zero": 0.0, "point_rel": 0.08744123056530953, "residual_mse": 0.00016812410358397757, "temporal_rel": 1.0684046804904939, "tke_rel": 0.5997491538524627}
TRAIN {"angle_aug_abs_deg": 0.0, "aoa_effective_shift_abs_deg_mean": 0.0, "aoa_meanfield_aug_fraction": 0.0, "aoa_meanfield_lambda_mean": 0.0, "delta_penalty": 1.3413013357421733e-05, "grad_rel": 0.5534799367189407, "iteration": 300, "loss": 0.1643049404025078, "lr": 0.00019823154734274978, "mse": 0.00015389588097605155, "p_zero": 0.0, "point_rel": 0.0883725818246603, "residual_mse": 0.00015389588170364732, "temporal_rel": 1.054245686531067, "tke_rel": 0.5992725908756256}
TRAIN {"angle_aug_abs_deg": 0.0, "aoa_effective_shift_abs_deg_mean": 0.0, "aoa_meanfield_aug_fraction": 0.0, "aoa_meanfield_lambda_mean": 0.0, "delta_penalty": 1.4313074871097342e-05, "grad_rel": 0.5450601205229759, "iteration": 320, "loss": 0.15891873389482497, "lr": 0.0001979887137309883, "mse": 0.00014397642989933957, "p_zero": 0.0, "point_rel": 0.08555784560739994, "residual_mse": 0.0001439764273527544, "temporal_rel": 1.0252381712198257, "tke_rel": 0.5730727225542068}
TRAIN {"angle_aug_abs_deg": 0.0, "aoa_effective_shift_abs_deg_mean": 0.0, "aoa_meanfield_aug_fraction": 0.0, "aoa_meanfield_lambda_mean": 0.0, "delta_penalty": 1.6482023920616484e-05, "grad_rel": 0.533242815732956, "iteration": 340, "loss": 0.1554785341024399, "lr": 0.00019773043129309113, "mse": 0.0001516140702733537, "p_zero": 0.0, "point_rel": 0.08337625041604042, "residual_mse": 0.0001516140688181622, "temporal_rel": 0.9927671849727631, "tke_rel": 0.5712468668818473}
TRAIN {"angle_aug_abs_deg": 0.0, "aoa_effective_shift_abs_deg_mean": 0.0, "aoa_meanfield_aug_fraction": 0.0, "aoa_meanfield_lambda_mean": 0.0, "delta_penalty": 1.5289785233107976e-05, "grad_rel": 0.5450114265084267, "iteration": 360, "loss": 0.16013637632131578, "lr": 0.00019745674074967112, "mse": 0.00014999394079495687, "p_zero": 0.0, "point_rel": 0.08567346334457397, "residual_mse": 0.00014999394261394627, "temporal_rel": 1.0362892746925354, "tke_rel": 0.5858959794044495}
TRAIN {"angle_aug_abs_deg": 0.0, "aoa_effective_shift_abs_deg_mean": 0.0, "aoa_meanfield_aug_fraction": 0.0, "aoa_meanfield_lambda_mean": 0.0, "delta_penalty": 1.4430556029765285e-05, "grad_rel": 0.5384981632232666, "iteration": 380, "loss": 0.15707553327083587, "lr": 0.0001971676852505713, "mse": 0.0001335857677986496, "p_zero": 0.0, "point_rel": 0.08444994464516639, "residual_mse": 0.00013358576852624539, "temporal_rel": 0.9990364760160446, "tke_rel": 0.5756109625101089}
TRAIN {"angle_aug_abs_deg": 0.0, "aoa_effective_shift_abs_deg_mean": 0.0, "aoa_meanfield_aug_fraction": 0.0, "aoa_meanfield_lambda_mean": 0.0, "delta_penalty": 1.686155205788964e-05, "grad_rel": 0.5463626965880394, "iteration": 400, "loss": 0.15920600891113282, "lr": 0.00019686331036806214, "mse": 0.00014984531335358043, "p_zero": 0.0, "point_rel": 0.08698664642870427, "residual_mse": 0.00014984531371737831, "temporal_rel": 0.9949235767126083, "tke_rel": 0.5688487768173218}
TRAIN {"angle_aug_abs_deg": 0.0, "aoa_effective_shift_abs_deg_mean": 0.0, "aoa_meanfield_aug_fraction": 0.0, "aoa_meanfield_lambda_mean": 0.0, "delta_penalty": 1.652409928283305e-05, "grad_rel": 0.5359701246023179, "iteration": 420, "loss": 0.15570533722639085, "lr": 0.00019654366408965616, "mse": 0.0001525228984974092, "p_zero": 0.0, "point_rel": 0.08326994813978672, "residual_mse": 0.0001525228963146219, "temporal_rel": 0.9877097606658936, "tke_rel": 0.5786409914493561}
TRAIN {"angle_aug_abs_deg": 0.0, "aoa_effective_shift_abs_deg_mean": 0.0, "aoa_meanfield_aug_fraction": 0.0, "aoa_meanfield_lambda_mean": 0.0, "delta_penalty": 1.7400832120983978e-05, "grad_rel": 0.5384373605251312, "iteration": 440, "loss": 0.15677634850144387, "lr": 0.00019620879681054272, "mse": 0.000145514933137747, "p_zero": 0.0, "point_rel": 0.08470789678394794, "residual_mse": 0.000145514933137747, "temporal_rel": 0.9882965415716172, "tke_rel": 0.5716499507427215}
TRAIN {"angle_aug_abs_deg": 0.0, "aoa_effective_shift_abs_deg_mean": 0.0, "aoa_meanfield_aug_fraction": 0.0, "aoa_meanfield_lambda_mean": 0.0, "delta_penalty": 1.6839621321196318e-05, "grad_rel": 0.5386659696698188, "iteration": 460, "loss": 0.1570122055709362, "lr": 0.00019585876132564265, "mse": 0.00014840157564321999, "p_zero": 0.0, "point_rel": 0.08524708524346351, "residual_mse": 0.00014840157637081576, "temporal_rel": 0.9902034193277359, "tke_rel": 0.5655695930123329}
TRAIN {"angle_aug_abs_deg": 0.0, "aoa_effective_shift_abs_deg_mean": 0.0, "aoa_meanfield_aug_fraction": 0.0, "aoa_meanfield_lambda_mean": 0.0, "delta_penalty": 1.7458923593949294e-05, "grad_rel": 0.5510672390460968, "iteration": 480, "loss": 0.1612587071955204, "lr": 0.00019549361282128423, "mse": 0.00015377786057797494, "p_zero": 0.0, "point_rel": 0.08942771553993226, "residual_mse": 0.00015377786075987387, "temporal_rel": 0.993449354171753, "tke_rel": 0.5619169622659683}
TRAIN {"angle_aug_abs_deg": 0.0, "aoa_effective_shift_abs_deg_mean": 0.0, "aoa_meanfield_aug_fraction": 0.0, "aoa_meanfield_lambda_mean": 0.0, "delta_penalty": 1.6049917439886487e-05, "grad_rel": 0.5336532518267632, "iteration": 500, "loss": 0.15367817357182503, "lr": 0.00019511340886650336, "mse": 0.00013434906159091043, "p_zero": 0.0, "point_rel": 0.0830155286937952, "residual_mse": 0.00013434906086331466, "temporal_rel": 0.9644117891788483, "tke_rel": 0.5614144772291183}
TRAIN {"angle_aug_abs_deg": 0.0, "aoa_effective_shift_abs_deg_mean": 0.0, "aoa_meanfield_aug_fraction": 0.0, "aoa_meanfield_lambda_mean": 0.0, "delta_penalty": 1.9353175866854143e-05, "grad_rel": 0.5272554814815521, "iteration": 520, "loss": 0.15129710957407952, "lr": 0.00019471820940396653, "mse": 0.0001466018718929263, "p_zero": 0.0, "point_rel": 0.08198685608804226, "residual_mse": 0.00014660187443951144, "temporal_rel": 0.9625555992126464, "tke_rel": 0.5413397818803787}
TRAIN {"angle_aug_abs_deg": 0.0, "aoa_effective_shift_abs_deg_mean": 0.0, "aoa_meanfield_aug_fraction": 0.0, "aoa_meanfield_lambda_mean": 0.0, "delta_penalty": 1.8808642380463425e-05, "grad_rel": 0.5344865500926972, "iteration": 540, "loss": 0.15536992847919465, "lr": 0.00019430807674052062, "mse": 0.00014698561972181778, "p_zero": 0.0, "point_rel": 0.08395196720957757, "residual_mse": 0.00014698561972181778, "temporal_rel": 0.9765910178422927, "tke_rel": 0.5676409721374511}
TRAIN {"angle_aug_abs_deg": 0.0, "aoa_effective_shift_abs_deg_mean": 0.0, "aoa_meanfield_aug_fraction": 0.0, "aoa_meanfield_lambda_mean": 0.0, "delta_penalty": 1.6512731281181914e-05, "grad_rel": 0.5195442005991936, "iteration": 560, "loss": 0.15048223808407785, "lr": 0.00019388307553736976, "mse": 0.00012731761908071348, "p_zero": 0.0, "point_rel": 0.07867904528975486, "residual_mse": 0.00012731761835311773, "temporal_rel": 0.9735516965389251, "tke_rel": 0.5794159531593323}
TRAIN {"angle_aug_abs_deg": 0.0, "aoa_effective_shift_abs_deg_mean": 0.0, "aoa_meanfield_aug_fraction": 0.0, "aoa_meanfield_lambda_mean": 0.0, "delta_penalty": 1.7524155646242433e-05, "grad_rel": 0.5270848825573922, "iteration": 580, "loss": 0.15275402292609214, "lr": 0.00019344327279988052, "mse": 0.00014353530132211746, "p_zero": 0.0, "point_rel": 0.08223310746252536, "residual_mse": 0.00014353530059452169, "temporal_rel": 0.9727505654096603, "tke_rel": 0.5564785465598107}
TRAIN {"angle_aug_abs_deg": 0.0, "aoa_effective_shift_abs_deg_mean": 0.0, "aoa_meanfield_aug_fraction": 0.0, "aoa_meanfield_lambda_mean": 0.0, "delta_penalty": 1.8658723593034666e-05, "grad_rel": 0.5214230448007584, "iteration": 600, "loss": 0.15040504932403564, "lr": 0.00019298873786701833, "mse": 0.0001344193813565653, "p_zero": 0.0, "point_rel": 0.08064027540385724, "residual_mse": 0.00013441938244795892, "temporal_rel": 0.9577322751283646, "tke_rel": 0.5528459861874581}
TRAIN {"angle_aug_abs_deg": 0.0, "aoa_effective_shift_abs_deg_mean": 0.0, "aoa_meanfield_aug_fraction": 0.0, "aoa_meanfield_lambda_mean": 0.0, "delta_penalty": 1.876942133094417e-05, "grad_rel": 0.5215327501296997, "iteration": 620, "loss": 0.14964617192745208, "lr": 0.00019251954240041518, "mse": 0.00014291474799392744, "p_zero": 0.0, "point_rel": 0.08034382574260235, "residual_mse": 0.0001429147469025338, "temporal_rel": 0.9685798943042755, "tke_rel": 0.5396451950073242}
TRAIN {"angle_aug_abs_deg": 0.0, "aoa_effective_shift_abs_deg_mean": 0.0, "aoa_meanfield_aug_fraction": 0.0, "aoa_meanfield_lambda_mean": 0.0, "delta_penalty": 1.9682149604705047e-05, "grad_rel": 0.5373109489679336, "iteration": 640, "loss": 0.15572564601898192, "lr": 0.0001920357603730718, "mse": 0.0001435396170563763, "p_zero": 0.0, "point_rel": 0.08412723168730736, "residual_mse": 0.00014353961687447737, "temporal_rel": 0.9689661026000976, "tke_rel": 0.5737718641757965}
TRAIN {"angle_aug_abs_deg": 0.0, "aoa_effective_shift_abs_deg_mean": 0.0, "aoa_meanfield_aug_fraction": 0.0, "aoa_meanfield_lambda_mean": 0.0, "delta_penalty": 1.8392407127976185e-05, "grad_rel": 0.5405913293361664, "iteration": 660, "loss": 0.1561504654586315, "lr": 0.0001915374680576949, "mse": 0.00015614962449035376, "p_zero": 0.0, "point_rel": 0.0852632861584425, "residual_mse": 0.0001561496252179495, "temporal_rel": 0.9536756336688995, "tke_rel": 0.5686804831027985}
TRAIN {"angle_aug_abs_deg": 0.0, "aoa_effective_shift_abs_deg_mean": 0.0, "aoa_meanfield_aug_fraction": 0.0, "aoa_meanfield_lambda_mean": 0.0, "delta_penalty": 1.9021429579879623e-05, "grad_rel": 0.5289066761732102, "iteration": 680, "loss": 0.1526317596435547, "lr": 0.00019102474401467228, "mse": 0.00013705414203286638, "p_zero": 0.0, "point_rel": 0.08347447253763676, "residual_mse": 0.00013705414203286638, "temporal_rel": 0.9510065257549286, "tke_rel": 0.5441998839378357}
TRAIN {"angle_aug_abs_deg": 0.0, "aoa_effective_shift_abs_deg_mean": 0.0, "aoa_meanfield_aug_fraction": 0.0, "aoa_meanfield_lambda_mean": 0.0, "delta_penalty": 2.1181999591135538e-05, "grad_rel": 0.5285555988550186, "iteration": 700, "loss": 0.15463851839303971, "lr": 0.00019049766907968687, "mse": 0.0001558019339427119, "p_zero": 0.0, "point_rel": 0.08357003368437291, "residual_mse": 0.0001558019339427119, "temporal_rel": 0.9637693405151367, "tke_rel": 0.5696651116013527}
TRAIN {"angle_aug_abs_deg": 0.0, "aoa_effective_shift_abs_deg_mean": 0.0, "aoa_meanfield_aug_fraction": 0.0, "aoa_meanfield_lambda_mean": 0.0, "delta_penalty": 2.00533089810051e-05, "grad_rel": 0.53501505702734, "iteration": 720, "loss": 0.1548217810690403, "lr": 0.0001899563263509723, "mse": 0.00013469221248669784, "p_zero": 0.0, "point_rel": 0.08535632640123367, "residual_mse": 0.0001346922110315063, "temporal_rel": 0.9605548620223999, "tke_rel": 0.5430462598800659}
TRAIN {"angle_aug_abs_deg": 0.0, "aoa_effective_shift_abs_deg_mean": 0.0, "aoa_meanfield_aug_fraction": 0.0, "aoa_meanfield_lambda_mean": 0.0, "delta_penalty": 2.1007731220379355e-05, "grad_rel": 0.5342276632785797, "iteration": 740, "loss": 0.1548961654305458, "lr": 0.00018940080117621182, "mse": 0.0001545084440294886, "p_zero": 0.0, "point_rel": 0.08512255325913429, "residual_mse": 0.00015450844330189284, "temporal_rel": 0.9430746525526047, "tke_rel": 0.5570197254419327}
TRAIN {"angle_aug_abs_deg": 0.0, "aoa_effective_shift_abs_deg_mean": 0.0, "aoa_meanfield_aug_fraction": 0.0, "aoa_meanfield_lambda_mean": 0.0, "delta_penalty": 1.9953272385464516e-05, "grad_rel": 0.5201984524726868, "iteration": 760, "loss": 0.1500873990356922, "lr": 0.0001888311811390823, "mse": 0.0001426396725946688, "p_zero": 0.0, "point_rel": 0.08184279464185237, "residual_mse": 0.00014263967186707306, "temporal_rel": 0.9382488280534744, "tke_rel": 0.5375161439180374}
TRAIN {"angle_aug_abs_deg": 0.0, "aoa_effective_shift_abs_deg_mean": 0.0, "aoa_meanfield_aug_fraction": 0.0, "aoa_meanfield_lambda_mean": 0.0, "delta_penalty": 2.0420413920874126e-05, "grad_rel": 0.5141687422990799, "iteration": 780, "loss": 0.1486608199775219, "lr": 0.00018824755604544575, "mse": 0.00013775393090327271, "p_zero": 0.0, "point_rel": 0.07972903400659562, "residual_mse": 0.00013775393235846423, "temporal_rel": 0.9447175741195679, "tke_rel": 0.5472665101289749}
TRAIN {"angle_aug_abs_deg": 0.0, "aoa_effective_shift_abs_deg_mean": 0.0, "aoa_meanfield_aug_fraction": 0.0, "aoa_meanfield_lambda_mean": 0.0, "delta_penalty": 2.1700964589399517e-05, "grad_rel": 0.5349835067987442, "iteration": 800, "loss": 0.15675640776753424, "lr": 0.000187650017909191, "mse": 0.0001833036556490697, "p_zero": 0.0, "point_rel": 0.08758569732308388, "residual_mse": 0.0001833036538300803, "temporal_rel": 0.9425943493843079, "tke_rel": 0.5468784868717194}
TRAIN {"angle_aug_abs_deg": 0.0, "aoa_effective_shift_abs_deg_mean": 0.0, "aoa_meanfield_aug_fraction": 0.0, "aoa_meanfield_lambda_mean": 0.0, "delta_penalty": 1.9893536727977334e-05, "grad_rel": 0.5199441239237785, "iteration": 820, "loss": 0.15346086397767067, "lr": 0.00018703866093772653, "mse": 0.0001509952553533367, "p_zero": 0.0, "point_rel": 0.08377018999308347, "residual_mse": 0.00015099525553523562, "temporal_rel": 0.9470053941011429, "tke_rel": 0.5572609335184098}
TRAIN {"angle_aug_abs_deg": 0.0, "aoa_effective_shift_abs_deg_mean": 0.0, "aoa_meanfield_aug_fraction": 0.0, "aoa_meanfield_lambda_mean": 0.0, "delta_penalty": 1.9761762268899473e-05, "grad_rel": 0.5177454367280007, "iteration": 840, "loss": 0.15166894868016242, "lr": 0.00018641358151712766, "mse": 0.00014202932488842633, "p_zero": 0.0, "point_rel": 0.08115721885114908, "residual_mse": 0.0001420293237970327, "temporal_rel": 0.9562680214643479, "tke_rel": 0.5669084623456001}
TRAIN {"angle_aug_abs_deg": 0.0, "aoa_effective_shift_abs_deg_mean": 0.0, "aoa_meanfield_aug_fraction": 0.0, "aoa_meanfield_lambda_mean": 0.0, "delta_penalty": 2.227621375823219e-05, "grad_rel": 0.5099802881479263, "iteration": 860, "loss": 0.14887842088937758, "lr": 0.00018577487819694094, "mse": 0.00015233100239129272, "p_zero": 0.0, "point_rel": 0.07972456887364388, "residual_mse": 0.0001523310009361012, "temporal_rel": 0.9448839008808136, "tke_rel": 0.5518581479787826}
TRAIN {"angle_aug_abs_deg": 0.0, "aoa_effective_shift_abs_deg_mean": 0.0, "aoa_meanfield_aug_fraction": 0.0, "aoa_meanfield_lambda_mean": 0.0, "delta_penalty": 2.07023977964127e-05, "grad_rel": 0.5243788421154022, "iteration": 880, "loss": 0.15142475441098213, "lr": 0.00018512265167464637, "mse": 0.0001443310642571305, "p_zero": 0.0, "point_rel": 0.0819024384021759, "residual_mse": 0.00014433106371143368, "temporal_rel": 0.9424478977918624, "tke_rel": 0.5556580632925033}
TRAIN {"angle_aug_abs_deg": 0.0, "aoa_effective_shift_abs_deg_mean": 0.0, "aoa_meanfield_aug_fraction": 0.0, "aoa_meanfield_lambda_mean": 0.0, "delta_penalty": 2.085796868414036e-05, "grad_rel": 0.5176111847162247, "iteration": 900, "loss": 0.1486992582678795, "lr": 0.0001844570047797817, "mse": 0.00012693533826677595, "p_zero": 0.0, "point_rel": 0.07971883732825517, "residual_mse": 0.00012693533863057383, "temporal_rel": 0.9495715260505676, "tke_rel": 0.5448435008525848}
TRAIN {"angle_aug_abs_deg": 0.0, "aoa_effective_shift_abs_deg_mean": 0.0, "aoa_meanfield_aug_fraction": 0.0, "aoa_meanfield_lambda_mean": 0.0, "delta_penalty": 2.1014794037910177e-05, "grad_rel": 0.5142649203538895, "iteration": 920, "loss": 0.14862072765827178, "lr": 0.00018377804245773066, "mse": 0.00013958056679257423, "p_zero": 0.0, "point_rel": 0.08035464286804199, "residual_mse": 0.00013958056460978697, "temporal_rel": 0.9364939123392105, "tke_rel": 0.5402500212192536}
TRAIN {"angle_aug_abs_deg": 0.0, "aoa_effective_shift_abs_deg_mean": 0.0, "aoa_meanfield_aug_fraction": 0.0, "aoa_meanfield_lambda_mean": 0.0, "delta_penalty": 2.268163370899856e-05, "grad_rel": 0.5137113809585572, "iteration": 940, "loss": 0.14909857586026193, "lr": 0.0001830858717531768, "mse": 0.00015196913409454282, "p_zero": 0.0, "point_rel": 0.07979222387075424, "residual_mse": 0.00015196913409454282, "temporal_rel": 0.9478585720062256, "tke_rel": 0.5519813492894172}
TRAIN {"angle_aug_abs_deg": 0.0, "aoa_effective_shift_abs_deg_mean": 0.0, "aoa_meanfield_aug_fraction": 0.0, "aoa_meanfield_lambda_mean": 0.0, "delta_penalty": 2.2695951838613836e-05, "grad_rel": 0.5155266046524047, "iteration": 960, "loss": 0.15104901120066644, "lr": 0.0001823806017932274, "mse": 0.0001529931996628875, "p_zero": 0.0, "point_rel": 0.08201184906065465, "residual_mse": 0.0001529931996628875, "temporal_rel": 0.9416469037532806, "tke_rel": 0.5501417621970177}
TRAIN {"angle_aug_abs_deg": 0.0, "aoa_effective_shift_abs_deg_mean": 0.0, "aoa_meanfield_aug_fraction": 0.0, "aoa_meanfield_lambda_mean": 0.0, "delta_penalty": 2.135123004336492e-05, "grad_rel": 0.5186981543898582, "iteration": 980, "loss": 0.15103713274002076, "lr": 0.00018166234377020831, "mse": 0.00015568318776786326, "p_zero": 0.0, "point_rel": 0.08216661959886551, "residual_mse": 0.00015568318813166115, "temporal_rel": 0.9504119515419006, "tke_rel": 0.542175903916359}
TRAIN {"angle_aug_abs_deg": 0.0, "aoa_effective_shift_abs_deg_mean": 0.0, "aoa_meanfield_aug_fraction": 0.0, "aoa_meanfield_lambda_mean": 0.0, "delta_penalty": 2.2035540769138607e-05, "grad_rel": 0.5273690536618233, "iteration": 1000, "loss": 0.1515408180654049, "lr": 0.00018093121092413355, "mse": 0.00014862333009659778, "p_zero": 0.0, "point_rel": 0.08329689837992191, "residual_mse": 0.00014862333009659778, "temporal_rel": 0.9405972421169281, "tke_rel": 0.5345072984695435}
EVAL_TOP {"alpha": 1.0, "best_bound_abs": 0.0075, "best_bound_rel": 0.0075, "best_bounds": [{"abs": 0.0075, "coverage": 0.8124943542480468, "final_est": 80.61666589366483, "rel": 0.0075, "sps_raw": 0.45797390073537825, "sps_score_linear": 45.79739007353783, "sps_score_used": 45.79739007353783}], "best_final_est": 80.61666589366483, "iteration": 1000, "mean_t_neural_s": 0.01762683533, "mvpe": 0.08159404937177897, "mvpe_score": 96.08021317142004, "n": 640, "rel_l2": 0.08888253327459097, "rel_l2_score": 95.74497216292693, "time_score": 86.54248999999716, "tke": 0.5342676043510437, "tke_score": 78.91826406044223}
BEST iteration=1000 final_est=80.616666 alpha=1.0 abs=0.0075 rel=0.0075
TRAIN {"angle_aug_abs_deg": 0.0, "aoa_effective_shift_abs_deg_mean": 0.0, "aoa_meanfield_aug_fraction": 0.0, "aoa_meanfield_lambda_mean": 0.0, "delta_penalty": 2.3972319922904717e-05, "grad_rel": 0.5206054225564003, "iteration": 1020, "loss": 0.15006633549928666, "lr": 0.00018018731852485195, "mse": 0.00016057391512731557, "p_zero": 0.0, "point_rel": 0.0818219505250454, "residual_mse": 0.00016057391949289012, "temporal_rel": 0.9338576406240463, "tke_rel": 0.5395154029130935}
TRAIN {"angle_aug_abs_deg": 0.0, "aoa_effective_shift_abs_deg_mean": 0.0, "aoa_meanfield_aug_fraction": 0.0, "aoa_meanfield_lambda_mean": 0.0, "delta_penalty": 2.1468835711857537e-05, "grad_rel": 0.5200471207499504, "iteration": 1040, "loss": 0.14998958483338357, "lr": 0.00017943078385387383, "mse": 0.00014086991122894688, "p_zero": 0.0, "point_rel": 0.08207114748656749, "residual_mse": 0.00014086991195654263, "temporal_rel": 0.9427074581384659, "tke_rel": 0.5298969626426697}
TRAIN {"angle_aug_abs_deg": 0.0, "aoa_effective_shift_abs_deg_mean": 0.0, "aoa_meanfield_aug_fraction": 0.0, "aoa_meanfield_lambda_mean": 0.0, "delta_penalty": 2.0833209964621348e-05, "grad_rel": 0.5254324704408646, "iteration": 1060, "loss": 0.15137610137462615, "lr": 0.00017866172618588046, "mse": 0.0001210152675412246, "p_zero": 0.0, "point_rel": 0.08292402774095535, "residual_mse": 0.00012101526790502249, "temporal_rel": 0.9371951252222062, "tke_rel": 0.5403001919388771}
TRAIN {"angle_aug_abs_deg": 0.0, "aoa_effective_shift_abs_deg_mean": 0.0, "aoa_meanfield_aug_fraction": 0.0, "aoa_meanfield_lambda_mean": 0.0, "delta_penalty": 2.200239332523779e-05, "grad_rel": 0.5288483232259751, "iteration": 1080, "loss": 0.15348172932863235, "lr": 0.0001778802667699194, "mse": 0.00014179685949784472, "p_zero": 0.0, "point_rel": 0.08480844609439372, "residual_mse": 0.00014179686022544046, "temporal_rel": 0.9425570398569107, "tke_rel": 0.540347845852375}
TRAIN {"angle_aug_abs_deg": 0.0, "aoa_effective_shift_abs_deg_mean": 0.0, "aoa_meanfield_aug_fraction": 0.0, "aoa_meanfield_lambda_mean": 0.0, "delta_penalty": 2.15908684367605e-05, "grad_rel": 0.5161694094538689, "iteration": 1100, "loss": 0.14911493808031082, "lr": 0.00017708652881028817, "mse": 0.00013662160617968765, "p_zero": 0.0, "point_rel": 0.08100303243845701, "residual_mse": 0.00013662160617968765, "temporal_rel": 0.9425375550985337, "tke_rel": 0.5341970533132553}
TRAIN {"angle_aug_abs_deg": 0.0, "aoa_effective_shift_abs_deg_mean": 0.0, "aoa_meanfield_aug_fraction": 0.0, "aoa_meanfield_lambda_mean": 0.0, "delta_penalty": 2.2107666518422774e-05, "grad_rel": 0.5153971374034881, "iteration": 1120, "loss": 0.14719895794987678, "lr": 0.00017628063744711017, "mse": 0.0001265818618776393, "p_zero": 0.0, "point_rel": 0.07820998542010785, "residual_mse": 0.0001265818622414372, "temporal_rel": 0.9501908630132675, "tke_rel": 0.5452312305569649}
TRAIN {"angle_aug_abs_deg": 0.0, "aoa_effective_shift_abs_deg_mean": 0.0, "aoa_meanfield_aug_fraction": 0.0, "aoa_meanfield_lambda_mean": 0.0, "delta_penalty": 2.3577286447107328e-05, "grad_rel": 0.5252023279666901, "iteration": 1140, "loss": 0.15252816826105117, "lr": 0.0001754627197366054, "mse": 0.0001524658491689479, "p_zero": 0.0, "point_rel": 0.08457999676465988, "residual_mse": 0.0001524658473499585, "temporal_rel": 0.9391254216432572, "tke_rel": 0.5308360576629638}
TRAIN {"angle_aug_abs_deg": 0.0, "aoa_effective_shift_abs_deg_mean": 0.0, "aoa_meanfield_aug_fraction": 0.0, "aoa_meanfield_lambda_mean": 0.0, "delta_penalty": 2.248001892439788e-05, "grad_rel": 0.511942520737648, "iteration": 1160, "loss": 0.14536935240030288, "lr": 0.00017463290463105844, "mse": 0.00011485116538096918, "p_zero": 0.0, "point_rel": 0.07851627878844739, "residual_mse": 0.00011485116610856493, "temporal_rel": 0.9335314840078354, "tke_rel": 0.5188847973942756}
TRAIN {"angle_aug_abs_deg": 0.0, "aoa_effective_shift_abs_deg_mean": 0.0, "aoa_meanfield_aug_fraction": 0.0, "aoa_meanfield_lambda_mean": 0.0, "delta_penalty": 2.3841505571908785e-05, "grad_rel": 0.5281806766986847, "iteration": 1180, "loss": 0.15372282564640044, "lr": 0.00017379132295848812, "mse": 0.0001593797765963245, "p_zero": 0.0, "point_rel": 0.0855136901140213, "residual_mse": 0.00015937977732392029, "temporal_rel": 0.9330417692661286, "tke_rel": 0.5374480381608009}
TRAIN {"angle_aug_abs_deg": 0.0, "aoa_effective_shift_abs_deg_mean": 0.0, "aoa_meanfield_aug_fraction": 0.0, "aoa_meanfield_lambda_mean": 0.0, "delta_penalty": 2.2747452294424875e-05, "grad_rel": 0.5274350062012673, "iteration": 1200, "loss": 0.15301582887768744, "lr": 0.00017293810740202144, "mse": 0.00015236232247843872, "p_zero": 0.0, "point_rel": 0.08483398519456387, "residual_mse": 0.00015236232211464086, "temporal_rel": 0.9327990978956222, "tke_rel": 0.5373364686965942}
TRAIN {"angle_aug_abs_deg": 0.0, "aoa_effective_shift_abs_deg_mean": 0.0, "aoa_meanfield_aug_fraction": 0.0, "aoa_meanfield_lambda_mean": 0.0, "delta_penalty": 2.3444443286280148e-05, "grad_rel": 0.5267037943005561, "iteration": 1220, "loss": 0.15151820257306098, "lr": 0.00017207339247897447, "mse": 0.0001462344138417393, "p_zero": 0.0, "point_rel": 0.08346610106527805, "residual_mse": 0.00014623441529693082, "temporal_rel": 0.9305546909570694, "tke_rel": 0.536509419977665}
TRAIN {"angle_aug_abs_deg": 0.0, "aoa_effective_shift_abs_deg_mean": 0.0, "aoa_meanfield_aug_fraction": 0.0, "aoa_meanfield_lambda_mean": 0.0, "delta_penalty": 2.3365270044450882e-05, "grad_rel": 0.529556892812252, "iteration": 1240, "loss": 0.1531844936311245, "lr": 0.00017119731451964483, "mse": 0.00015045408908918035, "p_zero": 0.0, "point_rel": 0.08533921763300896, "residual_mse": 0.00015045408872538246, "temporal_rel": 0.9213472425937652, "tke_rel": 0.5369317352771759}
TRAIN {"angle_aug_abs_deg": 0.0, "aoa_effective_shift_abs_deg_mean": 0.0, "aoa_meanfield_aug_fraction": 0.0, "aoa_meanfield_lambda_mean": 0.0, "delta_penalty": 2.3103341300156897e-05, "grad_rel": 0.5142289698123932, "iteration": 1260, "loss": 0.14916225485503673, "lr": 0.00017031001164581784, "mse": 0.0001541528794405167, "p_zero": 0.0, "point_rel": 0.08068861421197653, "residual_mse": 0.00015415288089570822, "temporal_rel": 0.9370054453611374, "tke_rel": 0.5433889538049698}
TRAIN {"angle_aug_abs_deg": 0.0, "aoa_effective_shift_abs_deg_mean": 0.0, "aoa_meanfield_aug_fraction": 0.0, "aoa_meanfield_lambda_mean": 0.0, "delta_penalty": 2.5309421835117975e-05, "grad_rel": 0.5184882774949073, "iteration": 1280, "loss": 0.14819638282060624, "lr": 0.0001694116237489902, "mse": 0.00014930780562281143, "p_zero": 0.0, "point_rel": 0.08123737499117852, "residual_mse": 0.00014930780562281143, "temporal_rel": 0.9362602442502975, "tke_rel": 0.5174763143062592}
TRAIN {"angle_aug_abs_deg": 0.0, "aoa_effective_shift_abs_deg_mean": 0.0, "aoa_meanfield_aug_fraction": 0.0, "aoa_meanfield_lambda_mean": 0.0, "delta_penalty": 2.3370930921373657e-05, "grad_rel": 0.5253478422760963, "iteration": 1300, "loss": 0.15228022933006286, "lr": 0.00016850229246831493, "mse": 0.00015183583964244461, "p_zero": 0.0, "point_rel": 0.08344677723944187, "residual_mse": 0.00015183583891484887, "temporal_rel": 0.9322938978672027, "tke_rel": 0.5489733695983887}
TRAIN {"angle_aug_abs_deg": 0.0, "aoa_effective_shift_abs_deg_mean": 0.0, "aoa_meanfield_aug_fraction": 0.0, "aoa_meanfield_lambda_mean": 0.0, "delta_penalty": 2.2855149836686905e-05, "grad_rel": 0.5134395241737366, "iteration": 1320, "loss": 0.14851838126778602, "lr": 0.00016758216116827067, "mse": 0.00014671272019768368, "p_zero": 0.0, "point_rel": 0.08065610267221927, "residual_mse": 0.0001467127194700879, "temporal_rel": 0.928941935300827, "tke_rel": 0.5374660089612007}
TRAIN {"angle_aug_abs_deg": 0.0, "aoa_effective_shift_abs_deg_mean": 0.0, "aoa_meanfield_aug_fraction": 0.0, "aoa_meanfield_lambda_mean": 0.0, "delta_penalty": 2.3448837146133884e-05, "grad_rel": 0.5115017354488373, "iteration": 1340, "loss": 0.14908768385648727, "lr": 0.00016665137491605887, "mse": 0.00014125967682048212, "p_zero": 0.0, "point_rel": 0.08070103079080582, "residual_mse": 0.0001412596775480779, "temporal_rel": 0.9330766052007675, "tke_rel": 0.5446497052907944}
TRAIN {"angle_aug_abs_deg": 0.0, "aoa_effective_shift_abs_deg_mean": 0.0, "aoa_meanfield_aug_fraction": 0.0, "aoa_meanfield_lambda_mean": 0.0, "delta_penalty": 2.4135875810316067e-05, "grad_rel": 0.5201532587409019, "iteration": 1360, "loss": 0.1485666513442993, "lr": 0.00016571008045873268, "mse": 0.00015532822471868711, "p_zero": 0.0, "point_rel": 0.08228725753724575, "residual_mse": 0.00015532822435488925, "temporal_rel": 0.9153163075447083, "tke_rel": 0.5161754578351975}
TRAIN {"angle_aug_abs_deg": 0.0, "aoa_effective_shift_abs_deg_mean": 0.0, "aoa_meanfield_aug_fraction": 0.0, "aoa_meanfield_lambda_mean": 0.0, "delta_penalty": 2.3832004990254065e-05, "grad_rel": 0.514758077263832, "iteration": 1380, "loss": 0.1487569160759449, "lr": 0.00016475842620006082, "mse": 0.00015592789441143395, "p_zero": 0.0, "point_rel": 0.08178941849619151, "residual_mse": 0.00015592789368383818, "temporal_rel": 0.9297934204339982, "tke_rel": 0.5217511519789696}
TRAIN {"angle_aug_abs_deg": 0.0, "aoa_effective_shift_abs_deg_mean": 0.0, "aoa_meanfield_aug_fraction": 0.0, "aoa_meanfield_lambda_mean": 0.0, "delta_penalty": 2.3395232710754497e-05, "grad_rel": 0.5155192956328392, "iteration": 1400, "loss": 0.15024971291422845, "lr": 0.00016379656217713052, "mse": 0.0001385780242344481, "p_zero": 0.0, "point_rel": 0.08226570524275303, "residual_mse": 0.00013857802350685232, "temporal_rel": 0.9303328901529312, "tke_rel": 0.5383198514580727}
TRAIN {"angle_aug_abs_deg": 0.0, "aoa_effective_shift_abs_deg_mean": 0.0, "aoa_meanfield_aug_fraction": 0.0, "aoa_meanfield_lambda_mean": 0.0, "delta_penalty": 2.20342349166458e-05, "grad_rel": 0.5204839870333672, "iteration": 1420, "loss": 0.1484941303730011, "lr": 0.0001628246400366926, "mse": 0.00010718400972109521, "p_zero": 0.0, "point_rel": 0.0807533998042345, "residual_mse": 0.00010718400717451005, "temporal_rel": 0.9402659773826599, "tke_rel": 0.5282149508595466}
TRAIN {"angle_aug_abs_deg": 0.0, "aoa_effective_shift_abs_deg_mean": 0.0, "aoa_meanfield_aug_fraction": 0.0, "aoa_meanfield_lambda_mean": 0.0, "delta_penalty": 2.360934931857628e-05, "grad_rel": 0.5187295034527779, "iteration": 1440, "loss": 0.15038035288453103, "lr": 0.00016184281301125298, "mse": 0.00014133880904410034, "p_zero": 0.0, "point_rel": 0.08252362068742514, "residual_mse": 0.00014133880868030246, "temporal_rel": 0.9299035459756851, "tke_rel": 0.5355968832969665}
TRAIN {"angle_aug_abs_deg": 0.0, "aoa_effective_shift_abs_deg_mean": 0.0, "aoa_meanfield_aug_fraction": 0.0, "aoa_meanfield_lambda_mean": 0.0, "delta_penalty": 2.119226132890617e-05, "grad_rel": 0.5099443197250366, "iteration": 1460, "loss": 0.14546754211187363, "lr": 0.0001608512358949144, "mse": 0.00010677827704057563, "p_zero": 0.0, "point_rel": 0.07814561165869235, "residual_mse": 0.0001067782774043735, "temporal_rel": 0.9331666141748428, "tke_rel": 0.5274218767881393}
TRAIN {"angle_aug_abs_deg": 0.0, "aoa_effective_shift_abs_deg_mean": 0.0, "aoa_meanfield_aug_fraction": 0.0, "aoa_meanfield_lambda_mean": 0.0, "delta_penalty": 2.648633153512492e-05, "grad_rel": 0.5218838289380073, "iteration": 1480, "loss": 0.1507933333516121, "lr": 0.00015985006501897144, "mse": 0.00016849799412739231, "p_zero": 0.0, "point_rel": 0.08383506089448929, "residual_mse": 0.00016849799339979654, "temporal_rel": 0.9157890170812607, "tke_rel": 0.5267544746398926}
TRAIN {"angle_aug_abs_deg": 0.0, "aoa_effective_shift_abs_deg_mean": 0.0, "aoa_meanfield_aug_fraction": 0.0, "aoa_meanfield_lambda_mean": 0.0, "delta_penalty": 2.2824155894340948e-05, "grad_rel": 0.5054479390382767, "iteration": 1500, "loss": 0.14541845098137857, "lr": 0.00015883945822726356, "mse": 0.00011995589702564757, "p_zero": 0.0, "point_rel": 0.07850110121071338, "residual_mse": 0.00011995589557045605, "temporal_rel": 0.9299450546503067, "tke_rel": 0.5233472943305969}
TRAIN {"angle_aug_abs_deg": 0.0, "aoa_effective_shift_abs_deg_mean": 0.0, "aoa_meanfield_aug_fraction": 0.0, "aoa_meanfield_lambda_mean": 0.0, "delta_penalty": 2.3387520377582406e-05, "grad_rel": 0.5092969328165055, "iteration": 1520, "loss": 0.14578768908977507, "lr": 0.0001578195748512892, "mse": 0.00013689347924810135, "p_zero": 0.0, "point_rel": 0.07864380329847336, "residual_mse": 0.00013689347961189923, "temporal_rel": 0.9239997327327728, "tke_rel": 0.5290484324097633}
TRAIN {"angle_aug_abs_deg": 0.0, "aoa_effective_shift_abs_deg_mean": 0.0, "aoa_meanfield_aug_fraction": 0.0, "aoa_meanfield_lambda_mean": 0.0, "delta_penalty": 2.6177164545515553e-05, "grad_rel": 0.5112075299024582, "iteration": 1540, "loss": 0.1492399275302887, "lr": 0.00015679057568508656, "mse": 0.0001719216215860797, "p_zero": 0.0, "point_rel": 0.08263362348079681, "residual_mse": 0.00017192162085848394, "temporal_rel": 0.9172486364841461, "tke_rel": 0.522810597717762}
TRAIN {"angle_aug_abs_deg": 0.0, "aoa_effective_shift_abs_deg_mean": 0.0, "aoa_meanfield_aug_fraction": 0.0, "aoa_meanfield_lambda_mean": 0.0, "delta_penalty": 2.3783673259458738e-05, "grad_rel": 0.5135802090167999, "iteration": 1560, "loss": 0.1493300847709179, "lr": 0.00015575262295988222, "mse": 0.0001368479026496061, "p_zero": 0.0, "point_rel": 0.08127188533544541, "residual_mse": 0.00013684790192201036, "temporal_rel": 0.9325364470481873, "tke_rel": 0.5389478638768196}
TRAIN {"angle_aug_abs_deg": 0.0, "aoa_effective_shift_abs_deg_mean": 0.0, "aoa_meanfield_aug_fraction": 0.0, "aoa_meanfield_lambda_mean": 0.0, "delta_penalty": 2.3908373168524123e-05, "grad_rel": 0.5134761556982994, "iteration": 1580, "loss": 0.1488174580037594, "lr": 0.0001547058803185138, "mse": 0.00013650193377543474, "p_zero": 0.0, "point_rel": 0.08044699020683765, "residual_mse": 0.00013650193595822203, "temporal_rel": 0.9313604205846786, "tke_rel": 0.5447681218385696}
TRAIN {"angle_aug_abs_deg": 0.0, "aoa_effective_shift_abs_deg_mean": 0.0, "aoa_meanfield_aug_fraction": 0.0, "aoa_meanfield_lambda_mean": 0.0, "delta_penalty": 2.4162679255823605e-05, "grad_rel": 0.5230407759547233, "iteration": 1600, "loss": 0.15256208106875419, "lr": 0.00015365051278963066, "mse": 0.0001346949407889042, "p_zero": 0.0, "point_rel": 0.08502798974514007, "residual_mse": 0.00013469493824231905, "temporal_rel": 0.9241062641143799, "tke_rel": 0.5320733547210693}
TRAIN {"angle_aug_abs_deg": 0.0, "aoa_effective_shift_abs_deg_mean": 0.0, "aoa_meanfield_aug_fraction": 0.0, "aoa_meanfield_lambda_mean": 0.0, "delta_penalty": 2.3998043843675987e-05, "grad_rel": 0.5013391926884652, "iteration": 1620, "loss": 0.14373676776885985, "lr": 0.0001525866867616753, "mse": 0.0001359060508548282, "p_zero": 0.0, "point_rel": 0.0774635910987854, "residual_mse": 0.0001359060508548282, "temporal_rel": 0.9207222789525986, "tke_rel": 0.5181694939732552}
TRAIN {"angle_aug_abs_deg": 0.0, "aoa_effective_shift_abs_deg_mean": 0.0, "aoa_meanfield_aug_fraction": 0.0, "aoa_meanfield_lambda_mean": 0.0, "delta_penalty": 2.515235282771755e-05, "grad_rel": 0.5189291805028915, "iteration": 1640, "loss": 0.14747988283634186, "lr": 0.00015151456995665083, "mse": 0.00013883787833037786, "p_zero": 0.0, "point_rel": 0.0803910220041871, "residual_mse": 0.00013883787905797363, "temporal_rel": 0.9267399102449417, "tke_rel": 0.5243429154157638}
TRAIN {"angle_aug_abs_deg": 0.0, "aoa_effective_shift_abs_deg_mean": 0.0, "aoa_meanfield_aug_fraction": 0.0, "aoa_meanfield_lambda_mean": 0.0, "delta_penalty": 2.3868044172559168e-05, "grad_rel": 0.5066172122955322, "iteration": 1660, "loss": 0.14480763524770737, "lr": 0.00015043433140367798, "mse": 0.0001356184402538929, "p_zero": 0.0, "point_rel": 0.07731996066868305, "residual_mse": 0.00013561843952629714, "temporal_rel": 0.9252823054790497, "tke_rel": 0.5348130598664284}
TRAIN {"angle_aug_abs_deg": 0.0, "aoa_effective_shift_abs_deg_mean": 0.0, "aoa_meanfield_aug_fraction": 0.0, "aoa_meanfield_lambda_mean": 0.0, "delta_penalty": 2.803974134621967e-05, "grad_rel": 0.5229465544223786, "iteration": 1680, "loss": 0.15189731493592262, "lr": 0.00014934614141234593, "mse": 0.00018241360030515352, "p_zero": 0.0, "point_rel": 0.0839831717312336, "residual_mse": 0.00018241359921375989, "temporal_rel": 0.9213777124881745, "tke_rel": 0.539555448293686}
TRAIN {"angle_aug_abs_deg": 0.0, "aoa_effective_shift_abs_deg_mean": 0.0, "aoa_meanfield_aug_fraction": 0.0, "aoa_meanfield_lambda_mean": 0.0, "delta_penalty": 2.5091010684263892e-05, "grad_rel": 0.5165641769766808, "iteration": 1700, "loss": 0.15252805277705192, "lr": 0.00014825017154586182, "mse": 0.00015140615014388458, "p_zero": 0.0, "point_rel": 0.0848197139799595, "residual_mse": 0.0001514061515990761, "temporal_rel": 0.9229122936725617, "tke_rel": 0.5371097713708878}
TRAIN {"angle_aug_abs_deg": 0.0, "aoa_effective_shift_abs_deg_mean": 0.0, "aoa_meanfield_aug_fraction": 0.0, "aoa_meanfield_lambda_mean": 0.0, "delta_penalty": 2.364252522966126e-05, "grad_rel": 0.5186144113540649, "iteration": 1720, "loss": 0.14935194030404092, "lr": 0.00014714659459400174, "mse": 0.00014359467204485554, "p_zero": 0.0, "point_rel": 0.08187747336924076, "residual_mse": 0.00014359467058966402, "temporal_rel": 0.9303783148527145, "tke_rel": 0.5290058568120003}
TRAIN {"angle_aug_abs_deg": 0.0, "aoa_effective_shift_abs_deg_mean": 0.0, "aoa_meanfield_aug_fraction": 0.0, "aoa_meanfield_lambda_mean": 0.0, "delta_penalty": 2.5590801305952483e-05, "grad_rel": 0.5141142964363098, "iteration": 1740, "loss": 0.14774786531925202, "lr": 0.00014603558454586924, "mse": 0.00013996352172398474, "p_zero": 0.0, "point_rel": 0.08041827585548163, "residual_mse": 0.0001399635228153784, "temporal_rel": 0.9223399966955185, "tke_rel": 0.5317528858780861}
TRAIN {"angle_aug_abs_deg": 0.0, "aoa_effective_shift_abs_deg_mean": 0.0, "aoa_meanfield_aug_fraction": 0.0, "aoa_meanfield_lambda_mean": 0.0, "delta_penalty": 2.6125922431674553e-05, "grad_rel": 0.5194006592035294, "iteration": 1760, "loss": 0.14927997142076493, "lr": 0.00014491731656246425, "mse": 0.00015075715418788604, "p_zero": 0.0, "point_rel": 0.08095879405736923, "residual_mse": 0.00015075715455168393, "temporal_rel": 0.931433567404747, "tke_rel": 0.5423568665981293}
TRAIN {"angle_aug_abs_deg": 0.0, "aoa_effective_shift_abs_deg_mean": 0.0, "aoa_meanfield_aug_fraction": 0.0, "aoa_meanfield_lambda_mean": 0.0, "delta_penalty": 2.3261534624907654e-05, "grad_rel": 0.5037621229887008, "iteration": 1780, "loss": 0.1450132481753826, "lr": 0.000143791966949067, "mse": 0.00013267984450067162, "p_zero": 0.0, "point_rel": 0.07852539978921413, "residual_mse": 0.00013267984541016632, "temporal_rel": 0.9134926080703736, "tke_rel": 0.5247728124260902}
TRAIN {"angle_aug_abs_deg": 0.0, "aoa_effective_shift_abs_deg_mean": 0.0, "aoa_meanfield_aug_fraction": 0.0, "aoa_meanfield_lambda_mean": 0.0, "delta_penalty": 2.5552366787451318e-05, "grad_rel": 0.5183713763952256, "iteration": 1800, "loss": 0.14845021739602088, "lr": 0.00014265971312744236, "mse": 0.00013683933302672814, "p_zero": 0.0, "point_rel": 0.08109985254704952, "residual_mse": 0.00013683933484571754, "temporal_rel": 0.9287240684032441, "tke_rel": 0.5278585851192474}
TRAIN {"angle_aug_abs_deg": 0.0, "aoa_effective_shift_abs_deg_mean": 0.0, "aoa_meanfield_aug_fraction": 0.0, "aoa_meanfield_lambda_mean": 0.0, "delta_penalty": 2.4670642687851796e-05, "grad_rel": 0.512377704679966, "iteration": 1820, "loss": 0.14829598888754844, "lr": 0.00014152073360786728, "mse": 0.00012851076789957005, "p_zero": 0.0, "point_rel": 0.0810962188988924, "residual_mse": 0.00012851076771767112, "temporal_rel": 0.9277959823608398, "tke_rel": 0.5273530140519143}
TRAIN {"angle_aug_abs_deg": 0.0, "aoa_effective_shift_abs_deg_mean": 0.0, "aoa_meanfield_aug_fraction": 0.0, "aoa_meanfield_lambda_mean": 0.0, "delta_penalty": 2.623131922518951e-05, "grad_rel": 0.5090156316757202, "iteration": 1840, "loss": 0.1461403641849756, "lr": 0.00014037520796098717, "mse": 0.0001455559033274767, "p_zero": 0.0, "point_rel": 0.07954640854150057, "residual_mse": 0.0001455559033274767, "temporal_rel": 0.9195172697305679, "tke_rel": 0.5221502244472503}
TRAIN {"angle_aug_abs_deg": 0.0, "aoa_effective_shift_abs_deg_mean": 0.0, "aoa_meanfield_aug_fraction": 0.0, "aoa_meanfield_lambda_mean": 0.0, "delta_penalty": 2.5556163336659665e-05, "grad_rel": 0.5038992494344712, "iteration": 1860, "loss": 0.14439701959490775, "lr": 0.00013922331678950506, "mse": 0.00014140328148641855, "p_zero": 0.0, "point_rel": 0.07742508240044117, "residual_mse": 0.00014140328148641855, "temporal_rel": 0.921349385380745, "tke_rel": 0.5288339257240295}
TRAIN {"angle_aug_abs_deg": 0.0, "aoa_effective_shift_abs_deg_mean": 0.0, "aoa_meanfield_aug_fraction": 0.0, "aoa_meanfield_lambda_mean": 0.0, "delta_penalty": 2.44317853685061e-05, "grad_rel": 0.4996747821569443, "iteration": 1880, "loss": 0.14384128972887994, "lr": 0.00013806524169970754, "mse": 0.00011634614929789677, "p_zero": 0.0, "point_rel": 0.07724356316030026, "residual_mse": 0.00011634614911599783, "temporal_rel": 0.9266756623983383, "tke_rel": 0.5211157172918319}
TRAIN {"angle_aug_abs_deg": 0.0, "aoa_effective_shift_abs_deg_mean": 0.0, "aoa_meanfield_aug_fraction": 0.0, "aoa_meanfield_lambda_mean": 0.0, "delta_penalty": 2.4549676936658216e-05, "grad_rel": 0.5126999109983444, "iteration": 1900, "loss": 0.14769397005438806, "lr": 0.0001369011652728331, "mse": 0.00012659218464250444, "p_zero": 0.0, "point_rel": 0.08103226684033871, "residual_mse": 0.00012659218464250444, "temporal_rel": 0.9252996772527695, "tke_rel": 0.5195624753832817}
TRAIN {"angle_aug_abs_deg": 0.0, "aoa_effective_shift_abs_deg_mean": 0.0, "aoa_meanfield_aug_fraction": 0.0, "aoa_meanfield_lambda_mean": 0.0, "delta_penalty": 2.4748679334152256e-05, "grad_rel": 0.5017072156071662, "iteration": 1920, "loss": 0.14358461685478688, "lr": 0.00013573127103628653, "mse": 0.00012746039901685436, "p_zero": 0.0, "point_rel": 0.07710746303200722, "residual_mse": 0.0001274603988349554, "temporal_rel": 0.9235118716955185, "tke_rel": 0.520124226808548}
TRAIN {"angle_aug_abs_deg": 0.0, "aoa_effective_shift_abs_deg_mean": 0.0, "aoa_meanfield_aug_fraction": 0.0, "aoa_meanfield_lambda_mean": 0.0, "delta_penalty": 2.6887272815656617e-05, "grad_rel": 0.5244303077459336, "iteration": 1940, "loss": 0.14985259473323823, "lr": 0.0001345557434347041, "mse": 0.00015893164927547332, "p_zero": 0.0, "point_rel": 0.08323031067848205, "residual_mse": 0.00015893164836597862, "temporal_rel": 0.9185999691486358, "tke_rel": 0.5191602766513824}
TRAIN {"angle_aug_abs_deg": 0.0, "aoa_effective_shift_abs_deg_mean": 0.0, "aoa_meanfield_aug_fraction": 0.0, "aoa_meanfield_lambda_mean": 0.0, "delta_penalty": 2.4734597900533117e-05, "grad_rel": 0.5058093756437302, "iteration": 1960, "loss": 0.14349937960505485, "lr": 0.00013337476780087395, "mse": 0.0001217044424265623, "p_zero": 0.0, "point_rel": 0.07711308188736439, "residual_mse": 0.00012170444133516867, "temporal_rel": 0.9201392322778702, "tke_rel": 0.5192995518445969}
TRAIN {"angle_aug_abs_deg": 0.0, "aoa_effective_shift_abs_deg_mean": 0.0, "aoa_meanfield_aug_fraction": 0.0, "aoa_meanfield_lambda_mean": 0.0, "delta_penalty": 2.3651116771361556e-05, "grad_rel": 0.5072135791182518, "iteration": 1980, "loss": 0.14384637251496316, "lr": 0.00013218853032651706, "mse": 0.00011039673427148955, "p_zero": 0.0, "point_rel": 0.07842130791395903, "residual_mse": 0.00011039673063351074, "temporal_rel": 0.9168108612298965, "tke_rel": 0.5046491175889969}
TRAIN {"angle_aug_abs_deg": 0.0, "aoa_effective_shift_abs_deg_mean": 0.0, "aoa_meanfield_aug_fraction": 0.0, "aoa_meanfield_lambda_mean": 0.0, "delta_penalty": 2.5318088091808022e-05, "grad_rel": 0.5084391206502914, "iteration": 2000, "loss": 0.14570093154907227, "lr": 0.00013099721803293214, "mse": 0.00014541169675794663, "p_zero": 0.0, "point_rel": 0.07915513776242733, "residual_mse": 0.00014541169748554238, "temporal_rel": 0.9241462469100952, "tke_rel": 0.5191781625151635}
EVAL_TOP {"alpha": 1.0, "best_bound_abs": 0.0075, "best_bound_rel": 0.0075, "best_bounds": [{"abs": 0.0075, "coverage": 0.8164857864379883, "final_est": 80.89266834207682, "rel": 0.0075, "sps_raw": 0.46331997680664067, "sps_score_linear": 46.33199768066407, "sps_score_used": 46.33199768066407}], "best_final_est": 80.89266834207682, "iteration": 2000, "mean_t_neural_s": 0.01762683533, "mvpe": 0.07992191333323717, "mvpe_score": 96.1574560650137, "n": 640, "rel_l2": 0.08725440911948681, "rel_l2_score": 95.81965625568877, "time_score": 86.54248999999716, "tke": 0.5121922433376312, "tke_score": 79.6117417090204}
BEST iteration=2000 final_est=80.892668 alpha=1.0 abs=0.0075 rel=0.0075
TRAIN {"angle_aug_abs_deg": 0.0, "aoa_effective_shift_abs_deg_mean": 0.0, "aoa_meanfield_aug_fraction": 0.0, "aoa_meanfield_lambda_mean": 0.0, "delta_penalty": 2.5706461292429596e-05, "grad_rel": 0.510319060087204, "iteration": 2020, "loss": 0.14590867571532726, "lr": 0.00012980101874150986, "mse": 0.00015025708216853673, "p_zero": 0.0, "point_rel": 0.0794303921982646, "residual_mse": 0.00015025708398752613, "temporal_rel": 0.9167868256568908, "tke_rel": 0.5212383687496185}
TRAIN {"angle_aug_abs_deg": 0.0, "aoa_effective_shift_abs_deg_mean": 0.0, "aoa_meanfield_aug_fraction": 0.0, "aoa_meanfield_lambda_mean": 0.0, "delta_penalty": 2.5541326704114908e-05, "grad_rel": 0.5085798412561416, "iteration": 2040, "loss": 0.1464290961623192, "lr": 0.0001286001210441215, "mse": 0.00014606779332098084, "p_zero": 0.0, "point_rel": 0.0789009427651763, "residual_mse": 0.00014606779513997025, "temporal_rel": 0.9191060066223145, "tke_rel": 0.5380324482917785}
TRAIN {"angle_aug_abs_deg": 0.0, "aoa_effective_shift_abs_deg_mean": 0.0, "aoa_meanfield_aug_fraction": 0.0, "aoa_meanfield_lambda_mean": 0.0, "delta_penalty": 2.8155020754638826e-05, "grad_rel": 0.518742510676384, "iteration": 2060, "loss": 0.14908478856086732, "lr": 0.0001273947142733855, "mse": 0.00015359589888248594, "p_zero": 0.0, "point_rel": 0.08311452120542526, "residual_mse": 0.00015359589997387957, "temporal_rel": 0.9141110748052597, "tke_rel": 0.5119859740138054}
TRAIN {"angle_aug_abs_deg": 0.0, "aoa_effective_shift_abs_deg_mean": 0.0, "aoa_meanfield_aug_fraction": 0.0, "aoa_meanfield_lambda_mean": 0.0, "delta_penalty": 2.7192251491214847e-05, "grad_rel": 0.5173476189374924, "iteration": 2080, "loss": 0.15129333436489106, "lr": 0.0001261849884728169, "mse": 0.0001748272867189371, "p_zero": 0.0, "point_rel": 0.0843976702541113, "residual_mse": 0.00017482728708273498, "temporal_rel": 0.914386385679245, "tke_rel": 0.5275144666433335}
TRAIN {"angle_aug_abs_deg": 0.0, "aoa_effective_shift_abs_deg_mean": 0.0, "aoa_meanfield_aug_fraction": 0.0, "aoa_meanfield_lambda_mean": 0.0, "delta_penalty": 2.4921303065639222e-05, "grad_rel": 0.5085367217659951, "iteration": 2100, "loss": 0.14648516923189164, "lr": 0.00012497113436686625, "mse": 0.00013652746565639973, "p_zero": 0.0, "point_rel": 0.07975004240870476, "residual_mse": 0.0001365274663839955, "temporal_rel": 0.9171511948108673, "tke_rel": 0.5258514568209648}
TRAIN {"angle_aug_abs_deg": 0.0, "aoa_effective_shift_abs_deg_mean": 0.0, "aoa_meanfield_aug_fraction": 0.0, "aoa_meanfield_lambda_mean": 0.0, "delta_penalty": 2.600653278932441e-05, "grad_rel": 0.5144051402807236, "iteration": 2120, "loss": 0.14686927199363708, "lr": 0.0001237533433308493, "mse": 0.00012893425664515235, "p_zero": 0.0, "point_rel": 0.08049039654433728, "residual_mse": 0.0001289342564632534, "temporal_rel": 0.9229849249124527, "tke_rel": 0.515567509829998}
TRAIN {"angle_aug_abs_deg": 0.0, "aoa_effective_shift_abs_deg_mean": 0.0, "aoa_meanfield_aug_fraction": 0.0, "aoa_meanfield_lambda_mean": 0.0, "delta_penalty": 2.619359538584831e-05, "grad_rel": 0.5066311374306679, "iteration": 2140, "loss": 0.14451832473278045, "lr": 0.00012253180736077532, "mse": 0.00012436749075277475, "p_zero": 0.0, "point_rel": 0.07778528109192848, "residual_mse": 0.000124367490025179, "temporal_rel": 0.9189020305871963, "tke_rel": 0.5254781186580658}
TRAIN {"angle_aug_abs_deg": 0.0, "aoa_effective_shift_abs_deg_mean": 0.0, "aoa_meanfield_aug_fraction": 0.0, "aoa_meanfield_lambda_mean": 0.0, "delta_penalty": 2.5705254756758222e-05, "grad_rel": 0.5136244624853135, "iteration": 2160, "loss": 0.14684505388140678, "lr": 0.00012130671904307693, "mse": 0.0001386721498420229, "p_zero": 0.0, "point_rel": 0.08014563657343388, "residual_mse": 0.0001386721502058208, "temporal_rel": 0.9181873679161072, "tke_rel": 0.5234552577137948}
TRAIN {"angle_aug_abs_deg": 0.0, "aoa_effective_shift_abs_deg_mean": 0.0, "aoa_meanfield_aug_fraction": 0.0, "aoa_meanfield_lambda_mean": 0.0, "delta_penalty": 2.6297201293346008e-05, "grad_rel": 0.5215520992875099, "iteration": 2180, "loss": 0.1502604864537716, "lr": 0.00012007827152424723, "mse": 0.0001468284453949309, "p_zero": 0.0, "point_rel": 0.08388359770178795, "residual_mse": 0.0001468284453949309, "temporal_rel": 0.925031653046608, "tke_rel": 0.5126346811652184}
TRAIN {"angle_aug_abs_deg": 0.0, "aoa_effective_shift_abs_deg_mean": 0.0, "aoa_meanfield_aug_fraction": 0.0, "aoa_meanfield_lambda_mean": 0.0, "delta_penalty": 2.793324101730832e-05, "grad_rel": 0.5000203132629395, "iteration": 2200, "loss": 0.14366133883595467, "lr": 0.00011884665848038841, "mse": 0.00014598922498407774, "p_zero": 0.0, "point_rel": 0.07735541444271803, "residual_mse": 0.00014598922462027986, "temporal_rel": 0.9109761923551559, "tke_rel": 0.5238663658499718}
TRAIN {"angle_aug_abs_deg": 0.0, "aoa_effective_shift_abs_deg_mean": 0.0, "aoa_meanfield_aug_fraction": 0.0, "aoa_meanfield_lambda_mean": 0.0, "delta_penalty": 2.5533912048558704e-05, "grad_rel": 0.5115963697433472, "iteration": 2220, "loss": 0.147291848808527, "lr": 0.00011761207408667704, "mse": 0.00012658278210437858, "p_zero": 0.0, "point_rel": 0.08087255544960499, "residual_mse": 0.0001265827826500754, "temporal_rel": 0.9186275184154511, "tke_rel": 0.5191339790821076}
TRAIN {"angle_aug_abs_deg": 0.0, "aoa_effective_shift_abs_deg_mean": 0.0, "aoa_meanfield_aug_fraction": 0.0, "aoa_meanfield_lambda_mean": 0.0, "delta_penalty": 2.6104275548277656e-05, "grad_rel": 0.4977023422718048, "iteration": 2240, "loss": 0.141403279453516, "lr": 0.00011637471298675032, "mse": 0.00012099229734303662, "p_zero": 0.0, "point_rel": 0.0753893917426467, "residual_mse": 0.00012099229570594616, "temporal_rel": 0.9222349792718887, "tke_rel": 0.5140747681260109}
TRAIN {"angle_aug_abs_deg": 0.0, "aoa_effective_shift_abs_deg_mean": 0.0, "aoa_meanfield_aug_fraction": 0.0, "aoa_meanfield_lambda_mean": 0.0, "delta_penalty": 2.673585158845526e-05, "grad_rel": 0.5032300889492035, "iteration": 2260, "loss": 0.14498617574572564, "lr": 0.00011513477026201881, "mse": 0.00013984532433823914, "p_zero": 0.0, "point_rel": 0.07924394700676203, "residual_mse": 0.00013984532470203703, "temporal_rel": 0.9115078002214432, "tke_rel": 0.5134342655539512}
TRAIN {"angle_aug_abs_deg": 0.0, "aoa_effective_shift_abs_deg_mean": 0.0, "aoa_meanfield_aug_fraction": 0.0, "aoa_meanfield_lambda_mean": 0.0, "delta_penalty": 2.7250977382209385e-05, "grad_rel": 0.5099029645323754, "iteration": 2280, "loss": 0.14762317016720772, "lr": 0.00011389244140091015, "mse": 0.0001492092784246779, "p_zero": 0.0, "point_rel": 0.08046563901007175, "residual_mse": 0.00014920927769708215, "temporal_rel": 0.9206300765275955, "tke_rel": 0.5307462945580482}
TRAIN {"angle_aug_abs_deg": 0.0, "aoa_effective_shift_abs_deg_mean": 0.0, "aoa_meanfield_aug_fraction": 0.0, "aoa_meanfield_lambda_mean": 0.0, "delta_penalty": 2.884509276555036e-05, "grad_rel": 0.5148015290498733, "iteration": 2300, "loss": 0.14920729175209999, "lr": 0.00011264792226804849, "mse": 0.00014269423463701968, "p_zero": 0.0, "point_rel": 0.0826670691370964, "residual_mse": 0.00014269423354562605, "temporal_rel": 0.9173611998558044, "tke_rel": 0.5208996668457985}
TRAIN {"angle_aug_abs_deg": 0.0, "aoa_effective_shift_abs_deg_mean": 0.0, "aoa_meanfield_aug_fraction": 0.0, "aoa_meanfield_lambda_mean": 0.0, "delta_penalty": 2.6129784873774043e-05, "grad_rel": 0.5041518703103065, "iteration": 2320, "loss": 0.14476176872849464, "lr": 0.00011140140907337442, "mse": 0.00012647153125726617, "p_zero": 0.0, "point_rel": 0.07811326012015343, "residual_mse": 0.00012647153052967042, "temporal_rel": 0.919141349196434, "tke_rel": 0.5245587974786758}
TRAIN {"angle_aug_abs_deg": 0.0, "aoa_effective_shift_abs_deg_mean": 0.0, "aoa_meanfield_aug_fraction": 0.0, "aoa_meanfield_lambda_mean": 0.0, "delta_penalty": 2.7314750968798763e-05, "grad_rel": 0.5159649208188057, "iteration": 2340, "loss": 0.14921031519770622, "lr": 0.00011015309834121088, "mse": 0.00016485097348777343, "p_zero": 0.0, "point_rel": 0.0829497342929244, "residual_mse": 0.0001648509727601777, "temporal_rel": 0.9066199332475662, "tke_rel": 0.5212084591388703}
TRAIN {"angle_aug_abs_deg": 0.0, "aoa_effective_shift_abs_deg_mean": 0.0, "aoa_meanfield_aug_fraction": 0.0, "aoa_meanfield_lambda_mean": 0.0, "delta_penalty": 2.6751008954306597e-05, "grad_rel": 0.5080474287271499, "iteration": 2360, "loss": 0.1458570808172226, "lr": 0.0001089031868792792, "mse": 0.00014619448338635266, "p_zero": 0.0, "point_rel": 0.08007433656603098, "residual_mse": 0.0001461944841139484, "temporal_rel": 0.9130636870861053, "tke_rel": 0.5120955064892769}
TRAIN {"angle_aug_abs_deg": 0.0, "aoa_effective_shift_abs_deg_mean": 0.0, "aoa_meanfield_aug_fraction": 0.0, "aoa_meanfield_lambda_mean": 0.0, "delta_penalty": 2.782874607873964e-05, "grad_rel": 0.5118116155266762, "iteration": 2380, "loss": 0.14601274207234383, "lr": 0.00010765187174767053, "mse": 0.0001548194370116107, "p_zero": 0.0, "point_rel": 0.08002199716866017, "residual_mse": 0.00015481943755730755, "temporal_rel": 0.9134099930524826, "tke_rel": 0.5144044876098632}
TRAIN {"angle_aug_abs_deg": 0.0, "aoa_effective_shift_abs_deg_mean": 0.0, "aoa_meanfield_aug_fraction": 0.0, "aoa_meanfield_lambda_mean": 0.0, "delta_penalty": 2.6742844238469842e-05, "grad_rel": 0.5030721306800843, "iteration": 2400, "loss": 0.14209282994270325, "lr": 0.0001063993502277775, "mse": 0.00011913529451703652, "p_zero": 0.0, "point_rel": 0.07622281238436698, "residual_mse": 0.00011913529651792487, "temporal_rel": 0.9184629112482071, "tke_rel": 0.5122295871376992}
TRAIN {"angle_aug_abs_deg": 0.0, "aoa_effective_shift_abs_deg_mean": 0.0, "aoa_meanfield_aug_fraction": 0.0, "aoa_meanfield_lambda_mean": 0.0, "delta_penalty": 2.7602466707321584e-05, "grad_rel": 0.5163930729031563, "iteration": 2420, "loss": 0.14928705915808677, "lr": 0.00010514581979119105, "mse": 0.0001583928973559523, "p_zero": 0.0, "point_rel": 0.08248689025640488, "residual_mse": 0.0001583928977197502, "temporal_rel": 0.9209324657917023, "tke_rel": 0.5229705080389977}
TRAIN {"angle_aug_abs_deg": 0.0, "aoa_effective_shift_abs_deg_mean": 0.0, "aoa_meanfield_aug_fraction": 0.0, "aoa_meanfield_lambda_mean": 0.0, "delta_penalty": 2.5381087289133576e-05, "grad_rel": 0.5052431300282478, "iteration": 2440, "loss": 0.14594541415572165, "lr": 0.00010389147806856713, "mse": 0.00013538689527194946, "p_zero": 0.0, "point_rel": 0.07940642461180687, "residual_mse": 0.00013538689418055583, "temporal_rel": 0.9196182131767273, "tke_rel": 0.5221778810024261}
TRAIN {"angle_aug_abs_deg": 0.0, "aoa_effective_shift_abs_deg_mean": 0.0, "aoa_meanfield_aug_fraction": 0.0, "aoa_meanfield_lambda_mean": 0.0, "delta_penalty": 2.7664110348268878e-05, "grad_rel": 0.5064991548657417, "iteration": 2460, "loss": 0.14503093734383582, "lr": 0.00010263652281846849, "mse": 0.00014473005721811206, "p_zero": 0.0, "point_rel": 0.07874079383909702, "residual_mse": 0.00014473005758190992, "temporal_rel": 0.9151672452688218, "tke_rel": 0.5198944926261901}
TRAIN {"angle_aug_abs_deg": 0.0, "aoa_effective_shift_abs_deg_mean": 0.0, "aoa_meanfield_aug_fraction": 0.0, "aoa_meanfield_lambda_mean": 0.0, "delta_penalty": 2.9500640266633127e-05, "grad_rel": 0.5067230150103569, "iteration": 2480, "loss": 0.1449109222739935, "lr": 0.00010138115189618599, "mse": 0.00015272381260729163, "p_zero": 0.0, "point_rel": 0.07988047078251839, "residual_mse": 0.00015272381260729163, "temporal_rel": 0.9046339660882949, "tke_rel": 0.5040697023272515}
TRAIN {"angle_aug_abs_deg": 0.0, "aoa_effective_shift_abs_deg_mean": 0.0, "aoa_meanfield_aug_fraction": 0.0, "aoa_meanfield_lambda_mean": 0.0, "delta_penalty": 2.6026074920082465e-05, "grad_rel": 0.5025819659233093, "iteration": 2500, "loss": 0.14260828197002412, "lr": 0.0001001255632225452, "mse": 0.00012258357091923244, "p_zero": 0.0, "point_rel": 0.07747425325214863, "residual_mse": 0.0001225835720106261, "temporal_rel": 0.9088304460048675, "tke_rel": 0.5048848956823349}
TRAIN {"angle_aug_abs_deg": 0.0, "aoa_effective_shift_abs_deg_mean": 0.0, "aoa_meanfield_aug_fraction": 0.0, "aoa_meanfield_lambda_mean": 0.0, "delta_penalty": 2.765685931080952e-05, "grad_rel": 0.5176266565918922, "iteration": 2520, "loss": 0.14901310801506043, "lr": 9.886995475270216e-05, "mse": 0.000167537796733086, "p_zero": 0.0, "point_rel": 0.08258570730686188, "residual_mse": 0.0001675377949140966, "temporal_rel": 0.9104613959789276, "tke_rel": 0.5216391131281852}
TRAIN {"angle_aug_abs_deg": 0.0, "aoa_effective_shift_abs_deg_mean": 0.0, "aoa_meanfield_aug_fraction": 0.0, "aoa_meanfield_lambda_mean": 0.0, "delta_penalty": 2.6686749515647533e-05, "grad_rel": 0.5091559708118438, "iteration": 2540, "loss": 0.14500431790947915, "lr": 9.761452444493399e-05, "mse": 0.00012451350175979314, "p_zero": 0.0, "point_rel": 0.07913428172469139, "residual_mse": 0.00012451350139599526, "temporal_rel": 0.9152563035488128, "tke_rel": 0.5122853547334671}
TRAIN {"angle_aug_abs_deg": 0.0, "aoa_effective_shift_abs_deg_mean": 0.0, "aoa_meanfield_aug_fraction": 0.0, "aoa_meanfield_lambda_mean": 0.0, "delta_penalty": 2.498305657354649e-05, "grad_rel": 0.5007352963089943, "iteration": 2560, "loss": 0.14137328639626504, "lr": 9.635947022942887e-05, "mse": 0.00011857759363920195, "p_zero": 0.0, "point_rel": 0.0756067868322134, "residual_mse": 0.00011857759436679771, "temporal_rel": 0.919777762889862, "tke_rel": 0.5104344487190247}
TRAIN {"angle_aug_abs_deg": 0.0, "aoa_effective_shift_abs_deg_mean": 0.0, "aoa_meanfield_aug_fraction": 0.0, "aoa_meanfield_lambda_mean": 0.0, "delta_penalty": 2.935076654466684e-05, "grad_rel": 0.5172655373811722, "iteration": 2580, "loss": 0.14859110862016678, "lr": 9.51049899770806e-05, "mse": 0.0001645079453737708, "p_zero": 0.0, "point_rel": 0.0831639252603054, "residual_mse": 0.00016450794464617502, "temporal_rel": 0.9091464668512345, "tke_rel": 0.5057311058044434}
TRAIN {"angle_aug_abs_deg": 0.0, "aoa_effective_shift_abs_deg_mean": 0.0, "aoa_meanfield_aug_fraction": 0.0, "aoa_meanfield_lambda_mean": 0.0, "delta_penalty": 2.6124045052711154e-05, "grad_rel": 0.5112541928887367, "iteration": 2600, "loss": 0.14537365920841694, "lr": 9.385128146829237e-05, "mse": 0.00013772940128546906, "p_zero": 0.0, "point_rel": 0.07944110669195652, "residual_mse": 0.0001377294027406606, "temporal_rel": 0.9069735139608384, "tke_rel": 0.5168782696127892}
TRAIN {"angle_aug_abs_deg": 0.0, "aoa_effective_shift_abs_deg_mean": 0.0, "aoa_meanfield_aug_fraction": 0.0, "aoa_meanfield_lambda_mean": 0.0, "delta_penalty": 2.9046068902971456e-05, "grad_rel": 0.5094854906201363, "iteration": 2620, "loss": 0.14607720971107482, "lr": 9.259854236179478e-05, "mse": 0.0001426477649147273, "p_zero": 0.0, "point_rel": 0.08038362562656402, "residual_mse": 0.00014264776455092943, "temporal_rel": 0.9085766255855561, "tke_rel": 0.5125104635953903}
TRAIN {"angle_aug_abs_deg": 0.0, "aoa_effective_shift_abs_deg_mean": 0.0, "aoa_meanfield_aug_fraction": 0.0, "aoa_meanfield_lambda_mean": 0.0, "delta_penalty": 2.6056017486553173e-05, "grad_rel": 0.5069427192211151, "iteration": 2640, "loss": 0.1453721731901169, "lr": 9.134697016348339e-05, "mse": 0.00012280293176445412, "p_zero": 0.0, "point_rel": 0.07950226962566376, "residual_mse": 0.00012280293249204987, "temporal_rel": 0.9102899998426437, "tke_rel": 0.5153283670544624}
TRAIN {"angle_aug_abs_deg": 0.0, "aoa_effective_shift_abs_deg_mean": 0.0, "aoa_meanfield_aug_fraction": 0.0, "aoa_meanfield_lambda_mean": 0.0, "delta_penalty": 2.4456988057863782e-05, "grad_rel": 0.4944900542497635, "iteration": 2660, "loss": 0.14161196872591972, "lr": 9.009676219527974e-05, "mse": 0.00012097116250515682, "p_zero": 0.0, "point_rel": 0.0754759343340993, "residual_mse": 0.00012097116323275258, "temporal_rel": 0.9199450492858887, "tke_rel": 0.5180592700839043}
TRAIN {"angle_aug_abs_deg": 0.0, "aoa_effective_shift_abs_deg_mean": 0.0, "aoa_meanfield_aug_fraction": 0.0, "aoa_meanfield_lambda_mean": 0.0, "delta_penalty": 2.7695174958353162e-05, "grad_rel": 0.5000768080353737, "iteration": 2680, "loss": 0.14339289851486683, "lr": 8.884811556402198e-05, "mse": 0.0001309203888013144, "p_zero": 0.0, "point_rel": 0.07757916916161775, "residual_mse": 0.00013092038570903242, "temporal_rel": 0.9029793083667755, "tke_rel": 0.5197228580713272}
TRAIN {"angle_aug_abs_deg": 0.0, "aoa_effective_shift_abs_deg_mean": 0.0, "aoa_meanfield_aug_fraction": 0.0, "aoa_meanfield_lambda_mean": 0.0, "delta_penalty": 2.6192649056611116e-05, "grad_rel": 0.4967352136969566, "iteration": 2700, "loss": 0.14141575582325458, "lr": 8.760122713038894e-05, "mse": 0.00013227931576693664, "p_zero": 0.0, "point_rel": 0.07627044487744569, "residual_mse": 0.0001322793161307345, "temporal_rel": 0.9126767098903656, "tke_rel": 0.5045629888772964}
TRAIN {"angle_aug_abs_deg": 0.0, "aoa_effective_shift_abs_deg_mean": 0.0, "aoa_meanfield_aug_fraction": 0.0, "aoa_meanfield_lambda_mean": 0.0, "delta_penalty": 2.9288251971593128e-05, "grad_rel": 0.5077170073986054, "iteration": 2720, "loss": 0.14685697481036186, "lr": 8.63562934778635e-05, "mse": 0.00014997911293903598, "p_zero": 0.0, "point_rel": 0.07987067829817533, "residual_mse": 0.00014997911403042964, "temporal_rel": 0.9155917376279831, "tke_rel": 0.5309535086154937}
TRAIN {"angle_aug_abs_deg": 0.0, "aoa_effective_shift_abs_deg_mean": 0.0, "aoa_meanfield_aug_fraction": 0.0, "aoa_meanfield_lambda_mean": 0.0, "delta_penalty": 2.9078106308588758e-05, "grad_rel": 0.5122032329440117, "iteration": 2740, "loss": 0.14829918444156648, "lr": 8.511351088173916e-05, "mse": 0.00014731920291524147, "p_zero": 0.0, "point_rel": 0.08208769802004098, "residual_mse": 0.00014731920255144358, "temporal_rel": 0.9049839407205582, "tke_rel": 0.5222357213497162}
TRAIN {"angle_aug_abs_deg": 0.0, "aoa_effective_shift_abs_deg_mean": 0.0, "aoa_meanfield_aug_fraction": 0.0, "aoa_meanfield_lambda_mean": 0.0, "delta_penalty": 2.8025802566844505e-05, "grad_rel": 0.49670770168304446, "iteration": 2760, "loss": 0.14118594229221343, "lr": 8.38730752781755e-05, "mse": 0.00012819083958675036, "p_zero": 0.0, "point_rel": 0.0757116723805666, "residual_mse": 0.00012819083885915462, "temporal_rel": 0.908750581741333, "tke_rel": 0.5120353549718857}
TRAIN {"angle_aug_abs_deg": 0.0, "aoa_effective_shift_abs_deg_mean": 0.0, "aoa_meanfield_aug_fraction": 0.0, "aoa_meanfield_lambda_mean": 0.0, "delta_penalty": 2.818077018673648e-05, "grad_rel": 0.508793044090271, "iteration": 2780, "loss": 0.143739565089345, "lr": 8.263518223330706e-05, "mse": 0.00012106569392926758, "p_zero": 0.0, "point_rel": 0.0784115333110094, "residual_mse": 0.0001210656935654697, "temporal_rel": 0.9141861885786057, "tke_rel": 0.5038945153355598}
TRAIN {"angle_aug_abs_deg": 0.0, "aoa_effective_shift_abs_deg_mean": 0.0, "aoa_meanfield_aug_fraction": 0.0, "aoa_meanfield_lambda_mean": 0.0, "delta_penalty": 2.727425453485921e-05, "grad_rel": 0.5138301879167557, "iteration": 2800, "loss": 0.14586751870810985, "lr": 8.140002691241053e-05, "mse": 0.00012002308976661879, "p_zero": 0.0, "point_rel": 0.0803069893270731, "residual_mse": 0.00012002308976661879, "temporal_rel": 0.911575761437416, "tke_rel": 0.5078209400177002}
TRAIN {"angle_aug_abs_deg": 0.0, "aoa_effective_shift_abs_deg_mean": 0.0, "aoa_meanfield_aug_fraction": 0.0, "aoa_meanfield_lambda_mean": 0.0, "delta_penalty": 2.8561574799823576e-05, "grad_rel": 0.5037613853812217, "iteration": 2820, "loss": 0.14415905252099037, "lr": 8.016780404913503e-05, "mse": 0.00013684684363397538, "p_zero": 0.0, "point_rel": 0.0781194418668747, "residual_mse": 0.00013684684181498598, "temporal_rel": 0.910784849524498, "tke_rel": 0.5186336636543274}
TRAIN {"angle_aug_abs_deg": 0.0, "aoa_effective_shift_abs_deg_mean": 0.0, "aoa_meanfield_aug_fraction": 0.0, "aoa_meanfield_lambda_mean": 0.0, "delta_penalty": 2.9753415583400054e-05, "grad_rel": 0.5045392602682114, "iteration": 2840, "loss": 0.1465657826513052, "lr": 7.893870791480078e-05, "mse": 0.00015407802702611663, "p_zero": 0.0, "point_rel": 0.08055993560701609, "residual_mse": 0.00015407802666231874, "temporal_rel": 0.9126372754573822, "tke_rel": 0.5168636590242386}
TRAIN {"angle_aug_abs_deg": 0.0, "aoa_effective_shift_abs_deg_mean": 0.0, "aoa_meanfield_aug_fraction": 0.0, "aoa_meanfield_lambda_mean": 0.0, "delta_penalty": 3.069111380682443e-05, "grad_rel": 0.5154981687664986, "iteration": 2860, "loss": 0.14902152270078659, "lr": 7.771293228777011e-05, "mse": 0.00017541783636261244, "p_zero": 0.0, "point_rel": 0.08333768956363201, "residual_mse": 0.000175417840728187, "temporal_rel": 0.9090433269739151, "tke_rel": 0.5104470774531364}
TRAIN {"angle_aug_abs_deg": 0.0, "aoa_effective_shift_abs_deg_mean": 0.0, "aoa_meanfield_aug_fraction": 0.0, "aoa_meanfield_lambda_mean": 0.0, "delta_penalty": 3.080696533288574e-05, "grad_rel": 0.5037045121192932, "iteration": 2880, "loss": 0.14309221729636193, "lr": 7.649067042289687e-05, "mse": 0.00015349439418059773, "p_zero": 0.0, "point_rel": 0.07732220999896526, "residual_mse": 0.00015349439545389031, "temporal_rel": 0.9105230093002319, "tke_rel": 0.5142014607787132}
TRAIN {"angle_aug_abs_deg": 0.0, "aoa_effective_shift_abs_deg_mean": 0.0, "aoa_meanfield_aug_fraction": 0.0, "aoa_meanfield_lambda_mean": 0.0, "delta_penalty": 2.6649793107935692e-05, "grad_rel": 0.5046983852982521, "iteration": 2900, "loss": 0.14352238327264785, "lr": 7.527211502105772e-05, "mse": 0.00013813842615491013, "p_zero": 0.0, "point_rel": 0.07861282788217068, "residual_mse": 0.000138138426518708, "temporal_rel": 0.9029130429029465, "tke_rel": 0.5034952461719513}
TRAIN {"angle_aug_abs_deg": 0.0, "aoa_effective_shift_abs_deg_mean": 0.0, "aoa_meanfield_aug_fraction": 0.0, "aoa_meanfield_lambda_mean": 0.0, "delta_penalty": 2.7525252062332583e-05, "grad_rel": 0.49842715114355085, "iteration": 2920, "loss": 0.14283545613288878, "lr": 7.405745819877124e-05, "mse": 0.0001305060241065803, "p_zero": 0.0, "point_rel": 0.07765869572758674, "residual_mse": 0.0001305060237427824, "temporal_rel": 0.9056306213140488, "tke_rel": 0.5081955432891846}
TRAIN {"angle_aug_abs_deg": 0.0, "aoa_effective_shift_abs_deg_mean": 0.0, "aoa_meanfield_aug_fraction": 0.0, "aoa_meanfield_lambda_mean": 0.0, "delta_penalty": 2.6773272111313418e-05, "grad_rel": 0.5132504865527153, "iteration": 2940, "loss": 0.14835630655288695, "lr": 7.284689145790888e-05, "mse": 0.0001298974846577039, "p_zero": 0.0, "point_rel": 0.0820624653249979, "residual_mse": 0.00012989748356631025, "temporal_rel": 0.9204297065734863, "tke_rel": 0.5157114878296852}
TRAIN {"angle_aug_abs_deg": 0.0, "aoa_effective_shift_abs_deg_mean": 0.0, "aoa_meanfield_aug_fraction": 0.0, "aoa_meanfield_lambda_mean": 0.0, "delta_penalty": 3.0054410854063462e-05, "grad_rel": 0.5029542833566666, "iteration": 2960, "loss": 0.14301334768533708, "lr": 7.164060565550298e-05, "mse": 0.0001509975700173527, "p_zero": 0.0, "point_rel": 0.07904822118580342, "residual_mse": 0.00015099756928975693, "temporal_rel": 0.8984797239303589, "tke_rel": 0.49034206867218016}
TRAIN {"angle_aug_abs_deg": 0.0, "aoa_effective_shift_abs_deg_mean": 0.0, "aoa_meanfield_aug_fraction": 0.0, "aoa_meanfield_lambda_mean": 0.0, "delta_penalty": 2.93735894956626e-05, "grad_rel": 0.5173996448516845, "iteration": 2980, "loss": 0.14860461726784707, "lr": 7.043879097365633e-05, "mse": 0.00014923249545972794, "p_zero": 0.0, "point_rel": 0.082369489595294, "residual_mse": 0.00014923249764251523, "temporal_rel": 0.9124923050403595, "tke_rel": 0.5175668403506279}
TRAIN {"angle_aug_abs_deg": 0.0, "aoa_effective_shift_abs_deg_mean": 0.0, "aoa_meanfield_aug_fraction": 0.0, "aoa_meanfield_lambda_mean": 0.0, "delta_penalty": 2.8483328787842765e-05, "grad_rel": 0.5018218189477921, "iteration": 3000, "loss": 0.14243255741894245, "lr": 6.924163688955834e-05, "mse": 0.00013504806065611774, "p_zero": 0.0, "point_rel": 0.07681745328009129, "residual_mse": 0.00013504806101991563, "temporal_rel": 0.908459660410881, "tke_rel": 0.5132150739431381}
EVAL_TOP {"alpha": 1.0, "best_bound_abs": 0.0075, "best_bound_rel": 0.0075, "best_bounds": [{"abs": 0.0075, "coverage": 0.8231197547912598, "final_est": 81.07267614358369, "rel": 0.0075, "sps_raw": 0.46905489253997806, "sps_score_linear": 46.90548925399781, "sps_score_used": 46.90548925399781}], "best_final_est": 81.07267614358369, "iteration": 3000, "mean_t_neural_s": 0.01762683533, "mvpe": 0.07846031412482261, "mvpe_score": 96.22507518706894, "n": 640, "rel_l2": 0.0851271266117692, "rel_l2_score": 95.91741311475351, "time_score": 86.54248999999716, "tke": 0.5071166649460792, "tke_score": 79.77291316210105}
BEST iteration=3000 final_est=81.072676 alpha=1.0 abs=0.0075 rel=0.0075
TRAIN {"angle_aug_abs_deg": 0.0, "aoa_effective_shift_abs_deg_mean": 0.0, "aoa_meanfield_aug_fraction": 0.0, "aoa_meanfield_lambda_mean": 0.0, "delta_penalty": 2.830019902830827e-05, "grad_rel": 0.500439991056919, "iteration": 3020, "loss": 0.14370608814060687, "lr": 6.804933214561213e-05, "mse": 0.00012987860663997707, "p_zero": 0.0, "point_rel": 0.07830808274447917, "residual_mse": 0.0001298786080951686, "temporal_rel": 0.9113740354776383, "tke_rel": 0.5085109695792198}
TRAIN {"angle_aug_abs_deg": 0.0, "aoa_effective_shift_abs_deg_mean": 0.0, "aoa_meanfield_aug_fraction": 0.0, "aoa_meanfield_lambda_mean": 0.0, "delta_penalty": 2.6969099144480425e-05, "grad_rel": 0.5011756673455239, "iteration": 3040, "loss": 0.14366068691015244, "lr": 6.686206471967734e-05, "mse": 0.00012704274831776274, "p_zero": 0.0, "point_rel": 0.0777226148173213, "residual_mse": 0.00012704274849966167, "temporal_rel": 0.9137192070484161, "tke_rel": 0.5161702007055282}
TRAIN {"angle_aug_abs_deg": 0.0, "aoa_effective_shift_abs_deg_mean": 0.0, "aoa_meanfield_aug_fraction": 0.0, "aoa_meanfield_lambda_mean": 0.0, "delta_penalty": 2.7451897221908438e-05, "grad_rel": 0.5026203900575638, "iteration": 3060, "loss": 0.14252591878175735, "lr": 6.568002179543415e-05, "mse": 0.00012632738089450867, "p_zero": 0.0, "point_rel": 0.07726913318037987, "residual_mse": 0.00012632738089450867, "temporal_rel": 0.9076905697584152, "tke_rel": 0.5074718773365021}
TRAIN {"angle_aug_abs_deg": 0.0, "aoa_effective_shift_abs_deg_mean": 0.0, "aoa_meanfield_aug_fraction": 0.0, "aoa_meanfield_lambda_mean": 0.0, "delta_penalty": 2.651830136528588e-05, "grad_rel": 0.5021253734827041, "iteration": 3080, "loss": 0.14229597747325898, "lr": 6.450338973287157e-05, "mse": 0.00012259440081834326, "p_zero": 0.0, "point_rel": 0.07706638928502799, "residual_mse": 0.0001225944004545454, "temporal_rel": 0.9109179198741912, "tke_rel": 0.5055476993322372}
TRAIN {"angle_aug_abs_deg": 0.0, "aoa_effective_shift_abs_deg_mean": 0.0, "aoa_meanfield_aug_fraction": 0.0, "aoa_meanfield_lambda_mean": 0.0, "delta_penalty": 3.141957113257376e-05, "grad_rel": 0.4987339094281197, "iteration": 3100, "loss": 0.14305259957909583, "lr": 6.333235403890644e-05, "mse": 0.0001620334098333842, "p_zero": 0.0, "point_rel": 0.07680426109582186, "residual_mse": 0.00016203341128857575, "temporal_rel": 0.9116523802280426, "tke_rel": 0.5228086471557617}
TRAIN {"angle_aug_abs_deg": 0.0, "aoa_effective_shift_abs_deg_mean": 0.0, "aoa_meanfield_aug_fraction": 0.0, "aoa_meanfield_lambda_mean": 0.0, "delta_penalty": 2.74525792519853e-05, "grad_rel": 0.5048086896538735, "iteration": 3120, "loss": 0.1434532508254051, "lr": 6.216709933813619e-05, "mse": 0.00012563310428959085, "p_zero": 0.0, "point_rel": 0.0779363039880991, "residual_mse": 0.00012563310392579296, "temporal_rel": 0.9119068622589112, "tke_rel": 0.5091561645269393}
TRAIN {"angle_aug_abs_deg": 0.0, "aoa_effective_shift_abs_deg_mean": 0.0, "aoa_meanfield_aug_fraction": 0.0, "aoa_meanfield_lambda_mean": 0.0, "delta_penalty": 2.903689392041997e-05, "grad_rel": 0.5014757588505745, "iteration": 3140, "loss": 0.14341879561543464, "lr": 6.100780934373137e-05, "mse": 0.00012924805105285486, "p_zero": 0.0, "point_rel": 0.07890472412109376, "residual_mse": 0.0001292480503252591, "temporal_rel": 0.9038667201995849, "tke_rel": 0.4972763404250145}
TRAIN {"angle_aug_abs_deg": 0.0, "aoa_effective_shift_abs_deg_mean": 0.0, "aoa_meanfield_aug_fraction": 0.0, "aoa_meanfield_lambda_mean": 0.0, "delta_penalty": 2.6418528523208807e-05, "grad_rel": 0.5013503491878509, "iteration": 3160, "loss": 0.1429706834256649, "lr": 5.98546668284715e-05, "mse": 0.00012051424109813525, "p_zero": 0.0, "point_rel": 0.07703780326992274, "residual_mse": 0.00012051424073433736, "temporal_rel": 0.9062522381544114, "tke_rel": 0.5198062479496002}
TRAIN {"angle_aug_abs_deg": 0.0, "aoa_effective_shift_abs_deg_mean": 0.0, "aoa_meanfield_aug_fraction": 0.0, "aoa_meanfield_lambda_mean": 0.0, "delta_penalty": 2.9277032444952057e-05, "grad_rel": 0.5036244362592697, "iteration": 3180, "loss": 0.14291583895683288, "lr": 5.870785359592908e-05, "mse": 0.00013431279476208146, "p_zero": 0.0, "point_rel": 0.07690713703632354, "residual_mse": 0.00013431279476208146, "temporal_rel": 0.9066534698009491, "tke_rel": 0.5202309042215347}
TRAIN {"angle_aug_abs_deg": 0.0, "aoa_effective_shift_abs_deg_mean": 0.0, "aoa_meanfield_aug_fraction": 0.0, "aoa_meanfield_lambda_mean": 0.0, "delta_penalty": 3.0341248520926457e-05, "grad_rel": 0.5152180582284928, "iteration": 3200, "loss": 0.14545878469944, "lr": 5.756755045180682e-05, "mse": 0.0001496324676736549, "p_zero": 0.0, "point_rel": 0.08055041432380676, "residual_mse": 0.0001496324654908676, "temporal_rel": 0.9019821375608444, "tke_rel": 0.501252344250679}
TRAIN {"angle_aug_abs_deg": 0.0, "aoa_effective_shift_abs_deg_mean": 0.0, "aoa_meanfield_aug_fraction": 0.0, "aoa_meanfield_lambda_mean": 0.0, "delta_penalty": 2.9813753644702957e-05, "grad_rel": 0.5011063382029534, "iteration": 3220, "loss": 0.14282198399305343, "lr": 5.64339371754318e-05, "mse": 0.00013555058467318304, "p_zero": 0.0, "point_rel": 0.07822297662496566, "residual_mse": 0.00013555058467318304, "temporal_rel": 0.9054330140352249, "tke_rel": 0.49796934574842455}
TRAIN {"angle_aug_abs_deg": 0.0, "aoa_effective_shift_abs_deg_mean": 0.0, "aoa_meanfield_aug_fraction": 0.0, "aoa_meanfield_lambda_mean": 0.0, "delta_penalty": 3.270263114245609e-05, "grad_rel": 0.5074398890137672, "iteration": 3240, "loss": 0.145135734975338, "lr": 5.530719249141156e-05, "mse": 0.00016864831086422783, "p_zero": 0.0, "point_rel": 0.07948203422129155, "residual_mse": 0.0001686483130470151, "temporal_rel": 0.9070915639400482, "tke_rel": 0.512968523800373}
TRAIN {"angle_aug_abs_deg": 0.0, "aoa_effective_shift_abs_deg_mean": 0.0, "aoa_meanfield_aug_fraction": 0.0, "aoa_meanfield_lambda_mean": 0.0, "delta_penalty": 2.9323134549485984e-05, "grad_rel": 0.5032427877187728, "iteration": 3260, "loss": 0.14338153339922427, "lr": 5.4187494041456706e-05, "mse": 0.00013542424221668625, "p_zero": 0.0, "point_rel": 0.07807023897767067, "residual_mse": 0.00013542424221668625, "temporal_rel": 0.908556091785431, "tke_rel": 0.5077459961175919}
TRAIN {"angle_aug_abs_deg": 0.0, "aoa_effective_shift_abs_deg_mean": 0.0, "aoa_meanfield_aug_fraction": 0.0, "aoa_meanfield_lambda_mean": 0.0, "delta_penalty": 2.847858122549951e-05, "grad_rel": 0.5050747603178024, "iteration": 3280, "loss": 0.14322904199361802, "lr": 5.307501835637395e-05, "mse": 0.0001324386541455169, "p_zero": 0.0, "point_rel": 0.07911377511918545, "residual_mse": 0.00013243865469121375, "temporal_rel": 0.901920422911644, "tke_rel": 0.4906872272491455}
TRAIN {"angle_aug_abs_deg": 0.0, "aoa_effective_shift_abs_deg_mean": 0.0, "aoa_meanfield_aug_fraction": 0.0, "aoa_meanfield_lambda_mean": 0.0, "delta_penalty": 2.9541643107222627e-05, "grad_rel": 0.5000073686242104, "iteration": 3300, "loss": 0.14299607910215856, "lr": 5.1969940828234225e-05, "mse": 0.00015013133706816008, "p_zero": 0.0, "point_rel": 0.07836581841111183, "residual_mse": 0.00015013133925094734, "temporal_rel": 0.902874407172203, "tke_rel": 0.499971479177475}
TRAIN {"angle_aug_abs_deg": 0.0, "aoa_effective_shift_abs_deg_mean": 0.0, "aoa_meanfield_aug_fraction": 0.0, "aoa_meanfield_lambda_mean": 0.0, "delta_penalty": 3.0052186230022925e-05, "grad_rel": 0.508947665989399, "iteration": 3320, "loss": 0.14471154063940048, "lr": 5.0872435682720875e-05, "mse": 0.00014747417590115218, "p_zero": 0.0, "point_rel": 0.08010938800871373, "residual_mse": 0.00014747417735634373, "temporal_rel": 0.9000302404165268, "tke_rel": 0.4987031638622284}
TRAIN {"angle_aug_abs_deg": 0.0, "aoa_effective_shift_abs_deg_mean": 0.0, "aoa_meanfield_aug_fraction": 0.0, "aoa_meanfield_lambda_mean": 0.0, "delta_penalty": 2.9193762748036535e-05, "grad_rel": 0.5050478562712669, "iteration": 3340, "loss": 0.14352857656776905, "lr": 4.978267595166093e-05, "mse": 0.00013541048374463572, "p_zero": 0.0, "point_rel": 0.07796142846345902, "residual_mse": 0.00013541048301703995, "temporal_rel": 0.9060938417911529, "tke_rel": 0.51279017329216}
TRAIN {"angle_aug_abs_deg": 0.0, "aoa_effective_shift_abs_deg_mean": 0.0, "aoa_meanfield_aug_fraction": 0.0, "aoa_meanfield_lambda_mean": 0.0, "delta_penalty": 2.7466381379781523e-05, "grad_rel": 0.4931088641285896, "iteration": 3360, "loss": 0.13740528970956803, "lr": 4.87008334457454e-05, "mse": 0.00011310906338621863, "p_zero": 0.0, "point_rel": 0.07247272990643978, "residual_mse": 0.00011310906265862286, "temporal_rel": 0.9067488610744476, "tke_rel": 0.5049830287694931}
TRAIN {"angle_aug_abs_deg": 0.0, "aoa_effective_shift_abs_deg_mean": 0.0, "aoa_meanfield_aug_fraction": 0.0, "aoa_meanfield_lambda_mean": 0.0, "delta_penalty": 3.118070353593794e-05, "grad_rel": 0.5101184114813805, "iteration": 3380, "loss": 0.14593811556696892, "lr": 4.76270787274416e-05, "mse": 0.00015638013555872022, "p_zero": 0.0, "point_rel": 0.08045223206281663, "residual_mse": 0.00015638013665011385, "temporal_rel": 0.9086574703454972, "tke_rel": 0.5087807774543762}
TRAIN {"angle_aug_abs_deg": 0.0, "aoa_effective_shift_abs_deg_mean": 0.0, "aoa_meanfield_aug_fraction": 0.0, "aoa_meanfield_lambda_mean": 0.0, "delta_penalty": 3.113851444140892e-05, "grad_rel": 0.5096713900566101, "iteration": 3400, "loss": 0.14534141309559345, "lr": 4.656158108410237e-05, "mse": 0.00014438041580433492, "p_zero": 0.0, "point_rel": 0.07949085235595703, "residual_mse": 0.00014438041544053703, "temporal_rel": 0.9147910714149475, "tke_rel": 0.5119637235999107}
TRAIN {"angle_aug_abs_deg": 0.0, "aoa_effective_shift_abs_deg_mean": 0.0, "aoa_meanfield_aug_fraction": 0.0, "aoa_meanfield_lambda_mean": 0.0, "delta_penalty": 2.9373931920417817e-05, "grad_rel": 0.5029015362262725, "iteration": 3420, "loss": 0.14511381685733796, "lr": 4.550450850127633e-05, "mse": 0.00014398577077372464, "p_zero": 0.0, "point_rel": 0.08011663295328617, "residual_mse": 0.00014398577077372464, "temporal_rel": 0.9030082553625107, "tke_rel": 0.5053271785378456}
TRAIN {"angle_aug_abs_deg": 0.0, "aoa_effective_shift_abs_deg_mean": 0.0, "aoa_meanfield_aug_fraction": 0.0, "aoa_meanfield_lambda_mean": 0.0, "delta_penalty": 2.7656655765895267e-05, "grad_rel": 0.49476443976163864, "iteration": 3440, "loss": 0.14060922488570213, "lr": 4.445602763622357e-05, "mse": 0.0001206697159432224, "p_zero": 0.0, "point_rel": 0.0757513165473938, "residual_mse": 0.0001206697159432224, "temporal_rel": 0.906982696056366, "tke_rel": 0.5031701534986496}
TRAIN {"angle_aug_abs_deg": 0.0, "aoa_effective_shift_abs_deg_mean": 0.0, "aoa_meanfield_aug_fraction": 0.0, "aoa_meanfield_lambda_mean": 0.0, "delta_penalty": 3.06221495520731e-05, "grad_rel": 0.514078539609909, "iteration": 3460, "loss": 0.14797294251620768, "lr": 4.3416303791640395e-05, "mse": 0.00015230408880597678, "p_zero": 0.0, "point_rel": 0.08216203544288873, "residual_mse": 0.00015230408807838104, "temporal_rel": 0.9047839164733886, "tke_rel": 0.515165102481842}
TRAIN {"angle_aug_abs_deg": 0.0, "aoa_effective_shift_abs_deg_mean": 0.0, "aoa_meanfield_aug_fraction": 0.0, "aoa_meanfield_lambda_mean": 0.0, "delta_penalty": 3.175362453475827e-05, "grad_rel": 0.5170581817626954, "iteration": 3480, "loss": 0.1467454433441162, "lr": 4.2385500889597975e-05, "mse": 0.00015846493479330093, "p_zero": 0.0, "point_rel": 0.081086066365242, "residual_mse": 0.00015846493479330093, "temporal_rel": 0.905350786447525, "tke_rel": 0.5115801721811295}
TRAIN {"angle_aug_abs_deg": 0.0, "aoa_effective_shift_abs_deg_mean": 0.0, "aoa_meanfield_aug_fraction": 0.0, "aoa_meanfield_lambda_mean": 0.0, "delta_penalty": 3.0178201450326013e-05, "grad_rel": 0.5041241899132729, "iteration": 3500, "loss": 0.14318544939160346, "lr": 4.1363781445698464e-05, "mse": 0.00013899219065933722, "p_zero": 0.0, "point_rel": 0.07817321829497814, "residual_mse": 0.00013899219211452874, "temporal_rel": 0.9057295352220536, "tke_rel": 0.5039363667368889}
TRAIN {"angle_aug_abs_deg": 0.0, "aoa_effective_shift_abs_deg_mean": 0.0, "aoa_meanfield_aug_fraction": 0.0, "aoa_meanfield_lambda_mean": 0.0, "delta_penalty": 3.081100812778459e-05, "grad_rel": 0.5018995612859726, "iteration": 3520, "loss": 0.14330454505980014, "lr": 4.035130654345281e-05, "mse": 0.000150441293772019, "p_zero": 0.0, "point_rel": 0.078822435811162, "residual_mse": 0.00015044129231682745, "temporal_rel": 0.9008480548858643, "tke_rel": 0.4980404406785965}
TRAIN {"angle_aug_abs_deg": 0.0, "aoa_effective_shift_abs_deg_mean": 0.0, "aoa_meanfield_aug_fraction": 0.0, "aoa_meanfield_lambda_mean": 0.0, "delta_penalty": 3.132514284516219e-05, "grad_rel": 0.5108521983027459, "iteration": 3540, "loss": 0.14589742571115494, "lr": 3.934823580888475e-05, "mse": 0.00014841317915852413, "p_zero": 0.0, "point_rel": 0.08057379499077796, "residual_mse": 0.0001484131780671305, "temporal_rel": 0.9034697234630584, "tke_rel": 0.508526785671711}
TRAIN {"angle_aug_abs_deg": 0.0, "aoa_effective_shift_abs_deg_mean": 0.0, "aoa_meanfield_aug_fraction": 0.0, "aoa_meanfield_lambda_mean": 0.0, "delta_penalty": 3.101292177234427e-05, "grad_rel": 0.4966174215078354, "iteration": 3560, "loss": 0.1429991066455841, "lr": 3.835472738536387e-05, "mse": 0.0001475596262025647, "p_zero": 0.0, "point_rel": 0.07788930907845497, "residual_mse": 0.00014755962511117104, "temporal_rel": 0.9069938629865646, "tke_rel": 0.506763955950737}
TRAIN {"angle_aug_abs_deg": 0.0, "aoa_effective_shift_abs_deg_mean": 0.0, "aoa_meanfield_aug_fraction": 0.0, "aoa_meanfield_lambda_mean": 0.0, "delta_penalty": 3.062787100134301e-05, "grad_rel": 0.4999512121081352, "iteration": 3580, "loss": 0.14298849366605282, "lr": 3.737093790867312e-05, "mse": 0.00013784576331090647, "p_zero": 0.0, "point_rel": 0.07775301709771157, "residual_mse": 0.00013784576003672555, "temporal_rel": 0.9028126448392868, "tke_rel": 0.5101643979549408}
TRAIN {"angle_aug_abs_deg": 0.0, "aoa_effective_shift_abs_deg_mean": 0.0, "aoa_meanfield_aug_fraction": 0.0, "aoa_meanfield_lambda_mean": 0.0, "delta_penalty": 2.91678860776301e-05, "grad_rel": 0.5021437287330628, "iteration": 3600, "loss": 0.1424557939171791, "lr": 3.639702248231382e-05, "mse": 0.0001198076264699921, "p_zero": 0.0, "point_rel": 0.07804219909012318, "residual_mse": 0.00011980762683378998, "temporal_rel": 0.9068469196557999, "tke_rel": 0.49399175196886064}
TRAIN {"angle_aug_abs_deg": 0.0, "aoa_effective_shift_abs_deg_mean": 0.0, "aoa_meanfield_aug_fraction": 0.0, "aoa_meanfield_lambda_mean": 0.0, "delta_penalty": 2.9559566974057817e-05, "grad_rel": 0.50275416970253, "iteration": 3620, "loss": 0.14112183302640915, "lr": 3.543313465305188e-05, "mse": 0.00013318558831088012, "p_zero": 0.0, "point_rel": 0.07695943601429463, "residual_mse": 0.0001331855868556886, "temporal_rel": 0.9045151889324188, "tke_rel": 0.4907513439655304}
TRAIN {"angle_aug_abs_deg": 0.0, "aoa_effective_shift_abs_deg_mean": 0.0, "aoa_meanfield_aug_fraction": 0.0, "aoa_meanfield_lambda_mean": 0.0, "delta_penalty": 3.1706039862910984e-05, "grad_rel": 0.5066732421517373, "iteration": 3640, "loss": 0.14486696682870387, "lr": 3.447942638670984e-05, "mse": 0.00014896533357386943, "p_zero": 0.0, "point_rel": 0.08037531469017267, "residual_mse": 0.00014896533393766732, "temporal_rel": 0.8974634766578674, "tke_rel": 0.49870540797710416}
TRAIN {"angle_aug_abs_deg": 0.0, "aoa_effective_shift_abs_deg_mean": 0.0, "aoa_meanfield_aug_fraction": 0.0, "aoa_meanfield_lambda_mean": 0.0, "delta_penalty": 2.86115826384048e-05, "grad_rel": 0.5057326018810272, "iteration": 3660, "loss": 0.14326895251870156, "lr": 3.3536048044208266e-05, "mse": 0.00012203256846987642, "p_zero": 0.0, "point_rel": 0.07821760512888432, "residual_mse": 0.00012203256774228066, "temporal_rel": 0.9049557089805603, "tke_rel": 0.5046584740281105}
TRAIN {"angle_aug_abs_deg": 0.0, "aoa_effective_shift_abs_deg_mean": 0.0, "aoa_meanfield_aug_fraction": 0.0, "aoa_meanfield_lambda_mean": 0.0, "delta_penalty": 2.959291787192342e-05, "grad_rel": 0.4977877587080002, "iteration": 3680, "loss": 0.14078482314944268, "lr": 3.2603148357859586e-05, "mse": 0.00013222861070971703, "p_zero": 0.0, "point_rel": 0.07634533867239952, "residual_mse": 0.00013222861216490855, "temporal_rel": 0.9055002629756927, "tke_rel": 0.49612331986427305}
TRAIN {"angle_aug_abs_deg": 0.0, "aoa_effective_shift_abs_deg_mean": 0.0, "aoa_meanfield_aug_fraction": 0.0, "aoa_meanfield_lambda_mean": 0.0, "delta_penalty": 2.981904308398953e-05, "grad_rel": 0.4961084246635437, "iteration": 3700, "loss": 0.1395602311939001, "lr": 3.168087440791941e-05, "mse": 0.0001247509841050487, "p_zero": 0.0, "point_rel": 0.07515562567859888, "residual_mse": 0.00012475098155846355, "temporal_rel": 0.904499813914299, "tke_rel": 0.49649943262338636}
TRAIN {"angle_aug_abs_deg": 0.0, "aoa_effective_shift_abs_deg_mean": 0.0, "aoa_meanfield_aug_fraction": 0.0, "aoa_meanfield_lambda_mean": 0.0, "delta_penalty": 2.7964794298895868e-05, "grad_rel": 0.4956243887543678, "iteration": 3720, "loss": 0.14094677455723287, "lr": 3.07693715993977e-05, "mse": 0.00012724536209134384, "p_zero": 0.0, "point_rel": 0.07644205894321203, "residual_mse": 0.00012724536027235444, "temporal_rel": 0.9005500465631485, "tke_rel": 0.5002519324421882}
TRAIN {"angle_aug_abs_deg": 0.0, "aoa_effective_shift_abs_deg_mean": 0.0, "aoa_meanfield_aug_fraction": 0.0, "aoa_meanfield_lambda_mean": 0.0, "delta_penalty": 3.0398862327274402e-05, "grad_rel": 0.5024045005440712, "iteration": 3740, "loss": 0.14110803604125977, "lr": 2.9868783639134532e-05, "mse": 0.00013198085034673567, "p_zero": 0.0, "point_rel": 0.07613792903721332, "residual_mse": 0.00013198084961913993, "temporal_rel": 0.9117374211549759, "tke_rel": 0.5006952941417694}
TRAIN {"angle_aug_abs_deg": 0.0, "aoa_effective_shift_abs_deg_mean": 0.0, "aoa_meanfield_aug_fraction": 0.0, "aoa_meanfield_lambda_mean": 0.0, "delta_penalty": 2.8665688114415387e-05, "grad_rel": 0.5053001910448074, "iteration": 3760, "loss": 0.1420401655137539, "lr": 2.897925251314333e-05, "mse": 0.00010856895460165106, "p_zero": 0.0, "point_rel": 0.07799504846334457, "residual_mse": 0.00010856895714823622, "temporal_rel": 0.8972767293453217, "tke_rel": 0.4919028654694557}
TRAIN {"angle_aug_abs_deg": 0.0, "aoa_effective_shift_abs_deg_mean": 0.0, "aoa_meanfield_aug_fraction": 0.0, "aoa_meanfield_lambda_mean": 0.0, "delta_penalty": 2.945239584732917e-05, "grad_rel": 0.5082914605736732, "iteration": 3780, "loss": 0.14420682266354562, "lr": 2.8100918464225317e-05, "mse": 0.00012817737588193266, "p_zero": 0.0, "point_rel": 0.07980817295610905, "residual_mse": 0.0001281773755181348, "temporal_rel": 0.9064173579216004, "tke_rel": 0.4923785746097565}
TRAIN {"angle_aug_abs_deg": 0.0, "aoa_effective_shift_abs_deg_mean": 0.0, "aoa_meanfield_aug_fraction": 0.0, "aoa_meanfield_lambda_mean": 0.0, "delta_penalty": 2.8516489419416757e-05, "grad_rel": 0.5005241125822067, "iteration": 3800, "loss": 0.13975738510489463, "lr": 2.7233919969859107e-05, "mse": 0.0001226438902449445, "p_zero": 0.0, "point_rel": 0.07508797310292721, "residual_mse": 0.0001226438898811466, "temporal_rel": 0.9105592787265777, "tke_rel": 0.49679015278816224}
TRAIN {"angle_aug_abs_deg": 0.0, "aoa_effective_shift_abs_deg_mean": 0.0, "aoa_meanfield_aug_fraction": 0.0, "aoa_meanfield_lambda_mean": 0.0, "delta_penalty": 3.100962003372842e-05, "grad_rel": 0.5092386871576309, "iteration": 3820, "loss": 0.14479944631457328, "lr": 2.637839372036846e-05, "mse": 0.0001437513490600395, "p_zero": 0.0, "point_rel": 0.07985018473118544, "residual_mse": 0.00014375134833244374, "temporal_rel": 0.9031920194625854, "tke_rel": 0.5028528958559036}
TRAIN {"angle_aug_abs_deg": 0.0, "aoa_effective_shift_abs_deg_mean": 0.0, "aoa_meanfield_aug_fraction": 0.0, "aoa_meanfield_lambda_mean": 0.0, "delta_penalty": 3.060859689867357e-05, "grad_rel": 0.5033568680286408, "iteration": 3840, "loss": 0.14222958758473397, "lr": 2.553447459737163e-05, "mse": 0.00013673199555341853, "p_zero": 0.0, "point_rel": 0.07779313623905182, "residual_mse": 0.00013673199664481216, "temporal_rel": 0.9031580746173858, "tke_rel": 0.49582878649234774}
TRAIN {"angle_aug_abs_deg": 0.0, "aoa_effective_shift_abs_deg_mean": 0.0, "aoa_meanfield_aug_fraction": 0.0, "aoa_meanfield_lambda_mean": 0.0, "delta_penalty": 3.0399725346796913e-05, "grad_rel": 0.5018859446048737, "iteration": 3860, "loss": 0.1426636751741171, "lr": 2.470229565251615e-05, "mse": 0.00014477991298917915, "p_zero": 0.0, "point_rel": 0.07794514652341604, "residual_mse": 0.0001447799137167749, "temporal_rel": 0.9019773244857788, "tke_rel": 0.5014479473233223}
TRAIN {"angle_aug_abs_deg": 0.0, "aoa_effective_shift_abs_deg_mean": 0.0, "aoa_meanfield_aug_fraction": 0.0, "aoa_meanfield_lambda_mean": 0.0, "delta_penalty": 2.985785858982126e-05, "grad_rel": 0.4980468899011612, "iteration": 3880, "loss": 0.1414669930934906, "lr": 2.3881988086502067e-05, "mse": 0.0001316485117058619, "p_zero": 0.0, "point_rel": 0.07676066234707832, "residual_mse": 0.00013164851097826613, "temporal_rel": 0.902239790558815, "tke_rel": 0.5021390438079834}
TRAIN {"angle_aug_abs_deg": 0.0, "aoa_effective_shift_abs_deg_mean": 0.0, "aoa_meanfield_aug_fraction": 0.0, "aoa_meanfield_lambda_mean": 0.0, "delta_penalty": 2.6473431717022322e-05, "grad_rel": 0.4865338891744614, "iteration": 3900, "loss": 0.13462105989456177, "lr": 2.307368122839677e-05, "mse": 9.986726454371819e-05, "p_zero": 0.0, "point_rel": 0.07078608330339194, "residual_mse": 9.986726417992031e-05, "temporal_rel": 0.8983556002378463, "tke_rel": 0.49259684681892396}
TRAIN {"angle_aug_abs_deg": 0.0, "aoa_effective_shift_abs_deg_mean": 0.0, "aoa_meanfield_aug_fraction": 0.0, "aoa_meanfield_lambda_mean": 0.0, "delta_penalty": 3.277026635259972e-05, "grad_rel": 0.5111303165555, "iteration": 3920, "loss": 0.14648970514535903, "lr": 2.227750251524523e-05, "mse": 0.00015938949709379813, "p_zero": 0.0, "point_rel": 0.08186411820352077, "residual_mse": 0.00015938949745759602, "temporal_rel": 0.8973946005105973, "tke_rel": 0.4998054176568985}
TRAIN {"angle_aug_abs_deg": 0.0, "aoa_effective_shift_abs_deg_mean": 0.0, "aoa_meanfield_aug_fraction": 0.0, "aoa_meanfield_lambda_mean": 0.0, "delta_penalty": 2.9151321632525652e-05, "grad_rel": 0.5038440197706222, "iteration": 3940, "loss": 0.14383008256554602, "lr": 2.1493577471978235e-05, "mse": 0.00012163453438915895, "p_zero": 0.0, "point_rel": 0.07944402918219566, "residual_mse": 0.00012163453220637166, "temporal_rel": 0.9049381166696548, "tke_rel": 0.49405295848846437}
TRAIN {"angle_aug_abs_deg": 0.0, "aoa_effective_shift_abs_deg_mean": 0.0, "aoa_meanfield_aug_fraction": 0.0, "aoa_meanfield_lambda_mean": 0.0, "delta_penalty": 3.313600382170989e-05, "grad_rel": 0.5087647631764411, "iteration": 3960, "loss": 0.14468649961054325, "lr": 2.0722029691622322e-05, "mse": 0.00015027245481178398, "p_zero": 0.0, "point_rel": 0.07908344082534313, "residual_mse": 0.00015027245663077338, "temporal_rel": 0.9102794080972672, "tke_rel": 0.5102910220623016}
TRAIN {"angle_aug_abs_deg": 0.0, "aoa_effective_shift_abs_deg_mean": 0.0, "aoa_meanfield_aug_fraction": 0.0, "aoa_meanfield_lambda_mean": 0.0, "delta_penalty": 3.350401802890701e-05, "grad_rel": 0.4960305571556091, "iteration": 3980, "loss": 0.14035328067839145, "lr": 1.9962980815814227e-05, "mse": 0.00014838364149909465, "p_zero": 0.0, "point_rel": 0.07582067623734474, "residual_mse": 0.00014838364004390314, "temporal_rel": 0.9024883002042771, "tke_rel": 0.49953848868608475}
TRAIN {"angle_aug_abs_deg": 0.0, "aoa_effective_shift_abs_deg_mean": 0.0, "aoa_meanfield_aug_fraction": 0.0, "aoa_meanfield_lambda_mean": 0.0, "delta_penalty": 3.333517552164267e-05, "grad_rel": 0.5098093286156654, "iteration": 4000, "loss": 0.14550607651472092, "lr": 1.9216550515622787e-05, "mse": 0.00014907242184563073, "p_zero": 0.0, "point_rel": 0.08064123913645745, "residual_mse": 0.000149072421118035, "temporal_rel": 0.8988743364810944, "tke_rel": 0.503434669971466}
EVAL_TOP {"alpha": 1.0, "best_bound_abs": 0.0075, "best_bound_rel": 0.0075, "best_bounds": [{"abs": 0.0075, "coverage": 0.8246269035339355, "final_est": 81.27119910930199, "rel": 0.0075, "sps_raw": 0.472334615111351, "sps_score_linear": 47.2334615111351, "sps_score_used": 47.2334615111351}], "best_final_est": 81.27119910930199, "iteration": 4000, "mean_t_neural_s": 0.01762683533, "mvpe": 0.07685456732288003, "mvpe_score": 96.29947284070315, "n": 640, "rel_l2": 0.08439745865762234, "rel_l2_score": 95.95099013832154, "time_score": 86.54248999999716, "tke": 0.48974284902215004, "tke_score": 80.32958105635298}
BEST iteration=4000 final_est=81.271199 alpha=1.0 abs=0.0075 rel=0.0075
TRAIN {"angle_aug_abs_deg": 0.0, "aoa_effective_shift_abs_deg_mean": 0.0, "aoa_meanfield_aug_fraction": 0.0, "aoa_meanfield_lambda_mean": 0.0, "delta_penalty": 2.7922445678996154e-05, "grad_rel": 0.4952455714344978, "iteration": 4020, "loss": 0.1392087772488594, "lr": 1.8482856472681825e-05, "mse": 0.00011145874641442788, "p_zero": 0.0, "point_rel": 0.07506332658231259, "residual_mse": 0.00011145874677822575, "temporal_rel": 0.9072474062442779, "tke_rel": 0.4910892128944397}
TRAIN {"angle_aug_abs_deg": 0.0, "aoa_effective_shift_abs_deg_mean": 0.0, "aoa_meanfield_aug_fraction": 0.0, "aoa_meanfield_lambda_mean": 0.0, "delta_penalty": 3.2095101778395475e-05, "grad_rel": 0.5019230872392655, "iteration": 4040, "loss": 0.14217740967869757, "lr": 1.7762014360636595e-05, "mse": 0.00015173604951996823, "p_zero": 0.0, "point_rel": 0.07809249609708786, "residual_mse": 0.00015173605097515975, "temporal_rel": 0.9028935581445694, "tke_rel": 0.4903849884867668}
TRAIN {"angle_aug_abs_deg": 0.0, "aoa_effective_shift_abs_deg_mean": 0.0, "aoa_meanfield_aug_fraction": 0.0, "aoa_meanfield_lambda_mean": 0.0, "delta_penalty": 3.211307302990463e-05, "grad_rel": 0.5096005365252495, "iteration": 4060, "loss": 0.14522444754838942, "lr": 1.7054137826906585e-05, "mse": 0.0001456692551073502, "p_zero": 0.0, "point_rel": 0.07956544533371926, "residual_mse": 0.00014566925619874382, "temporal_rel": 0.903455251455307, "tke_rel": 0.51444993019104}
TRAIN {"angle_aug_abs_deg": 0.0, "aoa_effective_shift_abs_deg_mean": 0.0, "aoa_meanfield_aug_fraction": 0.0, "aoa_meanfield_lambda_mean": 0.0, "delta_penalty": 3.0062392033869402e-05, "grad_rel": 0.5017355889081955, "iteration": 4080, "loss": 0.14098785929381846, "lr": 1.6359338474768196e-05, "mse": 0.00012505840768426424, "p_zero": 0.0, "point_rel": 0.07673350851982833, "residual_mse": 0.00012505840841186, "temporal_rel": 0.9018206417560577, "tke_rel": 0.49392633587121965}
TRAIN {"angle_aug_abs_deg": 0.0, "aoa_effective_shift_abs_deg_mean": 0.0, "aoa_meanfield_aug_fraction": 0.0, "aoa_meanfield_lambda_mean": 0.0, "delta_penalty": 3.0126681031106274e-05, "grad_rel": 0.49790526181459427, "iteration": 4100, "loss": 0.14100918397307396, "lr": 1.56777258457592e-05, "mse": 0.00013350729386729654, "p_zero": 0.0, "point_rel": 0.07673743572086096, "residual_mse": 0.00013350729386729654, "temporal_rel": 0.8970399707555771, "tke_rel": 0.4975219488143921}
TRAIN {"angle_aug_abs_deg": 0.0, "aoa_effective_shift_abs_deg_mean": 0.0, "aoa_meanfield_aug_fraction": 0.0, "aoa_meanfield_lambda_mean": 0.0, "delta_penalty": 3.164559884680784e-05, "grad_rel": 0.4951398506760597, "iteration": 4120, "loss": 0.14135916233062745, "lr": 1.5009407402408643e-05, "mse": 0.00013975120164104736, "p_zero": 0.0, "point_rel": 0.0772308150306344, "residual_mse": 0.00013975120164104736, "temporal_rel": 0.8994924575090408, "tke_rel": 0.4945652738213539}
TRAIN {"angle_aug_abs_deg": 0.0, "aoa_effective_shift_abs_deg_mean": 0.0, "aoa_meanfield_aug_fraction": 0.0, "aoa_meanfield_lambda_mean": 0.0, "delta_penalty": 3.17358409120061e-05, "grad_rel": 0.5066495731472969, "iteration": 4140, "loss": 0.1445076897740364, "lr": 1.4354488511294422e-05, "mse": 0.0001555190083308844, "p_zero": 0.0, "point_rel": 0.07901367377489805, "residual_mse": 0.0001555190083308844, "temporal_rel": 0.9066199988126755, "tke_rel": 0.5108064368367196}
TRAIN {"angle_aug_abs_deg": 0.0, "aoa_effective_shift_abs_deg_mean": 0.0, "aoa_meanfield_aug_fraction": 0.0, "aoa_meanfield_lambda_mean": 0.0, "delta_penalty": 3.203060596206342e-05, "grad_rel": 0.493713866174221, "iteration": 4160, "loss": 0.13865459188818932, "lr": 1.3713072426431134e-05, "mse": 0.00013616594442282802, "p_zero": 0.0, "point_rel": 0.07440275438129902, "residual_mse": 0.0001361659447866259, "temporal_rel": 0.900137546658516, "tke_rel": 0.49667524695396426}
TRAIN {"angle_aug_abs_deg": 0.0, "aoa_effective_shift_abs_deg_mean": 0.0, "aoa_meanfield_aug_fraction": 0.0, "aoa_meanfield_lambda_mean": 0.0, "delta_penalty": 3.0192979284038302e-05, "grad_rel": 0.499913489818573, "iteration": 4180, "loss": 0.14137295559048652, "lr": 1.3085260272991254e-05, "mse": 0.00012127204017815529, "p_zero": 0.0, "point_rel": 0.07688474468886852, "residual_mse": 0.00012127203945055953, "temporal_rel": 0.9036988765001297, "tke_rel": 0.49735926687717436}
TRAIN {"angle_aug_abs_deg": 0.0, "aoa_effective_shift_abs_deg_mean": 0.0, "aoa_meanfield_aug_fraction": 0.0, "aoa_meanfield_lambda_mean": 0.0, "delta_penalty": 3.1233030949806564e-05, "grad_rel": 0.5033589243888855, "iteration": 4200, "loss": 0.14117252826690674, "lr": 1.2471151031361797e-05, "mse": 0.000130205254208704, "p_zero": 0.0, "point_rel": 0.07684005796909332, "residual_mse": 0.00013020525711908703, "temporal_rel": 0.9077773004770279, "tke_rel": 0.4918180242180824}
TRAIN {"angle_aug_abs_deg": 0.0, "aoa_effective_shift_abs_deg_mean": 0.0, "aoa_meanfield_aug_fraction": 0.0, "aoa_meanfield_lambda_mean": 0.0, "delta_penalty": 2.8326348729024176e-05, "grad_rel": 0.49424305409193037, "iteration": 4220, "loss": 0.13973741307854654, "lr": 1.1870841521539048e-05, "mse": 0.00010357425671827513, "p_zero": 0.0, "point_rel": 0.07537520565092563, "residual_mse": 0.00010357425599067937, "temporal_rel": 0.9087835073471069, "tke_rel": 0.49422359764575957}
TRAIN {"angle_aug_abs_deg": 0.0, "aoa_effective_shift_abs_deg_mean": 0.0, "aoa_meanfield_aug_fraction": 0.0, "aoa_meanfield_lambda_mean": 0.0, "delta_penalty": 3.244779145461507e-05, "grad_rel": 0.4946809247136116, "iteration": 4240, "loss": 0.14015542082488536, "lr": 1.128442638786407e-05, "mse": 0.00015014850177976768, "p_zero": 0.0, "point_rel": 0.07579248659312725, "residual_mse": 0.0001501485014159698, "temporal_rel": 0.9032386243343353, "tke_rel": 0.4966645047068596}
TRAIN {"angle_aug_abs_deg": 0.0, "aoa_effective_shift_abs_deg_mean": 0.0, "aoa_meanfield_aug_fraction": 0.0, "aoa_meanfield_lambda_mean": 0.0, "delta_penalty": 2.8332551664789207e-05, "grad_rel": 0.4959061175584793, "iteration": 4260, "loss": 0.13979599364101886, "lr": 1.0711998084101205e-05, "mse": 0.00010747062115115113, "p_zero": 0.0, "point_rel": 0.07553366422653199, "residual_mse": 0.00010747061987785856, "temporal_rel": 0.9048829168081284, "tke_rel": 0.4940740138292313}
TRAIN {"angle_aug_abs_deg": 0.0, "aoa_effective_shift_abs_deg_mean": 0.0, "aoa_meanfield_aug_fraction": 0.0, "aoa_meanfield_lambda_mean": 0.0, "delta_penalty": 3.066731933358824e-05, "grad_rel": 0.5036649316549301, "iteration": 4280, "loss": 0.14051228128373622, "lr": 1.0153646858861752e-05, "mse": 0.00012538637201942038, "p_zero": 0.0, "point_rel": 0.0762968895956874, "residual_mse": 0.00012538637238321826, "temporal_rel": 0.9012307673692703, "tke_rel": 0.4930878147482872}
TRAIN {"angle_aug_abs_deg": 0.0, "aoa_effective_shift_abs_deg_mean": 0.0, "aoa_meanfield_aug_fraction": 0.0, "aoa_meanfield_lambda_mean": 0.0, "delta_penalty": 2.9485624418157384e-05, "grad_rel": 0.49984737634658816, "iteration": 4300, "loss": 0.14231950417160988, "lr": 9.60946074137555e-06, "mse": 0.0001367979417409515, "p_zero": 0.0, "point_rel": 0.07816494144499302, "residual_mse": 0.0001367979408314568, "temporal_rel": 0.9002645820379257, "tke_rel": 0.49345476776361463}
TRAIN {"angle_aug_abs_deg": 0.0, "aoa_effective_shift_abs_deg_mean": 0.0, "aoa_meanfield_aug_fraction": 0.0, "aoa_meanfield_lambda_mean": 0.0, "delta_penalty": 3.241316626372282e-05, "grad_rel": 0.49648717045783997, "iteration": 4320, "loss": 0.14059704318642616, "lr": 9.079525527612317e-06, "mse": 0.00013203837079345249, "p_zero": 0.0, "point_rel": 0.07668290622532367, "residual_mse": 0.00013203836788306945, "temporal_rel": 0.8985802292823791, "tke_rel": 0.4911527097225189}
TRAIN {"angle_aug_abs_deg": 0.0, "aoa_effective_shift_abs_deg_mean": 0.0, "aoa_meanfield_aug_fraction": 0.0, "aoa_meanfield_lambda_mean": 0.0, "delta_penalty": 3.166478672937956e-05, "grad_rel": 0.5016568079590797, "iteration": 4340, "loss": 0.14136878661811353, "lr": 8.563924766755061e-06, "mse": 0.00014548517647199332, "p_zero": 0.0, "point_rel": 0.07683004047721624, "residual_mse": 0.00014548517574439757, "temporal_rel": 0.8996569126844406, "tke_rel": 0.4996650964021683}
TRAIN {"angle_aug_abs_deg": 0.0, "aoa_effective_shift_abs_deg_mean": 0.0, "aoa_meanfield_aug_fraction": 0.0, "aoa_meanfield_lambda_mean": 0.0, "delta_penalty": 2.9961632571939843e-05, "grad_rel": 0.501901051402092, "iteration": 4360, "loss": 0.14266544282436372, "lr": 8.062739748027925e-06, "mse": 0.00013336030642676632, "p_zero": 0.0, "point_rel": 0.07803821749985218, "residual_mse": 0.00013336030788195784, "temporal_rel": 0.9032145321369172, "tke_rel": 0.4993611603975296}
TRAIN {"angle_aug_abs_deg": 0.0, "aoa_effective_shift_abs_deg_mean": 0.0, "aoa_meanfield_aug_fraction": 0.0, "aoa_meanfield_lambda_mean": 0.0, "delta_penalty": 3.185660953022307e-05, "grad_rel": 0.5050133720040322, "iteration": 4380, "loss": 0.14093226417899132, "lr": 7.5760494878800355e-06, "mse": 0.00014337784687086242, "p_zero": 0.0, "point_rel": 0.0762308904901147, "residual_mse": 0.00014337784832605394, "temporal_rel": 0.896828544139862, "tke_rel": 0.5029610842466354}
TRAIN {"angle_aug_abs_deg": 0.0, "aoa_effective_shift_abs_deg_mean": 0.0, "aoa_meanfield_aug_fraction": 0.0, "aoa_meanfield_lambda_mean": 0.0, "delta_penalty": 2.8098850725655212e-05, "grad_rel": 0.4932217851281166, "iteration": 4400, "loss": 0.13641084656119346, "lr": 7.103930717527932e-06, "mse": 0.00011121867664769525, "p_zero": 0.0, "point_rel": 0.07238817550241947, "residual_mse": 0.00011121867564725107, "temporal_rel": 0.9046892315149307, "tke_rel": 0.4908289909362793}
TRAIN {"angle_aug_abs_deg": 0.0, "aoa_effective_shift_abs_deg_mean": 0.0, "aoa_meanfield_aug_fraction": 0.0, "aoa_meanfield_lambda_mean": 0.0, "delta_penalty": 3.6891209765599343e-05, "grad_rel": 0.5222041681408882, "iteration": 4420, "loss": 0.1496761292219162, "lr": 6.646457870858162e-06, "mse": 0.00017737292728270404, "p_zero": 0.0, "point_rel": 0.0847774799913168, "residual_mse": 0.00017737292728270404, "temporal_rel": 0.8951727330684662, "tke_rel": 0.5026076227426529}
TRAIN {"angle_aug_abs_deg": 0.0, "aoa_effective_shift_abs_deg_mean": 0.0, "aoa_meanfield_aug_fraction": 0.0, "aoa_meanfield_lambda_mean": 0.0, "delta_penalty": 3.201692097718478e-05, "grad_rel": 0.49862206876277926, "iteration": 4440, "loss": 0.14129391275346279, "lr": 6.203703072692013e-06, "mse": 0.00014071061286813347, "p_zero": 0.0, "point_rel": 0.07690951265394688, "residual_mse": 0.00014071061323193135, "temporal_rel": 0.9015934556722641, "tke_rel": 0.4969068914651871}
TRAIN {"angle_aug_abs_deg": 0.0, "aoa_effective_shift_abs_deg_mean": 0.0, "aoa_meanfield_aug_fraction": 0.0, "aoa_meanfield_lambda_mean": 0.0, "delta_penalty": 3.0419491667998955e-05, "grad_rel": 0.5023957669734955, "iteration": 4460, "loss": 0.14303952381014823, "lr": 5.775736127414509e-06, "mse": 0.00013779864930256734, "p_zero": 0.0, "point_rel": 0.07766626235097647, "residual_mse": 0.000137798650393961, "temporal_rel": 0.9049142956733703, "tke_rel": 0.5107991918921471}
TRAIN {"angle_aug_abs_deg": 0.0, "aoa_effective_shift_abs_deg_mean": 0.0, "aoa_meanfield_aug_fraction": 0.0, "aoa_meanfield_lambda_mean": 0.0, "delta_penalty": 3.268614173066453e-05, "grad_rel": 0.5091291666030884, "iteration": 4480, "loss": 0.14386704787611962, "lr": 5.36262450796897e-06, "mse": 0.00014729243539477466, "p_zero": 0.0, "point_rel": 0.07914179656654596, "residual_mse": 0.00014729243321198737, "temporal_rel": 0.9039956033229828, "tke_rel": 0.4987267330288887}
TRAIN {"angle_aug_abs_deg": 0.0, "aoa_effective_shift_abs_deg_mean": 0.0, "aoa_meanfield_aug_fraction": 0.0, "aoa_meanfield_lambda_mean": 0.0, "delta_penalty": 3.0701169180247234e-05, "grad_rel": 0.503927330672741, "iteration": 4500, "loss": 0.1407020941376686, "lr": 4.964433345219341e-06, "mse": 0.00013057601481705205, "p_zero": 0.0, "point_rel": 0.0773323280736804, "residual_mse": 0.00013057601699983934, "temporal_rel": 0.9001917392015457, "tke_rel": 0.4794219583272934}
TRAIN {"angle_aug_abs_deg": 0.0, "aoa_effective_shift_abs_deg_mean": 0.0, "aoa_meanfield_aug_fraction": 0.0, "aoa_meanfield_lambda_mean": 0.0, "delta_penalty": 3.2679448941053125e-05, "grad_rel": 0.49941439628601075, "iteration": 4520, "loss": 0.14109282866120337, "lr": 4.581225417681754e-06, "mse": 0.00013927588934166125, "p_zero": 0.0, "point_rel": 0.0774924287572503, "residual_mse": 0.0001392758878864697, "temporal_rel": 0.8960483402013779, "tke_rel": 0.4864216536283493}
TRAIN {"angle_aug_abs_deg": 0.0, "aoa_effective_shift_abs_deg_mean": 0.0, "aoa_meanfield_aug_fraction": 0.0, "aoa_meanfield_lambda_mean": 0.0, "delta_penalty": 3.252424648962915e-05, "grad_rel": 0.5062780305743217, "iteration": 4540, "loss": 0.14377087503671646, "lr": 4.213061141626804e-06, "mse": 0.0001422118497430347, "p_zero": 0.0, "point_rel": 0.07991787008941173, "residual_mse": 0.0001422118475602474, "temporal_rel": 0.8971526563167572, "tke_rel": 0.48834905326366423}
TRAIN {"angle_aug_abs_deg": 0.0, "aoa_effective_shift_abs_deg_mean": 0.0, "aoa_meanfield_aug_fraction": 0.0, "aoa_meanfield_lambda_mean": 0.0, "delta_penalty": 3.2054460280050987e-05, "grad_rel": 0.5063754677772522, "iteration": 4560, "loss": 0.14463555738329886, "lr": 3.8599985615544335e-06, "mse": 0.00015734996359242359, "p_zero": 0.0, "point_rel": 0.07945641949772835, "residual_mse": 0.00015734996068204055, "temporal_rel": 0.9080914974212646, "tke_rel": 0.5048819303512573}
TRAIN {"angle_aug_abs_deg": 0.0, "aoa_effective_shift_abs_deg_mean": 0.0, "aoa_meanfield_aug_fraction": 0.0, "aoa_meanfield_lambda_mean": 0.0, "delta_penalty": 3.1329986632044894e-05, "grad_rel": 0.49182083159685136, "iteration": 4580, "loss": 0.1408637035638094, "lr": 3.522093341042732e-06, "mse": 0.00013865637738490476, "p_zero": 0.0, "point_rel": 0.07602613102644681, "residual_mse": 0.00013865637774870265, "temporal_rel": 0.8995304644107819, "tke_rel": 0.5072020635008812}
TRAIN {"angle_aug_abs_deg": 0.0, "aoa_effective_shift_abs_deg_mean": 0.0, "aoa_meanfield_aug_fraction": 0.0, "aoa_meanfield_lambda_mean": 0.0, "delta_penalty": 3.2772506074252306e-05, "grad_rel": 0.5107463896274567, "iteration": 4600, "loss": 0.1450051672756672, "lr": 3.1993987539719155e-06, "mse": 0.00014381233049789443, "p_zero": 0.0, "point_rel": 0.07957225739955902, "residual_mse": 0.00014381233049789443, "temporal_rel": 0.902318474650383, "tke_rel": 0.5109727248549462}
TRAIN {"angle_aug_abs_deg": 0.0, "aoa_effective_shift_abs_deg_mean": 0.0, "aoa_meanfield_aug_fraction": 0.0, "aoa_meanfield_lambda_mean": 0.0, "delta_penalty": 3.110492289124522e-05, "grad_rel": 0.49528736621141434, "iteration": 4620, "loss": 0.13983028568327427, "lr": 2.891965676125351e-06, "mse": 0.00011647125575109385, "p_zero": 0.0, "point_rel": 0.07565858736634254, "residual_mse": 0.0001164712555691949, "temporal_rel": 0.9016485840082169, "tke_rel": 0.49428948014974594}
TRAIN {"angle_aug_abs_deg": 0.0, "aoa_effective_shift_abs_deg_mean": 0.0, "aoa_meanfield_aug_fraction": 0.0, "aoa_meanfield_lambda_mean": 0.0, "delta_penalty": 3.227366523788078e-05, "grad_rel": 0.5094865828752517, "iteration": 4640, "loss": 0.14438500478863717, "lr": 2.599842577168465e-06, "mse": 0.00014505053532047895, "p_zero": 0.0, "point_rel": 0.0792611800134182, "residual_mse": 0.00014505053568427683, "temporal_rel": 0.910368925333023, "tke_rel": 0.5021050170063972}
TRAIN {"angle_aug_abs_deg": 0.0, "aoa_effective_shift_abs_deg_mean": 0.0, "aoa_meanfield_aug_fraction": 0.0, "aoa_meanfield_lambda_mean": 0.0, "delta_penalty": 3.2436528999824074e-05, "grad_rel": 0.49657128006219864, "iteration": 4660, "loss": 0.14120715409517287, "lr": 2.3230755130069883e-06, "mse": 0.0001431746884918539, "p_zero": 0.0, "point_rel": 0.07653923965990543, "residual_mse": 0.0001431746921298327, "temporal_rel": 0.8987934678792954, "tke_rel": 0.5035324245691299}
TRAIN {"angle_aug_abs_deg": 0.0, "aoa_effective_shift_abs_deg_mean": 0.0, "aoa_meanfield_aug_fraction": 0.0, "aoa_meanfield_lambda_mean": 0.0, "delta_penalty": 3.3626540880504765e-05, "grad_rel": 0.5057606428861618, "iteration": 4680, "loss": 0.14498986452817916, "lr": 2.06170811852595e-06, "mse": 0.00016369872446375666, "p_zero": 0.0, "point_rel": 0.08018235005438328, "residual_mse": 0.0001636987237361609, "temporal_rel": 0.893315103650093, "tke_rel": 0.5061979085206986}
TRAIN {"angle_aug_abs_deg": 0.0, "aoa_effective_shift_abs_deg_mean": 0.0, "aoa_meanfield_aug_fraction": 0.0, "aoa_meanfield_lambda_mean": 0.0, "delta_penalty": 3.244977560825646e-05, "grad_rel": 0.5040194168686867, "iteration": 4700, "loss": 0.14255572631955146, "lr": 1.815781600710108e-06, "mse": 0.0001343222089417395, "p_zero": 0.0, "point_rel": 0.0781216163188219, "residual_mse": 0.0001343222089417395, "temporal_rel": 0.9011610269546508, "tke_rel": 0.49663407206535337}
TRAIN {"angle_aug_abs_deg": 0.0, "aoa_effective_shift_abs_deg_mean": 0.0, "aoa_meanfield_aug_fraction": 0.0, "aoa_meanfield_lambda_mean": 0.0, "delta_penalty": 3.2800659300846743e-05, "grad_rel": 0.5003003299236297, "iteration": 4720, "loss": 0.14375040903687478, "lr": 1.585334732147347e-06, "mse": 0.00014543131146638189, "p_zero": 0.0, "point_rel": 0.07853301800787449, "residual_mse": 0.00014543131146638189, "temporal_rel": 0.9035321950912476, "tke_rel": 0.5093772992491722}
TRAIN {"angle_aug_abs_deg": 0.0, "aoa_effective_shift_abs_deg_mean": 0.0, "aoa_meanfield_aug_fraction": 0.0, "aoa_meanfield_lambda_mean": 0.0, "delta_penalty": 2.9504778922273545e-05, "grad_rel": 0.5043201848864556, "iteration": 4740, "loss": 0.1409612897783518, "lr": 1.3704038449158565e-06, "mse": 0.00011326065450703026, "p_zero": 0.0, "point_rel": 0.07737392652779818, "residual_mse": 0.0001132606537794345, "temporal_rel": 0.8968504548072815, "tke_rel": 0.48470801413059234}
TRAIN {"angle_aug_abs_deg": 0.0, "aoa_effective_shift_abs_deg_mean": 0.0, "aoa_meanfield_aug_fraction": 0.0, "aoa_meanfield_lambda_mean": 0.0, "delta_penalty": 2.9502527650038245e-05, "grad_rel": 0.5025308191776275, "iteration": 4760, "loss": 0.1397003870457411, "lr": 1.171022824855938e-06, "mse": 0.00011795822993008188, "p_zero": 0.0, "point_rel": 0.07572543360292912, "residual_mse": 0.00011795823065767763, "temporal_rel": 0.905496871471405, "tke_rel": 0.4872684672474861}
TRAIN {"angle_aug_abs_deg": 0.0, "aoa_effective_shift_abs_deg_mean": 0.0, "aoa_meanfield_aug_fraction": 0.0, "aoa_meanfield_lambda_mean": 0.0, "delta_penalty": 3.026260710612405e-05, "grad_rel": 0.4963736265897751, "iteration": 4780, "loss": 0.14056548289954662, "lr": 9.872231062276964e-07, "mse": 0.00012208350090077148, "p_zero": 0.0, "point_rel": 0.07755200564861298, "residual_mse": 0.00012208350090077148, "temporal_rel": 0.8975462198257447, "tke_rel": 0.4767376571893692}
TRAIN {"angle_aug_abs_deg": 0.0, "aoa_effective_shift_abs_deg_mean": 0.0, "aoa_meanfield_aug_fraction": 0.0, "aoa_meanfield_lambda_mean": 0.0, "delta_penalty": 2.9579788224509686e-05, "grad_rel": 0.4924618139863014, "iteration": 4800, "loss": 0.13711212947964668, "lr": 8.190336667550973e-07, "mse": 0.00012125539378757822, "p_zero": 0.0, "point_rel": 0.07386364247649908, "residual_mse": 0.00012125539160479093, "temporal_rel": 0.8953707844018937, "tke_rel": 0.48272444009780885}
TRAIN {"angle_aug_abs_deg": 0.0, "aoa_effective_shift_abs_deg_mean": 0.0, "aoa_meanfield_aug_fraction": 0.0, "aoa_meanfield_lambda_mean": 0.0, "delta_penalty": 3.1663985737395706e-05, "grad_rel": 0.49844718128442767, "iteration": 4820, "loss": 0.14278361201286316, "lr": 6.664810230573189e-07, "mse": 0.00013819656232954002, "p_zero": 0.0, "point_rel": 0.07673956416547298, "residual_mse": 0.00013819656160194427, "temporal_rel": 0.915084245800972, "tke_rel": 0.5178787738084794}
TRAIN {"angle_aug_abs_deg": 0.0, "aoa_effective_shift_abs_deg_mean": 0.0, "aoa_meanfield_aug_fraction": 0.0, "aoa_meanfield_lambda_mean": 0.0, "delta_penalty": 3.076324501307681e-05, "grad_rel": 0.5067948743700981, "iteration": 4840, "loss": 0.14330668449401857, "lr": 5.29589226468252e-07, "mse": 0.0001346111909697356, "p_zero": 0.0, "point_rel": 0.07931944131851196, "residual_mse": 0.0001346111895145441, "temporal_rel": 0.9010641932487488, "tke_rel": 0.4885399788618088}
TRAIN {"angle_aug_abs_deg": 0.0, "aoa_effective_shift_abs_deg_mean": 0.0, "aoa_meanfield_aug_fraction": 0.0, "aoa_meanfield_lambda_mean": 0.0, "delta_penalty": 3.08800581478863e-05, "grad_rel": 0.4971029281616211, "iteration": 4860, "loss": 0.13956886827945708, "lr": 4.0837985924448963e-07, "mse": 0.0001354794301732909, "p_zero": 0.0, "point_rel": 0.07612172588706016, "residual_mse": 0.00013547943181038135, "temporal_rel": 0.8951417446136475, "tke_rel": 0.4849181115627289}
TRAIN {"angle_aug_abs_deg": 0.0, "aoa_effective_shift_abs_deg_mean": 0.0, "aoa_meanfield_aug_fraction": 0.0, "aoa_meanfield_lambda_mean": 0.0, "delta_penalty": 3.078836498389137e-05, "grad_rel": 0.49888780862092974, "iteration": 4880, "loss": 0.1383711040019989, "lr": 3.028720311627596e-07, "mse": 0.00012021260172332405, "p_zero": 0.0, "point_rel": 0.07496912702918053, "residual_mse": 0.00012021260135952616, "temporal_rel": 0.8948183506727219, "tke_rel": 0.48395715802907946}
TRAIN {"angle_aug_abs_deg": 0.0, "aoa_effective_shift_abs_deg_mean": 0.0, "aoa_meanfield_aug_fraction": 0.0, "aoa_meanfield_lambda_mean": 0.0, "delta_penalty": 3.174791254423326e-05, "grad_rel": 0.49986810237169266, "iteration": 4900, "loss": 0.14211722165346147, "lr": 2.130823765070566e-07, "mse": 0.00014027031957084546, "p_zero": 0.0, "point_rel": 0.07717442475259303, "residual_mse": 0.00014027031829755288, "temporal_rel": 0.9027637660503387, "tke_rel": 0.5053191408514977}
TRAIN {"angle_aug_abs_deg": 0.0, "aoa_effective_shift_abs_deg_mean": 0.0, "aoa_meanfield_aug_fraction": 0.0, "aoa_meanfield_lambda_mean": 0.0, "delta_penalty": 3.338940914545674e-05, "grad_rel": 0.49792343080043794, "iteration": 4920, "loss": 0.14099076986312867, "lr": 1.3902505144608438e-07, "mse": 0.00015153052081586793, "p_zero": 0.0, "point_rel": 0.0769241325557232, "residual_mse": 0.00015153052045207004, "temporal_rel": 0.8980158239603042, "tke_rel": 0.49351977854967116}
TRAIN {"angle_aug_abs_deg": 0.0, "aoa_effective_shift_abs_deg_mean": 0.0, "aoa_meanfield_aug_fraction": 0.0, "aoa_meanfield_lambda_mean": 0.0, "delta_penalty": 2.9984860520926305e-05, "grad_rel": 0.5052566826343536, "iteration": 4940, "loss": 0.14065485186874865, "lr": 8.071173180143051e-08, "mse": 0.00012516920251073315, "p_zero": 0.0, "point_rel": 0.07677018996328115, "residual_mse": 0.00012516920396592467, "temporal_rel": 0.900295975804329, "tke_rel": 0.48764635920524596}
TRAIN {"angle_aug_abs_deg": 0.0, "aoa_effective_shift_abs_deg_mean": 0.0, "aoa_meanfield_aug_fraction": 0.0, "aoa_meanfield_lambda_mean": 0.0, "delta_penalty": 3.175102374370908e-05, "grad_rel": 0.5063224077224732, "iteration": 4960, "loss": 0.14250469505786895, "lr": 3.8151611206760353e-08, "mse": 0.00013522632616513874, "p_zero": 0.0, "point_rel": 0.07839446812868119, "residual_mse": 0.00013522632598323981, "temporal_rel": 0.9059725016355514, "tke_rel": 0.48825027197599413}
TRAIN {"angle_aug_abs_deg": 0.0, "aoa_effective_shift_abs_deg_mean": 0.0, "aoa_meanfield_aug_fraction": 0.0, "aoa_meanfield_lambda_mean": 0.0, "delta_penalty": 3.355193657625932e-05, "grad_rel": 0.5042861044406891, "iteration": 4980, "loss": 0.14164632484316825, "lr": 1.1351399658321433e-08, "mse": 0.00015567424106848192, "p_zero": 0.0, "point_rel": 0.0771551214158535, "residual_mse": 0.00015567424252367347, "temporal_rel": 0.9063687801361084, "tke_rel": 0.49480794817209245}
TRAIN {"angle_aug_abs_deg": 0.0, "aoa_effective_shift_abs_deg_mean": 0.0, "aoa_meanfield_aug_fraction": 0.0, "aoa_meanfield_lambda_mean": 0.0, "delta_penalty": 3.112896638413076e-05, "grad_rel": 0.503515587747097, "iteration": 5000, "loss": 0.14166121147572994, "lr": 3.153224571228463e-10, "mse": 0.00013962135308247524, "p_zero": 0.0, "point_rel": 0.07861176878213882, "residual_mse": 0.00013962135399196994, "temporal_rel": 0.8996059507131576, "tke_rel": 0.47443374395370486}
EVAL_TOP {"alpha": 1.0, "best_bound_abs": 0.0075, "best_bound_rel": 0.0075, "best_bounds": [{"abs": 0.0075, "coverage": 0.8254305076599121, "final_est": 81.34794507420403, "rel": 0.0075, "sps_raw": 0.47373490047454836, "sps_score_linear": 47.37349004745484, "sps_score_used": 47.37349004745484}], "best_final_est": 81.34794507420403, "iteration": 5000, "mean_t_neural_s": 0.01762683533, "mvpe": 0.07628247234970331, "mvpe_score": 96.32600701659946, "n": 640, "rel_l2": 0.08404701706022025, "rel_l2_score": 95.96712471589159, "time_score": 86.54248999999716, "tke": 0.4835275813937187, "tke_score": 80.53061359107717}
BEST iteration=5000 final_est=81.347945 alpha=1.0 abs=0.0075 rel=0.0075
EVAL_TOP {"alpha": 1.0, "best_bound_abs": 0.0075, "best_bound_rel": 0.0075, "best_bounds": [{"abs": 0.0075, "coverage": 0.8254303169250489, "final_est": 81.34794285854336, "rel": 0.0075, "sps_raw": 0.4737347902059555, "sps_score_linear": 47.373479020595546, "sps_score_used": 47.373479020595546}], "best_final_est": 81.34794285854336, "iteration": 5004, "mean_t_neural_s": 0.01762683533, "mvpe": 0.07628247560933232, "mvpe_score": 96.32600686537387, "n": 640, "rel_l2": 0.08404701594263315, "rel_l2_score": 95.96712476735475, "time_score": 86.54248999999716, "tke": 0.4835275799036026, "tke_score": 80.53061363939553}
DONE out_dir=/hy-tmp/realpde_runs/trajectory_sampling_screen_20260923_v1/A_fixed_stride20 best_iter=5000 best_score=81.347945 alpha=1.0 abs=0.0075 rel=0.0075 primary={"alpha": 1.0, "base_mvpe_raw": 0.08762361109256744, "base_rel_l2_raw": 0.0979706197977066, "base_tke_raw": 0.7003257870674133, "experiment": "A_fixed_stride20", "mvpe_improvement_vs_base": 0.1294301152229309, "mvpe_raw": 0.07628247886896133, "rel_l2_improvement_vs_base": 0.14212018251419067, "rel_l2_raw": 0.08404701948165894, "tke_improvement_vs_base": 0.3095676302909851, "tke_raw": 0.48352760076522827, "trajectories": 16, "windows": 640}
