/hy-tmp/realpde-competition-origin-main/tools/colleague_80pt/realpde_h5_feature_adapter_train.py:455: FutureWarning: You are using `torch.load` with `weights_only=False` (the current default value), which uses the default pickle module implicitly. It is possible to construct malicious pickle data which will execute arbitrary code during unpickling (See https://github.com/pytorch/pytorch/blob/main/SECURITY.md#untrusted-models for more details). In a future release, the default value for `weights_only` will be flipped to `True`. This limits the functions that could be executed during unpickling. Arbitrary objects will no longer be allowed to be loaded via this mode unless they are explicitly allowlisted by the user via `torch.serialization.add_safe_globals`. We recommend you start setting `weights_only=True` for any use case where you don't have full control of the loaded file. Please open an issue on GitHub for any issues related to this experimental feature.
  checkpoint = torch.load(checkpoint_path, map_location=device)
{
  "real_root": "/hy-tmp/realpde_data/train_real",
  "split_manifest": "/hy-tmp/realpde_runs/colleague_incremental_screen_20260921/colleague_dev16_manifest.json",
  "allow_train_dev_overlap": true,
  "checkpoint": "/hy-tmp/realpde_assets/colleague-80pt/20260921/extracted/handoff_colleague_80pt_archive_20260921/checkpoints/cno_final_all81.pt",
  "resume_checkpoint": null,
  "resume_iteration": 0,
  "optimizer_policy": "reset_identically_for_each_screen_arm",
  "realpdebench_root": "tools/colleague_80pt/submission",
  "device": "cuda:0",
  "train_trajectories": 81,
  "fit_trajectories": 81,
  "val_trajectories": 16,
  "train_windows": 65926,
  "candidate_legal_windows": 65926,
  "train_samples_per_epoch": 3336,
  "reference_fixed_stride_windows": 3341,
  "val_windows": 640,
  "train_stride": 20,
  "eval_stride": 20,
  "train_window_mode": "trajectory_stratified_random_start",
  "sampling_policy": "baseline_weight_matched_trajectory_stratified_random_start",
  "batch_unique_trajectory_required": true,
  "angle_augmentation": {
    "kind": "global_uv_component_rotation",
    "max_abs_degrees": 0.0,
    "training_only": true,
    "same_angle_for_past_and_future": true,
    "spatial_grid_rotated": false,
    "physical_exact_aoa_claimed": false
  },
  "aoa_meanfield_augmentation": {
    "kind": "same_re_adjacent_aoa_past20_mean_field_shift",
    "probability": 0.0,
    "lambda_min": 0.2,
    "lambda_max": 0.5,
    "max_neighbor_gap_deg": 5.1,
    "min_eligible_fraction": 0.8,
    "bridge_pair": null,
    "training_only": true,
    "aoa_re_model_inputs": false,
    "future_used_to_construct_input_shift": false,
    "audit": null
  },
  "phase_counts_equalized": false,
  "updates": 5004,
  "eval_interval": 1000,
  "batch_size": 8,
  "test_batch_size": 32,
  "lr": 0.0002,
  "weight_decay": 1e-05,
  "corrector_config": {
    "hidden": 96,
    "blocks": 2,
    "dropout": 0.0,
    "include_pressure": true,
    "max_delta": 0.04,
    "history_context": false
  },
  "train_alpha": 1.0,
  "eval_alphas": [
    0.0,
    0.025,
    0.05,
    0.075,
    0.1,
    0.15,
    0.2,
    0.3,
    0.5,
    0.75,
    1.0
  ],
  "abs_widths": [
    0.0075
  ],
  "rel_widths": [
    0.0075
  ],
  "loss_weights": {
    "point": 1.0,
    "mse": 0.05,
    "tke": 0.06,
    "temporal": 0.03,
    "grad": 0.015,
    "p_zero": 0.01
  },
  "gradient_mode": "scalar",
  "gradient_projection": "none",
  "residual_mse": 0.25,
  "delta_penalty": 0.02,
  "fixed_time_seconds": 0.01762683533,
  "benchmark_mode": false,
  "trainable_parameters": 1087849,
  "total_parameters": 9048316
}
EVAL_TOP {"alpha": 0.0, "best_bound_abs": 0.0075, "best_bound_rel": 0.0075, "best_bounds": [{"abs": 0.0075, "coverage": 0.7797014045715333, "final_est": 78.78243331868228, "rel": 0.0075, "sps_raw": 0.42171609836816787, "sps_score_linear": 42.171609836816785, "sps_score_used": 42.171609836816785}], "best_final_est": 78.78243331868228, "iteration": 0, "mean_t_neural_s": 0.01762683533, "mvpe": 0.08762361314147711, "mvpe_score": 95.80271019211072, "n": 640, "rel_l2": 0.09797063041478396, "rel_l2_score": 95.33021916539344, "time_score": 86.54248999999716, "tke": 0.7003257811069489, "tke_score": 74.06513739909326}
TRAIN {"angle_aug_abs_deg": 0.0, "aoa_effective_shift_abs_deg_mean": 0.0, "aoa_meanfield_aug_fraction": 0.0, "aoa_meanfield_lambda_mean": 0.0, "delta_penalty": 9.390079694071573e-06, "grad_rel": 0.5868615478277206, "iteration": 20, "loss": 0.18929613083601, "lr": 0.00019999211703799986, "mse": 0.0001682122518104734, "p_zero": 0.0, "point_rel": 0.09701614379882813, "residual_mse": 0.00016821225399326066, "temporal_rel": 1.346494847536087, "tke_rel": 0.7171927750110626}
TRAIN {"angle_aug_abs_deg": 0.0, "aoa_effective_shift_abs_deg_mean": 0.0, "aoa_meanfield_aug_fraction": 0.0, "aoa_meanfield_lambda_mean": 0.0, "delta_penalty": 1.6649016913561355e-06, "grad_rel": 0.5835858076810837, "iteration": 40, "loss": 0.18086435198783873, "lr": 0.00019996846939482126, "mse": 0.00014531420456478372, "p_zero": 0.0, "point_rel": 0.08986874632537364, "residual_mse": 0.00014531420420098583, "temporal_rel": 1.3272465884685516, "tke_rel": 0.706346532702446}
TRAIN {"angle_aug_abs_deg": 0.0, "aoa_effective_shift_abs_deg_mean": 0.0, "aoa_meanfield_aug_fraction": 0.0, "aoa_meanfield_lambda_mean": 0.0, "delta_penalty": 7.909227718982948e-07, "grad_rel": 0.5877635031938553, "iteration": 60, "loss": 0.18090961426496505, "lr": 0.00019992906079873365, "mse": 0.00016339691901521292, "p_zero": 0.0, "point_rel": 0.09081506542861462, "residual_mse": 0.00016339691901521292, "temporal_rel": 1.3264794886112212, "tke_rel": 0.6905779570341111}
TRAIN {"angle_aug_abs_deg": 0.0, "aoa_effective_shift_abs_deg_mean": 0.0, "aoa_meanfield_aug_fraction": 0.0, "aoa_meanfield_lambda_mean": 0.0, "delta_penalty": 1.172118439285441e-06, "grad_rel": 0.5899031668901443, "iteration": 80, "loss": 0.18230530023574829, "lr": 0.00019987389746286635, "mse": 0.00013856295499863335, "p_zero": 0.0, "point_rel": 0.09110991880297661, "residual_mse": 0.00013856295499863335, "temporal_rel": 1.35289164185524, "tke_rel": 0.6953082352876663}
TRAIN {"angle_aug_abs_deg": 0.0, "aoa_effective_shift_abs_deg_mean": 0.0, "aoa_meanfield_aug_fraction": 0.0, "aoa_meanfield_lambda_mean": 0.0, "delta_penalty": 2.2073906080777306e-06, "grad_rel": 0.5825694054365158, "iteration": 100, "loss": 0.17846413925290108, "lr": 0.00019980298808422892, "mse": 0.00015263039658748313, "p_zero": 0.0, "point_rel": 0.08878560103476048, "residual_mse": 0.00015263039731507888, "temporal_rel": 1.3315883159637452, "tke_rel": 0.6824418902397156}
TRAIN {"angle_aug_abs_deg": 0.0, "aoa_effective_shift_abs_deg_mean": 0.0, "aoa_meanfield_aug_fraction": 0.0, "aoa_meanfield_lambda_mean": 0.0, "delta_penalty": 3.932773853421167e-06, "grad_rel": 0.5851821571588516, "iteration": 120, "loss": 0.17928782626986503, "lr": 0.00019971634384234003, "mse": 0.00016816692150314338, "p_zero": 0.0, "point_rel": 0.09198513552546501, "residual_mse": 0.00016816692004795186, "temporal_rel": 1.2936142444610597, "tke_rel": 0.661100035905838}
TRAIN {"angle_aug_abs_deg": 0.0, "aoa_effective_shift_abs_deg_mean": 0.0, "aoa_meanfield_aug_fraction": 0.0, "aoa_meanfield_lambda_mean": 0.0, "delta_penalty": 3.4348449617027655e-06, "grad_rel": 0.588435885310173, "iteration": 140, "loss": 0.18059661686420442, "lr": 0.0001996139783974652, "mse": 0.0001363810541079147, "p_zero": 0.0, "point_rel": 0.09091839864850045, "residual_mse": 0.00013638105447171255, "temporal_rel": 1.3406428337097167, "tke_rel": 0.6765235841274262}
TRAIN {"angle_aug_abs_deg": 0.0, "aoa_effective_shift_abs_deg_mean": 0.0, "aoa_meanfield_aug_fraction": 0.0, "aoa_meanfield_lambda_mean": 0.0, "delta_penalty": 5.534279819130461e-06, "grad_rel": 0.5801205843687057, "iteration": 160, "loss": 0.17555814757943153, "lr": 0.00019949590788846254, "mse": 0.0001580641168402508, "p_zero": 0.0, "point_rel": 0.09028221294283867, "residual_mse": 0.00015806411574885714, "temporal_rel": 1.2626640915870666, "tke_rel": 0.6441112250089646}
TRAIN {"angle_aug_abs_deg": 0.0, "aoa_effective_shift_abs_deg_mean": 0.0, "aoa_meanfield_aug_fraction": 0.0, "aoa_meanfield_lambda_mean": 0.0, "delta_penalty": 7.623691590197268e-06, "grad_rel": 0.5804204106330871, "iteration": 180, "loss": 0.174470866471529, "lr": 0.0001993621509302388, "mse": 0.00016583278447797057, "p_zero": 0.0, "point_rel": 0.09098323918879032, "residual_mse": 0.00016583278229518328, "temporal_rel": 1.2174959003925323, "tke_rel": 0.6367757052183152}
TRAIN {"angle_aug_abs_deg": 0.0, "aoa_effective_shift_abs_deg_mean": 0.0, "aoa_meanfield_aug_fraction": 0.0, "aoa_meanfield_lambda_mean": 0.0, "delta_penalty": 7.8016987799856e-06, "grad_rel": 0.5699345171451569, "iteration": 200, "loss": 0.17096698880195618, "lr": 0.00019921272861081436, "mse": 0.0001411268140145694, "p_zero": 0.0, "point_rel": 0.08853894546627998, "residual_mse": 0.00014112681255937787, "temporal_rel": 1.1966964185237885, "tke_rel": 0.6322606712579727}
TRAIN {"angle_aug_abs_deg": 0.0, "aoa_effective_shift_abs_deg_mean": 0.0, "aoa_meanfield_aug_fraction": 0.0, "aoa_meanfield_lambda_mean": 0.0, "delta_penalty": 9.43019829264813e-06, "grad_rel": 0.5683215826749801, "iteration": 220, "loss": 0.16787889674305917, "lr": 0.00019904766448799858, "mse": 0.00015715729878138519, "p_zero": 0.0, "point_rel": 0.08728594072163105, "residual_mse": 0.00015715729950898093, "temporal_rel": 1.1575932443141936, "tke_rel": 0.621549978852272}
TRAIN {"angle_aug_abs_deg": 0.0, "aoa_effective_shift_abs_deg_mean": 0.0, "aoa_meanfield_aug_fraction": 0.0, "aoa_meanfield_lambda_mean": 0.0, "delta_penalty": 1.1331892346788664e-05, "grad_rel": 0.565141785144806, "iteration": 240, "loss": 0.1653972715139389, "lr": 0.00019886698458567557, "mse": 0.00014523989320878173, "p_zero": 0.0, "point_rel": 0.08721198439598084, "residual_mse": 0.0001452398917535902, "temporal_rel": 1.1222252041101455, "tke_rel": 0.5999601751565933}
TRAIN {"angle_aug_abs_deg": 0.0, "aoa_effective_shift_abs_deg_mean": 0.0, "aoa_meanfield_aug_fraction": 0.0, "aoa_meanfield_lambda_mean": 0.0, "delta_penalty": 1.0266953290738457e-05, "grad_rel": 0.5535616844892501, "iteration": 260, "loss": 0.163726145029068, "lr": 0.00019867071738970135, "mse": 0.00013367365318117663, "p_zero": 0.0, "point_rel": 0.08544557094573975, "residual_mse": 0.00013367365099838934, "temporal_rel": 1.1005595743656158, "tke_rel": 0.615334278345108}
TRAIN {"angle_aug_abs_deg": 0.0, "aoa_effective_shift_abs_deg_mean": 0.0, "aoa_meanfield_aug_fraction": 0.0, "aoa_meanfield_lambda_mean": 0.0, "delta_penalty": 1.1524365572768146e-05, "grad_rel": 0.5577725321054459, "iteration": 280, "loss": 0.16547653898596765, "lr": 0.00019845889384341304, "mse": 0.00015715917270426872, "p_zero": 0.0, "point_rel": 0.08761785514652728, "residual_mse": 0.00015715917415946024, "temporal_rel": 1.081761857867241, "tke_rel": 0.616531029343605}
TRAIN {"angle_aug_abs_deg": 0.0, "aoa_effective_shift_abs_deg_mean": 0.0, "aoa_meanfield_aug_fraction": 0.0, "aoa_meanfield_lambda_mean": 0.0, "delta_penalty": 1.3863067215424962e-05, "grad_rel": 0.5488108903169632, "iteration": 300, "loss": 0.1610323302447796, "lr": 0.00019823154734274978, "mse": 0.0001510386104200734, "p_zero": 0.0, "point_rel": 0.08582892715930938, "residual_mse": 0.00015103860932867973, "temporal_rel": 1.0548272013664246, "tke_rel": 0.5880139350891114}
TRAIN {"angle_aug_abs_deg": 0.0, "aoa_effective_shift_abs_deg_mean": 0.0, "aoa_meanfield_aug_fraction": 0.0, "aoa_meanfield_lambda_mean": 0.0, "delta_penalty": 1.4828069379291264e-05, "grad_rel": 0.5530325666069984, "iteration": 320, "loss": 0.16232021003961564, "lr": 0.0001979887137309883, "mse": 0.00015481014434044483, "p_zero": 0.0, "point_rel": 0.08687220402061939, "residual_mse": 0.00015481014506804058, "temporal_rel": 1.0438080906867981, "tke_rel": 0.5965256169438362}
TRAIN {"angle_aug_abs_deg": 0.0, "aoa_effective_shift_abs_deg_mean": 0.0, "aoa_meanfield_aug_fraction": 0.0, "aoa_meanfield_lambda_mean": 0.0, "delta_penalty": 1.6009392584237504e-05, "grad_rel": 0.544979290664196, "iteration": 340, "loss": 0.15851084887981415, "lr": 0.00019773043129309113, "mse": 0.00014622035232605412, "p_zero": 0.0, "point_rel": 0.08504014573991299, "residual_mse": 0.00014622035232605412, "temporal_rel": 1.0307958751916886, "tke_rel": 0.572132620215416}
TRAIN {"angle_aug_abs_deg": 0.0, "aoa_effective_shift_abs_deg_mean": 0.0, "aoa_meanfield_aug_fraction": 0.0, "aoa_meanfield_lambda_mean": 0.0, "delta_penalty": 1.396279094478814e-05, "grad_rel": 0.5516318053007125, "iteration": 360, "loss": 0.16196472346782684, "lr": 0.00019745674074967112, "mse": 0.00015728335165476892, "p_zero": 0.0, "point_rel": 0.08749355860054493, "residual_mse": 0.00015728335347375832, "temporal_rel": 1.0282088994979859, "tke_rel": 0.5883826330304146}
TRAIN {"angle_aug_abs_deg": 0.0, "aoa_effective_shift_abs_deg_mean": 0.0, "aoa_meanfield_aug_fraction": 0.0, "aoa_meanfield_lambda_mean": 0.0, "delta_penalty": 1.5609191223120433e-05, "grad_rel": 0.5401381760835647, "iteration": 380, "loss": 0.1577818624675274, "lr": 0.0001971676852505713, "mse": 0.00015032868159323698, "p_zero": 0.0, "point_rel": 0.08380456417798995, "residual_mse": 0.0001503286821389338, "temporal_rel": 1.012696921825409, "tke_rel": 0.5908151403069496}
TRAIN {"angle_aug_abs_deg": 0.0, "aoa_effective_shift_abs_deg_mean": 0.0, "aoa_meanfield_aug_fraction": 0.0, "aoa_meanfield_lambda_mean": 0.0, "delta_penalty": 1.6578916847720394e-05, "grad_rel": 0.5413636967539788, "iteration": 400, "loss": 0.1589161142706871, "lr": 0.00019686331036806214, "mse": 0.00015934743842080935, "p_zero": 0.0, "point_rel": 0.08578494116663933, "residual_mse": 0.00015934743514662842, "temporal_rel": 1.0088543534278869, "tke_rel": 0.5782825440168381}
TRAIN {"angle_aug_abs_deg": 0.0, "aoa_effective_shift_abs_deg_mean": 0.0, "aoa_meanfield_aug_fraction": 0.0, "aoa_meanfield_lambda_mean": 0.0, "delta_penalty": 1.4928901509847493e-05, "grad_rel": 0.546937321126461, "iteration": 420, "loss": 0.1598754793405533, "lr": 0.00019654366408965616, "mse": 0.00014973789839132224, "p_zero": 0.0, "point_rel": 0.08656757920980454, "residual_mse": 0.00014973790057410953, "temporal_rel": 1.0146945804357528, "tke_rel": 0.5769631028175354}
TRAIN {"angle_aug_abs_deg": 0.0, "aoa_effective_shift_abs_deg_mean": 0.0, "aoa_meanfield_aug_fraction": 0.0, "aoa_meanfield_lambda_mean": 0.0, "delta_penalty": 1.7007693804771408e-05, "grad_rel": 0.541706170141697, "iteration": 440, "loss": 0.15712530463933944, "lr": 0.00019620879681054272, "mse": 0.00014195188377925662, "p_zero": 0.0, "point_rel": 0.08489672541618347, "residual_mse": 0.00014195188414305447, "temporal_rel": 0.989246416091919, "tke_rel": 0.5730444103479385}
TRAIN {"angle_aug_abs_deg": 0.0, "aoa_effective_shift_abs_deg_mean": 0.0, "aoa_meanfield_aug_fraction": 0.0, "aoa_meanfield_lambda_mean": 0.0, "delta_penalty": 1.743914635881083e-05, "grad_rel": 0.5383868157863617, "iteration": 460, "loss": 0.15759585723280906, "lr": 0.00019585876132564265, "mse": 0.00015036694803711726, "p_zero": 0.0, "point_rel": 0.08565443269908428, "residual_mse": 0.0001503669473095215, "temporal_rel": 0.9933250546455383, "tke_rel": 0.5670068681240081}
TRAIN {"angle_aug_abs_deg": 0.0, "aoa_effective_shift_abs_deg_mean": 0.0, "aoa_meanfield_aug_fraction": 0.0, "aoa_meanfield_lambda_mean": 0.0, "delta_penalty": 1.6338375962732245e-05, "grad_rel": 0.5421255379915237, "iteration": 480, "loss": 0.1569140784442425, "lr": 0.00019549361282128423, "mse": 0.0001440691834432073, "p_zero": 0.0, "point_rel": 0.08474552817642689, "residual_mse": 0.00014406918235181364, "temporal_rel": 0.981384539604187, "tke_rel": 0.5758597880601883}
TRAIN {"angle_aug_abs_deg": 0.0, "aoa_effective_shift_abs_deg_mean": 0.0, "aoa_meanfield_aug_fraction": 0.0, "aoa_meanfield_lambda_mean": 0.0, "delta_penalty": 1.8960928946398782e-05, "grad_rel": 0.5380657821893692, "iteration": 500, "loss": 0.15633653923869134, "lr": 0.00019511340886650336, "mse": 0.00014899211528245359, "p_zero": 0.0, "point_rel": 0.08482102788984776, "residual_mse": 0.00014899211382726207, "temporal_rel": 0.9887095630168915, "tke_rel": 0.5623027086257935}
TRAIN {"angle_aug_abs_deg": 0.0, "aoa_effective_shift_abs_deg_mean": 0.0, "aoa_meanfield_aug_fraction": 0.0, "aoa_meanfield_lambda_mean": 0.0, "delta_penalty": 1.813500480238872e-05, "grad_rel": 0.5328192934393883, "iteration": 520, "loss": 0.15555590465664865, "lr": 0.00019471820940396653, "mse": 0.00015614873445883858, "p_zero": 0.0, "point_rel": 0.08516225963830948, "residual_mse": 0.00015614873627782798, "temporal_rel": 0.9742818921804428, "tke_rel": 0.5520948648452759}
TRAIN {"angle_aug_abs_deg": 0.0, "aoa_effective_shift_abs_deg_mean": 0.0, "aoa_meanfield_aug_fraction": 0.0, "aoa_meanfield_lambda_mean": 0.0, "delta_penalty": 1.9094363142357907e-05, "grad_rel": 0.5359403356909752, "iteration": 540, "loss": 0.15455123484134675, "lr": 0.00019430807674052062, "mse": 0.00015245711929310347, "p_zero": 0.0, "point_rel": 0.08412404544651508, "residual_mse": 0.00015245711892930558, "temporal_rel": 0.9724264591932297, "tke_rel": 0.5528195902705193}
TRAIN {"angle_aug_abs_deg": 0.0, "aoa_effective_shift_abs_deg_mean": 0.0, "aoa_meanfield_aug_fraction": 0.0, "aoa_meanfield_lambda_mean": 0.0, "delta_penalty": 1.9358149575054995e-05, "grad_rel": 0.539487935602665, "iteration": 560, "loss": 0.15713674649596215, "lr": 0.00019388307553736976, "mse": 0.0001512024082330754, "p_zero": 0.0, "point_rel": 0.08617915734648704, "residual_mse": 0.00015120241114345844, "temporal_rel": 0.9685538798570633, "tke_rel": 0.5627151459455491}
TRAIN {"angle_aug_abs_deg": 0.0, "aoa_effective_shift_abs_deg_mean": 0.0, "aoa_meanfield_aug_fraction": 0.0, "aoa_meanfield_lambda_mean": 0.0, "delta_penalty": 1.9261653005742118e-05, "grad_rel": 0.5307915061712265, "iteration": 580, "loss": 0.15356044322252274, "lr": 0.00019344327279988052, "mse": 0.00014022666146047414, "p_zero": 0.0, "point_rel": 0.08343868218362331, "residual_mse": 0.00014022666036908049, "temporal_rel": 0.9713807255029678, "tke_rel": 0.5496002599596977}
TRAIN {"angle_aug_abs_deg": 0.0, "aoa_effective_shift_abs_deg_mean": 0.0, "aoa_meanfield_aug_fraction": 0.0, "aoa_meanfield_lambda_mean": 0.0, "delta_penalty": 1.9090417481493205e-05, "grad_rel": 0.5309637397527694, "iteration": 600, "loss": 0.1543217770755291, "lr": 0.00019298873786701833, "mse": 0.000146235024658381, "p_zero": 0.0, "point_rel": 0.08415218219161033, "residual_mse": 0.00014623502338508842, "temporal_rel": 0.9605896919965744, "tke_rel": 0.5557199627161026}
TRAIN {"angle_aug_abs_deg": 0.0, "aoa_effective_shift_abs_deg_mean": 0.0, "aoa_meanfield_aug_fraction": 0.0, "aoa_meanfield_lambda_mean": 0.0, "delta_penalty": 1.9826676998491165e-05, "grad_rel": 0.5316732153296471, "iteration": 620, "loss": 0.1555464595556259, "lr": 0.00019251954240041518, "mse": 0.00015022924872027944, "p_zero": 0.0, "point_rel": 0.08449593931436539, "residual_mse": 0.00015022924799268367, "temporal_rel": 0.9706448674201965, "tke_rel": 0.5651768773794175}
TRAIN {"angle_aug_abs_deg": 0.0, "aoa_effective_shift_abs_deg_mean": 0.0, "aoa_meanfield_aug_fraction": 0.0, "aoa_meanfield_lambda_mean": 0.0, "delta_penalty": 1.8862264096242142e-05, "grad_rel": 0.5282644867897034, "iteration": 640, "loss": 0.15215931758284568, "lr": 0.0001920357603730718, "mse": 0.0001425858770744526, "p_zero": 0.0, "point_rel": 0.08229106925427913, "residual_mse": 0.00014258587452786742, "temporal_rel": 0.9622290253639221, "tke_rel": 0.5505709618330001}
TRAIN {"angle_aug_abs_deg": 0.0, "aoa_effective_shift_abs_deg_mean": 0.0, "aoa_meanfield_aug_fraction": 0.0, "aoa_meanfield_lambda_mean": 0.0, "delta_penalty": 1.9505820773702e-05, "grad_rel": 0.5273060217499733, "iteration": 660, "loss": 0.1521938808262348, "lr": 0.0001915374680576949, "mse": 0.00014355039056681562, "p_zero": 0.0, "point_rel": 0.082033621519804, "residual_mse": 0.00014355039238580502, "temporal_rel": 0.9620587855577469, "tke_rel": 0.5557575061917305}
TRAIN {"angle_aug_abs_deg": 0.0, "aoa_effective_shift_abs_deg_mean": 0.0, "aoa_meanfield_aug_fraction": 0.0, "aoa_meanfield_lambda_mean": 0.0, "delta_penalty": 1.9877092745446136e-05, "grad_rel": 0.5258790239691734, "iteration": 680, "loss": 0.1527811922132969, "lr": 0.00019102474401467228, "mse": 0.0001425142932930612, "p_zero": 0.0, "point_rel": 0.0827273540198803, "residual_mse": 0.0001425142947482527, "temporal_rel": 0.9587447613477706, "tke_rel": 0.5560026004910469}
TRAIN {"angle_aug_abs_deg": 0.0, "aoa_effective_shift_abs_deg_mean": 0.0, "aoa_meanfield_aug_fraction": 0.0, "aoa_meanfield_lambda_mean": 0.0, "delta_penalty": 2.1280496275721818e-05, "grad_rel": 0.5280497550964356, "iteration": 700, "loss": 0.15283265486359596, "lr": 0.00019049766907968687, "mse": 0.00013661797947861487, "p_zero": 0.0, "point_rel": 0.0832537267357111, "residual_mse": 0.0001366179805700085, "temporal_rel": 0.96097991168499, "tke_rel": 0.5464562639594078}
TRAIN {"angle_aug_abs_deg": 0.0, "aoa_effective_shift_abs_deg_mean": 0.0, "aoa_meanfield_aug_fraction": 0.0, "aoa_meanfield_lambda_mean": 0.0, "delta_penalty": 2.1028593027949683e-05, "grad_rel": 0.5342452585697174, "iteration": 720, "loss": 0.15581605955958366, "lr": 0.0001899563263509723, "mse": 0.00015255459529726068, "p_zero": 0.0, "point_rel": 0.08546293452382088, "residual_mse": 0.0001525545945696649, "temporal_rel": 0.9641773015260696, "tke_rel": 0.5561323508620262}
TRAIN {"angle_aug_abs_deg": 0.0, "aoa_effective_shift_abs_deg_mean": 0.0, "aoa_meanfield_aug_fraction": 0.0, "aoa_meanfield_lambda_mean": 0.0, "delta_penalty": 1.7550455459058868e-05, "grad_rel": 0.5247225433588028, "iteration": 740, "loss": 0.15223936662077903, "lr": 0.00018940080117621182, "mse": 0.0001466538760723779, "p_zero": 0.0, "point_rel": 0.081823905184865, "residual_mse": 0.0001466538769818726, "temporal_rel": 0.950813227891922, "tke_rel": 0.5662647306919097}
TRAIN {"angle_aug_abs_deg": 0.0, "aoa_effective_shift_abs_deg_mean": 0.0, "aoa_meanfield_aug_fraction": 0.0, "aoa_meanfield_lambda_mean": 0.0, "delta_penalty": 1.9426681865297725e-05, "grad_rel": 0.5270571336150169, "iteration": 760, "loss": 0.1537323735654354, "lr": 0.0001888311811390823, "mse": 0.00015259723040799144, "p_zero": 0.0, "point_rel": 0.0840868480503559, "residual_mse": 0.00015259723186318298, "temporal_rel": 0.9491321116685867, "tke_rel": 0.5536590054631233}
TRAIN {"angle_aug_abs_deg": 0.0, "aoa_effective_shift_abs_deg_mean": 0.0, "aoa_meanfield_aug_fraction": 0.0, "aoa_meanfield_lambda_mean": 0.0, "delta_penalty": 2.0757035053975413e-05, "grad_rel": 0.5241463840007782, "iteration": 780, "loss": 0.1529882147908211, "lr": 0.00018824755604544575, "mse": 0.00014672614524897655, "p_zero": 0.0, "point_rel": 0.08324172645807267, "residual_mse": 0.0001467261459765723, "temporal_rel": 0.956700187921524, "tke_rel": 0.5523142397403717}
TRAIN {"angle_aug_abs_deg": 0.0, "aoa_effective_shift_abs_deg_mean": 0.0, "aoa_meanfield_aug_fraction": 0.0, "aoa_meanfield_lambda_mean": 0.0, "delta_penalty": 2.141835188922414e-05, "grad_rel": 0.5274401023983956, "iteration": 800, "loss": 0.1532968871295452, "lr": 0.000187650017909191, "mse": 0.00016189034322451336, "p_zero": 0.0, "point_rel": 0.08390277288854123, "residual_mse": 0.00016189034286071547, "temporal_rel": 0.9505864590406418, "tke_rel": 0.548598726093769}
TRAIN {"angle_aug_abs_deg": 0.0, "aoa_effective_shift_abs_deg_mean": 0.0, "aoa_meanfield_aug_fraction": 0.0, "aoa_meanfield_lambda_mean": 0.0, "delta_penalty": 2.1122303314768943e-05, "grad_rel": 0.525228388607502, "iteration": 820, "loss": 0.15157811120152473, "lr": 0.00018703866093772653, "mse": 0.0001378516344630043, "p_zero": 0.0, "point_rel": 0.08305012248456478, "residual_mse": 0.0001378516326440149, "temporal_rel": 0.9510368287563324, "tke_rel": 0.5346113786101341}
TRAIN {"angle_aug_abs_deg": 0.0, "aoa_effective_shift_abs_deg_mean": 0.0, "aoa_meanfield_aug_fraction": 0.0, "aoa_meanfield_lambda_mean": 0.0, "delta_penalty": 2.0857192521361866e-05, "grad_rel": 0.5250405728816986, "iteration": 840, "loss": 0.15365571156144142, "lr": 0.00018641358151712766, "mse": 0.0001520749690826051, "p_zero": 0.0, "point_rel": 0.0845611620694399, "residual_mse": 0.00015207497126539237, "temporal_rel": 0.9414300680160522, "tke_rel": 0.5488334059715271}
TRAIN {"angle_aug_abs_deg": 0.0, "aoa_effective_shift_abs_deg_mean": 0.0, "aoa_meanfield_aug_fraction": 0.0, "aoa_meanfield_lambda_mean": 0.0, "delta_penalty": 2.1427142610264126e-05, "grad_rel": 0.5239455163478851, "iteration": 860, "loss": 0.15133767500519751, "lr": 0.00018577487819694094, "mse": 0.00014055168594495626, "p_zero": 0.0, "point_rel": 0.08209896311163903, "residual_mse": 0.00014055168339837109, "temporal_rel": 0.946252292394638, "tke_rel": 0.5491560503840447}
TRAIN {"angle_aug_abs_deg": 0.0, "aoa_effective_shift_abs_deg_mean": 0.0, "aoa_meanfield_aug_fraction": 0.0, "aoa_meanfield_lambda_mean": 0.0, "delta_penalty": 2.0084569177925006e-05, "grad_rel": 0.529278339445591, "iteration": 880, "loss": 0.15321826338768005, "lr": 0.00018512265167464637, "mse": 0.00014000480878166853, "p_zero": 0.0, "point_rel": 0.08319795802235604, "residual_mse": 0.0001400048076902749, "temporal_rel": 0.9516305595636367, "tke_rel": 0.5581635475158692}
TRAIN {"angle_aug_abs_deg": 0.0, "aoa_effective_shift_abs_deg_mean": 0.0, "aoa_meanfield_aug_fraction": 0.0, "aoa_meanfield_lambda_mean": 0.0, "delta_penalty": 2.1531254515139153e-05, "grad_rel": 0.5245174780488014, "iteration": 900, "loss": 0.15156050026416779, "lr": 0.0001844570047797817, "mse": 0.0001492399083872442, "p_zero": 0.0, "point_rel": 0.08283010572195053, "residual_mse": 0.00014923990802344632, "temporal_rel": 0.9487999200820922, "tke_rel": 0.5392238616943359}
TRAIN {"angle_aug_abs_deg": 0.0, "aoa_effective_shift_abs_deg_mean": 0.0, "aoa_meanfield_aug_fraction": 0.0, "aoa_meanfield_lambda_mean": 0.0, "delta_penalty": 2.2361801711667795e-05, "grad_rel": 0.5261124804615974, "iteration": 920, "loss": 0.15184983238577843, "lr": 0.00018377804245773066, "mse": 0.00014748055200470845, "p_zero": 0.0, "point_rel": 0.08279329240322113, "residual_mse": 0.00014748055200470845, "temporal_rel": 0.948636120557785, "tke_rel": 0.5443513512611389}
TRAIN {"angle_aug_abs_deg": 0.0, "aoa_effective_shift_abs_deg_mean": 0.0, "aoa_meanfield_aug_fraction": 0.0, "aoa_meanfield_lambda_mean": 0.0, "delta_penalty": 2.128237083525164e-05, "grad_rel": 0.5241300866007805, "iteration": 940, "loss": 0.15059183835983275, "lr": 0.0001830858717531768, "mse": 0.00014171502389217494, "p_zero": 0.0, "point_rel": 0.08228254355490208, "residual_mse": 0.00014171502352837705, "temporal_rel": 0.942340275645256, "tke_rel": 0.5355699077248574}
TRAIN {"angle_aug_abs_deg": 0.0, "aoa_effective_shift_abs_deg_mean": 0.0, "aoa_meanfield_aug_fraction": 0.0, "aoa_meanfield_lambda_mean": 0.0, "delta_penalty": 2.2456555143435253e-05, "grad_rel": 0.5237686961889267, "iteration": 960, "loss": 0.15114330276846885, "lr": 0.0001823806017932274, "mse": 0.00014411052488867427, "p_zero": 0.0, "point_rel": 0.0824782107025385, "residual_mse": 0.0001441105241610785, "temporal_rel": 0.9401701480150223, "tke_rel": 0.5426629334688187}
TRAIN {"angle_aug_abs_deg": 0.0, "aoa_effective_shift_abs_deg_mean": 0.0, "aoa_meanfield_aug_fraction": 0.0, "aoa_meanfield_lambda_mean": 0.0, "delta_penalty": 2.2118655579106417e-05, "grad_rel": 0.5222094863653183, "iteration": 980, "loss": 0.15027159899473191, "lr": 0.00018166234377020831, "mse": 0.00013635753603011836, "p_zero": 0.0, "point_rel": 0.08152730539441108, "residual_mse": 0.00013635753457492684, "temporal_rel": 0.947243657708168, "tke_rel": 0.5408748298883438}
TRAIN {"angle_aug_abs_deg": 0.0, "aoa_effective_shift_abs_deg_mean": 0.0, "aoa_meanfield_aug_fraction": 0.0, "aoa_meanfield_lambda_mean": 0.0, "delta_penalty": 2.1254512921586867e-05, "grad_rel": 0.5196321085095406, "iteration": 1000, "loss": 0.1490973137319088, "lr": 0.00018093121092413355, "mse": 0.0001412453604643815, "p_zero": 0.0, "point_rel": 0.08122175149619579, "residual_mse": 0.00014124535900919, "temporal_rel": 0.9392691224813461, "tke_rel": 0.531003549695015}
EVAL_TOP {"alpha": 1.0, "best_bound_abs": 0.0075, "best_bound_rel": 0.0075, "best_bounds": [{"abs": 0.0075, "coverage": 0.8121697235107422, "final_est": 80.52458404913418, "rel": 0.0075, "sps_raw": 0.456934079527855, "sps_score_linear": 45.6934079527855, "sps_score_used": 45.6934079527855}], "best_final_est": 80.52458404913418, "iteration": 1000, "mean_t_neural_s": 0.01762683533, "mvpe": 0.08157408982515335, "mvpe_score": 96.08113445378227, "n": 640, "rel_l2": 0.08832998089492321, "rel_l2_score": 95.77030537783733, "time_score": 86.54248999999716, "tke": 0.5466163709759713, "tke_score": 78.53558246126862}
BEST iteration=1000 final_est=80.524584 alpha=1.0 abs=0.0075 rel=0.0075
TRAIN {"angle_aug_abs_deg": 0.0, "aoa_effective_shift_abs_deg_mean": 0.0, "aoa_meanfield_aug_fraction": 0.0, "aoa_meanfield_lambda_mean": 0.0, "delta_penalty": 2.199360005761264e-05, "grad_rel": 0.5232870653271675, "iteration": 1020, "loss": 0.15280118212103844, "lr": 0.00018018731852485195, "mse": 0.00014555616944562645, "p_zero": 0.0, "point_rel": 0.08317151367664337, "residual_mse": 0.00014555616999132326, "temporal_rel": 0.9454303473234177, "tke_rel": 0.5562224417924881}
TRAIN {"angle_aug_abs_deg": 0.0, "aoa_effective_shift_abs_deg_mean": 0.0, "aoa_meanfield_aug_fraction": 0.0, "aoa_meanfield_lambda_mean": 0.0, "delta_penalty": 2.1699266426367103e-05, "grad_rel": 0.5200643107295037, "iteration": 1040, "loss": 0.14947689473628997, "lr": 0.00017943078385387383, "mse": 0.00013617396562040084, "p_zero": 0.0, "point_rel": 0.0809328656643629, "residual_mse": 0.00013617396652989555, "temporal_rel": 0.9438651740550995, "tke_rel": 0.5397637203335762}
TRAIN {"angle_aug_abs_deg": 0.0, "aoa_effective_shift_abs_deg_mean": 0.0, "aoa_meanfield_aug_fraction": 0.0, "aoa_meanfield_lambda_mean": 0.0, "delta_penalty": 2.1368499983509536e-05, "grad_rel": 0.5184601217508316, "iteration": 1060, "loss": 0.14924460649490356, "lr": 0.00017866172618588046, "mse": 0.00013954898677184246, "p_zero": 0.0, "point_rel": 0.08100574724376201, "residual_mse": 0.00013954898640804457, "temporal_rel": 0.939926740527153, "tke_rel": 0.5370310857892037}
TRAIN {"angle_aug_abs_deg": 0.0, "aoa_effective_shift_abs_deg_mean": 0.0, "aoa_meanfield_aug_fraction": 0.0, "aoa_meanfield_lambda_mean": 0.0, "delta_penalty": 2.190093096032797e-05, "grad_rel": 0.5208998441696167, "iteration": 1080, "loss": 0.15074595510959626, "lr": 0.0001778802667699194, "mse": 0.00014681506654596889, "p_zero": 0.0, "point_rel": 0.08220272772014141, "residual_mse": 0.00014681506690976675, "temporal_rel": 0.9335533082485199, "tke_rel": 0.5446441799402237}
TRAIN {"angle_aug_abs_deg": 0.0, "aoa_effective_shift_abs_deg_mean": 0.0, "aoa_meanfield_aug_fraction": 0.0, "aoa_meanfield_lambda_mean": 0.0, "delta_penalty": 2.2172135049913778e-05, "grad_rel": 0.515200500190258, "iteration": 1100, "loss": 0.14714927449822426, "lr": 0.00017708652881028817, "mse": 0.0001380892066663364, "p_zero": 0.0, "point_rel": 0.07958654947578907, "residual_mse": 0.00013808920521114488, "temporal_rel": 0.9354070037603378, "tke_rel": 0.5288439840078354}
TRAIN {"angle_aug_abs_deg": 0.0, "aoa_effective_shift_abs_deg_mean": 0.0, "aoa_meanfield_aug_fraction": 0.0, "aoa_meanfield_lambda_mean": 0.0, "delta_penalty": 2.290553375132731e-05, "grad_rel": 0.5166888743638992, "iteration": 1120, "loss": 0.14888279438018798, "lr": 0.00017628063744711017, "mse": 0.00014188559489412, "p_zero": 0.0, "point_rel": 0.08151737190783023, "residual_mse": 0.00014188559416652424, "temporal_rel": 0.9322700738906861, "tke_rel": 0.5267327696084976}
TRAIN {"angle_aug_abs_deg": 0.0, "aoa_effective_shift_abs_deg_mean": 0.0, "aoa_meanfield_aug_fraction": 0.0, "aoa_meanfield_lambda_mean": 0.0, "delta_penalty": 2.379110392212169e-05, "grad_rel": 0.5206782057881355, "iteration": 1140, "loss": 0.15112007334828376, "lr": 0.0001754627197366054, "mse": 0.00015180104328464948, "p_zero": 0.0, "point_rel": 0.08224181085824966, "residual_mse": 0.00015180104364844737, "temporal_rel": 0.9398781448602677, "tke_rel": 0.5470954596996307}
TRAIN {"angle_aug_abs_deg": 0.0, "aoa_effective_shift_abs_deg_mean": 0.0, "aoa_meanfield_aug_fraction": 0.0, "aoa_meanfield_lambda_mean": 0.0, "delta_penalty": 2.361575789109338e-05, "grad_rel": 0.5195345193147659, "iteration": 1160, "loss": 0.15005311965942383, "lr": 0.00017463290463105844, "mse": 0.00014634686667704954, "p_zero": 0.0, "point_rel": 0.08216685466468335, "residual_mse": 0.0001463468677684432, "temporal_rel": 0.9369989812374115, "tke_rel": 0.5323150143027305}
TRAIN {"angle_aug_abs_deg": 0.0, "aoa_effective_shift_abs_deg_mean": 0.0, "aoa_meanfield_aug_fraction": 0.0, "aoa_meanfield_lambda_mean": 0.0, "delta_penalty": 2.3113928455131828e-05, "grad_rel": 0.52080849558115, "iteration": 1180, "loss": 0.15142805725336075, "lr": 0.00017379132295848812, "mse": 0.00015171243685472292, "p_zero": 0.0, "point_rel": 0.08275485076010228, "residual_mse": 0.00015171243467193563, "temporal_rel": 0.9425785124301911, "tke_rel": 0.5422958806157112}
TRAIN {"angle_aug_abs_deg": 0.0, "aoa_effective_shift_abs_deg_mean": 0.0, "aoa_meanfield_aug_fraction": 0.0, "aoa_meanfield_lambda_mean": 0.0, "delta_penalty": 2.385395391684142e-05, "grad_rel": 0.5200315698981285, "iteration": 1200, "loss": 0.1507956750690937, "lr": 0.00017293810740202144, "mse": 0.00015245275026245508, "p_zero": 0.0, "point_rel": 0.08287343569099903, "residual_mse": 0.00015245275062625296, "temporal_rel": 0.930007916688919, "tke_rel": 0.5362552344799042}
TRAIN {"angle_aug_abs_deg": 0.0, "aoa_effective_shift_abs_deg_mean": 0.0, "aoa_meanfield_aug_fraction": 0.0, "aoa_meanfield_lambda_mean": 0.0, "delta_penalty": 2.2914047258382196e-05, "grad_rel": 0.5129717007279396, "iteration": 1220, "loss": 0.1484380654990673, "lr": 0.00017207339247897447, "mse": 0.00013542339384002843, "p_zero": 0.0, "point_rel": 0.08103357516229152, "residual_mse": 0.00013542339602281572, "temporal_rel": 0.933937469124794, "tke_rel": 0.5275117322802544}
TRAIN {"angle_aug_abs_deg": 0.0, "aoa_effective_shift_abs_deg_mean": 0.0, "aoa_meanfield_aug_fraction": 0.0, "aoa_meanfield_lambda_mean": 0.0, "delta_penalty": 2.5126707623712718e-05, "grad_rel": 0.5221043020486832, "iteration": 1240, "loss": 0.1521833583712578, "lr": 0.00017119731451964483, "mse": 0.0001563772402732866, "p_zero": 0.0, "point_rel": 0.08370865993201733, "residual_mse": 0.00015637723918189296, "temporal_rel": 0.938695615530014, "tke_rel": 0.5405808255076409}
TRAIN {"angle_aug_abs_deg": 0.0, "aoa_effective_shift_abs_deg_mean": 0.0, "aoa_meanfield_aug_fraction": 0.0, "aoa_meanfield_lambda_mean": 0.0, "delta_penalty": 2.331190557924856e-05, "grad_rel": 0.5158372521400452, "iteration": 1260, "loss": 0.15003503784537314, "lr": 0.00017031001164581784, "mse": 0.00014608067758672404, "p_zero": 0.0, "point_rel": 0.08190729934722185, "residual_mse": 0.00014608067613153253, "temporal_rel": 0.9287394493818283, "tke_rel": 0.5413952350616456}
TRAIN {"angle_aug_abs_deg": 0.0, "aoa_effective_shift_abs_deg_mean": 0.0, "aoa_meanfield_aug_fraction": 0.0, "aoa_meanfield_lambda_mean": 0.0, "delta_penalty": 2.3182538188848412e-05, "grad_rel": 0.5204156175255775, "iteration": 1280, "loss": 0.14910789281129838, "lr": 0.0001694116237489902, "mse": 0.0001408737287420081, "p_zero": 0.0, "point_rel": 0.0812876069918275, "residual_mse": 0.00014087372946960385, "temporal_rel": 0.9337759494781495, "tke_rel": 0.532634150981903}
TRAIN {"angle_aug_abs_deg": 0.0, "aoa_effective_shift_abs_deg_mean": 0.0, "aoa_meanfield_aug_fraction": 0.0, "aoa_meanfield_lambda_mean": 0.0, "delta_penalty": 2.281334946019342e-05, "grad_rel": 0.5194868698716164, "iteration": 1300, "loss": 0.14960929229855538, "lr": 0.00016850229246831493, "mse": 0.000142072411654226, "p_zero": 0.0, "point_rel": 0.08179392367601394, "residual_mse": 0.00014207241438271012, "temporal_rel": 0.9317461639642716, "tke_rel": 0.5337934538722038}
TRAIN {"angle_aug_abs_deg": 0.0, "aoa_effective_shift_abs_deg_mean": 0.0, "aoa_meanfield_aug_fraction": 0.0, "aoa_meanfield_lambda_mean": 0.0, "delta_penalty": 2.400173393652949e-05, "grad_rel": 0.5149772137403488, "iteration": 1320, "loss": 0.1470576487481594, "lr": 0.00016758216116827067, "mse": 0.00013539103183575208, "p_zero": 0.0, "point_rel": 0.07984256558120251, "residual_mse": 0.00013539103038056054, "temporal_rel": 0.9286246657371521, "tke_rel": 0.5265098229050637}
TRAIN {"angle_aug_abs_deg": 0.0, "aoa_effective_shift_abs_deg_mean": 0.0, "aoa_meanfield_aug_fraction": 0.0, "aoa_meanfield_lambda_mean": 0.0, "delta_penalty": 2.447087563268724e-05, "grad_rel": 0.523234412074089, "iteration": 1340, "loss": 0.15107256546616554, "lr": 0.00016665137491605887, "mse": 0.0001484871198044857, "p_zero": 0.0, "point_rel": 0.08334169909358025, "residual_mse": 0.00014848711907688994, "temporal_rel": 0.9353526204824447, "tke_rel": 0.5296122908592225}
TRAIN {"angle_aug_abs_deg": 0.0, "aoa_effective_shift_abs_deg_mean": 0.0, "aoa_meanfield_aug_fraction": 0.0, "aoa_meanfield_lambda_mean": 0.0, "delta_penalty": 2.3880821845523315e-05, "grad_rel": 0.514320282638073, "iteration": 1360, "loss": 0.14770667478442193, "lr": 0.00016571008045873268, "mse": 0.00014058985925657908, "p_zero": 0.0, "point_rel": 0.08052726686000825, "residual_mse": 0.00014058985998417485, "temporal_rel": 0.92631915807724, "tke_rel": 0.5272062748670578}
TRAIN {"angle_aug_abs_deg": 0.0, "aoa_effective_shift_abs_deg_mean": 0.0, "aoa_meanfield_aug_fraction": 0.0, "aoa_meanfield_lambda_mean": 0.0, "delta_penalty": 2.2466575956059387e-05, "grad_rel": 0.5195408686995506, "iteration": 1380, "loss": 0.15083901807665825, "lr": 0.00016475842620006082, "mse": 0.00014160316623019754, "p_zero": 0.0, "point_rel": 0.0826044324785471, "residual_mse": 0.00014160316623019754, "temporal_rel": 0.9340532749891282, "tke_rel": 0.539615797996521}
TRAIN {"angle_aug_abs_deg": 0.0, "aoa_effective_shift_abs_deg_mean": 0.0, "aoa_meanfield_aug_fraction": 0.0, "aoa_meanfield_lambda_mean": 0.0, "delta_penalty": 2.4160299199138534e-05, "grad_rel": 0.5127487748861312, "iteration": 1400, "loss": 0.14741418659687042, "lr": 0.00016379656217713052, "mse": 0.0001409743059411994, "p_zero": 0.0, "point_rel": 0.07986759394407272, "residual_mse": 0.00014097430521360367, "temporal_rel": 0.9258946537971496, "tke_rel": 0.5339291572570801}
TRAIN {"angle_aug_abs_deg": 0.0, "aoa_effective_shift_abs_deg_mean": 0.0, "aoa_meanfield_aug_fraction": 0.0, "aoa_meanfield_lambda_mean": 0.0, "delta_penalty": 2.3612948734808014e-05, "grad_rel": 0.5101811796426773, "iteration": 1420, "loss": 0.14698976278305054, "lr": 0.0001628246400366926, "mse": 0.00012921309953526361, "p_zero": 0.0, "point_rel": 0.07950136121362447, "residual_mse": 0.00012921309735247632, "temporal_rel": 0.9250199586153031, "tke_rel": 0.5340975508093834}
TRAIN {"angle_aug_abs_deg": 0.0, "aoa_effective_shift_abs_deg_mean": 0.0, "aoa_meanfield_aug_fraction": 0.0, "aoa_meanfield_lambda_mean": 0.0, "delta_penalty": 2.4889524411264574e-05, "grad_rel": 0.5194411560893059, "iteration": 1440, "loss": 0.1486451618373394, "lr": 0.00016184281301125298, "mse": 0.00015014988148323027, "p_zero": 0.0, "point_rel": 0.08230029940605163, "residual_mse": 0.0001501498847574112, "temporal_rel": 0.9154838502407074, "tke_rel": 0.5173864811658859}
TRAIN {"angle_aug_abs_deg": 0.0, "aoa_effective_shift_abs_deg_mean": 0.0, "aoa_meanfield_aug_fraction": 0.0, "aoa_meanfield_lambda_mean": 0.0, "delta_penalty": 2.3705912462901323e-05, "grad_rel": 0.5073224142193794, "iteration": 1460, "loss": 0.14679814428091048, "lr": 0.0001608512358949144, "mse": 0.00014405890924535926, "p_zero": 0.0, "point_rel": 0.0794486466795206, "residual_mse": 0.000144058909972955, "temporal_rel": 0.9269844472408295, "tke_rel": 0.5314405843615532}
TRAIN {"angle_aug_abs_deg": 0.0, "aoa_effective_shift_abs_deg_mean": 0.0, "aoa_meanfield_aug_fraction": 0.0, "aoa_meanfield_lambda_mean": 0.0, "delta_penalty": 2.386765727351303e-05, "grad_rel": 0.5147115185856819, "iteration": 1480, "loss": 0.1480054259300232, "lr": 0.00015985006501897144, "mse": 0.00013795768209092784, "p_zero": 0.0, "point_rel": 0.08019672483205795, "residual_mse": 0.0001379576831823215, "temporal_rel": 0.9328779697418212, "tke_rel": 0.5343304768204689}
TRAIN {"angle_aug_abs_deg": 0.0, "aoa_effective_shift_abs_deg_mean": 0.0, "aoa_meanfield_aug_fraction": 0.0, "aoa_meanfield_lambda_mean": 0.0, "delta_penalty": 2.382072325417539e-05, "grad_rel": 0.5137150302529335, "iteration": 1500, "loss": 0.146770129352808, "lr": 0.00015883945822726356, "mse": 0.00012396245401760097, "p_zero": 0.0, "point_rel": 0.07977694757282734, "residual_mse": 0.00012396245329000523, "temporal_rel": 0.9249132335186004, "tke_rel": 0.5250399425625801}
TRAIN {"angle_aug_abs_deg": 0.0, "aoa_effective_shift_abs_deg_mean": 0.0, "aoa_meanfield_aug_fraction": 0.0, "aoa_meanfield_lambda_mean": 0.0, "delta_penalty": 2.4847241002134977e-05, "grad_rel": 0.5159937217831612, "iteration": 1520, "loss": 0.1489604976028204, "lr": 0.0001578195748512892, "mse": 0.0001452121276088292, "p_zero": 0.0, "point_rel": 0.08155899196863174, "residual_mse": 0.0001452121276088292, "temporal_rel": 0.9263154298067093, "tke_rel": 0.5304680228233337}
TRAIN {"angle_aug_abs_deg": 0.0, "aoa_effective_shift_abs_deg_mean": 0.0, "aoa_meanfield_aug_fraction": 0.0, "aoa_meanfield_lambda_mean": 0.0, "delta_penalty": 2.3904973113531013e-05, "grad_rel": 0.511008070409298, "iteration": 1540, "loss": 0.14667235985398291, "lr": 0.00015679057568508656, "mse": 0.0001353587729681749, "p_zero": 0.0, "point_rel": 0.07898020967841149, "residual_mse": 0.0001353587711491855, "temporal_rel": 0.9286431312561035, "tke_rel": 0.5354441374540329}
TRAIN {"angle_aug_abs_deg": 0.0, "aoa_effective_shift_abs_deg_mean": 0.0, "aoa_meanfield_aug_fraction": 0.0, "aoa_meanfield_lambda_mean": 0.0, "delta_penalty": 2.485345930836047e-05, "grad_rel": 0.5149883806705475, "iteration": 1560, "loss": 0.14964233860373496, "lr": 0.00015575262295988222, "mse": 0.00014906047326803673, "p_zero": 0.0, "point_rel": 0.08222731575369835, "residual_mse": 0.00014906047472322824, "temporal_rel": 0.9221753716468811, "tke_rel": 0.5329953700304031}
TRAIN {"angle_aug_abs_deg": 0.0, "aoa_effective_shift_abs_deg_mean": 0.0, "aoa_meanfield_aug_fraction": 0.0, "aoa_meanfield_lambda_mean": 0.0, "delta_penalty": 2.458631433910341e-05, "grad_rel": 0.5174897819757461, "iteration": 1580, "loss": 0.14968281164765357, "lr": 0.0001547058803185138, "mse": 0.0001515730968094431, "p_zero": 0.0, "point_rel": 0.08217193447053432, "residual_mse": 0.0001515730968094431, "temporal_rel": 0.9220696687698364, "tke_rel": 0.5340079739689827}
TRAIN {"angle_aug_abs_deg": 0.0, "aoa_effective_shift_abs_deg_mean": 0.0, "aoa_meanfield_aug_fraction": 0.0, "aoa_meanfield_lambda_mean": 0.0, "delta_penalty": 2.4486247366439783e-05, "grad_rel": 0.5113283947110177, "iteration": 1600, "loss": 0.1481440171599388, "lr": 0.00015365051278963066, "mse": 0.00014738497557118536, "p_zero": 0.0, "point_rel": 0.08081213384866714, "residual_mse": 0.00014738497411599384, "temporal_rel": 0.9280004590749741, "tke_rel": 0.529620698094368}
TRAIN {"angle_aug_abs_deg": 0.0, "aoa_effective_shift_abs_deg_mean": 0.0, "aoa_meanfield_aug_fraction": 0.0, "aoa_meanfield_lambda_mean": 0.0, "delta_penalty": 2.5176027202178374e-05, "grad_rel": 0.5134173542261123, "iteration": 1620, "loss": 0.14753725193440914, "lr": 0.0001525866867616753, "mse": 0.00014572725967809674, "p_zero": 0.0, "point_rel": 0.08066111207008361, "residual_mse": 0.00014572725967809674, "temporal_rel": 0.9219409584999084, "tke_rel": 0.5245404243469238}
TRAIN {"angle_aug_abs_deg": 0.0, "aoa_effective_shift_abs_deg_mean": 0.0, "aoa_meanfield_aug_fraction": 0.0, "aoa_meanfield_lambda_mean": 0.0, "delta_penalty": 2.6677962068788474e-05, "grad_rel": 0.5125950247049331, "iteration": 1640, "loss": 0.14760822840034962, "lr": 0.00015151456995665083, "mse": 0.0001521191152278334, "p_zero": 0.0, "point_rel": 0.08088920786976814, "residual_mse": 0.00015211911722872172, "temporal_rel": 0.9250499963760376, "tke_rel": 0.5205404400825501}
TRAIN {"angle_aug_abs_deg": 0.0, "aoa_effective_shift_abs_deg_mean": 0.0, "aoa_meanfield_aug_fraction": 0.0, "aoa_meanfield_lambda_mean": 0.0, "delta_penalty": 2.708140609684051e-05, "grad_rel": 0.512141540646553, "iteration": 1660, "loss": 0.14728014469146727, "lr": 0.00015043433140367798, "mse": 0.00015166480661719107, "p_zero": 0.0, "point_rel": 0.0810444850474596, "residual_mse": 0.00015166480479820166, "temporal_rel": 0.9180510640144348, "tke_rel": 0.5160993620753288}
TRAIN {"angle_aug_abs_deg": 0.0, "aoa_effective_shift_abs_deg_mean": 0.0, "aoa_meanfield_aug_fraction": 0.0, "aoa_meanfield_lambda_mean": 0.0, "delta_penalty": 2.5531840674375416e-05, "grad_rel": 0.5110183283686638, "iteration": 1680, "loss": 0.14709446355700492, "lr": 0.00014934614141234593, "mse": 0.0001399300306729856, "p_zero": 0.0, "point_rel": 0.08047973401844502, "residual_mse": 0.00013993003303767182, "temporal_rel": 0.9227637320756912, "tke_rel": 0.5204009056091309}
TRAIN {"angle_aug_abs_deg": 0.0, "aoa_effective_shift_abs_deg_mean": 0.0, "aoa_meanfield_aug_fraction": 0.0, "aoa_meanfield_lambda_mean": 0.0, "delta_penalty": 2.5307621490355815e-05, "grad_rel": 0.5178395211696625, "iteration": 1700, "loss": 0.1491081088781357, "lr": 0.00014825017154586182, "mse": 0.00013920351902925178, "p_zero": 0.0, "point_rel": 0.08163594119250775, "residual_mse": 0.00013920351939304964, "temporal_rel": 0.9277006298303604, "tke_rel": 0.5305215135216713}
TRAIN {"angle_aug_abs_deg": 0.0, "aoa_effective_shift_abs_deg_mean": 0.0, "aoa_meanfield_aug_fraction": 0.0, "aoa_meanfield_lambda_mean": 0.0, "delta_penalty": 2.6333899586461485e-05, "grad_rel": 0.5202621877193451, "iteration": 1720, "loss": 0.15011343210935593, "lr": 0.00014714659459400174, "mse": 0.00015446159050043208, "p_zero": 0.0, "point_rel": 0.08312994651496411, "residual_mse": 0.00015446159231942148, "temporal_rel": 0.9231845617294312, "tke_rel": 0.5239526093006134}
TRAIN {"angle_aug_abs_deg": 0.0, "aoa_effective_shift_abs_deg_mean": 0.0, "aoa_meanfield_aug_fraction": 0.0, "aoa_meanfield_lambda_mean": 0.0, "delta_penalty": 2.4536314458600828e-05, "grad_rel": 0.5082332730293274, "iteration": 1740, "loss": 0.1453839410096407, "lr": 0.00014603558454586924, "mse": 0.00012602221831912175, "p_zero": 0.0, "point_rel": 0.07747996430844069, "residual_mse": 0.00012602221977431327, "temporal_rel": 0.9327475816011429, "tke_rel": 0.5376625746488571}
TRAIN {"angle_aug_abs_deg": 0.0, "aoa_effective_shift_abs_deg_mean": 0.0, "aoa_meanfield_aug_fraction": 0.0, "aoa_meanfield_lambda_mean": 0.0, "delta_penalty": 2.4285262861667432e-05, "grad_rel": 0.514020274579525, "iteration": 1760, "loss": 0.1485369734466076, "lr": 0.00014491731656246425, "mse": 0.00015004996366769775, "p_zero": 0.0, "point_rel": 0.08167577236890793, "residual_mse": 0.000150049965850485, "temporal_rel": 0.9226512879133224, "tke_rel": 0.5237642720341682}
TRAIN {"angle_aug_abs_deg": 0.0, "aoa_effective_shift_abs_deg_mean": 0.0, "aoa_meanfield_aug_fraction": 0.0, "aoa_meanfield_lambda_mean": 0.0, "delta_penalty": 2.4659423343109665e-05, "grad_rel": 0.5166660189628601, "iteration": 1780, "loss": 0.14899589940905572, "lr": 0.000143791966949067, "mse": 0.00014424856126424857, "p_zero": 0.0, "point_rel": 0.08186432495713233, "residual_mse": 0.00014424856126424857, "temporal_rel": 0.9150315642356872, "tke_rel": 0.5314478725194931}
TRAIN {"angle_aug_abs_deg": 0.0, "aoa_effective_shift_abs_deg_mean": 0.0, "aoa_meanfield_aug_fraction": 0.0, "aoa_meanfield_lambda_mean": 0.0, "delta_penalty": 2.5946146706701256e-05, "grad_rel": 0.5149955898523331, "iteration": 1800, "loss": 0.14908751025795935, "lr": 0.00014265971312744236, "mse": 0.00014330501871882007, "p_zero": 0.0, "point_rel": 0.081620142608881, "residual_mse": 0.0001433050201740116, "temporal_rel": 0.9253265172243118, "tke_rel": 0.5323188036680222}
TRAIN {"angle_aug_abs_deg": 0.0, "aoa_effective_shift_abs_deg_mean": 0.0, "aoa_meanfield_aug_fraction": 0.0, "aoa_meanfield_lambda_mean": 0.0, "delta_penalty": 2.532672770030331e-05, "grad_rel": 0.5102243795990944, "iteration": 1820, "loss": 0.14711355566978454, "lr": 0.00014152073360786728, "mse": 0.00014092285055085086, "p_zero": 0.0, "point_rel": 0.07989978715777397, "residual_mse": 0.0001409228498232551, "temporal_rel": 0.9226990550756454, "tke_rel": 0.530610828101635}
TRAIN {"angle_aug_abs_deg": 0.0, "aoa_effective_shift_abs_deg_mean": 0.0, "aoa_meanfield_aug_fraction": 0.0, "aoa_meanfield_lambda_mean": 0.0, "delta_penalty": 2.629148839332629e-05, "grad_rel": 0.5070191964507103, "iteration": 1840, "loss": 0.1442833010107279, "lr": 0.00014037520796098717, "mse": 0.0001304196732235141, "p_zero": 0.0, "point_rel": 0.07859391570091248, "residual_mse": 0.00013041967395110987, "temporal_rel": 0.9172347873449326, "tke_rel": 0.5087900862097741}
TRAIN {"angle_aug_abs_deg": 0.0, "aoa_effective_shift_abs_deg_mean": 0.0, "aoa_meanfield_aug_fraction": 0.0, "aoa_meanfield_lambda_mean": 0.0, "delta_penalty": 2.557539510235074e-05, "grad_rel": 0.5151495605707168, "iteration": 1860, "loss": 0.14779201671481132, "lr": 0.00013922331678950506, "mse": 0.00014245509664760901, "p_zero": 0.0, "point_rel": 0.08119269721210003, "residual_mse": 0.00014245509664760901, "temporal_rel": 0.9213711589574813, "tke_rel": 0.5197948530316353}
TRAIN {"angle_aug_abs_deg": 0.0, "aoa_effective_shift_abs_deg_mean": 0.0, "aoa_meanfield_aug_fraction": 0.0, "aoa_meanfield_lambda_mean": 0.0, "delta_penalty": 2.588079842098523e-05, "grad_rel": 0.5088184013962745, "iteration": 1880, "loss": 0.14521030150353909, "lr": 0.00013806524169970754, "mse": 0.00014392057855729944, "p_zero": 0.0, "point_rel": 0.07961415685713291, "residual_mse": 0.00014392057892109733, "temporal_rel": 0.9187258273363114, "tke_rel": 0.5059733375906944}
TRAIN {"angle_aug_abs_deg": 0.0, "aoa_effective_shift_abs_deg_mean": 0.0, "aoa_meanfield_aug_fraction": 0.0, "aoa_meanfield_lambda_mean": 0.0, "delta_penalty": 2.4863185990398053e-05, "grad_rel": 0.5100935220718383, "iteration": 1900, "loss": 0.14717636369168757, "lr": 0.0001369011652728331, "mse": 0.00013848381440766387, "p_zero": 0.0, "point_rel": 0.0793037910014391, "residual_mse": 0.00013848381277057343, "temporal_rel": 0.9265059709548951, "tke_rel": 0.5397325068712234}
TRAIN {"angle_aug_abs_deg": 0.0, "aoa_effective_shift_abs_deg_mean": 0.0, "aoa_meanfield_aug_fraction": 0.0, "aoa_meanfield_lambda_mean": 0.0, "delta_penalty": 2.5489992094662738e-05, "grad_rel": 0.5095548063516617, "iteration": 1920, "loss": 0.14694309383630752, "lr": 0.00013573127103628653, "mse": 0.00013794675796816592, "p_zero": 0.0, "point_rel": 0.08048378266394138, "residual_mse": 0.00013794675724057014, "temporal_rel": 0.9195288300514222, "tke_rel": 0.5198038905858994}
TRAIN {"angle_aug_abs_deg": 0.0, "aoa_effective_shift_abs_deg_mean": 0.0, "aoa_meanfield_aug_fraction": 0.0, "aoa_meanfield_lambda_mean": 0.0, "delta_penalty": 2.6018368953373282e-05, "grad_rel": 0.5145071923732758, "iteration": 1940, "loss": 0.14795468598604203, "lr": 0.0001345557434347041, "mse": 0.00014514170579786877, "p_zero": 0.0, "point_rel": 0.08111746981739998, "residual_mse": 0.00014514170507027302, "temporal_rel": 0.9188566505908966, "tke_rel": 0.525164145231247}
TRAIN {"angle_aug_abs_deg": 0.0, "aoa_effective_shift_abs_deg_mean": 0.0, "aoa_meanfield_aug_fraction": 0.0, "aoa_meanfield_lambda_mean": 0.0, "delta_penalty": 2.4442064386676066e-05, "grad_rel": 0.5089023187756538, "iteration": 1960, "loss": 0.14713927656412124, "lr": 0.00013337476780087395, "mse": 0.00014609967147407587, "p_zero": 0.0, "point_rel": 0.07977063935250044, "residual_mse": 0.00014609967074648013, "temporal_rel": 0.9230600982904434, "tke_rel": 0.5333163291215897}
TRAIN {"angle_aug_abs_deg": 0.0, "aoa_effective_shift_abs_deg_mean": 0.0, "aoa_meanfield_aug_fraction": 0.0, "aoa_meanfield_lambda_mean": 0.0, "delta_penalty": 2.6419487403472887e-05, "grad_rel": 0.5132145836949349, "iteration": 1980, "loss": 0.14885433092713357, "lr": 0.00013218853032651706, "mse": 0.00014253744193410968, "p_zero": 0.0, "point_rel": 0.082609161734581, "residual_mse": 0.0001425374412065139, "temporal_rel": 0.922300735116005, "tke_rel": 0.5139106959104538}
TRAIN {"angle_aug_abs_deg": 0.0, "aoa_effective_shift_abs_deg_mean": 0.0, "aoa_meanfield_aug_fraction": 0.0, "aoa_meanfield_lambda_mean": 0.0, "delta_penalty": 2.6225910369248594e-05, "grad_rel": 0.5078831687569618, "iteration": 2000, "loss": 0.14717299491167068, "lr": 0.00013099721803293214, "mse": 0.00015116933373064966, "p_zero": 0.0, "point_rel": 0.08044211342930793, "residual_mse": 0.00015116933227545814, "temporal_rel": 0.9184929221868515, "tke_rel": 0.5251995414495468}
EVAL_TOP {"alpha": 1.0, "best_bound_abs": 0.0075, "best_bound_rel": 0.0075, "best_bounds": [{"abs": 0.0075, "coverage": 0.8154256248474121, "final_est": 81.01028305865138, "rel": 0.0075, "sps_raw": 0.4643833767175674, "sps_score_linear": 46.43833767175674, "sps_score_used": 46.43833767175674}], "best_final_est": 81.01028305865138, "iteration": 2000, "mean_t_neural_s": 0.01762683533, "mvpe": 0.07952058874070644, "mvpe_score": 96.1760133960077, "n": 640, "rel_l2": 0.08711883332580328, "rel_l2_score": 95.82588054236565, "time_score": 86.54248999999716, "tke": 0.49785516411066055, "tke_score": 80.06869368312964}
BEST iteration=2000 final_est=81.010283 alpha=1.0 abs=0.0075 rel=0.0075
TRAIN {"angle_aug_abs_deg": 0.0, "aoa_effective_shift_abs_deg_mean": 0.0, "aoa_meanfield_aug_fraction": 0.0, "aoa_meanfield_lambda_mean": 0.0, "delta_penalty": 2.6297967406208044e-05, "grad_rel": 0.5087270632386207, "iteration": 2020, "loss": 0.1457636371254921, "lr": 0.00012980101874150986, "mse": 0.0001358093610178912, "p_zero": 0.0, "point_rel": 0.07960162051022053, "residual_mse": 0.0001358093601083965, "temporal_rel": 0.9171890050172806, "tke_rel": 0.5162361904978752}
TRAIN {"angle_aug_abs_deg": 0.0, "aoa_effective_shift_abs_deg_mean": 0.0, "aoa_meanfield_aug_fraction": 0.0, "aoa_meanfield_lambda_mean": 0.0, "delta_penalty": 2.72852672424051e-05, "grad_rel": 0.5130135357379914, "iteration": 2040, "loss": 0.1481877092272043, "lr": 0.0001286001210441215, "mse": 0.0001464754488551989, "p_zero": 0.0, "point_rel": 0.08154455721378326, "residual_mse": 0.0001464754501284915, "temporal_rel": 0.9207657098770141, "tke_rel": 0.5213415160775184}
TRAIN {"angle_aug_abs_deg": 0.0, "aoa_effective_shift_abs_deg_mean": 0.0, "aoa_meanfield_aug_fraction": 0.0, "aoa_meanfield_lambda_mean": 0.0, "delta_penalty": 2.4873317761375803e-05, "grad_rel": 0.5072781875729561, "iteration": 2060, "loss": 0.14565783366560936, "lr": 0.0001273947142733855, "mse": 0.00014131346360954922, "p_zero": 0.0, "point_rel": 0.07969878129661083, "residual_mse": 0.00014131346433714497, "temporal_rel": 0.9145653873682023, "tke_rel": 0.5145004704594612}
TRAIN {"angle_aug_abs_deg": 0.0, "aoa_effective_shift_abs_deg_mean": 0.0, "aoa_meanfield_aug_fraction": 0.0, "aoa_meanfield_lambda_mean": 0.0, "delta_penalty": 2.5329322033940117e-05, "grad_rel": 0.51007831543684, "iteration": 2080, "loss": 0.1471918523311615, "lr": 0.0001261849884728169, "mse": 0.00014985297348175665, "p_zero": 0.0, "point_rel": 0.08047736547887326, "residual_mse": 0.000149852972390363, "temporal_rel": 0.9211021810770035, "tke_rel": 0.5230797663331032}
TRAIN {"angle_aug_abs_deg": 0.0, "aoa_effective_shift_abs_deg_mean": 0.0, "aoa_meanfield_aug_fraction": 0.0, "aoa_meanfield_lambda_mean": 0.0, "delta_penalty": 2.6155626164836578e-05, "grad_rel": 0.5117460340261459, "iteration": 2100, "loss": 0.1474538329988718, "lr": 0.00012497113436686625, "mse": 0.0001488138866989175, "p_zero": 0.0, "point_rel": 0.08046487849205733, "residual_mse": 0.0001488138885179069, "temporal_rel": 0.9207531094551087, "tke_rel": 0.5274168342351914}
TRAIN {"angle_aug_abs_deg": 0.0, "aoa_effective_shift_abs_deg_mean": 0.0, "aoa_meanfield_aug_fraction": 0.0, "aoa_meanfield_lambda_mean": 0.0, "delta_penalty": 2.5962867402995472e-05, "grad_rel": 0.5041656062006951, "iteration": 2120, "loss": 0.144893454387784, "lr": 0.0001237533433308493, "mse": 0.00013162064151401865, "p_zero": 0.0, "point_rel": 0.07784204967319966, "residual_mse": 0.00013162064078642288, "temporal_rel": 0.9234604150056839, "tke_rel": 0.5290850430727005}
TRAIN {"angle_aug_abs_deg": 0.0, "aoa_effective_shift_abs_deg_mean": 0.0, "aoa_meanfield_aug_fraction": 0.0, "aoa_meanfield_lambda_mean": 0.0, "delta_penalty": 2.7627747476799415e-05, "grad_rel": 0.5195559754967689, "iteration": 2140, "loss": 0.15131677985191344, "lr": 0.00012253180736077532, "mse": 0.00015994228724593995, "p_zero": 0.0, "point_rel": 0.08361805602908134, "residual_mse": 0.00015994228688214206, "temporal_rel": 0.9208823651075363, "tke_rel": 0.5371730268001557}
TRAIN {"angle_aug_abs_deg": 0.0, "aoa_effective_shift_abs_deg_mean": 0.0, "aoa_meanfield_aug_fraction": 0.0, "aoa_meanfield_lambda_mean": 0.0, "delta_penalty": 2.6646141486708073e-05, "grad_rel": 0.5085108399391174, "iteration": 2160, "loss": 0.14541107714176177, "lr": 0.00012130671904307693, "mse": 0.00013122879863658454, "p_zero": 0.0, "point_rel": 0.07984609827399254, "residual_mse": 0.00013122879918228136, "temporal_rel": 0.918620553612709, "tke_rel": 0.505646750330925}
TRAIN {"angle_aug_abs_deg": 0.0, "aoa_effective_shift_abs_deg_mean": 0.0, "aoa_meanfield_aug_fraction": 0.0, "aoa_meanfield_lambda_mean": 0.0, "delta_penalty": 2.7360362037143204e-05, "grad_rel": 0.5112242519855499, "iteration": 2180, "loss": 0.1470795042812824, "lr": 0.00012007827152424723, "mse": 0.000143313536682399, "p_zero": 0.0, "point_rel": 0.08034393824636936, "residual_mse": 0.00014331353740999476, "temporal_rel": 0.9169209629297257, "tke_rel": 0.5252672389149666}
TRAIN {"angle_aug_abs_deg": 0.0, "aoa_effective_shift_abs_deg_mean": 0.0, "aoa_meanfield_aug_fraction": 0.0, "aoa_meanfield_lambda_mean": 0.0, "delta_penalty": 2.5641099909989862e-05, "grad_rel": 0.5105813503265381, "iteration": 2200, "loss": 0.14707301780581475, "lr": 0.00011884665848038841, "mse": 0.00013750662292295602, "p_zero": 0.0, "point_rel": 0.08029034920036793, "residual_mse": 0.00013750662255915814, "temporal_rel": 0.9150599569082261, "tke_rel": 0.5271730571985245}
TRAIN {"angle_aug_abs_deg": 0.0, "aoa_effective_shift_abs_deg_mean": 0.0, "aoa_meanfield_aug_fraction": 0.0, "aoa_meanfield_lambda_mean": 0.0, "delta_penalty": 2.6662353502615587e-05, "grad_rel": 0.5103072449564934, "iteration": 2220, "loss": 0.1473040796816349, "lr": 0.00011761207408667704, "mse": 0.00014837053095106967, "p_zero": 0.0, "point_rel": 0.08124515935778617, "residual_mse": 0.00014837052949587815, "temporal_rel": 0.9134636342525482, "tke_rel": 0.5159227147698402}
TRAIN {"angle_aug_abs_deg": 0.0, "aoa_effective_shift_abs_deg_mean": 0.0, "aoa_meanfield_aug_fraction": 0.0, "aoa_meanfield_lambda_mean": 0.0, "delta_penalty": 2.614079098748334e-05, "grad_rel": 0.5070798963308334, "iteration": 2240, "loss": 0.14374456629157067, "lr": 0.00011637471298675032, "mse": 0.00012907506416013348, "p_zero": 0.0, "point_rel": 0.07802627421915531, "residual_mse": 0.00012907506397823453, "temporal_rel": 0.9146590441465378, "tke_rel": 0.5105513066053391}
TRAIN {"angle_aug_abs_deg": 0.0, "aoa_effective_shift_abs_deg_mean": 0.0, "aoa_meanfield_aug_fraction": 0.0, "aoa_meanfield_lambda_mean": 0.0, "delta_penalty": 2.602143422336667e-05, "grad_rel": 0.5074656262993813, "iteration": 2260, "loss": 0.14759608805179597, "lr": 0.00011513477026201881, "mse": 0.00014468993722402957, "p_zero": 0.0, "point_rel": 0.08057460300624371, "residual_mse": 0.00014468993795162531, "temporal_rel": 0.918134617805481, "tke_rel": 0.5303589209914208}
TRAIN {"angle_aug_abs_deg": 0.0, "aoa_effective_shift_abs_deg_mean": 0.0, "aoa_meanfield_aug_fraction": 0.0, "aoa_meanfield_lambda_mean": 0.0, "delta_penalty": 2.7366560243535786e-05, "grad_rel": 0.510410712659359, "iteration": 2280, "loss": 0.14619400799274446, "lr": 0.00011389244140091015, "mse": 0.00013982849231979343, "p_zero": 0.0, "point_rel": 0.08000232018530369, "residual_mse": 0.0001398284930473892, "temporal_rel": 0.9171114444732666, "tke_rel": 0.5163280755281449}
TRAIN {"angle_aug_abs_deg": 0.0, "aoa_effective_shift_abs_deg_mean": 0.0, "aoa_meanfield_aug_fraction": 0.0, "aoa_meanfield_lambda_mean": 0.0, "delta_penalty": 2.7632558430923382e-05, "grad_rel": 0.5085132941603661, "iteration": 2300, "loss": 0.1459513083100319, "lr": 0.00011264792226804849, "mse": 0.00014103969315328868, "p_zero": 0.0, "point_rel": 0.07952909097075463, "residual_mse": 0.00014103969133429927, "temporal_rel": 0.9147122949361801, "tke_rel": 0.521838067471981}
TRAIN {"angle_aug_abs_deg": 0.0, "aoa_effective_shift_abs_deg_mean": 0.0, "aoa_meanfield_aug_fraction": 0.0, "aoa_meanfield_lambda_mean": 0.0, "delta_penalty": 2.4128949644364183e-05, "grad_rel": 0.5042822852730751, "iteration": 2320, "loss": 0.14489098265767097, "lr": 0.00011140140907337442, "mse": 0.00013844177810824477, "p_zero": 0.0, "point_rel": 0.07880069799721241, "residual_mse": 0.00013844177847204263, "temporal_rel": 0.9156612664461136, "tke_rel": 0.5169032976031304}
TRAIN {"angle_aug_abs_deg": 0.0, "aoa_effective_shift_abs_deg_mean": 0.0, "aoa_meanfield_aug_fraction": 0.0, "aoa_meanfield_lambda_mean": 0.0, "delta_penalty": 2.6925009024125757e-05, "grad_rel": 0.5122733905911445, "iteration": 2340, "loss": 0.1483782559633255, "lr": 0.00011015309834121088, "mse": 0.00014517584913846803, "p_zero": 0.0, "point_rel": 0.08175963331013918, "residual_mse": 0.000145175846228085, "temporal_rel": 0.9192627638578414, "tke_rel": 0.5218758463859559}
TRAIN {"angle_aug_abs_deg": 0.0, "aoa_effective_shift_abs_deg_mean": 0.0, "aoa_meanfield_aug_fraction": 0.0, "aoa_meanfield_lambda_mean": 0.0, "delta_penalty": 2.5517880203551613e-05, "grad_rel": 0.5033626422286034, "iteration": 2360, "loss": 0.14370740205049515, "lr": 0.0001089031868792792, "mse": 0.00012987680020160042, "p_zero": 0.0, "point_rel": 0.07782082632184029, "residual_mse": 0.00012987679947400465, "temporal_rel": 0.915896275639534, "tke_rel": 0.5136629670858384}
TRAIN {"angle_aug_abs_deg": 0.0, "aoa_effective_shift_abs_deg_mean": 0.0, "aoa_meanfield_aug_fraction": 0.0, "aoa_meanfield_lambda_mean": 0.0, "delta_penalty": 2.7125700398755725e-05, "grad_rel": 0.508680573105812, "iteration": 2380, "loss": 0.14539125114679335, "lr": 0.00010765187174767053, "mse": 0.00014253411427489482, "p_zero": 0.0, "point_rel": 0.07939656674861909, "residual_mse": 0.00014253411445679375, "temporal_rel": 0.9144566744565964, "tke_rel": 0.5147912293672562}
TRAIN {"angle_aug_abs_deg": 0.0, "aoa_effective_shift_abs_deg_mean": 0.0, "aoa_meanfield_aug_fraction": 0.0, "aoa_meanfield_lambda_mean": 0.0, "delta_penalty": 2.6399029320600675e-05, "grad_rel": 0.5106573805212975, "iteration": 2400, "loss": 0.14741038233041764, "lr": 0.0001063993502277775, "mse": 0.00015058318203955423, "p_zero": 0.0, "point_rel": 0.08085763454437256, "residual_mse": 0.00015058318313094788, "temporal_rel": 0.9160182565450669, "tke_rel": 0.5227772474288941}
TRAIN {"angle_aug_abs_deg": 0.0, "aoa_effective_shift_abs_deg_mean": 0.0, "aoa_meanfield_aug_fraction": 0.0, "aoa_meanfield_lambda_mean": 0.0, "delta_penalty": 2.725728891164181e-05, "grad_rel": 0.5067407712340355, "iteration": 2420, "loss": 0.14514600709080697, "lr": 0.00010514581979119105, "mse": 0.00014367129097081488, "p_zero": 0.0, "point_rel": 0.07868079468607903, "residual_mse": 0.00014367128987942125, "temporal_rel": 0.9119038283824921, "tke_rel": 0.5243890017271042}
TRAIN {"angle_aug_abs_deg": 0.0, "aoa_effective_shift_abs_deg_mean": 0.0, "aoa_meanfield_aug_fraction": 0.0, "aoa_meanfield_lambda_mean": 0.0, "delta_penalty": 2.7139288704347564e-05, "grad_rel": 0.5104626759886741, "iteration": 2440, "loss": 0.14760091677308082, "lr": 0.00010389147806856713, "mse": 0.00014903048504493198, "p_zero": 0.0, "point_rel": 0.08113887198269368, "residual_mse": 0.00014903048504493198, "temporal_rel": 0.9168926447629928, "tke_rel": 0.5208845540881157}
TRAIN {"angle_aug_abs_deg": 0.0, "aoa_effective_shift_abs_deg_mean": 0.0, "aoa_meanfield_aug_fraction": 0.0, "aoa_meanfield_lambda_mean": 0.0, "delta_penalty": 2.6756456645671278e-05, "grad_rel": 0.5032252907752991, "iteration": 2460, "loss": 0.14351071193814277, "lr": 0.00010263652281846849, "mse": 0.00014190931688062847, "p_zero": 0.0, "point_rel": 0.07800591439008712, "residual_mse": 0.00014190931760822424, "temporal_rel": 0.9114374965429306, "tke_rel": 0.509503161907196}
TRAIN {"angle_aug_abs_deg": 0.0, "aoa_effective_shift_abs_deg_mean": 0.0, "aoa_meanfield_aug_fraction": 0.0, "aoa_meanfield_lambda_mean": 0.0, "delta_penalty": 2.7844141459354433e-05, "grad_rel": 0.5072478085756302, "iteration": 2480, "loss": 0.14562244676053523, "lr": 0.00010138115189618599, "mse": 0.00014286524692579404, "p_zero": 0.0, "point_rel": 0.07930645607411861, "residual_mse": 0.00014286524692579404, "temporal_rel": 0.9115988135337829, "tke_rel": 0.5219315454363823}
TRAIN {"angle_aug_abs_deg": 0.0, "aoa_effective_shift_abs_deg_mean": 0.0, "aoa_meanfield_aug_fraction": 0.0, "aoa_meanfield_lambda_mean": 0.0, "delta_penalty": 2.723218840401387e-05, "grad_rel": 0.5058360204100609, "iteration": 2500, "loss": 0.14469108320772647, "lr": 0.0001001255632225452, "mse": 0.0001438282350136433, "p_zero": 0.0, "point_rel": 0.07854940928518772, "residual_mse": 0.00014382823210326023, "temporal_rel": 0.9126833409070969, "tke_rel": 0.5188323363661766}
TRAIN {"angle_aug_abs_deg": 0.0, "aoa_effective_shift_abs_deg_mean": 0.0, "aoa_meanfield_aug_fraction": 0.0, "aoa_meanfield_lambda_mean": 0.0, "delta_penalty": 2.7639162090054016e-05, "grad_rel": 0.5105610087513923, "iteration": 2520, "loss": 0.1465893991291523, "lr": 9.886995475270216e-05, "mse": 0.0001387907637763419, "p_zero": 0.0, "point_rel": 0.08104218170046806, "residual_mse": 0.0001387907637763419, "temporal_rel": 0.9087436228990555, "tke_rel": 0.509738427400589}
TRAIN {"angle_aug_abs_deg": 0.0, "aoa_effective_shift_abs_deg_mean": 0.0, "aoa_meanfield_aug_fraction": 0.0, "aoa_meanfield_lambda_mean": 0.0, "delta_penalty": 2.8083599954698e-05, "grad_rel": 0.5071376964449883, "iteration": 2540, "loss": 0.1446193352341652, "lr": 9.761452444493399e-05, "mse": 0.0001359755580779165, "p_zero": 0.0, "point_rel": 0.07917779013514518, "residual_mse": 0.00013597555771411863, "temporal_rel": 0.9119773387908936, "tke_rel": 0.5072300717234611}
TRAIN {"angle_aug_abs_deg": 0.0, "aoa_effective_shift_abs_deg_mean": 0.0, "aoa_meanfield_aug_fraction": 0.0, "aoa_meanfield_lambda_mean": 0.0, "delta_penalty": 2.8638932235480752e-05, "grad_rel": 0.5095155835151672, "iteration": 2560, "loss": 0.14553208015859126, "lr": 9.635947022942887e-05, "mse": 0.00013887817731301767, "p_zero": 0.0, "point_rel": 0.07969518192112446, "residual_mse": 0.0001388781765854219, "temporal_rel": 0.909204512834549, "tke_rel": 0.5145965635776519}
TRAIN {"angle_aug_abs_deg": 0.0, "aoa_effective_shift_abs_deg_mean": 0.0, "aoa_meanfield_aug_fraction": 0.0, "aoa_meanfield_lambda_mean": 0.0, "delta_penalty": 2.7276729815639557e-05, "grad_rel": 0.5054569497704506, "iteration": 2580, "loss": 0.14497953727841378, "lr": 9.51049899770806e-05, "mse": 0.00013792659374303184, "p_zero": 0.0, "point_rel": 0.07910199351608753, "residual_mse": 0.00013792659228784032, "temporal_rel": 0.9135917603969574, "tke_rel": 0.5141002491116524}
TRAIN {"angle_aug_abs_deg": 0.0, "aoa_effective_shift_abs_deg_mean": 0.0, "aoa_meanfield_aug_fraction": 0.0, "aoa_meanfield_lambda_mean": 0.0, "delta_penalty": 2.7905831484531517e-05, "grad_rel": 0.508546705543995, "iteration": 2600, "loss": 0.14476461857557296, "lr": 9.385128146829237e-05, "mse": 0.00013588869696832263, "p_zero": 0.0, "point_rel": 0.07939131371676922, "residual_mse": 0.00013588869696832263, "temporal_rel": 0.9130953490734101, "tke_rel": 0.5051820173859596}
TRAIN {"angle_aug_abs_deg": 0.0, "aoa_effective_shift_abs_deg_mean": 0.0, "aoa_meanfield_aug_fraction": 0.0, "aoa_meanfield_lambda_mean": 0.0, "delta_penalty": 2.758099171842332e-05, "grad_rel": 0.5068776100873947, "iteration": 2620, "loss": 0.14580251574516295, "lr": 9.259854236179478e-05, "mse": 0.00013327140786714153, "p_zero": 0.0, "point_rel": 0.07908914647996426, "residual_mse": 0.0001332714085947373, "temporal_rel": 0.91546128988266, "tke_rel": 0.5267638877034188}
TRAIN {"angle_aug_abs_deg": 0.0, "aoa_effective_shift_abs_deg_mean": 0.0, "aoa_meanfield_aug_fraction": 0.0, "aoa_meanfield_lambda_mean": 0.0, "delta_penalty": 2.8312278755038277e-05, "grad_rel": 0.5075606167316437, "iteration": 2640, "loss": 0.1447676967829466, "lr": 9.134697016348339e-05, "mse": 0.000140509808625211, "p_zero": 0.0, "point_rel": 0.07909015156328678, "residual_mse": 0.00014050980789761524, "temporal_rel": 0.9071144759654999, "tke_rel": 0.5134664088487625}
TRAIN {"angle_aug_abs_deg": 0.0, "aoa_effective_shift_abs_deg_mean": 0.0, "aoa_meanfield_aug_fraction": 0.0, "aoa_meanfield_lambda_mean": 0.0, "delta_penalty": 2.7812579719466158e-05, "grad_rel": 0.5089274004101754, "iteration": 2660, "loss": 0.14542183205485343, "lr": 9.009676219527974e-05, "mse": 0.00014475988464255352, "p_zero": 0.0, "point_rel": 0.07970445118844509, "residual_mse": 0.00014475988427875564, "temporal_rel": 0.9071540772914887, "tke_rel": 0.5137477651238441}
TRAIN {"angle_aug_abs_deg": 0.0, "aoa_effective_shift_abs_deg_mean": 0.0, "aoa_meanfield_aug_fraction": 0.0, "aoa_meanfield_lambda_mean": 0.0, "delta_penalty": 2.8479558477556565e-05, "grad_rel": 0.5045607313513756, "iteration": 2680, "loss": 0.14465921074151994, "lr": 8.884811556402198e-05, "mse": 0.00014163327577989548, "p_zero": 0.0, "point_rel": 0.0793466791510582, "residual_mse": 0.00014163327468850185, "temporal_rel": 0.9072457104921341, "tke_rel": 0.5080615147948265}
TRAIN {"angle_aug_abs_deg": 0.0, "aoa_effective_shift_abs_deg_mean": 0.0, "aoa_meanfield_aug_fraction": 0.0, "aoa_meanfield_lambda_mean": 0.0, "delta_penalty": 2.6075971481986927e-05, "grad_rel": 0.5046082556247711, "iteration": 2700, "loss": 0.14388249814510345, "lr": 8.760122713038894e-05, "mse": 0.00013384892636167934, "p_zero": 0.0, "point_rel": 0.07802019752562046, "residual_mse": 0.00013384892490648782, "temporal_rel": 0.9128383010625839, "tke_rel": 0.5144559070467949}
TRAIN {"angle_aug_abs_deg": 0.0, "aoa_effective_shift_abs_deg_mean": 0.0, "aoa_meanfield_aug_fraction": 0.0, "aoa_meanfield_lambda_mean": 0.0, "delta_penalty": 2.6804650315170874e-05, "grad_rel": 0.5030099987983704, "iteration": 2720, "loss": 0.14439204409718515, "lr": 8.63562934778635e-05, "mse": 0.00013265659490571124, "p_zero": 0.0, "point_rel": 0.07876248434185981, "residual_mse": 0.00013265659454191335, "temporal_rel": 0.9112768977880478, "tke_rel": 0.5117627546191216}
TRAIN {"angle_aug_abs_deg": 0.0, "aoa_effective_shift_abs_deg_mean": 0.0, "aoa_meanfield_aug_fraction": 0.0, "aoa_meanfield_lambda_mean": 0.0, "delta_penalty": 2.89312126369623e-05, "grad_rel": 0.5041227206587792, "iteration": 2740, "loss": 0.1445036254823208, "lr": 8.511351088173916e-05, "mse": 0.00014045350544620306, "p_zero": 0.0, "point_rel": 0.07931740805506707, "residual_mse": 0.0001404535061737988, "temporal_rel": 0.90993692278862, "tke_rel": 0.5047259569168091}
TRAIN {"angle_aug_abs_deg": 0.0, "aoa_effective_shift_abs_deg_mean": 0.0, "aoa_meanfield_aug_fraction": 0.0, "aoa_meanfield_lambda_mean": 0.0, "delta_penalty": 2.825939536705846e-05, "grad_rel": 0.5047750130295754, "iteration": 2760, "loss": 0.14399469867348672, "lr": 8.38730752781755e-05, "mse": 0.00013288622940308415, "p_zero": 0.0, "point_rel": 0.07822076715528965, "residual_mse": 0.00013288622903928626, "temporal_rel": 0.909947720170021, "tke_rel": 0.5143907681107521}
TRAIN {"angle_aug_abs_deg": 0.0, "aoa_effective_shift_abs_deg_mean": 0.0, "aoa_meanfield_aug_fraction": 0.0, "aoa_meanfield_lambda_mean": 0.0, "delta_penalty": 2.733180172072025e-05, "grad_rel": 0.503029665350914, "iteration": 2780, "loss": 0.14294743314385414, "lr": 8.263518223330706e-05, "mse": 0.00013060804267297498, "p_zero": 0.0, "point_rel": 0.0776230625808239, "residual_mse": 0.0001306080441281665, "temporal_rel": 0.9112962692975998, "tke_rel": 0.506671866774559}
TRAIN {"angle_aug_abs_deg": 0.0, "aoa_effective_shift_abs_deg_mean": 0.0, "aoa_meanfield_aug_fraction": 0.0, "aoa_meanfield_lambda_mean": 0.0, "delta_penalty": 2.867811408577836e-05, "grad_rel": 0.5080001816153527, "iteration": 2800, "loss": 0.14629579856991767, "lr": 8.140002691241053e-05, "mse": 0.00015215900166367646, "p_zero": 0.0, "point_rel": 0.08068935386836529, "residual_mse": 0.00015215900384646375, "temporal_rel": 0.9062217891216278, "tke_rel": 0.5125594720244407}
TRAIN {"angle_aug_abs_deg": 0.0, "aoa_effective_shift_abs_deg_mean": 0.0, "aoa_meanfield_aug_fraction": 0.0, "aoa_meanfield_lambda_mean": 0.0, "delta_penalty": 2.8134989406680688e-05, "grad_rel": 0.5062797740101814, "iteration": 2820, "loss": 0.14393445551395417, "lr": 8.016780404913503e-05, "mse": 0.00014407662729354342, "p_zero": 0.0, "point_rel": 0.07845767438411713, "residual_mse": 0.00014407662656594765, "temporal_rel": 0.9116017758846283, "tke_rel": 0.5081791386008263}
TRAIN {"angle_aug_abs_deg": 0.0, "aoa_effective_shift_abs_deg_mean": 0.0, "aoa_meanfield_aug_fraction": 0.0, "aoa_meanfield_lambda_mean": 0.0, "delta_penalty": 2.7220859192311763e-05, "grad_rel": 0.49913696497678756, "iteration": 2840, "loss": 0.14293373189866543, "lr": 7.893870791480078e-05, "mse": 0.0001283185725696967, "p_zero": 0.0, "point_rel": 0.07753840051591396, "residual_mse": 0.0001283185722058988, "temporal_rel": 0.9130934774875641, "tke_rel": 0.5079405695199967}
TRAIN {"angle_aug_abs_deg": 0.0, "aoa_effective_shift_abs_deg_mean": 0.0, "aoa_meanfield_aug_fraction": 0.0, "aoa_meanfield_lambda_mean": 0.0, "delta_penalty": 3.001201112056151e-05, "grad_rel": 0.509108553826809, "iteration": 2860, "loss": 0.14594112783670427, "lr": 7.771293228777011e-05, "mse": 0.00014913430095475633, "p_zero": 0.0, "point_rel": 0.07993431799113751, "residual_mse": 0.0001491343016823521, "temporal_rel": 0.9093492895364761, "tke_rel": 0.5174060553312302}
TRAIN {"angle_aug_abs_deg": 0.0, "aoa_effective_shift_abs_deg_mean": 0.0, "aoa_meanfield_aug_fraction": 0.0, "aoa_meanfield_lambda_mean": 0.0, "delta_penalty": 2.8184572056488832e-05, "grad_rel": 0.5081890821456909, "iteration": 2880, "loss": 0.1453616999089718, "lr": 7.649067042289687e-05, "mse": 0.00014082711677474436, "p_zero": 0.0, "point_rel": 0.08000724501907826, "residual_mse": 0.00014082711713854225, "temporal_rel": 0.9056772828102112, "tke_rel": 0.5086414560675621}
TRAIN {"angle_aug_abs_deg": 0.0, "aoa_effective_shift_abs_deg_mean": 0.0, "aoa_meanfield_aug_fraction": 0.0, "aoa_meanfield_lambda_mean": 0.0, "delta_penalty": 2.8828472477471222e-05, "grad_rel": 0.5045493438839912, "iteration": 2900, "loss": 0.14438964687287809, "lr": 7.527211502105772e-05, "mse": 0.0001407397663570009, "p_zero": 0.0, "point_rel": 0.07900751642882824, "residual_mse": 0.00014073976599320303, "temporal_rel": 0.9112776428461075, "tke_rel": 0.5072127386927605}
TRAIN {"angle_aug_abs_deg": 0.0, "aoa_effective_shift_abs_deg_mean": 0.0, "aoa_meanfield_aug_fraction": 0.0, "aoa_meanfield_lambda_mean": 0.0, "delta_penalty": 2.820581903506536e-05, "grad_rel": 0.503382159769535, "iteration": 2920, "loss": 0.14444590583443642, "lr": 7.405745819877124e-05, "mse": 0.0001378185366775142, "p_zero": 0.0, "point_rel": 0.07851095087826251, "residual_mse": 0.00013781853594991845, "temporal_rel": 0.911237022280693, "tke_rel": 0.5167533978819847}
TRAIN {"angle_aug_abs_deg": 0.0, "aoa_effective_shift_abs_deg_mean": 0.0, "aoa_meanfield_aug_fraction": 0.0, "aoa_meanfield_lambda_mean": 0.0, "delta_penalty": 2.9442747018038062e-05, "grad_rel": 0.5041091233491898, "iteration": 2940, "loss": 0.14477134943008424, "lr": 7.284689145790888e-05, "mse": 0.00013892025581299094, "p_zero": 0.0, "point_rel": 0.07938879914581776, "residual_mse": 0.00013892025672248564, "temporal_rel": 0.9078343540430069, "tke_rel": 0.5090603634715081}
TRAIN {"angle_aug_abs_deg": 0.0, "aoa_effective_shift_abs_deg_mean": 0.0, "aoa_meanfield_aug_fraction": 0.0, "aoa_meanfield_lambda_mean": 0.0, "delta_penalty": 2.7863448121934197e-05, "grad_rel": 0.507017670571804, "iteration": 2960, "loss": 0.1466428730636835, "lr": 7.164060565550298e-05, "mse": 0.00014410831754503307, "p_zero": 0.0, "point_rel": 0.0797184694558382, "residual_mse": 0.00014410831463465, "temporal_rel": 0.9157847225666046, "tke_rel": 0.5300301775336266}
TRAIN {"angle_aug_abs_deg": 0.0, "aoa_effective_shift_abs_deg_mean": 0.0, "aoa_meanfield_aug_fraction": 0.0, "aoa_meanfield_lambda_mean": 0.0, "delta_penalty": 2.937784129244392e-05, "grad_rel": 0.5072439059615135, "iteration": 2980, "loss": 0.14500884264707564, "lr": 7.043879097365633e-05, "mse": 0.00014632564143539638, "p_zero": 0.0, "point_rel": 0.07992276474833489, "residual_mse": 0.00014632564216299215, "temporal_rel": 0.9083140552043915, "tke_rel": 0.5030585899949074}
TRAIN {"angle_aug_abs_deg": 0.0, "aoa_effective_shift_abs_deg_mean": 0.0, "aoa_meanfield_aug_fraction": 0.0, "aoa_meanfield_lambda_mean": 0.0, "delta_penalty": 2.9257758069434203e-05, "grad_rel": 0.5088770821690559, "iteration": 3000, "loss": 0.14554111436009406, "lr": 6.924163688955834e-05, "mse": 0.00014244872636481887, "p_zero": 0.0, "point_rel": 0.08000391852110625, "residual_mse": 0.00014244872782001038, "temporal_rel": 0.908889788389206, "tke_rel": 0.509900426864624}
EVAL_TOP {"alpha": 1.0, "best_bound_abs": 0.0075, "best_bound_rel": 0.0075, "best_bounds": [{"abs": 0.0075, "coverage": 0.8201656150817871, "final_est": 81.13227148659391, "rel": 0.0075, "sps_raw": 0.4682621190547943, "sps_score_linear": 46.82621190547943, "sps_score_used": 46.82621190547943}], "best_final_est": 81.13227148659391, "iteration": 3000, "mean_t_neural_s": 0.01762683533, "mvpe": 0.07833781093358994, "mvpe_score": 96.23074696897322, "n": 640, "rel_l2": 0.08601065445691347, "rel_l2_score": 95.87678738489923, "time_score": 86.54248999999716, "tke": 0.49422831907868386, "tke_score": 80.18512117362047}
BEST iteration=3000 final_est=81.132271 alpha=1.0 abs=0.0075 rel=0.0075
TRAIN {"angle_aug_abs_deg": 0.0, "aoa_effective_shift_abs_deg_mean": 0.0, "aoa_meanfield_aug_fraction": 0.0, "aoa_meanfield_lambda_mean": 0.0, "delta_penalty": 2.8599767756531946e-05, "grad_rel": 0.5072424903512001, "iteration": 3020, "loss": 0.14521985054016112, "lr": 6.804933214561213e-05, "mse": 0.00014757282915525138, "p_zero": 0.0, "point_rel": 0.07932995781302452, "residual_mse": 0.00014757282770005986, "temporal_rel": 0.9125727713108063, "tke_rel": 0.5143205150961876}
TRAIN {"angle_aug_abs_deg": 0.0, "aoa_effective_shift_abs_deg_mean": 0.0, "aoa_meanfield_aug_fraction": 0.0, "aoa_meanfield_lambda_mean": 0.0, "delta_penalty": 2.749252153080306e-05, "grad_rel": 0.5074321031570435, "iteration": 3040, "loss": 0.1427461437880993, "lr": 6.686206471967734e-05, "mse": 0.0001286351949602249, "p_zero": 0.0, "point_rel": 0.07769883889704943, "residual_mse": 0.00012863519459642702, "temporal_rel": 0.9101651072502136, "tke_rel": 0.5015288889408112}
TRAIN {"angle_aug_abs_deg": 0.0, "aoa_effective_shift_abs_deg_mean": 0.0, "aoa_meanfield_aug_fraction": 0.0, "aoa_meanfield_lambda_mean": 0.0, "delta_penalty": 2.849929051080835e-05, "grad_rel": 0.5078720822930336, "iteration": 3060, "loss": 0.1446141816675663, "lr": 6.568002179543415e-05, "mse": 0.00013925141020081354, "p_zero": 0.0, "point_rel": 0.07925060018897057, "residual_mse": 0.00013925141020081354, "temporal_rel": 0.9056983649730682, "tke_rel": 0.5088701009750366}
TRAIN {"angle_aug_abs_deg": 0.0, "aoa_effective_shift_abs_deg_mean": 0.0, "aoa_meanfield_aug_fraction": 0.0, "aoa_meanfield_lambda_mean": 0.0, "delta_penalty": 2.839289527400979e-05, "grad_rel": 0.49788913130760193, "iteration": 3080, "loss": 0.1409720480442047, "lr": 6.450338973287157e-05, "mse": 0.00012476743286242707, "p_zero": 0.0, "point_rel": 0.0763795617967844, "residual_mse": 0.00012476743468141648, "temporal_rel": 0.905068576335907, "tke_rel": 0.49890156984329226}
TRAIN {"angle_aug_abs_deg": 0.0, "aoa_effective_shift_abs_deg_mean": 0.0, "aoa_meanfield_aug_fraction": 0.0, "aoa_meanfield_lambda_mean": 0.0, "delta_penalty": 2.9513232584577052e-05, "grad_rel": 0.5054723516106605, "iteration": 3100, "loss": 0.14614943712949752, "lr": 6.333235403890644e-05, "mse": 0.0001481103212427115, "p_zero": 0.0, "point_rel": 0.08003593645989895, "residual_mse": 0.0001481103212427115, "temporal_rel": 0.914601731300354, "tke_rel": 0.5174723863601685}
TRAIN {"angle_aug_abs_deg": 0.0, "aoa_effective_shift_abs_deg_mean": 0.0, "aoa_meanfield_aug_fraction": 0.0, "aoa_meanfield_lambda_mean": 0.0, "delta_penalty": 2.880639221984893e-05, "grad_rel": 0.5094084665179253, "iteration": 3120, "loss": 0.1458958387374878, "lr": 6.216709933813619e-05, "mse": 0.0001360903312161099, "p_zero": 0.0, "point_rel": 0.08015872128307819, "residual_mse": 0.00013609033085231203, "temporal_rel": 0.9110586374998093, "tke_rel": 0.5120471134781838}
TRAIN {"angle_aug_abs_deg": 0.0, "aoa_effective_shift_abs_deg_mean": 0.0, "aoa_meanfield_aug_fraction": 0.0, "aoa_meanfield_lambda_mean": 0.0, "delta_penalty": 2.7905861406907208e-05, "grad_rel": 0.5005832985043526, "iteration": 3140, "loss": 0.1420186199247837, "lr": 6.100780934373137e-05, "mse": 0.00012342460358922837, "p_zero": 0.0, "point_rel": 0.07646686807274819, "residual_mse": 0.00012342460322543048, "temporal_rel": 0.9107080042362213, "tke_rel": 0.5114030212163925}
TRAIN {"angle_aug_abs_deg": 0.0, "aoa_effective_shift_abs_deg_mean": 0.0, "aoa_meanfield_aug_fraction": 0.0, "aoa_meanfield_lambda_mean": 0.0, "delta_penalty": 2.845018207153771e-05, "grad_rel": 0.5054858729243279, "iteration": 3160, "loss": 0.1454509124159813, "lr": 5.98546668284715e-05, "mse": 0.00013652373563672883, "p_zero": 0.0, "point_rel": 0.07918269857764244, "residual_mse": 0.00013652373345394154, "temporal_rel": 0.9157952696084977, "tke_rel": 0.5195090591907501}
TRAIN {"angle_aug_abs_deg": 0.0, "aoa_effective_shift_abs_deg_mean": 0.0, "aoa_meanfield_aug_fraction": 0.0, "aoa_meanfield_lambda_mean": 0.0, "delta_penalty": 3.0014585081517e-05, "grad_rel": 0.5033971816301346, "iteration": 3180, "loss": 0.14573433697223664, "lr": 5.870785359592908e-05, "mse": 0.00015279391463991488, "p_zero": 0.0, "point_rel": 0.08002532832324505, "residual_mse": 0.000152793914276117, "temporal_rel": 0.9058691918849945, "tke_rel": 0.515592347085476}
TRAIN {"angle_aug_abs_deg": 0.0, "aoa_effective_shift_abs_deg_mean": 0.0, "aoa_meanfield_aug_fraction": 0.0, "aoa_meanfield_lambda_mean": 0.0, "delta_penalty": 2.8657391885644758e-05, "grad_rel": 0.5055995777249336, "iteration": 3200, "loss": 0.14427187852561474, "lr": 5.756755045180682e-05, "mse": 0.0001406110721291043, "p_zero": 0.0, "point_rel": 0.07923795767128468, "residual_mse": 0.00014061107140150853, "temporal_rel": 0.9066509217023849, "tke_rel": 0.5034606367349624}
TRAIN {"angle_aug_abs_deg": 0.0, "aoa_effective_shift_abs_deg_mean": 0.0, "aoa_meanfield_aug_fraction": 0.0, "aoa_meanfield_lambda_mean": 0.0, "delta_penalty": 2.9207213628978934e-05, "grad_rel": 0.5062008902430535, "iteration": 3220, "loss": 0.145905302464962, "lr": 5.64339371754318e-05, "mse": 0.0001550214521557791, "p_zero": 0.0, "point_rel": 0.07981587536633014, "residual_mse": 0.0001550214521557791, "temporal_rel": 0.9085305571556092, "tke_rel": 0.519890122115612}
TRAIN {"angle_aug_abs_deg": 0.0, "aoa_effective_shift_abs_deg_mean": 0.0, "aoa_meanfield_aug_fraction": 0.0, "aoa_meanfield_lambda_mean": 0.0, "delta_penalty": 2.7712123301171233e-05, "grad_rel": 0.5077198520302773, "iteration": 3240, "loss": 0.1454475238919258, "lr": 5.530719249141156e-05, "mse": 0.00013707181187783135, "p_zero": 0.0, "point_rel": 0.07971811220049858, "residual_mse": 0.00013707181115023558, "temporal_rel": 0.9104264616966248, "tke_rel": 0.5126524478197098}
TRAIN {"angle_aug_abs_deg": 0.0, "aoa_effective_shift_abs_deg_mean": 0.0, "aoa_meanfield_aug_fraction": 0.0, "aoa_meanfield_lambda_mean": 0.0, "delta_penalty": 2.9384904337348416e-05, "grad_rel": 0.5009228110313415, "iteration": 3260, "loss": 0.1441178634762764, "lr": 5.4187494041456706e-05, "mse": 0.00014590185364795615, "p_zero": 0.0, "point_rel": 0.07816111650317907, "residual_mse": 0.0001459018547393498, "temporal_rel": 0.9080568492412567, "tke_rel": 0.5192807257175446}
TRAIN {"angle_aug_abs_deg": 0.0, "aoa_effective_shift_abs_deg_mean": 0.0, "aoa_meanfield_aug_fraction": 0.0, "aoa_meanfield_lambda_mean": 0.0, "delta_penalty": 2.825021801982075e-05, "grad_rel": 0.5045323446393013, "iteration": 3280, "loss": 0.14250551909208298, "lr": 5.307501835637395e-05, "mse": 0.00013523443849408067, "p_zero": 0.0, "point_rel": 0.07769587486982346, "residual_mse": 0.00013523443813028279, "temporal_rel": 0.9094539254903793, "tke_rel": 0.498615100979805}
TRAIN {"angle_aug_abs_deg": 0.0, "aoa_effective_shift_abs_deg_mean": 0.0, "aoa_meanfield_aug_fraction": 0.0, "aoa_meanfield_lambda_mean": 0.0, "delta_penalty": 2.707819958231994e-05, "grad_rel": 0.49912784695625306, "iteration": 3300, "loss": 0.14362142607569695, "lr": 5.1969940828234225e-05, "mse": 0.0001408308546160697, "p_zero": 0.0, "point_rel": 0.07826498914510012, "residual_mse": 0.00014083085516176653, "temporal_rel": 0.9029736429452896, "tke_rel": 0.5122920215129853}
TRAIN {"angle_aug_abs_deg": 0.0, "aoa_effective_shift_abs_deg_mean": 0.0, "aoa_meanfield_aug_fraction": 0.0, "aoa_meanfield_lambda_mean": 0.0, "delta_penalty": 2.8668666436715286e-05, "grad_rel": 0.5041455760598182, "iteration": 3320, "loss": 0.14458452239632608, "lr": 5.0872435682720875e-05, "mse": 0.00013991040177643299, "p_zero": 0.0, "point_rel": 0.0787425922229886, "residual_mse": 0.00013991040250402876, "temporal_rel": 0.9122551411390305, "tke_rel": 0.5144924998283387}
TRAIN {"angle_aug_abs_deg": 0.0, "aoa_effective_shift_abs_deg_mean": 0.0, "aoa_meanfield_aug_fraction": 0.0, "aoa_meanfield_lambda_mean": 0.0, "delta_penalty": 2.987956841025152e-05, "grad_rel": 0.5082528337836265, "iteration": 3340, "loss": 0.14469865411520005, "lr": 4.978267595166093e-05, "mse": 0.0001429214797099121, "p_zero": 0.0, "point_rel": 0.07923015393316746, "residual_mse": 0.00014292148189269936, "temporal_rel": 0.9066947340965271, "tke_rel": 0.5100065320730209}
TRAIN {"angle_aug_abs_deg": 0.0, "aoa_effective_shift_abs_deg_mean": 0.0, "aoa_meanfield_aug_fraction": 0.0, "aoa_meanfield_lambda_mean": 0.0, "delta_penalty": 2.990060884258128e-05, "grad_rel": 0.5090682461857796, "iteration": 3360, "loss": 0.14576932564377784, "lr": 4.87008334457454e-05, "mse": 0.0001472451071094838, "p_zero": 0.0, "point_rel": 0.08042198084294797, "residual_mse": 0.00014724510783707955, "temporal_rel": 0.902622663974762, "tke_rel": 0.5097978934645653}
TRAIN {"angle_aug_abs_deg": 0.0, "aoa_effective_shift_abs_deg_mean": 0.0, "aoa_meanfield_aug_fraction": 0.0, "aoa_meanfield_lambda_mean": 0.0, "delta_penalty": 2.845399912985158e-05, "grad_rel": 0.49584667980670927, "iteration": 3380, "loss": 0.14059837087988852, "lr": 4.76270787274416e-05, "mse": 0.00012893810580862918, "p_zero": 0.0, "point_rel": 0.07582229413092137, "residual_mse": 0.00012893810489913448, "temporal_rel": 0.9062244594097137, "tke_rel": 0.5018732413649559}
TRAIN {"angle_aug_abs_deg": 0.0, "aoa_effective_shift_abs_deg_mean": 0.0, "aoa_meanfield_aug_fraction": 0.0, "aoa_meanfield_lambda_mean": 0.0, "delta_penalty": 2.9840237493772294e-05, "grad_rel": 0.5078343883156776, "iteration": 3400, "loss": 0.14537945464253427, "lr": 4.656158108410237e-05, "mse": 0.00013916279986005974, "p_zero": 0.0, "point_rel": 0.08000495247542858, "residual_mse": 0.000139162799132464, "temporal_rel": 0.9042608588933945, "tke_rel": 0.50978022813797}
TRAIN {"angle_aug_abs_deg": 0.0, "aoa_effective_shift_abs_deg_mean": 0.0, "aoa_meanfield_aug_fraction": 0.0, "aoa_meanfield_lambda_mean": 0.0, "delta_penalty": 2.9271052335388957e-05, "grad_rel": 0.5034319967031479, "iteration": 3420, "loss": 0.14500391781330108, "lr": 4.550450850127633e-05, "mse": 0.00014193354236340382, "p_zero": 0.0, "point_rel": 0.07888720631599426, "residual_mse": 0.00014193354345479748, "temporal_rel": 0.9080013155937194, "tke_rel": 0.5213671937584877}
TRAIN {"angle_aug_abs_deg": 0.0, "aoa_effective_shift_abs_deg_mean": 0.0, "aoa_meanfield_aug_fraction": 0.0, "aoa_meanfield_lambda_mean": 0.0, "delta_penalty": 3.048497201234568e-05, "grad_rel": 0.508133028447628, "iteration": 3440, "loss": 0.14410467818379402, "lr": 4.445602763622357e-05, "mse": 0.00013455594780680257, "p_zero": 0.0, "point_rel": 0.07861154340207577, "residual_mse": 0.00013455594707920682, "temporal_rel": 0.9049625784158707, "tke_rel": 0.5113547891378403}
TRAIN {"angle_aug_abs_deg": 0.0, "aoa_effective_shift_abs_deg_mean": 0.0, "aoa_meanfield_aug_fraction": 0.0, "aoa_meanfield_lambda_mean": 0.0, "delta_penalty": 3.0040462661418132e-05, "grad_rel": 0.505486449599266, "iteration": 3460, "loss": 0.1437245048582554, "lr": 4.3416303791640395e-05, "mse": 0.0001429620946510113, "p_zero": 0.0, "point_rel": 0.07875734306871891, "residual_mse": 0.00014296209537860704, "temporal_rel": 0.9040978908538818, "tke_rel": 0.5036407247185707}
TRAIN {"angle_aug_abs_deg": 0.0, "aoa_effective_shift_abs_deg_mean": 0.0, "aoa_meanfield_aug_fraction": 0.0, "aoa_meanfield_lambda_mean": 0.0, "delta_penalty": 3.058024167330586e-05, "grad_rel": 0.5011245846748352, "iteration": 3480, "loss": 0.14303221069276334, "lr": 4.2385500889597975e-05, "mse": 0.00013956019738543547, "p_zero": 0.0, "point_rel": 0.07879960313439369, "residual_mse": 0.00013956019811303121, "temporal_rel": 0.9024113148450852, "tke_rel": 0.4933486387133598}
TRAIN {"angle_aug_abs_deg": 0.0, "aoa_effective_shift_abs_deg_mean": 0.0, "aoa_meanfield_aug_fraction": 0.0, "aoa_meanfield_lambda_mean": 0.0, "delta_penalty": 2.889609195335652e-05, "grad_rel": 0.5002033472061157, "iteration": 3500, "loss": 0.14282992780208587, "lr": 4.1363781445698464e-05, "mse": 0.00013409495913947468, "p_zero": 0.0, "point_rel": 0.0777342464774847, "residual_mse": 0.00013409495950327254, "temporal_rel": 0.9055861920118332, "tke_rel": 0.5064040020108223}
TRAIN {"angle_aug_abs_deg": 0.0, "aoa_effective_shift_abs_deg_mean": 0.0, "aoa_meanfield_aug_fraction": 0.0, "aoa_meanfield_lambda_mean": 0.0, "delta_penalty": 2.8187727366457693e-05, "grad_rel": 0.5031601741909981, "iteration": 3520, "loss": 0.14328285232186316, "lr": 4.035130654345281e-05, "mse": 0.00012840959116147132, "p_zero": 0.0, "point_rel": 0.07757402211427689, "residual_mse": 0.0001284095915252692, "temporal_rel": 0.9094829320907593, "tke_rel": 0.5139642655849457}
TRAIN {"angle_aug_abs_deg": 0.0, "aoa_effective_shift_abs_deg_mean": 0.0, "aoa_meanfield_aug_fraction": 0.0, "aoa_meanfield_lambda_mean": 0.0, "delta_penalty": 2.8953637774975503e-05, "grad_rel": 0.5027049466967582, "iteration": 3540, "loss": 0.14209193214774132, "lr": 3.934823580888475e-05, "mse": 0.00013254564928502077, "p_zero": 0.0, "point_rel": 0.07775268275290728, "residual_mse": 0.00013254564892122288, "temporal_rel": 0.8990743845701218, "tke_rel": 0.49643502533435824}
TRAIN {"angle_aug_abs_deg": 0.0, "aoa_effective_shift_abs_deg_mean": 0.0, "aoa_meanfield_aug_fraction": 0.0, "aoa_meanfield_lambda_mean": 0.0, "delta_penalty": 3.047732425329741e-05, "grad_rel": 0.5031577527523041, "iteration": 3560, "loss": 0.14308612644672394, "lr": 3.835472738536387e-05, "mse": 0.00014153176234685816, "p_zero": 0.0, "point_rel": 0.07829527892172336, "residual_mse": 0.000141531759800273, "temporal_rel": 0.9018730372190475, "tke_rel": 0.5024037331342697}
TRAIN {"angle_aug_abs_deg": 0.0, "aoa_effective_shift_abs_deg_mean": 0.0, "aoa_meanfield_aug_fraction": 0.0, "aoa_meanfield_lambda_mean": 0.0, "delta_penalty": 2.8434563955670455e-05, "grad_rel": 0.4993725925683975, "iteration": 3580, "loss": 0.14309610724449157, "lr": 3.737093790867312e-05, "mse": 0.00013848765720467782, "p_zero": 0.0, "point_rel": 0.07823357582092286, "residual_mse": 0.00013848765465809265, "temporal_rel": 0.9021997332572937, "tke_rel": 0.5043973207473755}
TRAIN {"angle_aug_abs_deg": 0.0, "aoa_effective_shift_abs_deg_mean": 0.0, "aoa_meanfield_aug_fraction": 0.0, "aoa_meanfield_lambda_mean": 0.0, "delta_penalty": 2.9476888994395267e-05, "grad_rel": 0.49987066090106963, "iteration": 3600, "loss": 0.14110944382846355, "lr": 3.639702248231382e-05, "mse": 0.00013263022956380154, "p_zero": 0.0, "point_rel": 0.07657065987586975, "residual_mse": 0.00013263023101899306, "temporal_rel": 0.9023728787899017, "tke_rel": 0.4988193526864052}
TRAIN {"angle_aug_abs_deg": 0.0, "aoa_effective_shift_abs_deg_mean": 0.0, "aoa_meanfield_aug_fraction": 0.0, "aoa_meanfield_lambda_mean": 0.0, "delta_penalty": 2.9936027294752422e-05, "grad_rel": 0.5038865238428116, "iteration": 3620, "loss": 0.14463949725031852, "lr": 3.543313465305188e-05, "mse": 0.0001449313054763479, "p_zero": 0.0, "point_rel": 0.07898057512938976, "residual_mse": 0.0001449313054763479, "temporal_rel": 0.9070835679769516, "tke_rel": 0.5140673756599426}
TRAIN {"angle_aug_abs_deg": 0.0, "aoa_effective_shift_abs_deg_mean": 0.0, "aoa_meanfield_aug_fraction": 0.0, "aoa_meanfield_lambda_mean": 0.0, "delta_penalty": 2.9613892183988356e-05, "grad_rel": 0.5036323204636574, "iteration": 3640, "loss": 0.1433195114135742, "lr": 3.447942638670984e-05, "mse": 0.0001379985835228581, "p_zero": 0.0, "point_rel": 0.0782136932015419, "residual_mse": 0.00013799858243146446, "temporal_rel": 0.910302609205246, "tke_rel": 0.5033377647399903}
TRAIN {"angle_aug_abs_deg": 0.0, "aoa_effective_shift_abs_deg_mean": 0.0, "aoa_meanfield_aug_fraction": 0.0, "aoa_meanfield_lambda_mean": 0.0, "delta_penalty": 3.095178481089533e-05, "grad_rel": 0.5037282347679138, "iteration": 3660, "loss": 0.14387918189167975, "lr": 3.3536048044208266e-05, "mse": 0.0001447340640879702, "p_zero": 0.0, "point_rel": 0.07844316214323044, "residual_mse": 0.0001447340640879702, "temporal_rel": 0.9025375545024872, "tke_rel": 0.5126655474305153}
TRAIN {"angle_aug_abs_deg": 0.0, "aoa_effective_shift_abs_deg_mean": 0.0, "aoa_meanfield_aug_fraction": 0.0, "aoa_meanfield_lambda_mean": 0.0, "delta_penalty": 3.0178182350937276e-05, "grad_rel": 0.5023814380168915, "iteration": 3680, "loss": 0.1430645614862442, "lr": 3.2603148357859586e-05, "mse": 0.00013940107310190798, "p_zero": 0.0, "point_rel": 0.07839688919484615, "residual_mse": 0.00013940106946392917, "temporal_rel": 0.9014719575643539, "tke_rel": 0.5007561013102532}
TRAIN {"angle_aug_abs_deg": 0.0, "aoa_effective_shift_abs_deg_mean": 0.0, "aoa_meanfield_aug_fraction": 0.0, "aoa_meanfield_lambda_mean": 0.0, "delta_penalty": 3.033516368304845e-05, "grad_rel": 0.5011404126882553, "iteration": 3700, "loss": 0.1427297219634056, "lr": 3.168087440791941e-05, "mse": 0.0001471471547120018, "p_zero": 0.0, "point_rel": 0.07786562666296959, "residual_mse": 0.0001471471547120018, "temporal_rel": 0.9013815551996232, "tke_rel": 0.5043465450406075}
TRAIN {"angle_aug_abs_deg": 0.0, "aoa_effective_shift_abs_deg_mean": 0.0, "aoa_meanfield_aug_fraction": 0.0, "aoa_meanfield_lambda_mean": 0.0, "delta_penalty": 3.059237296838546e-05, "grad_rel": 0.5049089670181275, "iteration": 3720, "loss": 0.1450409609824419, "lr": 3.07693715993977e-05, "mse": 0.00014845645509922178, "p_zero": 0.0, "point_rel": 0.07987655736505986, "residual_mse": 0.00014845645600871648, "temporal_rel": 0.9010995417833328, "tke_rel": 0.5085439458489418}
TRAIN {"angle_aug_abs_deg": 0.0, "aoa_effective_shift_abs_deg_mean": 0.0, "aoa_meanfield_aug_fraction": 0.0, "aoa_meanfield_lambda_mean": 0.0, "delta_penalty": 2.9192150441303967e-05, "grad_rel": 0.5025504812598228, "iteration": 3740, "loss": 0.1417203087359667, "lr": 2.9868783639134532e-05, "mse": 0.00013126872236171038, "p_zero": 0.0, "point_rel": 0.07706903368234634, "residual_mse": 0.00013126872318025562, "temporal_rel": 0.9059799522161484, "tke_rel": 0.49822760969400404}
TRAIN {"angle_aug_abs_deg": 0.0, "aoa_effective_shift_abs_deg_mean": 0.0, "aoa_meanfield_aug_fraction": 0.0, "aoa_meanfield_lambda_mean": 0.0, "delta_penalty": 3.2156387260329214e-05, "grad_rel": 0.5041765615344047, "iteration": 3760, "loss": 0.14435733184218408, "lr": 2.897925251314333e-05, "mse": 0.00015410027663165238, "p_zero": 0.0, "point_rel": 0.07982019744813443, "residual_mse": 0.00015410027845064178, "temporal_rel": 0.9000646382570267, "tke_rel": 0.4987612500786781}
TRAIN {"angle_aug_abs_deg": 0.0, "aoa_effective_shift_abs_deg_mean": 0.0, "aoa_meanfield_aug_fraction": 0.0, "aoa_meanfield_lambda_mean": 0.0, "delta_penalty": 2.9308363809832372e-05, "grad_rel": 0.503471614420414, "iteration": 3780, "loss": 0.14273833185434343, "lr": 2.8100918464225317e-05, "mse": 0.00013158367091818944, "p_zero": 0.0, "point_rel": 0.0781288018450141, "residual_mse": 0.00013158367091818944, "temporal_rel": 0.8978300571441651, "tke_rel": 0.5013749822974205}
TRAIN {"angle_aug_abs_deg": 0.0, "aoa_effective_shift_abs_deg_mean": 0.0, "aoa_meanfield_aug_fraction": 0.0, "aoa_meanfield_lambda_mean": 0.0, "delta_penalty": 2.9447021188389044e-05, "grad_rel": 0.5059973612427712, "iteration": 3800, "loss": 0.14361030533909797, "lr": 2.7233919969859107e-05, "mse": 0.0001406038223649375, "p_zero": 0.0, "point_rel": 0.07837894670665264, "residual_mse": 0.00014060382200113962, "temporal_rel": 0.9032678484916687, "tke_rel": 0.5083431899547577}
TRAIN {"angle_aug_abs_deg": 0.0, "aoa_effective_shift_abs_deg_mean": 0.0, "aoa_meanfield_aug_fraction": 0.0, "aoa_meanfield_lambda_mean": 0.0, "delta_penalty": 3.0314676951093134e-05, "grad_rel": 0.5028361573815345, "iteration": 3820, "loss": 0.14384443759918214, "lr": 2.637839372036846e-05, "mse": 0.00013937343828729354, "p_zero": 0.0, "point_rel": 0.07841972950845957, "residual_mse": 0.00013937343828729354, "temporal_rel": 0.9032048195600509, "tke_rel": 0.512393444776535}
TRAIN {"angle_aug_abs_deg": 0.0, "aoa_effective_shift_abs_deg_mean": 0.0, "aoa_meanfield_aug_fraction": 0.0, "aoa_meanfield_lambda_mean": 0.0, "delta_penalty": 3.0717948629899186e-05, "grad_rel": 0.5044919312000274, "iteration": 3840, "loss": 0.14371722675859927, "lr": 2.553447459737163e-05, "mse": 0.00013458124885801226, "p_zero": 0.0, "point_rel": 0.0786045329645276, "residual_mse": 0.00013458124958560803, "temporal_rel": 0.9088894307613373, "tke_rel": 0.5039607405662536}
TRAIN {"angle_aug_abs_deg": 0.0, "aoa_effective_shift_abs_deg_mean": 0.0, "aoa_meanfield_aug_fraction": 0.0, "aoa_meanfield_lambda_mean": 0.0, "delta_penalty": 3.107081838606973e-05, "grad_rel": 0.5038321614265442, "iteration": 3860, "loss": 0.14315718710422515, "lr": 2.470229565251615e-05, "mse": 0.00013555558725784068, "p_zero": 0.0, "point_rel": 0.07859622538089753, "residual_mse": 0.0001355555868940428, "temporal_rel": 0.9053267687559128, "tke_rel": 0.49670659601688383}
TRAIN {"angle_aug_abs_deg": 0.0, "aoa_effective_shift_abs_deg_mean": 0.0, "aoa_meanfield_aug_fraction": 0.0, "aoa_meanfield_lambda_mean": 0.0, "delta_penalty": 3.035458094018395e-05, "grad_rel": 0.5038403287529946, "iteration": 3880, "loss": 0.14303673282265664, "lr": 2.3881988086502067e-05, "mse": 0.00013638668424391652, "p_zero": 0.0, "point_rel": 0.07812353894114495, "residual_mse": 0.00013638668424391652, "temporal_rel": 0.9050600290298462, "tke_rel": 0.5027044802904129}
TRAIN {"angle_aug_abs_deg": 0.0, "aoa_effective_shift_abs_deg_mean": 0.0, "aoa_meanfield_aug_fraction": 0.0, "aoa_meanfield_lambda_mean": 0.0, "delta_penalty": 2.8966933405172314e-05, "grad_rel": 0.5009748756885528, "iteration": 3900, "loss": 0.1422165133059025, "lr": 2.307368122839677e-05, "mse": 0.00013379695446928962, "p_zero": 0.0, "point_rel": 0.07716943137347698, "residual_mse": 0.00013379695374169387, "temporal_rel": 0.9042247027158737, "tke_rel": 0.5060833320021629}
TRAIN {"angle_aug_abs_deg": 0.0, "aoa_effective_shift_abs_deg_mean": 0.0, "aoa_meanfield_aug_fraction": 0.0, "aoa_meanfield_lambda_mean": 0.0, "delta_penalty": 3.0409751525439786e-05, "grad_rel": 0.5036267876625061, "iteration": 3920, "loss": 0.14258533976972104, "lr": 2.227750251524523e-05, "mse": 0.00014261345877457642, "p_zero": 0.0, "point_rel": 0.07787773497402668, "residual_mse": 0.00014261345986597008, "temporal_rel": 0.9013141572475434, "tke_rel": 0.5011731088161469}
TRAIN {"angle_aug_abs_deg": 0.0, "aoa_effective_shift_abs_deg_mean": 0.0, "aoa_meanfield_aug_fraction": 0.0, "aoa_meanfield_lambda_mean": 0.0, "delta_penalty": 3.042060207008035e-05, "grad_rel": 0.5020746737718582, "iteration": 3940, "loss": 0.14192878529429437, "lr": 2.1493577471978235e-05, "mse": 0.0001347710929621826, "p_zero": 0.0, "point_rel": 0.07787626963108778, "residual_mse": 0.00013477109368977835, "temporal_rel": 0.9024588644504548, "tke_rel": 0.49010988175868986}
TRAIN {"angle_aug_abs_deg": 0.0, "aoa_effective_shift_abs_deg_mean": 0.0, "aoa_meanfield_aug_fraction": 0.0, "aoa_meanfield_lambda_mean": 0.0, "delta_penalty": 3.0025686010048956e-05, "grad_rel": 0.49810046404600145, "iteration": 3960, "loss": 0.14166517853736876, "lr": 2.0722029691622322e-05, "mse": 0.00013504100825230126, "p_zero": 0.0, "point_rel": 0.07747100051492453, "residual_mse": 0.00013504100970749278, "temporal_rel": 0.899298021197319, "tke_rel": 0.49504357725381853}
TRAIN {"angle_aug_abs_deg": 0.0, "aoa_effective_shift_abs_deg_mean": 0.0, "aoa_meanfield_aug_fraction": 0.0, "aoa_meanfield_lambda_mean": 0.0, "delta_penalty": 3.058551155845635e-05, "grad_rel": 0.4991660103201866, "iteration": 3980, "loss": 0.14226786307990552, "lr": 1.9962980815814227e-05, "mse": 0.00013670707739947828, "p_zero": 0.0, "point_rel": 0.07746971361339092, "residual_mse": 0.00013670707667188254, "temporal_rel": 0.9070992588996887, "tke_rel": 0.5009343564510346}
TRAIN {"angle_aug_abs_deg": 0.0, "aoa_effective_shift_abs_deg_mean": 0.0, "aoa_meanfield_aug_fraction": 0.0, "aoa_meanfield_lambda_mean": 0.0, "delta_penalty": 2.9065762373647885e-05, "grad_rel": 0.4986135557293892, "iteration": 4000, "loss": 0.1414383240044117, "lr": 1.9216550515622787e-05, "mse": 0.0001276082417462021, "p_zero": 0.0, "point_rel": 0.07600629217922687, "residual_mse": 0.0001276082426556968, "temporal_rel": 0.9077623099088669, "tke_rel": 0.511351628601551}
EVAL_TOP {"alpha": 1.0, "best_bound_abs": 0.0075, "best_bound_rel": 0.0075, "best_bounds": [{"abs": 0.0075, "coverage": 0.8242560005187989, "final_est": 81.2260596376082, "rel": 0.0075, "sps_raw": 0.47146080136299134, "sps_score_linear": 47.14608013629913, "sps_score_used": 47.14608013629913}], "best_final_est": 81.2260596376082, "iteration": 4000, "mean_t_neural_s": 0.01762683533, "mvpe": 0.07751981923356652, "mvpe_score": 96.26863635591381, "n": 640, "rel_l2": 0.08476766478270292, "rel_l2_score": 95.93395147983848, "time_score": 86.54248999999716, "tke": 0.49254914075136186, "tke_score": 80.23914021599244}
BEST iteration=4000 final_est=81.226060 alpha=1.0 abs=0.0075 rel=0.0075
TRAIN {"angle_aug_abs_deg": 0.0, "aoa_effective_shift_abs_deg_mean": 0.0, "aoa_meanfield_aug_fraction": 0.0, "aoa_meanfield_lambda_mean": 0.0, "delta_penalty": 2.9571575760201084e-05, "grad_rel": 0.49809895604848864, "iteration": 4020, "loss": 0.14037416204810144, "lr": 1.8482856472681825e-05, "mse": 0.00013103371820761823, "p_zero": 0.0, "point_rel": 0.07638860046863556, "residual_mse": 0.00013103371893521398, "temporal_rel": 0.8996011525392532, "tke_rel": 0.49143571853637696}
TRAIN {"angle_aug_abs_deg": 0.0, "aoa_effective_shift_abs_deg_mean": 0.0, "aoa_meanfield_aug_fraction": 0.0, "aoa_meanfield_lambda_mean": 0.0, "delta_penalty": 3.066489607590483e-05, "grad_rel": 0.5015984624624252, "iteration": 4040, "loss": 0.14240124747157096, "lr": 1.7762014360636595e-05, "mse": 0.00013221166154835372, "p_zero": 0.0, "point_rel": 0.07734428532421589, "residual_mse": 0.00013221166154835372, "temporal_rel": 0.9058883309364318, "tke_rel": 0.5052676916122436}
TRAIN {"angle_aug_abs_deg": 0.0, "aoa_effective_shift_abs_deg_mean": 0.0, "aoa_meanfield_aug_fraction": 0.0, "aoa_meanfield_lambda_mean": 0.0, "delta_penalty": 3.204948579877964e-05, "grad_rel": 0.5002873733639717, "iteration": 4060, "loss": 0.1426530659198761, "lr": 1.7054137826906585e-05, "mse": 0.0001489726013460313, "p_zero": 0.0, "point_rel": 0.07825358919799327, "residual_mse": 0.00014897260025463764, "temporal_rel": 0.8975421041250229, "tke_rel": 0.4987261950969696}
TRAIN {"angle_aug_abs_deg": 0.0, "aoa_effective_shift_abs_deg_mean": 0.0, "aoa_meanfield_aug_fraction": 0.0, "aoa_meanfield_lambda_mean": 0.0, "delta_penalty": 3.0607788812631045e-05, "grad_rel": 0.5017889007925987, "iteration": 4080, "loss": 0.14298577420413494, "lr": 1.6359338474768196e-05, "mse": 0.00013458245648507728, "p_zero": 0.0, "point_rel": 0.0779506241902709, "residual_mse": 0.00013458245757647092, "temporal_rel": 0.9068462461233139, "tke_rel": 0.5043657630681991}
TRAIN {"angle_aug_abs_deg": 0.0, "aoa_effective_shift_abs_deg_mean": 0.0, "aoa_meanfield_aug_fraction": 0.0, "aoa_meanfield_lambda_mean": 0.0, "delta_penalty": 3.1510063217865535e-05, "grad_rel": 0.5027359798550606, "iteration": 4100, "loss": 0.14284465163946153, "lr": 1.56777258457592e-05, "mse": 0.00014761272013856795, "p_zero": 0.0, "point_rel": 0.07868745885789394, "residual_mse": 0.00014761271650058915, "temporal_rel": 0.8994177669286728, "tke_rel": 0.49314512610435485}
TRAIN {"angle_aug_abs_deg": 0.0, "aoa_effective_shift_abs_deg_mean": 0.0, "aoa_meanfield_aug_fraction": 0.0, "aoa_meanfield_lambda_mean": 0.0, "delta_penalty": 3.107947950411472e-05, "grad_rel": 0.5039330393075943, "iteration": 4120, "loss": 0.14280484691262246, "lr": 1.5009407402408643e-05, "mse": 0.00014634011313319206, "p_zero": 0.0, "point_rel": 0.07841045502573252, "residual_mse": 0.00014634011404268676, "temporal_rel": 0.8997264623641967, "tke_rel": 0.49665132761001585}
TRAIN {"angle_aug_abs_deg": 0.0, "aoa_effective_shift_abs_deg_mean": 0.0, "aoa_meanfield_aug_fraction": 0.0, "aoa_meanfield_lambda_mean": 0.0, "delta_penalty": 3.0493989288515878e-05, "grad_rel": 0.5010825648903847, "iteration": 4140, "loss": 0.14265361055731773, "lr": 1.4354488511294422e-05, "mse": 0.00013939416712673846, "p_zero": 0.0, "point_rel": 0.07800508812069892, "residual_mse": 0.00013939416603534483, "temporal_rel": 0.8974093556404114, "tke_rel": 0.5027929186820984}
TRAIN {"angle_aug_abs_deg": 0.0, "aoa_effective_shift_abs_deg_mean": 0.0, "aoa_meanfield_aug_fraction": 0.0, "aoa_meanfield_lambda_mean": 0.0, "delta_penalty": 3.0462465383607194e-05, "grad_rel": 0.5024133741855621, "iteration": 4160, "loss": 0.1423751726746559, "lr": 1.3713072426431134e-05, "mse": 0.00013821858974552014, "p_zero": 0.0, "point_rel": 0.07739322260022163, "residual_mse": 0.00013821859047311592, "temporal_rel": 0.9081048965454102, "tke_rel": 0.5026755169034004}
TRAIN {"angle_aug_abs_deg": 0.0, "aoa_effective_shift_abs_deg_mean": 0.0, "aoa_meanfield_aug_fraction": 0.0, "aoa_meanfield_lambda_mean": 0.0, "delta_penalty": 3.075111553698662e-05, "grad_rel": 0.5013674274086952, "iteration": 4180, "loss": 0.14232849925756455, "lr": 1.3085260272991254e-05, "mse": 0.0001392425168887712, "p_zero": 0.0, "point_rel": 0.07782940454781055, "residual_mse": 0.00013924251761636696, "temporal_rel": 0.9008862555027009, "tke_rel": 0.4984935447573662}
TRAIN {"angle_aug_abs_deg": 0.0, "aoa_effective_shift_abs_deg_mean": 0.0, "aoa_meanfield_aug_fraction": 0.0, "aoa_meanfield_lambda_mean": 0.0, "delta_penalty": 3.012222714460222e-05, "grad_rel": 0.5058184042572975, "iteration": 4200, "loss": 0.14455213099718095, "lr": 1.2471151031361797e-05, "mse": 0.0001450926898542093, "p_zero": 0.0, "point_rel": 0.08006149157881737, "residual_mse": 0.0001450926883990178, "temporal_rel": 0.8947458684444427, "tke_rel": 0.500280998647213}
TRAIN {"angle_aug_abs_deg": 0.0, "aoa_effective_shift_abs_deg_mean": 0.0, "aoa_meanfield_aug_fraction": 0.0, "aoa_meanfield_lambda_mean": 0.0, "delta_penalty": 3.0620831148553405e-05, "grad_rel": 0.5009315893054008, "iteration": 4220, "loss": 0.14201278798282146, "lr": 1.1870841521539048e-05, "mse": 0.00013519320691557368, "p_zero": 0.0, "point_rel": 0.07717778049409389, "residual_mse": 0.00013519320727937157, "temporal_rel": 0.9026724338531494, "tke_rel": 0.5033282086253166}
TRAIN {"angle_aug_abs_deg": 0.0, "aoa_effective_shift_abs_deg_mean": 0.0, "aoa_meanfield_aug_fraction": 0.0, "aoa_meanfield_lambda_mean": 0.0, "delta_penalty": 3.213438485545339e-05, "grad_rel": 0.5097054198384285, "iteration": 4240, "loss": 0.14499957635998725, "lr": 1.128442638786407e-05, "mse": 0.00014985207599238493, "p_zero": 0.0, "point_rel": 0.07996103428304195, "residual_mse": 0.00014985207599238493, "temporal_rel": 0.902762907743454, "tke_rel": 0.50440793633461}
TRAIN {"angle_aug_abs_deg": 0.0, "aoa_effective_shift_abs_deg_mean": 0.0, "aoa_meanfield_aug_fraction": 0.0, "aoa_meanfield_lambda_mean": 0.0, "delta_penalty": 2.9914069091319107e-05, "grad_rel": 0.49803873151540756, "iteration": 4260, "loss": 0.14048087783157825, "lr": 1.0711998084101205e-05, "mse": 0.00012508447216532658, "p_zero": 0.0, "point_rel": 0.07656792793422937, "residual_mse": 0.00012508447216532658, "temporal_rel": 0.9039299696683883, "tke_rel": 0.48810582607984543}
TRAIN {"angle_aug_abs_deg": 0.0, "aoa_effective_shift_abs_deg_mean": 0.0, "aoa_meanfield_aug_fraction": 0.0, "aoa_meanfield_lambda_mean": 0.0, "delta_penalty": 3.1192853930406274e-05, "grad_rel": 0.5018585994839668, "iteration": 4280, "loss": 0.1430845893919468, "lr": 1.0153646858861752e-05, "mse": 0.00014302725139714312, "p_zero": 0.0, "point_rel": 0.07761686760932207, "residual_mse": 0.0001430272521247389, "temporal_rel": 0.904736453294754, "tke_rel": 0.5125702857971192}
TRAIN {"angle_aug_abs_deg": 0.0, "aoa_effective_shift_abs_deg_mean": 0.0, "aoa_meanfield_aug_fraction": 0.0, "aoa_meanfield_lambda_mean": 0.0, "delta_penalty": 3.0467872147710295e-05, "grad_rel": 0.5069591894745826, "iteration": 4300, "loss": 0.14283860474824905, "lr": 9.60946074137555e-06, "mse": 0.0001349836205918109, "p_zero": 0.0, "point_rel": 0.07873577848076821, "residual_mse": 0.0001349836209556088, "temporal_rel": 0.9045328557491302, "tke_rel": 0.48868918120861055}
TRAIN {"angle_aug_abs_deg": 0.0, "aoa_effective_shift_abs_deg_mean": 0.0, "aoa_meanfield_aug_fraction": 0.0, "aoa_meanfield_lambda_mean": 0.0, "delta_penalty": 3.084459176534437e-05, "grad_rel": 0.4987294673919678, "iteration": 4320, "loss": 0.14112490154802798, "lr": 9.079525527612317e-06, "mse": 0.00013847638547304086, "p_zero": 0.0, "point_rel": 0.07750475294888019, "residual_mse": 0.00013847638529114193, "temporal_rel": 0.9039304912090301, "tke_rel": 0.4829854965209961}
TRAIN {"angle_aug_abs_deg": 0.0, "aoa_effective_shift_abs_deg_mean": 0.0, "aoa_meanfield_aug_fraction": 0.0, "aoa_meanfield_lambda_mean": 0.0, "delta_penalty": 3.0618113032687686e-05, "grad_rel": 0.5019336014986038, "iteration": 4340, "loss": 0.14229168519377708, "lr": 8.563924766755061e-06, "mse": 0.0001393915665175882, "p_zero": 0.0, "point_rel": 0.07757660746574402, "residual_mse": 0.00013939156542619457, "temporal_rel": 0.9052414894104004, "tke_rel": 0.49977332800626756}
TRAIN {"angle_aug_abs_deg": 0.0, "aoa_effective_shift_abs_deg_mean": 0.0, "aoa_meanfield_aug_fraction": 0.0, "aoa_meanfield_lambda_mean": 0.0, "delta_penalty": 3.05391457004589e-05, "grad_rel": 0.5073533788323402, "iteration": 4360, "loss": 0.14397435784339904, "lr": 8.062739748027925e-06, "mse": 0.0001408168538546306, "p_zero": 0.0, "point_rel": 0.07927296701818705, "residual_mse": 0.0001408168538546306, "temporal_rel": 0.8999023348093033, "tke_rel": 0.5008527800440788}
TRAIN {"angle_aug_abs_deg": 0.0, "aoa_effective_shift_abs_deg_mean": 0.0, "aoa_meanfield_aug_fraction": 0.0, "aoa_meanfield_lambda_mean": 0.0, "delta_penalty": 3.0781621808273486e-05, "grad_rel": 0.4929816037416458, "iteration": 4380, "loss": 0.13851251751184462, "lr": 7.5760494878800355e-06, "mse": 0.00013505642273230477, "p_zero": 0.0, "point_rel": 0.07508377507328987, "residual_mse": 0.00013505642491509206, "temporal_rel": 0.8962587058544159, "tke_rel": 0.48508540242910386}
TRAIN {"angle_aug_abs_deg": 0.0, "aoa_effective_shift_abs_deg_mean": 0.0, "aoa_meanfield_aug_fraction": 0.0, "aoa_meanfield_lambda_mean": 0.0, "delta_penalty": 2.973537193611264e-05, "grad_rel": 0.4971621498465538, "iteration": 4400, "loss": 0.14081411585211753, "lr": 7.103930717527932e-06, "mse": 0.000124015814071754, "p_zero": 0.0, "point_rel": 0.07633010968565941, "residual_mse": 0.0001240158158907434, "temporal_rel": 0.9025430768728256, "tke_rel": 0.49854136258363724}
TRAIN {"angle_aug_abs_deg": 0.0, "aoa_effective_shift_abs_deg_mean": 0.0, "aoa_meanfield_aug_fraction": 0.0, "aoa_meanfield_lambda_mean": 0.0, "delta_penalty": 3.126676865576883e-05, "grad_rel": 0.5042388498783111, "iteration": 4420, "loss": 0.1440925620496273, "lr": 6.646457870858162e-06, "mse": 0.0001532581547508016, "p_zero": 0.0, "point_rel": 0.07868832983076572, "residual_mse": 0.00015325815402320587, "temporal_rel": 0.9062706261873246, "tke_rel": 0.5100988209247589}
TRAIN {"angle_aug_abs_deg": 0.0, "aoa_effective_shift_abs_deg_mean": 0.0, "aoa_meanfield_aug_fraction": 0.0, "aoa_meanfield_lambda_mean": 0.0, "delta_penalty": 2.9525777335948078e-05, "grad_rel": 0.49778569042682647, "iteration": 4440, "loss": 0.14164381995797157, "lr": 6.203703072692013e-06, "mse": 0.00013380990840232697, "p_zero": 0.0, "point_rel": 0.07710032239556312, "residual_mse": 0.00013380990840232697, "temporal_rel": 0.9026595532894135, "tke_rel": 0.4992699444293976}
TRAIN {"angle_aug_abs_deg": 0.0, "aoa_effective_shift_abs_deg_mean": 0.0, "aoa_meanfield_aug_fraction": 0.0, "aoa_meanfield_lambda_mean": 0.0, "delta_penalty": 2.911382216552738e-05, "grad_rel": 0.49567278027534484, "iteration": 4460, "loss": 0.13982246555387973, "lr": 5.775736127414509e-06, "mse": 0.0001231785181516898, "p_zero": 0.0, "point_rel": 0.0754021842032671, "residual_mse": 0.0001231785177878919, "temporal_rel": 0.9029124259948731, "tke_rel": 0.4976713851094246}
TRAIN {"angle_aug_abs_deg": 0.0, "aoa_effective_shift_abs_deg_mean": 0.0, "aoa_meanfield_aug_fraction": 0.0, "aoa_meanfield_lambda_mean": 0.0, "delta_penalty": 3.120328301520203e-05, "grad_rel": 0.5073972389101982, "iteration": 4480, "loss": 0.1447243094444275, "lr": 5.36262450796897e-06, "mse": 0.00014925854666216764, "p_zero": 0.0, "point_rel": 0.07976760882884264, "residual_mse": 0.000149258545570774, "temporal_rel": 0.8996920049190521, "tke_rel": 0.5051596745848655}
TRAIN {"angle_aug_abs_deg": 0.0, "aoa_effective_shift_abs_deg_mean": 0.0, "aoa_meanfield_aug_fraction": 0.0, "aoa_meanfield_lambda_mean": 0.0, "delta_penalty": 3.0341666843014536e-05, "grad_rel": 0.4997956082224846, "iteration": 4500, "loss": 0.14227394461631776, "lr": 4.964433345219341e-06, "mse": 0.00013867873003619023, "p_zero": 0.0, "point_rel": 0.07739174477756024, "residual_mse": 0.00013867873003619023, "temporal_rel": 0.9040040791034698, "tke_rel": 0.5037156164646148}
TRAIN {"angle_aug_abs_deg": 0.0, "aoa_effective_shift_abs_deg_mean": 0.0, "aoa_meanfield_aug_fraction": 0.0, "aoa_meanfield_lambda_mean": 0.0, "delta_penalty": 3.095867941738106e-05, "grad_rel": 0.4993265077471733, "iteration": 4520, "loss": 0.14018888138234614, "lr": 4.581225417681754e-06, "mse": 0.00013476243348122807, "p_zero": 0.0, "point_rel": 0.07562070433050394, "residual_mse": 0.00013476243493641958, "temporal_rel": 0.9036255061626435, "tke_rel": 0.4988077819347382}
TRAIN {"angle_aug_abs_deg": 0.0, "aoa_effective_shift_abs_deg_mean": 0.0, "aoa_meanfield_aug_fraction": 0.0, "aoa_meanfield_lambda_mean": 0.0, "delta_penalty": 3.07892682030797e-05, "grad_rel": 0.5050853282213211, "iteration": 4540, "loss": 0.14440505020320415, "lr": 4.213061141626804e-06, "mse": 0.00014377601110027172, "p_zero": 0.0, "point_rel": 0.07964669428765773, "residual_mse": 0.0001437760105545749, "temporal_rel": 0.9026458472013473, "tke_rel": 0.5009825855493546}
TRAIN {"angle_aug_abs_deg": 0.0, "aoa_effective_shift_abs_deg_mean": 0.0, "aoa_meanfield_aug_fraction": 0.0, "aoa_meanfield_lambda_mean": 0.0, "delta_penalty": 3.122817188341287e-05, "grad_rel": 0.49856130629777906, "iteration": 4560, "loss": 0.14024425968527793, "lr": 3.8599985615544335e-06, "mse": 0.00013557564598158932, "p_zero": 0.0, "point_rel": 0.0761587057262659, "residual_mse": 0.00013557564379880206, "temporal_rel": 0.9049341917037964, "tke_rel": 0.49029684364795684}
TRAIN {"angle_aug_abs_deg": 0.0, "aoa_effective_shift_abs_deg_mean": 0.0, "aoa_meanfield_aug_fraction": 0.0, "aoa_meanfield_lambda_mean": 0.0, "delta_penalty": 3.069609074373148e-05, "grad_rel": 0.4982640966773033, "iteration": 4580, "loss": 0.141034384816885, "lr": 3.522093341042732e-06, "mse": 0.00012705253320746123, "p_zero": 0.0, "point_rel": 0.07690497003495693, "residual_mse": 0.00012705253320746123, "temporal_rel": 0.8986672639846802, "tke_rel": 0.49427843242883684}
TRAIN {"angle_aug_abs_deg": 0.0, "aoa_effective_shift_abs_deg_mean": 0.0, "aoa_meanfield_aug_fraction": 0.0, "aoa_meanfield_lambda_mean": 0.0, "delta_penalty": 3.076062603213359e-05, "grad_rel": 0.4998166635632515, "iteration": 4600, "loss": 0.1406868252903223, "lr": 3.1993987539719155e-06, "mse": 0.000139821973425569, "p_zero": 0.0, "point_rel": 0.07653692290186882, "residual_mse": 0.000139821973425569, "temporal_rel": 0.9024950087070465, "tke_rel": 0.4922539427876472}
TRAIN {"angle_aug_abs_deg": 0.0, "aoa_effective_shift_abs_deg_mean": 0.0, "aoa_meanfield_aug_fraction": 0.0, "aoa_meanfield_lambda_mean": 0.0, "delta_penalty": 3.084449181187665e-05, "grad_rel": 0.507891982793808, "iteration": 4620, "loss": 0.14385501779615878, "lr": 2.891965676125351e-06, "mse": 0.00014218378737496096, "p_zero": 0.0, "point_rel": 0.0787561558187008, "residual_mse": 0.00014218378737496096, "temporal_rel": 0.9027942299842835, "tke_rel": 0.5058897316455842}
TRAIN {"angle_aug_abs_deg": 0.0, "aoa_effective_shift_abs_deg_mean": 0.0, "aoa_meanfield_aug_fraction": 0.0, "aoa_meanfield_lambda_mean": 0.0, "delta_penalty": 3.085142216150416e-05, "grad_rel": 0.49912563562393186, "iteration": 4640, "loss": 0.1405451349914074, "lr": 2.599842577168465e-06, "mse": 0.00013212020094215403, "p_zero": 0.0, "point_rel": 0.0766854953020811, "residual_mse": 0.0001321202016697498, "temporal_rel": 0.9008395254611969, "tke_rel": 0.4884552970528603}
TRAIN {"angle_aug_abs_deg": 0.0, "aoa_effective_shift_abs_deg_mean": 0.0, "aoa_meanfield_aug_fraction": 0.0, "aoa_meanfield_lambda_mean": 0.0, "delta_penalty": 3.179754139637225e-05, "grad_rel": 0.5051244929432869, "iteration": 4660, "loss": 0.14451244249939918, "lr": 2.3230755130069883e-06, "mse": 0.00014794170929235406, "p_zero": 0.0, "point_rel": 0.07958929091691971, "residual_mse": 0.00014794171183893923, "temporal_rel": 0.905235031247139, "tke_rel": 0.5024036511778831}
TRAIN {"angle_aug_abs_deg": 0.0, "aoa_effective_shift_abs_deg_mean": 0.0, "aoa_meanfield_aug_fraction": 0.0, "aoa_meanfield_lambda_mean": 0.0, "delta_penalty": 3.065184919250896e-05, "grad_rel": 0.5018652886152267, "iteration": 4680, "loss": 0.13932387828826903, "lr": 2.06170811852595e-06, "mse": 0.00012522703673312208, "p_zero": 0.0, "point_rel": 0.07593072298914194, "residual_mse": 0.0001252270360055263, "temporal_rel": 0.9015908300876617, "tke_rel": 0.4796545311808586}
TRAIN {"angle_aug_abs_deg": 0.0, "aoa_effective_shift_abs_deg_mean": 0.0, "aoa_meanfield_aug_fraction": 0.0, "aoa_meanfield_lambda_mean": 0.0, "delta_penalty": 3.003533129231073e-05, "grad_rel": 0.5009509071707725, "iteration": 4700, "loss": 0.1418884087353945, "lr": 1.815781600710108e-06, "mse": 0.00013098237477606744, "p_zero": 0.0, "point_rel": 0.07719561159610748, "residual_mse": 0.00013098237477606744, "temporal_rel": 0.8989866584539413, "tke_rel": 0.5028173685073852}
TRAIN {"angle_aug_abs_deg": 0.0, "aoa_effective_shift_abs_deg_mean": 0.0, "aoa_meanfield_aug_fraction": 0.0, "aoa_meanfield_lambda_mean": 0.0, "delta_penalty": 3.16979038871068e-05, "grad_rel": 0.5042299956083298, "iteration": 4720, "loss": 0.1438704915344715, "lr": 1.585334732147347e-06, "mse": 0.00014763575345568824, "p_zero": 0.0, "point_rel": 0.07844080291688442, "residual_mse": 0.00014763575381948613, "temporal_rel": 0.907619509100914, "tke_rel": 0.509878858923912}
TRAIN {"angle_aug_abs_deg": 0.0, "aoa_effective_shift_abs_deg_mean": 0.0, "aoa_meanfield_aug_fraction": 0.0, "aoa_meanfield_lambda_mean": 0.0, "delta_penalty": 3.0120504743536002e-05, "grad_rel": 0.5013308331370354, "iteration": 4740, "loss": 0.1418464295566082, "lr": 1.3704038449158565e-06, "mse": 0.00013074691505607917, "p_zero": 0.0, "point_rel": 0.07712130881845951, "residual_mse": 0.00013074691541987705, "temporal_rel": 0.9052786737680435, "tke_rel": 0.5001162096858025}
TRAIN {"angle_aug_abs_deg": 0.0, "aoa_effective_shift_abs_deg_mean": 0.0, "aoa_meanfield_aug_fraction": 0.0, "aoa_meanfield_lambda_mean": 0.0, "delta_penalty": 3.034836217921111e-05, "grad_rel": 0.502334913611412, "iteration": 4760, "loss": 0.14197516664862633, "lr": 1.171022824855938e-06, "mse": 0.00013240658772701864, "p_zero": 0.0, "point_rel": 0.07804110869765282, "residual_mse": 0.0001324065862718271, "temporal_rel": 0.8931598126888275, "tke_rel": 0.49273187667131424}
TRAIN {"angle_aug_abs_deg": 0.0, "aoa_effective_shift_abs_deg_mean": 0.0, "aoa_meanfield_aug_fraction": 0.0, "aoa_meanfield_lambda_mean": 0.0, "delta_penalty": 3.071995797654381e-05, "grad_rel": 0.49933911561965943, "iteration": 4780, "loss": 0.1411349169909954, "lr": 9.872231062276964e-07, "mse": 0.00013141423933120676, "p_zero": 0.0, "point_rel": 0.07641890738159418, "residual_mse": 0.00013141423933120676, "temporal_rel": 0.9000074416399002, "tke_rel": 0.5030944153666497}
TRAIN {"angle_aug_abs_deg": 0.0, "aoa_effective_shift_abs_deg_mean": 0.0, "aoa_meanfield_aug_fraction": 0.0, "aoa_meanfield_lambda_mean": 0.0, "delta_penalty": 3.17124401590263e-05, "grad_rel": 0.5003833204507828, "iteration": 4800, "loss": 0.1421517662703991, "lr": 8.190336667550973e-07, "mse": 0.00013896613472752506, "p_zero": 0.0, "point_rel": 0.07740568965673447, "residual_mse": 0.00013896613345423247, "temporal_rel": 0.9028310745954513, "tke_rel": 0.5018845692276954}
TRAIN {"angle_aug_abs_deg": 0.0, "aoa_effective_shift_abs_deg_mean": 0.0, "aoa_meanfield_aug_fraction": 0.0, "aoa_meanfield_lambda_mean": 0.0, "delta_penalty": 3.053772097700857e-05, "grad_rel": 0.500899800658226, "iteration": 4820, "loss": 0.14047766700387002, "lr": 6.664810230573189e-07, "mse": 0.0001332884929070133, "p_zero": 0.0, "point_rel": 0.0762676753103733, "residual_mse": 0.00013328849363460903, "temporal_rel": 0.9057823538780212, "tke_rel": 0.49137382209300995}
TRAIN {"angle_aug_abs_deg": 0.0, "aoa_effective_shift_abs_deg_mean": 0.0, "aoa_meanfield_aug_fraction": 0.0, "aoa_meanfield_lambda_mean": 0.0, "delta_penalty": 3.05234469124116e-05, "grad_rel": 0.5016655400395393, "iteration": 4840, "loss": 0.14321890696883202, "lr": 5.29589226468252e-07, "mse": 0.0001451816411645268, "p_zero": 0.0, "point_rel": 0.07817445434629917, "residual_mse": 0.0001451816411645268, "temporal_rel": 0.9064297080039978, "tke_rel": 0.504706920683384}
TRAIN {"angle_aug_abs_deg": 0.0, "aoa_effective_shift_abs_deg_mean": 0.0, "aoa_meanfield_aug_fraction": 0.0, "aoa_meanfield_lambda_mean": 0.0, "delta_penalty": 3.038512841158081e-05, "grad_rel": 0.49626699835062027, "iteration": 4860, "loss": 0.14040134400129317, "lr": 4.0837985924448963e-07, "mse": 0.00013074721027805936, "p_zero": 0.0, "point_rel": 0.07613237984478474, "residual_mse": 0.00013074721045995829, "temporal_rel": 0.9016620993614197, "tke_rel": 0.4955877333879471}
TRAIN {"angle_aug_abs_deg": 0.0, "aoa_effective_shift_abs_deg_mean": 0.0, "aoa_meanfield_aug_fraction": 0.0, "aoa_meanfield_lambda_mean": 0.0, "delta_penalty": 2.9623555292346282e-05, "grad_rel": 0.4998821496963501, "iteration": 4880, "loss": 0.14164411239326, "lr": 3.028720311627596e-07, "mse": 0.0001338003890850814, "p_zero": 0.0, "point_rel": 0.07701863907277584, "residual_mse": 0.00013380038890318247, "temporal_rel": 0.9051729828119278, "tke_rel": 0.4988553300499916}
TRAIN {"angle_aug_abs_deg": 0.0, "aoa_effective_shift_abs_deg_mean": 0.0, "aoa_meanfield_aug_fraction": 0.0, "aoa_meanfield_lambda_mean": 0.0, "delta_penalty": 3.1098410363483706e-05, "grad_rel": 0.5043046712875366, "iteration": 4900, "loss": 0.14277141988277436, "lr": 2.130823765070566e-07, "mse": 0.00013974054090795107, "p_zero": 0.0, "point_rel": 0.0780165646225214, "residual_mse": 0.00013974053763377015, "temporal_rel": 0.9016214191913605, "tke_rel": 0.5016516596078873}
TRAIN {"angle_aug_abs_deg": 0.0, "aoa_effective_shift_abs_deg_mean": 0.0, "aoa_meanfield_aug_fraction": 0.0, "aoa_meanfield_lambda_mean": 0.0, "delta_penalty": 3.0667920509586113e-05, "grad_rel": 0.4952855080366135, "iteration": 4920, "loss": 0.1392020620405674, "lr": 1.3902505144608438e-07, "mse": 0.000135059185049613, "p_zero": 0.0, "point_rel": 0.07566140200942754, "residual_mse": 0.00013505918395821935, "temporal_rel": 0.8968762964010238, "tke_rel": 0.4860659599304199}
TRAIN {"angle_aug_abs_deg": 0.0, "aoa_effective_shift_abs_deg_mean": 0.0, "aoa_meanfield_aug_fraction": 0.0, "aoa_meanfield_lambda_mean": 0.0, "delta_penalty": 3.097378103120718e-05, "grad_rel": 0.5050826728343963, "iteration": 4940, "loss": 0.14364871457219125, "lr": 8.071173180143051e-08, "mse": 0.0001398309343130677, "p_zero": 0.0, "point_rel": 0.07897865511476994, "residual_mse": 0.00013983093213028043, "temporal_rel": 0.9004130065441132, "tke_rel": 0.500647708773613}
TRAIN {"angle_aug_abs_deg": 0.0, "aoa_effective_shift_abs_deg_mean": 0.0, "aoa_meanfield_aug_fraction": 0.0, "aoa_meanfield_lambda_mean": 0.0, "delta_penalty": 3.149772883261903e-05, "grad_rel": 0.501764889061451, "iteration": 4960, "loss": 0.14139349535107612, "lr": 3.8151611206760353e-08, "mse": 0.0001426568322131061, "p_zero": 0.0, "point_rel": 0.07718162890523672, "residual_mse": 0.0001426568322131061, "temporal_rel": 0.9028247416019439, "tke_rel": 0.4926204547286034}
TRAIN {"angle_aug_abs_deg": 0.0, "aoa_effective_shift_abs_deg_mean": 0.0, "aoa_meanfield_aug_fraction": 0.0, "aoa_meanfield_lambda_mean": 0.0, "delta_penalty": 3.0289861479104728e-05, "grad_rel": 0.5003334730863571, "iteration": 4980, "loss": 0.14124590232968331, "lr": 1.1351399658321433e-08, "mse": 0.00013986348203616218, "p_zero": 0.0, "point_rel": 0.07696148082613945, "residual_mse": 0.0001398634816723643, "temporal_rel": 0.9048937886953354, "tke_rel": 0.49316738694906237}
TRAIN {"angle_aug_abs_deg": 0.0, "aoa_effective_shift_abs_deg_mean": 0.0, "aoa_meanfield_aug_fraction": 0.0, "aoa_meanfield_lambda_mean": 0.0, "delta_penalty": 3.002206040036981e-05, "grad_rel": 0.4966092467308044, "iteration": 5000, "loss": 0.14077169261872768, "lr": 3.153224571228463e-10, "mse": 0.00013137352616467978, "p_zero": 0.0, "point_rel": 0.0761057073250413, "residual_mse": 0.00013137352543708404, "temporal_rel": 0.903193685412407, "tke_rel": 0.5013503938913345}
EVAL_TOP {"alpha": 1.0, "best_bound_abs": 0.0075, "best_bound_rel": 0.0075, "best_bounds": [{"abs": 0.0075, "coverage": 0.8253690147399902, "final_est": 81.30112311221775, "rel": 0.0075, "sps_raw": 0.47315374433994295, "sps_score_linear": 47.31537443399429, "sps_score_used": 47.31537443399429}], "best_final_est": 81.30112311221775, "iteration": 5000, "mean_t_neural_s": 0.01762683533, "mvpe": 0.07654543109238147, "mvpe_score": 96.31380898552678, "n": 640, "rel_l2": 0.0841531002894044, "rel_l2_score": 95.96223999677764, "time_score": 86.54248999999716, "tke": 0.4884380280971527, "tke_score": 80.37170214479285}
BEST iteration=5000 final_est=81.301123 alpha=1.0 abs=0.0075 rel=0.0075
EVAL_TOP {"alpha": 1.0, "best_bound_abs": 0.0075, "best_bound_rel": 0.0075, "best_bounds": [{"abs": 0.0075, "coverage": 0.8253694534301758, "final_est": 81.30112811197371, "rel": 0.0075, "sps_raw": 0.4731539933681488, "sps_score_linear": 47.31539933681488, "sps_score_used": 47.31539933681488}], "best_final_est": 81.30112811197371, "iteration": 5004, "mean_t_neural_s": 0.01762683533, "mvpe": 0.07654542839154602, "mvpe_score": 96.31380911079626, "n": 640, "rel_l2": 0.08415309935808182, "rel_l2_score": 95.96224003965922, "time_score": 86.54248999999716, "tke": 0.4884380303323269, "tke_score": 80.37170207260107}
BEST iteration=5004 final_est=81.301128 alpha=1.0 abs=0.0075 rel=0.0075
DONE out_dir=/hy-tmp/realpde_runs/trajectory_sampling_screen_20260923_v1/B_stratified_random_start best_iter=5004 best_score=81.301128 alpha=1.0 abs=0.0075 rel=0.0075 primary={"alpha": 1.0, "base_mvpe_raw": 0.08762361109256744, "base_rel_l2_raw": 0.0979706197977066, "base_tke_raw": 0.7003257870674133, "experiment": "B_stratified_random_start", "mvpe_improvement_vs_base": 0.12642914056777954, "mvpe_raw": 0.07654543220996857, "rel_l2_improvement_vs_base": 0.14103734493255615, "rel_l2_raw": 0.08415310084819794, "tke_improvement_vs_base": 0.30255597829818726, "tke_raw": 0.48843804001808167, "trajectories": 16, "windows": 640}
